sample_id,timestamp,tds_mg_l,turbidity_ntu,r_tds,r_turb,ari,ass_score,ground_truth,ml_predicted_risk,led_indicator,com_port
REAL-COM20-HIGH-00001,2026-09-19 16:24:26.741,137.83,21.22,0.4594,7.0733,3.77,21.0,High Risk,Moderate Risk,YELLOW,COM20
REAL-COM20-HIGH-00002,2026-09-19 16:24:26.742,137.89,21.09,0.4596,7.03,3.74,21.1,High Risk,Moderate Risk,YELLOW,COM20
REAL-COM20-HIGH-00003,2026-09-19 16:24:26.742,138.13,20.88,0.4604,6.96,3.71,21.2,High Risk,Moderate Risk,YELLOW,COM20
REAL-COM20-HIGH-00004,2026-09-19 16:24:26.742,139.95,21.17,0.4665,7.0567,3.76,21.0,High Risk,Moderate Risk,YELLOW,COM20
REAL-COM20-HIGH-00005,2026-09-19 16:24:26.748,141.93,20.95,0.4731,6.9833,3.73,21.2,High Risk,Moderate Risk,YELLOW,COM20
REAL-COM20-HIGH-00006,2026-09-19 16:24:26.748,139.89,21.04,0.4663,7.0133,3.74,21.1,High Risk,Moderate Risk,YELLOW,COM20
REAL-COM20-HIGH-00007,2026-09-19 16:24:26.750,141.0,20.74,0.47,6.9133,3.69,21.3,High Risk,Moderate Risk,YELLOW,COM20
REAL-COM20-HIGH-00008,2026-09-19 16:24:26.750,140.12,20.83,0.4671,6.9433,3.71,21.3,High Risk,Moderate Risk,YELLOW,COM20
REAL-COM20-HIGH-00009,2026-09-19 16:24:26.750,138.82,20.96,0.4627,6.9867,3.72,21.2,High Risk,Moderate Risk,YELLOW,COM20
REAL-COM20-HIGH-00010,2026-09-19 16:24:26.752,138.22,21.12,0.4607,7.04,3.75,21.1,High Risk,Moderate Risk,YELLOW,COM20
REAL-COM20-HIGH-00011,2026-09-19 16:24:26.893,138.35,21.05,0.4612,7.0167,3.74,21.1,High Risk,Moderate Risk,YELLOW,COM20
REAL-COM20-HIGH-00012,2026-09-19 16:24:27.092,136.42,20.94,0.4547,6.98,3.72,21.2,High Risk,Moderate Risk,YELLOW,COM20
REAL-COM20-HIGH-00013,2026-09-19 16:24:27.292,137.98,20.83,0.4599,6.9433,3.7,21.3,High Risk,Moderate Risk,YELLOW,COM20
REAL-COM20-HIGH-00014,2026-09-19 16:24:27.497,138.38,20.52,0.4613,6.84,3.65,21.5,High Risk,Moderate Risk,YELLOW,COM20
REAL-COM20-HIGH-00015,2026-09-19 16:24:27.697,137.54,20.7,0.4585,6.9,3.68,21.4,High Risk,Moderate Risk,YELLOW,COM20
REAL-COM20-HIGH-00016,2026-09-19 16:24:27.892,138.67,20.74,0.4622,6.9133,3.69,21.3,High Risk,Moderate Risk,YELLOW,COM20
REAL-COM20-HIGH-00017,2026-09-19 16:24:28.092,139.83,20.71,0.4661,6.9033,3.69,21.3,High Risk,Moderate Risk,YELLOW,COM20
REAL-COM20-HIGH-00018,2026-09-19 16:24:28.297,139.51,20.91,0.465,6.97,3.72,21.2,High Risk,Moderate Risk,YELLOW,COM20
REAL-COM20-HIGH-00019,2026-09-19 16:24:28.493,137.24,20.91,0.4575,6.97,3.71,21.2,High Risk,Moderate Risk,YELLOW,COM20
REAL-COM20-HIGH-00020,2026-09-19 16:24:28.692,139.64,20.94,0.4655,6.98,3.72,21.2,High Risk,Moderate Risk,YELLOW,COM20
REAL-COM20-HIGH-00021,2026-09-19 16:24:28.892,139.4,21.15,0.4647,7.05,3.76,21.0,High Risk,Moderate Risk,YELLOW,COM20
REAL-COM20-HIGH-00022,2026-09-19 16:24:29.093,137.95,21.16,0.4598,7.0533,3.76,21.0,High Risk,Moderate Risk,YELLOW,COM20
REAL-COM20-HIGH-00023,2026-09-19 16:24:29.292,139.66,20.95,0.4655,6.9833,3.72,21.2,High Risk,Moderate Risk,YELLOW,COM20
REAL-COM20-HIGH-00024,2026-09-19 16:24:29.493,138.68,20.98,0.4623,6.9933,3.73,21.1,High Risk,Moderate Risk,YELLOW,COM20
REAL-COM20-HIGH-00025,2026-09-19 16:24:29.694,139.68,21.15,0.4656,7.05,3.76,21.0,High Risk,Moderate Risk,YELLOW,COM20
REAL-COM20-HIGH-00026,2026-09-19 16:24:29.892,138.58,21.26,0.4619,7.0867,3.77,20.9,High Risk,Moderate Risk,YELLOW,COM20
REAL-COM20-HIGH-00027,2026-09-19 16:24:30.092,139.95,21.36,0.4665,7.12,3.79,20.9,High Risk,Moderate Risk,YELLOW,COM20
REAL-COM20-HIGH-00028,2026-09-19 16:24:30.297,138.4,21.41,0.4613,7.1367,3.8,20.8,High Risk,Moderate Risk,YELLOW,COM20
REAL-COM20-HIGH-00029,2026-09-19 16:24:30.497,137.69,21.26,0.459,7.0867,3.77,21.0,High Risk,Moderate Risk,YELLOW,COM20
REAL-COM20-HIGH-00030,2026-09-19 16:24:30.694,139.79,21.25,0.466,7.0833,3.77,20.9,High Risk,Moderate Risk,YELLOW,COM20
REAL-COM20-HIGH-00031,2026-09-19 16:24:30.892,139.25,21.47,0.4642,7.1567,3.81,20.8,High Risk,Moderate Risk,YELLOW,COM20
REAL-COM20-HIGH-00032,2026-09-19 16:24:31.098,139.62,21.65,0.4654,7.2167,3.84,20.7,High Risk,Moderate Risk,YELLOW,COM20
REAL-COM20-HIGH-00033,2026-09-19 16:24:31.292,139.04,21.39,0.4635,7.13,3.8,20.8,High Risk,Moderate Risk,YELLOW,COM20
REAL-COM20-HIGH-00034,2026-09-19 16:24:31.498,139.59,21.63,0.4653,7.21,3.84,20.7,High Risk,Moderate Risk,YELLOW,COM20
REAL-COM20-HIGH-00035,2026-09-19 16:24:31.697,138.51,21.65,0.4617,7.2167,3.84,20.7,High Risk,Moderate Risk,YELLOW,COM20
REAL-COM20-HIGH-00036,2026-09-19 16:24:31.892,138.74,21.63,0.4625,7.21,3.84,20.7,High Risk,Moderate Risk,YELLOW,COM20
REAL-COM20-HIGH-00037,2026-09-19 16:24:32.093,139.37,21.78,0.4646,7.26,3.86,20.6,High Risk,Moderate Risk,YELLOW,COM20
REAL-COM20-HIGH-00038,2026-09-19 16:24:32.298,138.84,21.83,0.4628,7.2767,3.87,20.5,High Risk,Moderate Risk,YELLOW,COM20
REAL-COM20-HIGH-00039,2026-09-19 16:24:32.493,138.41,21.43,0.4614,7.1433,3.8,20.8,High Risk,Moderate Risk,YELLOW,COM20
REAL-COM20-HIGH-00040,2026-09-19 16:24:32.697,141.05,21.56,0.4702,7.1867,3.83,20.7,High Risk,Moderate Risk,YELLOW,COM20
REAL-COM20-HIGH-00041,2026-09-19 16:24:32.892,138.91,21.57,0.463,7.19,3.83,20.7,High Risk,Moderate Risk,YELLOW,COM20
REAL-COM20-HIGH-00042,2026-09-19 16:24:33.097,139.46,21.48,0.4649,7.16,3.81,20.8,High Risk,Moderate Risk,YELLOW,COM20
REAL-COM20-HIGH-00043,2026-09-19 16:24:33.292,137.35,21.41,0.4578,7.1367,3.8,20.8,High Risk,Moderate Risk,YELLOW,COM20
REAL-COM20-HIGH-00044,2026-09-19 16:24:33.497,138.39,21.33,0.4613,7.11,3.79,20.9,High Risk,Moderate Risk,YELLOW,COM20
REAL-COM20-HIGH-00045,2026-09-19 16:24:33.692,138.43,21.32,0.4614,7.1067,3.78,20.9,High Risk,Moderate Risk,YELLOW,COM20
REAL-COM20-HIGH-00046,2026-09-19 16:24:33.897,136.83,21.36,0.4561,7.12,3.79,20.9,High Risk,Moderate Risk,YELLOW,COM20
REAL-COM20-HIGH-00047,2026-09-19 16:24:34.092,139.9,21.08,0.4663,7.0267,3.75,21.1,High Risk,Moderate Risk,YELLOW,COM20
REAL-COM20-HIGH-00048,2026-09-19 16:24:34.293,139.07,21.02,0.4636,7.0067,3.74,21.1,High Risk,Moderate Risk,YELLOW,COM20
REAL-COM20-HIGH-00049,2026-09-19 16:24:34.497,137.75,21.16,0.4592,7.0533,3.76,21.0,High Risk,Moderate Risk,YELLOW,COM20
REAL-COM20-HIGH-00050,2026-09-19 16:24:34.697,137.89,21.19,0.4596,7.0633,3.76,21.0,High Risk,Moderate Risk,YELLOW,COM20
REAL-COM20-HIGH-00051,2026-09-19 16:24:34.897,137.82,21.08,0.4594,7.0267,3.74,21.1,High Risk,Moderate Risk,YELLOW,COM20
REAL-COM20-HIGH-00052,2026-09-19 16:24:35.097,137.83,21.23,0.4594,7.0767,3.77,21.0,High Risk,Moderate Risk,YELLOW,COM20
REAL-COM20-HIGH-00053,2026-09-19 16:24:35.296,138.22,20.94,0.4607,6.98,3.72,21.2,High Risk,Moderate Risk,YELLOW,COM20
REAL-COM20-HIGH-00054,2026-09-19 16:24:35.497,137.93,20.88,0.4598,6.96,3.71,21.2,High Risk,Moderate Risk,YELLOW,COM20
REAL-COM20-HIGH-00055,2026-09-19 16:24:35.696,136.73,20.68,0.4558,6.8933,3.67,21.4,High Risk,Moderate Risk,YELLOW,COM20
REAL-COM20-HIGH-00056,2026-09-19 16:24:35.897,138.58,20.68,0.4619,6.8933,3.68,21.4,High Risk,Moderate Risk,YELLOW,COM20
REAL-COM20-HIGH-00057,2026-09-19 16:24:36.096,140.02,21.15,0.4667,7.05,3.76,21.0,High Risk,Moderate Risk,YELLOW,COM20
REAL-COM20-HIGH-00058,2026-09-19 16:24:36.294,137.18,21.17,0.4573,7.0567,3.76,21.0,High Risk,Moderate Risk,YELLOW,COM20
REAL-COM20-HIGH-00059,2026-09-19 16:24:36.496,138.21,21.2,0.4607,7.0667,3.76,21.0,High Risk,Moderate Risk,YELLOW,COM20
REAL-COM20-HIGH-00060,2026-09-19 16:24:36.695,138.41,21.12,0.4614,7.04,3.75,21.0,High Risk,Moderate Risk,YELLOW,COM20
REAL-COM20-HIGH-00061,2026-09-19 16:24:36.896,137.31,21.03,0.4577,7.01,3.73,21.1,High Risk,Moderate Risk,YELLOW,COM20
REAL-COM20-HIGH-00062,2026-09-19 16:24:37.097,138.49,21.18,0.4616,7.06,3.76,21.0,High Risk,Moderate Risk,YELLOW,COM20
REAL-COM20-HIGH-00063,2026-09-19 16:24:37.298,138.24,21.18,0.4608,7.06,3.76,21.0,High Risk,Moderate Risk,YELLOW,COM20
REAL-COM20-HIGH-00064,2026-09-19 16:24:37.494,139.28,21.18,0.4643,7.06,3.76,21.0,High Risk,Moderate Risk,YELLOW,COM20
REAL-COM20-HIGH-00065,2026-09-19 16:24:37.695,137.34,21.3,0.4578,7.1,3.78,20.9,High Risk,Moderate Risk,YELLOW,COM20
REAL-COM20-HIGH-00066,2026-09-19 16:24:37.897,137.48,21.13,0.4583,7.0433,3.75,21.1,High Risk,Moderate Risk,YELLOW,COM20
REAL-COM20-HIGH-00067,2026-09-19 16:24:38.097,138.63,21.24,0.4621,7.08,3.77,21.0,High Risk,Moderate Risk,YELLOW,COM20
REAL-COM20-HIGH-00068,2026-09-19 16:24:38.297,138.62,21.22,0.4621,7.0733,3.77,21.0,High Risk,Moderate Risk,YELLOW,COM20
REAL-COM20-HIGH-00069,2026-09-19 16:24:38.497,138.23,21.22,0.4608,7.0733,3.77,21.0,High Risk,Moderate Risk,YELLOW,COM20
REAL-COM20-HIGH-00070,2026-09-19 16:24:38.697,139.86,21.16,0.4662,7.0533,3.76,21.0,High Risk,Moderate Risk,YELLOW,COM20
REAL-COM20-HIGH-00071,2026-09-19 16:24:38.895,140.28,21.02,0.4676,7.0067,3.74,21.1,High Risk,Moderate Risk,YELLOW,COM20
REAL-COM20-HIGH-00072,2026-09-19 16:24:39.095,137.15,21.36,0.4572,7.12,3.79,20.9,High Risk,Moderate Risk,YELLOW,COM20
REAL-COM20-HIGH-00073,2026-09-19 16:24:39.298,139.73,21.04,0.4658,7.0133,3.74,21.1,High Risk,Moderate Risk,YELLOW,COM20
REAL-COM20-HIGH-00074,2026-09-19 16:24:39.497,138.54,20.77,0.4618,6.9233,3.69,21.3,High Risk,Moderate Risk,YELLOW,COM20
REAL-COM20-HIGH-00075,2026-09-19 16:24:39.697,139.25,21.05,0.4642,7.0167,3.74,21.1,High Risk,Moderate Risk,YELLOW,COM20
REAL-COM20-HIGH-00076,2026-09-19 16:24:39.896,137.63,20.91,0.4588,6.97,3.71,21.2,High Risk,Moderate Risk,YELLOW,COM20
REAL-COM20-HIGH-00077,2026-09-19 16:24:40.096,138.31,20.94,0.461,6.98,3.72,21.2,High Risk,Moderate Risk,YELLOW,COM20
REAL-COM20-HIGH-00078,2026-09-19 16:24:40.297,139.36,21.12,0.4645,7.04,3.75,21.0,High Risk,Moderate Risk,YELLOW,COM20
REAL-COM20-HIGH-00079,2026-09-19 16:24:40.493,140.1,21.46,0.467,7.1533,3.81,20.8,High Risk,Moderate Risk,YELLOW,COM20
REAL-COM20-HIGH-00080,2026-09-19 16:24:40.696,139.28,21.55,0.4643,7.1833,3.82,20.7,High Risk,Moderate Risk,YELLOW,COM20
REAL-COM20-HIGH-00081,2026-09-19 16:24:40.896,140.1,21.39,0.467,7.13,3.8,20.8,High Risk,Moderate Risk,YELLOW,COM20
REAL-COM20-HIGH-00082,2026-09-19 16:24:41.094,138.47,21.48,0.4616,7.16,3.81,20.8,High Risk,Moderate Risk,YELLOW,COM20
REAL-COM20-HIGH-00083,2026-09-19 16:24:41.292,140.67,21.65,0.4689,7.2167,3.84,20.6,High Risk,Moderate Risk,YELLOW,COM20
REAL-COM20-HIGH-00084,2026-09-19 16:24:41.497,138.69,21.61,0.4623,7.2033,3.83,20.7,High Risk,Moderate Risk,YELLOW,COM20
REAL-COM20-HIGH-00085,2026-09-19 16:24:41.697,138.36,21.66,0.4612,7.22,3.84,20.7,High Risk,Moderate Risk,YELLOW,COM20
REAL-COM20-HIGH-00086,2026-09-19 16:24:41.897,138.0,21.78,0.46,7.26,3.86,20.6,High Risk,Moderate Risk,YELLOW,COM20
REAL-COM20-HIGH-00087,2026-09-19 16:24:42.098,138.71,21.33,0.4624,7.11,3.79,20.9,High Risk,Moderate Risk,YELLOW,COM20
REAL-COM20-HIGH-00088,2026-09-19 16:24:42.292,139.23,21.52,0.4641,7.1733,3.82,20.8,High Risk,Moderate Risk,YELLOW,COM20
REAL-COM20-HIGH-00089,2026-09-19 16:24:42.495,139.53,21.66,0.4651,7.22,3.84,20.7,High Risk,Moderate Risk,YELLOW,COM20
REAL-COM20-HIGH-00090,2026-09-19 16:24:42.696,140.21,21.44,0.4674,7.1467,3.81,20.8,High Risk,Moderate Risk,YELLOW,COM20
REAL-COM20-HIGH-00091,2026-09-19 16:24:42.896,140.06,21.44,0.4669,7.1467,3.81,20.8,High Risk,Moderate Risk,YELLOW,COM20
REAL-COM20-HIGH-00092,2026-09-19 16:24:43.097,137.91,21.52,0.4597,7.1733,3.82,20.8,High Risk,Moderate Risk,YELLOW,COM20
REAL-COM20-HIGH-00093,2026-09-19 16:24:43.294,138.66,21.48,0.4622,7.16,3.81,20.8,High Risk,Moderate Risk,YELLOW,COM20
REAL-COM20-HIGH-00094,2026-09-19 16:24:43.497,138.77,21.64,0.4626,7.2133,3.84,20.7,High Risk,Moderate Risk,YELLOW,COM20
REAL-COM20-HIGH-00095,2026-09-19 16:24:43.694,137.87,21.42,0.4596,7.14,3.8,20.8,High Risk,Moderate Risk,YELLOW,COM20
REAL-COM20-HIGH-00096,2026-09-19 16:24:43.897,138.31,21.35,0.461,7.1167,3.79,20.9,High Risk,Moderate Risk,YELLOW,COM20
REAL-COM20-HIGH-00097,2026-09-19 16:24:44.097,138.73,21.32,0.4624,7.1067,3.79,20.9,High Risk,Moderate Risk,YELLOW,COM20
REAL-COM20-HIGH-00098,2026-09-19 16:24:44.297,137.5,21.19,0.4583,7.0633,3.76,21.0,High Risk,Moderate Risk,YELLOW,COM20
REAL-COM20-HIGH-00099,2026-09-19 16:24:44.495,138.68,21.48,0.4623,7.16,3.81,20.8,High Risk,Moderate Risk,YELLOW,COM20
REAL-COM20-HIGH-00100,2026-09-19 16:24:44.692,141.11,21.38,0.4704,7.1267,3.8,20.8,High Risk,Moderate Risk,YELLOW,COM20
REAL-COM20-HIGH-00101,2026-09-19 16:24:44.897,139.11,21.44,0.4637,7.1467,3.8,20.8,High Risk,Moderate Risk,YELLOW,COM20
REAL-COM20-HIGH-00102,2026-09-19 16:24:45.095,138.7,21.31,0.4623,7.1033,3.78,20.9,High Risk,Moderate Risk,YELLOW,COM20
REAL-COM20-HIGH-00103,2026-09-19 16:24:45.295,139.15,21.36,0.4638,7.12,3.79,20.9,High Risk,Moderate Risk,YELLOW,COM20
REAL-COM20-HIGH-00104,2026-09-19 16:24:45.498,139.53,21.16,0.4651,7.0533,3.76,21.0,High Risk,Moderate Risk,YELLOW,COM20
REAL-COM20-HIGH-00105,2026-09-19 16:24:45.697,140.11,21.13,0.467,7.0433,3.76,21.0,High Risk,Moderate Risk,YELLOW,COM20
REAL-COM20-HIGH-00106,2026-09-19 16:24:45.893,139.0,21.19,0.4633,7.0633,3.76,21.0,High Risk,Moderate Risk,YELLOW,COM20
REAL-COM20-HIGH-00107,2026-09-19 16:24:46.097,138.81,21.09,0.4627,7.03,3.75,21.1,High Risk,Moderate Risk,YELLOW,COM20
REAL-COM20-HIGH-00108,2026-09-19 16:24:46.297,138.62,21.08,0.4621,7.0267,3.74,21.1,High Risk,Moderate Risk,YELLOW,COM20
REAL-COM20-HIGH-00109,2026-09-19 16:24:46.492,138.08,21.25,0.4603,7.0833,3.77,21.0,High Risk,Moderate Risk,YELLOW,COM20
REAL-COM20-HIGH-00110,2026-09-19 16:24:46.695,139.78,21.08,0.4659,7.0267,3.75,21.1,High Risk,Moderate Risk,YELLOW,COM20
REAL-COM20-HIGH-00111,2026-09-19 16:24:46.897,140.61,20.97,0.4687,6.99,3.73,21.1,High Risk,Moderate Risk,YELLOW,COM20
REAL-COM20-HIGH-00112,2026-09-19 16:24:47.096,138.42,21.23,0.4614,7.0767,3.77,21.0,High Risk,Moderate Risk,YELLOW,COM20
REAL-COM20-HIGH-00113,2026-09-19 16:24:47.293,137.93,21.13,0.4598,7.0433,3.75,21.0,High Risk,Moderate Risk,YELLOW,COM20
REAL-COM20-HIGH-00114,2026-09-19 16:24:47.493,138.86,20.83,0.4629,6.9433,3.7,21.3,High Risk,Moderate Risk,YELLOW,COM20
REAL-COM20-HIGH-00115,2026-09-19 16:24:47.694,137.73,21.16,0.4591,7.0533,3.76,21.0,High Risk,Moderate Risk,YELLOW,COM20
REAL-COM20-HIGH-00116,2026-09-19 16:24:47.892,139.21,21.26,0.464,7.0867,3.78,20.9,High Risk,Moderate Risk,YELLOW,COM20
REAL-COM20-HIGH-00117,2026-09-19 16:24:48.092,141.1,21.5,0.4703,7.1667,3.82,20.8,High Risk,Moderate Risk,YELLOW,COM20
REAL-COM20-HIGH-00118,2026-09-19 16:24:48.293,139.09,21.73,0.4636,7.2433,3.85,20.6,High Risk,Moderate Risk,YELLOW,COM20
REAL-COM20-HIGH-00119,2026-09-19 16:24:48.492,137.95,21.68,0.4598,7.2267,3.84,20.6,High Risk,Moderate Risk,YELLOW,COM20
REAL-COM20-HIGH-00120,2026-09-19 16:24:48.696,139.41,21.38,0.4647,7.1267,3.8,20.9,High Risk,Moderate Risk,YELLOW,COM20
REAL-COM20-HIGH-00121,2026-09-19 16:24:48.897,138.99,21.61,0.4633,7.2033,3.83,20.7,High Risk,Moderate Risk,YELLOW,COM20
REAL-COM20-HIGH-00122,2026-09-19 16:24:49.097,140.23,21.95,0.4674,7.3167,3.89,20.4,High Risk,Moderate Risk,YELLOW,COM20
REAL-COM20-HIGH-00123,2026-09-19 16:24:49.297,137.69,21.86,0.459,7.2867,3.87,20.5,High Risk,Moderate Risk,YELLOW,COM20
REAL-COM20-HIGH-00124,2026-09-19 16:24:49.492,139.12,21.42,0.4637,7.14,3.8,20.8,High Risk,Moderate Risk,YELLOW,COM20
REAL-COM20-HIGH-00125,2026-09-19 16:24:49.696,139.12,21.81,0.4637,7.27,3.87,20.5,High Risk,Moderate Risk,YELLOW,COM20
REAL-COM20-HIGH-00126,2026-09-19 16:24:49.892,140.61,21.55,0.4687,7.1833,3.83,20.7,High Risk,Moderate Risk,YELLOW,COM20
REAL-COM20-HIGH-00127,2026-09-19 16:24:50.097,138.85,21.38,0.4628,7.1267,3.8,20.9,High Risk,Moderate Risk,YELLOW,COM20
REAL-COM20-HIGH-00128,2026-09-19 16:24:50.294,138.3,21.45,0.461,7.15,3.81,20.8,High Risk,Moderate Risk,YELLOW,COM20
REAL-COM20-HIGH-00129,2026-09-19 16:24:50.496,138.48,21.42,0.4616,7.14,3.8,20.8,High Risk,Moderate Risk,YELLOW,COM20
REAL-COM20-HIGH-00130,2026-09-19 16:24:50.697,140.26,21.51,0.4675,7.17,3.82,20.8,High Risk,Moderate Risk,YELLOW,COM20
REAL-COM20-HIGH-00131,2026-09-19 16:24:50.895,137.75,21.42,0.4592,7.14,3.8,20.8,High Risk,Moderate Risk,YELLOW,COM20
REAL-COM20-HIGH-00132,2026-09-19 16:24:51.097,139.55,21.63,0.4652,7.21,3.84,20.7,High Risk,Moderate Risk,YELLOW,COM20
REAL-COM20-HIGH-00133,2026-09-19 16:24:51.294,137.94,21.19,0.4598,7.0633,3.76,21.0,High Risk,Moderate Risk,YELLOW,COM20
REAL-COM20-HIGH-00134,2026-09-19 16:24:51.497,139.34,21.2,0.4645,7.0667,3.77,21.0,High Risk,Moderate Risk,YELLOW,COM20
REAL-COM20-HIGH-00135,2026-09-19 16:24:51.697,141.73,21.24,0.4724,7.08,3.78,20.9,High Risk,Moderate Risk,YELLOW,COM20
REAL-COM20-HIGH-00136,2026-09-19 16:24:51.896,138.87,21.13,0.4629,7.0433,3.75,21.0,High Risk,Moderate Risk,YELLOW,COM20
REAL-COM20-HIGH-00137,2026-09-19 16:24:52.095,137.8,21.28,0.4593,7.0933,3.78,20.9,High Risk,Moderate Risk,YELLOW,COM20
REAL-COM20-HIGH-00138,2026-09-19 16:24:52.297,138.17,21.06,0.4606,7.02,3.74,21.1,High Risk,Moderate Risk,YELLOW,COM20
REAL-COM20-HIGH-00139,2026-09-19 16:24:52.497,139.2,21.21,0.464,7.07,3.77,21.0,High Risk,Moderate Risk,YELLOW,COM20
REAL-COM20-HIGH-00140,2026-09-19 16:24:52.697,139.19,21.21,0.464,7.07,3.77,21.0,High Risk,Moderate Risk,YELLOW,COM20
REAL-COM20-HIGH-00141,2026-09-19 16:24:52.896,140.85,21.06,0.4695,7.02,3.74,21.1,High Risk,Moderate Risk,YELLOW,COM20
REAL-COM20-HIGH-00142,2026-09-19 16:24:53.097,137.72,20.83,0.4591,6.9433,3.7,21.3,High Risk,Moderate Risk,YELLOW,COM20
REAL-COM20-HIGH-00143,2026-09-19 16:24:53.295,137.93,20.78,0.4598,6.9267,3.69,21.3,High Risk,Moderate Risk,YELLOW,COM20
REAL-COM20-HIGH-00144,2026-09-19 16:24:53.494,139.16,21.06,0.4639,7.02,3.74,21.1,High Risk,Moderate Risk,YELLOW,COM20
REAL-COM20-HIGH-00145,2026-09-19 16:24:53.695,137.0,20.78,0.4567,6.9267,3.69,21.3,High Risk,Moderate Risk,YELLOW,COM20
REAL-COM20-HIGH-00146,2026-09-19 16:24:53.892,140.96,20.75,0.4699,6.9167,3.69,21.3,High Risk,Moderate Risk,YELLOW,COM20
REAL-COM20-HIGH-00147,2026-09-19 16:24:54.096,137.42,20.99,0.4581,6.9967,3.73,21.2,High Risk,Moderate Risk,YELLOW,COM20
REAL-COM20-HIGH-00148,2026-09-19 16:24:54.292,137.25,20.71,0.4575,6.9033,3.68,21.4,High Risk,Moderate Risk,YELLOW,COM20
REAL-COM20-HIGH-00149,2026-09-19 16:24:54.493,138.4,20.82,0.4613,6.94,3.7,21.3,High Risk,Moderate Risk,YELLOW,COM20
REAL-COM20-HIGH-00150,2026-09-19 16:24:54.697,139.52,21.08,0.4651,7.0267,3.75,21.1,High Risk,Moderate Risk,YELLOW,COM20
REAL-COM20-HIGH-00151,2026-09-19 16:24:54.896,139.63,21.05,0.4654,7.0167,3.74,21.1,High Risk,Moderate Risk,YELLOW,COM20
REAL-COM20-HIGH-00152,2026-09-19 16:24:55.097,139.69,20.93,0.4656,6.9767,3.72,21.2,High Risk,Moderate Risk,YELLOW,COM20
REAL-COM20-HIGH-00153,2026-09-19 16:24:55.296,138.63,20.99,0.4621,6.9967,3.73,21.1,High Risk,Moderate Risk,YELLOW,COM20
REAL-COM20-HIGH-00154,2026-09-19 16:24:55.495,138.53,21.11,0.4618,7.0367,3.75,21.1,High Risk,Moderate Risk,YELLOW,COM20
REAL-COM20-HIGH-00155,2026-09-19 16:24:55.694,138.6,20.8,0.462,6.9333,3.7,21.3,High Risk,Moderate Risk,YELLOW,COM20
REAL-COM20-HIGH-00156,2026-09-19 16:24:55.895,139.24,21.0,0.4641,7.0,3.73,21.1,High Risk,Moderate Risk,YELLOW,COM20
REAL-COM20-HIGH-00157,2026-09-19 16:24:56.093,138.88,20.82,0.4629,6.94,3.7,21.3,High Risk,Moderate Risk,YELLOW,COM20
REAL-COM20-HIGH-00158,2026-09-19 16:24:56.295,138.13,21.0,0.4604,7.0,3.73,21.1,High Risk,Moderate Risk,YELLOW,COM20
REAL-COM20-HIGH-00159,2026-09-19 16:24:56.492,137.07,20.72,0.4569,6.9067,3.68,21.4,High Risk,Moderate Risk,YELLOW,COM20
REAL-COM20-HIGH-00160,2026-09-19 16:24:56.693,139.79,20.57,0.466,6.8567,3.66,21.5,High Risk,Moderate Risk,YELLOW,COM20
REAL-COM20-HIGH-00161,2026-09-19 16:24:56.893,137.92,20.79,0.4597,6.93,3.7,21.3,High Risk,Moderate Risk,YELLOW,COM20
REAL-COM20-HIGH-00162,2026-09-19 16:24:57.097,139.61,21.0,0.4654,7.0,3.73,21.1,High Risk,Moderate Risk,YELLOW,COM20
REAL-COM20-HIGH-00163,2026-09-19 16:24:57.297,140.7,20.63,0.469,6.8767,3.67,21.4,High Risk,Moderate Risk,YELLOW,COM20
REAL-COM20-HIGH-00164,2026-09-19 16:24:57.497,140.05,21.02,0.4668,7.0067,3.74,21.1,High Risk,Moderate Risk,YELLOW,COM20
REAL-COM20-HIGH-00165,2026-09-19 16:24:57.694,138.73,21.26,0.4624,7.0867,3.77,20.9,High Risk,Moderate Risk,YELLOW,COM20
REAL-COM20-HIGH-00166,2026-09-19 16:24:57.895,138.29,21.0,0.461,7.0,3.73,21.1,High Risk,Moderate Risk,YELLOW,COM20
REAL-COM20-HIGH-00167,2026-09-19 16:24:58.096,139.33,21.16,0.4644,7.0533,3.76,21.0,High Risk,Moderate Risk,YELLOW,COM20
REAL-COM20-HIGH-00168,2026-09-19 16:24:58.298,137.9,21.01,0.4597,7.0033,3.73,21.1,High Risk,Moderate Risk,YELLOW,COM20
REAL-COM20-HIGH-00169,2026-09-19 16:24:58.493,139.62,21.14,0.4654,7.0467,3.76,21.0,High Risk,Moderate Risk,YELLOW,COM20
REAL-COM20-HIGH-00170,2026-09-19 16:24:58.693,140.13,21.01,0.4671,7.0033,3.73,21.1,High Risk,Moderate Risk,YELLOW,COM20
REAL-COM20-HIGH-00171,2026-09-19 16:24:58.893,138.99,21.15,0.4633,7.05,3.76,21.0,High Risk,Moderate Risk,YELLOW,COM20
REAL-COM20-HIGH-00172,2026-09-19 16:24:59.097,138.94,20.93,0.4631,6.9767,3.72,21.2,High Risk,Moderate Risk,YELLOW,COM20
REAL-COM20-HIGH-00173,2026-09-19 16:24:59.293,139.58,20.63,0.4653,6.8767,3.67,21.4,High Risk,Moderate Risk,YELLOW,COM20
REAL-COM20-HIGH-00174,2026-09-19 16:24:59.493,138.08,20.75,0.4603,6.9167,3.69,21.3,High Risk,Moderate Risk,YELLOW,COM20
REAL-COM20-HIGH-00175,2026-09-19 16:24:59.693,138.44,20.71,0.4615,6.9033,3.68,21.4,High Risk,Moderate Risk,YELLOW,COM20
REAL-COM20-HIGH-00176,2026-09-19 16:24:59.895,139.72,20.85,0.4657,6.95,3.71,21.2,High Risk,Moderate Risk,YELLOW,COM20
REAL-COM20-HIGH-00177,2026-09-19 16:25:00.096,136.19,21.04,0.454,7.0133,3.73,21.1,High Risk,Moderate Risk,YELLOW,COM20
REAL-COM20-HIGH-00178,2026-09-19 16:25:00.293,138.65,21.09,0.4622,7.03,3.75,21.1,High Risk,Moderate Risk,YELLOW,COM20
REAL-COM20-HIGH-00179,2026-09-19 16:25:00.493,140.26,21.08,0.4675,7.0267,3.75,21.1,High Risk,Moderate Risk,YELLOW,COM20
REAL-COM20-HIGH-00180,2026-09-19 16:25:00.693,139.87,21.12,0.4662,7.04,3.75,21.0,High Risk,Moderate Risk,YELLOW,COM20
REAL-COM20-HIGH-00181,2026-09-19 16:25:00.897,138.35,21.19,0.4612,7.0633,3.76,21.0,High Risk,Moderate Risk,YELLOW,COM20
REAL-COM20-HIGH-00182,2026-09-19 16:25:01.097,138.07,20.92,0.4602,6.9733,3.72,21.2,High Risk,Moderate Risk,YELLOW,COM20
REAL-COM20-HIGH-00183,2026-09-19 16:25:01.290,139.91,21.05,0.4664,7.0167,3.74,21.1,High Risk,Moderate Risk,YELLOW,COM20
REAL-COM20-HIGH-00184,2026-09-19 16:25:01.496,138.53,21.14,0.4618,7.0467,3.75,21.0,High Risk,Moderate Risk,YELLOW,COM20
REAL-COM20-HIGH-00185,2026-09-19 16:25:01.694,139.68,21.21,0.4656,7.07,3.77,21.0,High Risk,Moderate Risk,YELLOW,COM20
REAL-COM20-HIGH-00186,2026-09-19 16:25:01.893,138.57,21.37,0.4619,7.1233,3.79,20.9,High Risk,Moderate Risk,YELLOW,COM20
REAL-COM20-HIGH-00187,2026-09-19 16:25:02.098,137.91,21.28,0.4597,7.0933,3.78,20.9,High Risk,Moderate Risk,YELLOW,COM20
REAL-COM20-HIGH-00188,2026-09-19 16:25:02.298,138.3,21.14,0.461,7.0467,3.75,21.0,High Risk,Moderate Risk,YELLOW,COM20
REAL-COM20-HIGH-00189,2026-09-19 16:25:02.491,138.13,21.37,0.4604,7.1233,3.79,20.9,High Risk,Moderate Risk,YELLOW,COM20
REAL-COM20-HIGH-00190,2026-09-19 16:25:02.698,138.08,21.07,0.4603,7.0233,3.74,21.1,High Risk,Moderate Risk,YELLOW,COM20
REAL-COM20-HIGH-00191,2026-09-19 16:25:02.898,139.63,21.17,0.4654,7.0567,3.76,21.0,High Risk,Moderate Risk,YELLOW,COM20
REAL-COM20-HIGH-00192,2026-09-19 16:25:03.093,138.67,21.27,0.4622,7.09,3.78,20.9,High Risk,Moderate Risk,YELLOW,COM20
REAL-COM20-HIGH-00193,2026-09-19 16:25:03.298,139.19,21.12,0.464,7.04,3.75,21.0,High Risk,Moderate Risk,YELLOW,COM20
REAL-COM20-HIGH-00194,2026-09-19 16:25:03.493,139.32,21.29,0.4644,7.0967,3.78,20.9,High Risk,Moderate Risk,YELLOW,COM20
REAL-COM20-HIGH-00195,2026-09-19 16:25:03.693,138.32,21.04,0.4611,7.0133,3.74,21.1,High Risk,Moderate Risk,YELLOW,COM20
REAL-COM20-HIGH-00196,2026-09-19 16:25:03.897,137.72,21.03,0.4591,7.01,3.73,21.1,High Risk,Moderate Risk,YELLOW,COM20
REAL-COM20-HIGH-00197,2026-09-19 16:25:04.097,139.52,21.23,0.4651,7.0767,3.77,21.0,High Risk,Moderate Risk,YELLOW,COM20
REAL-COM20-HIGH-00198,2026-09-19 16:25:04.288,139.28,20.99,0.4643,6.9967,3.73,21.1,High Risk,Moderate Risk,YELLOW,COM20
REAL-COM20-HIGH-00199,2026-09-19 16:25:04.496,138.03,20.97,0.4601,6.99,3.72,21.2,High Risk,Moderate Risk,YELLOW,COM20
REAL-COM20-HIGH-00200,2026-09-19 16:25:04.697,137.44,20.85,0.4581,6.95,3.7,21.3,High Risk,Moderate Risk,YELLOW,COM20
REAL-COM20-HIGH-00201,2026-09-19 16:25:04.897,137.61,20.97,0.4587,6.99,3.73,21.2,High Risk,Moderate Risk,YELLOW,COM20
REAL-COM20-HIGH-00202,2026-09-19 16:25:05.096,136.89,20.94,0.4563,6.98,3.72,21.2,High Risk,Moderate Risk,YELLOW,COM20
REAL-COM20-HIGH-00203,2026-09-19 16:25:05.297,138.15,20.56,0.4605,6.8533,3.66,21.5,High Risk,Moderate Risk,YELLOW,COM20
REAL-COM20-HIGH-00204,2026-09-19 16:25:05.497,138.88,20.6,0.4629,6.8667,3.67,21.4,High Risk,Moderate Risk,YELLOW,COM20
REAL-COM20-HIGH-00205,2026-09-19 16:25:05.697,139.8,20.89,0.466,6.9633,3.71,21.2,High Risk,Moderate Risk,YELLOW,COM20
REAL-COM20-HIGH-00206,2026-09-19 16:25:05.897,137.7,20.85,0.459,6.95,3.7,21.3,High Risk,Moderate Risk,YELLOW,COM20
REAL-COM20-HIGH-00207,2026-09-19 16:25:06.097,137.63,21.08,0.4588,7.0267,3.74,21.1,High Risk,Moderate Risk,YELLOW,COM20
REAL-COM20-HIGH-00208,2026-09-19 16:25:06.296,138.9,21.08,0.463,7.0267,3.75,21.1,High Risk,Moderate Risk,YELLOW,COM20
REAL-COM20-HIGH-00209,2026-09-19 16:25:06.496,138.61,21.02,0.462,7.0067,3.73,21.1,High Risk,Moderate Risk,YELLOW,COM20
REAL-COM20-HIGH-00210,2026-09-19 16:25:06.696,138.62,21.04,0.4621,7.0133,3.74,21.1,High Risk,Moderate Risk,YELLOW,COM20
REAL-COM20-HIGH-00211,2026-09-19 16:25:06.897,139.12,21.19,0.4637,7.0633,3.76,21.0,High Risk,Moderate Risk,YELLOW,COM20
REAL-COM20-HIGH-00212,2026-09-19 16:25:07.089,138.93,21.13,0.4631,7.0433,3.75,21.0,High Risk,Moderate Risk,YELLOW,COM20
REAL-COM20-HIGH-00213,2026-09-19 16:25:07.289,136.01,20.95,0.4534,6.9833,3.72,21.2,High Risk,Moderate Risk,YELLOW,COM20
REAL-COM20-HIGH-00214,2026-09-19 16:25:07.496,137.98,21.12,0.4599,7.04,3.75,21.1,High Risk,Moderate Risk,YELLOW,COM20
REAL-COM20-HIGH-00215,2026-09-19 16:25:07.697,139.18,21.26,0.4639,7.0867,3.77,20.9,High Risk,Moderate Risk,YELLOW,COM20
REAL-COM20-HIGH-00216,2026-09-19 16:25:07.895,138.47,21.15,0.4616,7.05,3.75,21.0,High Risk,Moderate Risk,YELLOW,COM20
REAL-COM20-HIGH-00217,2026-09-19 16:25:08.097,137.56,20.96,0.4585,6.9867,3.72,21.2,High Risk,Moderate Risk,YELLOW,COM20
REAL-COM20-HIGH-00218,2026-09-19 16:25:08.297,136.88,21.42,0.4563,7.14,3.8,20.8,High Risk,Moderate Risk,YELLOW,COM20
REAL-COM20-HIGH-00219,2026-09-19 16:25:08.495,137.04,21.04,0.4568,7.0133,3.74,21.1,High Risk,Moderate Risk,YELLOW,COM20
REAL-COM20-HIGH-00220,2026-09-19 16:25:08.694,138.93,21.12,0.4631,7.04,3.75,21.0,High Risk,Moderate Risk,YELLOW,COM20
REAL-COM20-HIGH-00221,2026-09-19 16:25:08.891,138.97,21.0,0.4632,7.0,3.73,21.1,High Risk,Moderate Risk,YELLOW,COM20
REAL-COM20-HIGH-00222,2026-09-19 16:25:09.094,138.33,20.75,0.4611,6.9167,3.69,21.3,High Risk,Moderate Risk,YELLOW,COM20
REAL-COM20-HIGH-00223,2026-09-19 16:25:09.297,138.56,21.08,0.4619,7.0267,3.74,21.1,High Risk,Moderate Risk,YELLOW,COM20
REAL-COM20-HIGH-00224,2026-09-19 16:25:09.496,137.66,20.94,0.4589,6.98,3.72,21.2,High Risk,Moderate Risk,YELLOW,COM20
REAL-COM20-HIGH-00225,2026-09-19 16:25:09.690,139.36,21.11,0.4645,7.0367,3.75,21.0,High Risk,Moderate Risk,YELLOW,COM20
REAL-COM20-HIGH-00226,2026-09-19 16:25:09.892,139.68,20.82,0.4656,6.94,3.7,21.3,High Risk,Moderate Risk,YELLOW,COM20
REAL-COM20-HIGH-00227,2026-09-19 16:25:10.097,138.48,20.9,0.4616,6.9667,3.71,21.2,High Risk,Moderate Risk,YELLOW,COM20
REAL-COM20-HIGH-00228,2026-09-19 16:25:10.297,139.82,20.9,0.4661,6.9667,3.72,21.2,High Risk,Moderate Risk,YELLOW,COM20
REAL-COM20-HIGH-00229,2026-09-19 16:25:10.497,136.19,21.09,0.454,7.03,3.74,21.1,High Risk,Moderate Risk,YELLOW,COM20
REAL-COM20-HIGH-00230,2026-09-19 16:25:10.689,139.49,21.02,0.465,7.0067,3.74,21.1,High Risk,Moderate Risk,YELLOW,COM20
REAL-COM20-HIGH-00231,2026-09-19 16:25:10.895,140.27,20.84,0.4676,6.9467,3.71,21.2,High Risk,Moderate Risk,YELLOW,COM20
REAL-COM20-HIGH-00232,2026-09-19 16:25:11.097,139.08,21.11,0.4636,7.0367,3.75,21.1,High Risk,Moderate Risk,YELLOW,COM20
REAL-COM20-HIGH-00233,2026-09-19 16:25:11.297,138.4,20.96,0.4613,6.9867,3.72,21.2,High Risk,Moderate Risk,YELLOW,COM20
REAL-COM20-HIGH-00234,2026-09-19 16:25:11.490,138.04,21.04,0.4601,7.0133,3.74,21.1,High Risk,Moderate Risk,YELLOW,COM20
REAL-COM20-HIGH-00235,2026-09-19 16:25:11.697,139.37,21.06,0.4646,7.02,3.74,21.1,High Risk,Moderate Risk,YELLOW,COM20
REAL-COM20-HIGH-00236,2026-09-19 16:25:11.896,138.89,20.95,0.463,6.9833,3.72,21.2,High Risk,Moderate Risk,YELLOW,COM20
REAL-COM20-HIGH-00237,2026-09-19 16:25:12.097,139.57,20.94,0.4652,6.98,3.72,21.2,High Risk,Moderate Risk,YELLOW,COM20
REAL-COM20-HIGH-00238,2026-09-19 16:25:12.297,138.07,21.1,0.4602,7.0333,3.75,21.1,High Risk,Moderate Risk,YELLOW,COM20
REAL-COM20-HIGH-00239,2026-09-19 16:25:12.497,138.48,20.85,0.4616,6.95,3.71,21.2,High Risk,Moderate Risk,YELLOW,COM20
REAL-COM20-HIGH-00240,2026-09-19 16:25:12.693,139.66,20.98,0.4655,6.9933,3.73,21.1,High Risk,Moderate Risk,YELLOW,COM20
REAL-COM20-HIGH-00241,2026-09-19 16:25:12.897,139.48,20.98,0.4649,6.9933,3.73,21.1,High Risk,Moderate Risk,YELLOW,COM20
REAL-COM20-HIGH-00242,2026-09-19 16:25:13.097,138.84,20.94,0.4628,6.98,3.72,21.2,High Risk,Moderate Risk,YELLOW,COM20
REAL-COM20-HIGH-00243,2026-09-19 16:25:13.290,138.45,20.91,0.4615,6.97,3.72,21.2,High Risk,Moderate Risk,YELLOW,COM20
REAL-COM20-HIGH-00244,2026-09-19 16:25:13.495,140.07,21.05,0.4669,7.0167,3.74,21.1,High Risk,Moderate Risk,YELLOW,COM20
REAL-COM20-HIGH-00245,2026-09-19 16:25:13.692,137.65,20.92,0.4588,6.9733,3.72,21.2,High Risk,Moderate Risk,YELLOW,COM20
REAL-COM20-HIGH-00246,2026-09-19 16:25:13.896,138.04,20.9,0.4601,6.9667,3.71,21.2,High Risk,Moderate Risk,YELLOW,COM20
REAL-COM20-HIGH-00247,2026-09-19 16:25:14.097,137.77,20.93,0.4592,6.9767,3.72,21.2,High Risk,Moderate Risk,YELLOW,COM20
REAL-COM20-HIGH-00248,2026-09-19 16:25:14.296,139.01,21.0,0.4634,7.0,3.73,21.1,High Risk,Moderate Risk,YELLOW,COM20
REAL-COM20-HIGH-00249,2026-09-19 16:25:14.497,139.62,20.82,0.4654,6.94,3.7,21.3,High Risk,Moderate Risk,YELLOW,COM20
REAL-COM20-HIGH-00250,2026-09-19 16:25:14.694,139.16,20.97,0.4639,6.99,3.73,21.2,High Risk,Moderate Risk,YELLOW,COM20
REAL-COM20-HIGH-00251,2026-09-19 16:25:14.897,137.7,20.63,0.459,6.8767,3.67,21.4,High Risk,Moderate Risk,YELLOW,COM20
REAL-COM20-HIGH-00252,2026-09-19 16:25:15.090,138.27,20.54,0.4609,6.8467,3.65,21.5,High Risk,Moderate Risk,YELLOW,COM20
REAL-COM20-HIGH-00253,2026-09-19 16:25:15.293,137.81,20.8,0.4594,6.9333,3.7,21.3,High Risk,Moderate Risk,YELLOW,COM20
REAL-COM20-HIGH-00254,2026-09-19 16:25:15.496,138.19,20.96,0.4606,6.9867,3.72,21.2,High Risk,Moderate Risk,YELLOW,COM20
REAL-COM20-HIGH-00255,2026-09-19 16:25:15.693,138.3,21.02,0.461,7.0067,3.73,21.1,High Risk,Moderate Risk,YELLOW,COM20
REAL-COM20-HIGH-00256,2026-09-19 16:25:15.897,139.4,21.08,0.4647,7.0267,3.75,21.1,High Risk,Moderate Risk,YELLOW,COM20
REAL-COM20-HIGH-00257,2026-09-19 16:25:16.089,138.71,20.93,0.4624,6.9767,3.72,21.2,High Risk,Moderate Risk,YELLOW,COM20
REAL-COM20-HIGH-00258,2026-09-19 16:25:16.298,138.99,20.87,0.4633,6.9567,3.71,21.2,High Risk,Moderate Risk,YELLOW,COM20
REAL-COM20-HIGH-00259,2026-09-19 16:25:16.495,138.8,20.67,0.4627,6.89,3.68,21.4,High Risk,Moderate Risk,YELLOW,COM20
REAL-COM20-HIGH-00260,2026-09-19 16:25:16.695,137.94,20.75,0.4598,6.9167,3.69,21.3,High Risk,Moderate Risk,YELLOW,COM20
REAL-COM20-HIGH-00261,2026-09-19 16:25:16.893,140.08,20.89,0.4669,6.9633,3.72,21.2,High Risk,Moderate Risk,YELLOW,COM20
REAL-COM20-HIGH-00262,2026-09-19 16:25:17.096,138.77,21.02,0.4626,7.0067,3.74,21.1,High Risk,Moderate Risk,YELLOW,COM20
REAL-COM20-HIGH-00263,2026-09-19 16:25:17.290,138.86,20.93,0.4629,6.9767,3.72,21.2,High Risk,Moderate Risk,YELLOW,COM20
REAL-COM20-HIGH-00264,2026-09-19 16:25:17.496,138.48,20.72,0.4616,6.9067,3.68,21.3,High Risk,Moderate Risk,YELLOW,COM20
REAL-COM20-HIGH-00265,2026-09-19 16:25:17.697,138.16,20.85,0.4605,6.95,3.71,21.3,High Risk,Moderate Risk,YELLOW,COM20
REAL-COM20-HIGH-00266,2026-09-19 16:25:17.897,138.9,20.45,0.463,6.8167,3.64,21.6,High Risk,Moderate Risk,YELLOW,COM20
REAL-COM20-HIGH-00267,2026-09-19 16:25:18.091,137.77,20.83,0.4592,6.9433,3.7,21.3,High Risk,Moderate Risk,YELLOW,COM20
REAL-COM20-HIGH-00268,2026-09-19 16:25:18.288,136.49,20.95,0.455,6.9833,3.72,21.2,High Risk,Moderate Risk,YELLOW,COM20
REAL-COM20-HIGH-00269,2026-09-19 16:25:18.496,138.0,20.92,0.46,6.9733,3.72,21.2,High Risk,Moderate Risk,YELLOW,COM20
REAL-COM20-HIGH-00270,2026-09-19 16:25:18.688,138.14,20.58,0.4605,6.86,3.66,21.5,High Risk,Moderate Risk,YELLOW,COM20
REAL-COM20-HIGH-00271,2026-09-19 16:25:18.895,138.19,20.49,0.4606,6.83,3.65,21.5,High Risk,Moderate Risk,YELLOW,COM20
REAL-COM20-HIGH-00272,2026-09-19 16:25:19.089,138.56,20.63,0.4619,6.8767,3.67,21.4,High Risk,Moderate Risk,YELLOW,COM20
REAL-COM20-HIGH-00273,2026-09-19 16:25:19.291,137.09,20.54,0.457,6.8467,3.65,21.5,High Risk,Moderate Risk,YELLOW,COM20
REAL-COM20-HIGH-00274,2026-09-19 16:25:19.491,138.57,20.52,0.4619,6.84,3.65,21.5,High Risk,Moderate Risk,YELLOW,COM20
REAL-COM20-HIGH-00275,2026-09-19 16:25:19.690,139.53,20.6,0.4651,6.8667,3.67,21.4,High Risk,Moderate Risk,YELLOW,COM20
REAL-COM20-HIGH-00276,2026-09-19 16:25:19.896,138.46,20.83,0.4615,6.9433,3.7,21.3,High Risk,Moderate Risk,YELLOW,COM20
REAL-COM20-HIGH-00277,2026-09-19 16:25:20.093,139.26,20.85,0.4642,6.95,3.71,21.2,High Risk,Moderate Risk,YELLOW,COM20
REAL-COM20-HIGH-00278,2026-09-19 16:25:20.290,138.44,20.98,0.4615,6.9933,3.73,21.1,High Risk,Moderate Risk,YELLOW,COM20
REAL-COM20-HIGH-00279,2026-09-19 16:25:20.497,138.83,20.95,0.4628,6.9833,3.72,21.2,High Risk,Moderate Risk,YELLOW,COM20
REAL-COM20-HIGH-00280,2026-09-19 16:25:20.697,137.54,20.94,0.4585,6.98,3.72,21.2,High Risk,Moderate Risk,YELLOW,COM20
REAL-COM20-HIGH-00281,2026-09-19 16:25:20.896,138.8,20.78,0.4627,6.9267,3.69,21.3,High Risk,Moderate Risk,YELLOW,COM20
REAL-COM20-HIGH-00282,2026-09-19 16:25:21.089,137.96,21.01,0.4599,7.0033,3.73,21.1,High Risk,Moderate Risk,YELLOW,COM20
REAL-COM20-HIGH-00283,2026-09-19 16:25:21.297,137.74,20.82,0.4591,6.94,3.7,21.3,High Risk,Moderate Risk,YELLOW,COM20
REAL-COM20-HIGH-00284,2026-09-19 16:25:21.497,138.2,20.42,0.4607,6.8067,3.63,21.6,High Risk,Moderate Risk,YELLOW,COM20
REAL-COM20-HIGH-00285,2026-09-19 16:25:21.690,138.62,20.61,0.4621,6.87,3.67,21.4,High Risk,Moderate Risk,YELLOW,COM20
REAL-COM20-HIGH-00286,2026-09-19 16:25:21.897,138.56,20.88,0.4619,6.96,3.71,21.2,High Risk,Moderate Risk,YELLOW,COM20
REAL-COM20-HIGH-00287,2026-09-19 16:25:22.095,137.87,20.82,0.4596,6.94,3.7,21.3,High Risk,Moderate Risk,YELLOW,COM20
REAL-COM20-HIGH-00288,2026-09-19 16:25:22.289,138.5,20.27,0.4617,6.7567,3.61,21.7,High Risk,Moderate Risk,YELLOW,COM20
REAL-COM20-HIGH-00289,2026-09-19 16:25:22.497,137.43,20.47,0.4581,6.8233,3.64,21.6,High Risk,Moderate Risk,YELLOW,COM20
REAL-COM20-HIGH-00290,2026-09-19 16:25:22.695,137.59,20.55,0.4586,6.85,3.65,21.5,High Risk,Moderate Risk,YELLOW,COM20
REAL-COM20-HIGH-00291,2026-09-19 16:25:22.893,139.49,20.39,0.465,6.7967,3.63,21.6,High Risk,Moderate Risk,YELLOW,COM20
REAL-COM20-HIGH-00292,2026-09-19 16:25:23.093,138.68,20.6,0.4623,6.8667,3.67,21.4,High Risk,Moderate Risk,YELLOW,COM20
REAL-COM20-HIGH-00293,2026-09-19 16:25:23.288,138.97,21.12,0.4632,7.04,3.75,21.0,High Risk,Moderate Risk,YELLOW,COM20
REAL-COM20-HIGH-00294,2026-09-19 16:25:23.493,139.47,21.25,0.4649,7.0833,3.77,20.9,High Risk,Moderate Risk,YELLOW,COM20
REAL-COM20-HIGH-00295,2026-09-19 16:25:23.697,139.75,20.95,0.4658,6.9833,3.73,21.2,High Risk,Moderate Risk,YELLOW,COM20
REAL-COM20-HIGH-00296,2026-09-19 16:25:23.897,137.87,21.04,0.4596,7.0133,3.74,21.1,High Risk,Moderate Risk,YELLOW,COM20
REAL-COM20-HIGH-00297,2026-09-19 16:25:24.095,139.17,21.3,0.4639,7.1,3.78,20.9,High Risk,Moderate Risk,YELLOW,COM20
REAL-COM20-HIGH-00298,2026-09-19 16:25:24.296,138.18,21.25,0.4606,7.0833,3.77,21.0,High Risk,Moderate Risk,YELLOW,COM20
REAL-COM20-HIGH-00299,2026-09-19 16:25:24.497,137.85,21.21,0.4595,7.07,3.76,21.0,High Risk,Moderate Risk,YELLOW,COM20
REAL-COM20-HIGH-00300,2026-09-19 16:25:24.697,140.77,21.08,0.4692,7.0267,3.75,21.1,High Risk,Moderate Risk,YELLOW,COM20
REAL-COM20-HIGH-00301,2026-09-19 16:25:24.897,137.78,21.07,0.4593,7.0233,3.74,21.1,High Risk,Moderate Risk,YELLOW,COM20
REAL-COM20-HIGH-00302,2026-09-19 16:25:25.090,139.37,20.9,0.4646,6.9667,3.72,21.2,High Risk,Moderate Risk,YELLOW,COM20
REAL-COM20-HIGH-00303,2026-09-19 16:25:25.292,137.88,21.27,0.4596,7.09,3.77,20.9,High Risk,Moderate Risk,YELLOW,COM20
REAL-COM20-HIGH-00304,2026-09-19 16:25:25.498,138.94,21.23,0.4631,7.0767,3.77,21.0,High Risk,Moderate Risk,YELLOW,COM20
REAL-COM20-HIGH-00305,2026-09-19 16:25:25.690,140.31,21.16,0.4677,7.0533,3.76,21.0,High Risk,Moderate Risk,YELLOW,COM20
REAL-COM20-HIGH-00306,2026-09-19 16:25:25.892,137.5,20.72,0.4583,6.9067,3.68,21.4,High Risk,Moderate Risk,YELLOW,COM20
REAL-COM20-HIGH-00307,2026-09-19 16:25:26.097,139.74,20.97,0.4658,6.99,3.73,21.1,High Risk,Moderate Risk,YELLOW,COM20
REAL-COM20-HIGH-00308,2026-09-19 16:25:26.295,139.31,20.69,0.4644,6.8967,3.68,21.4,High Risk,Moderate Risk,YELLOW,COM20
REAL-COM20-HIGH-00309,2026-09-19 16:25:26.492,137.89,20.78,0.4596,6.9267,3.69,21.3,High Risk,Moderate Risk,YELLOW,COM20
REAL-COM20-HIGH-00310,2026-09-19 16:25:26.697,141.15,20.77,0.4705,6.9233,3.7,21.3,High Risk,Moderate Risk,YELLOW,COM20
REAL-COM20-HIGH-00311,2026-09-19 16:25:26.898,137.85,20.68,0.4595,6.8933,3.68,21.4,High Risk,Moderate Risk,YELLOW,COM20
REAL-COM20-HIGH-00312,2026-09-19 16:25:27.097,138.49,20.65,0.4616,6.8833,3.67,21.4,High Risk,Moderate Risk,YELLOW,COM20
REAL-COM20-HIGH-00313,2026-09-19 16:25:27.297,138.61,20.5,0.462,6.8333,3.65,21.5,High Risk,Moderate Risk,YELLOW,COM20
REAL-COM20-HIGH-00314,2026-09-19 16:25:27.489,138.53,20.66,0.4618,6.8867,3.68,21.4,High Risk,Moderate Risk,YELLOW,COM20
REAL-COM20-HIGH-00315,2026-09-19 16:25:27.689,137.12,20.83,0.4571,6.9433,3.7,21.3,High Risk,Moderate Risk,YELLOW,COM20
REAL-COM20-HIGH-00316,2026-09-19 16:25:27.893,139.72,20.55,0.4657,6.85,3.66,21.5,High Risk,Moderate Risk,YELLOW,COM20
REAL-COM20-HIGH-00317,2026-09-19 16:25:28.089,137.67,20.83,0.4589,6.9433,3.7,21.3,High Risk,Moderate Risk,YELLOW,COM20
REAL-COM20-HIGH-00318,2026-09-19 16:25:28.293,136.6,20.71,0.4553,6.9033,3.68,21.4,High Risk,Moderate Risk,YELLOW,COM20
REAL-COM20-HIGH-00319,2026-09-19 16:25:28.492,137.21,20.67,0.4574,6.89,3.67,21.4,High Risk,Moderate Risk,YELLOW,COM20
REAL-COM20-HIGH-00320,2026-09-19 16:25:28.690,137.56,20.59,0.4585,6.8633,3.66,21.5,High Risk,Moderate Risk,YELLOW,COM20
REAL-COM20-HIGH-00321,2026-09-19 16:25:28.889,136.71,20.71,0.4557,6.9033,3.68,21.4,High Risk,Moderate Risk,YELLOW,COM20
REAL-COM20-HIGH-00322,2026-09-19 16:25:29.095,138.99,20.64,0.4633,6.88,3.67,21.4,High Risk,Moderate Risk,YELLOW,COM20
REAL-COM20-HIGH-00323,2026-09-19 16:25:29.293,138.78,20.63,0.4626,6.8767,3.67,21.4,High Risk,Moderate Risk,YELLOW,COM20
REAL-COM20-HIGH-00324,2026-09-19 16:25:29.490,139.95,20.51,0.4665,6.8367,3.65,21.5,High Risk,Moderate Risk,YELLOW,COM20
REAL-COM20-HIGH-00325,2026-09-19 16:25:29.692,138.31,20.48,0.461,6.8267,3.64,21.5,High Risk,Moderate Risk,YELLOW,COM20
REAL-COM20-HIGH-00326,2026-09-19 16:25:29.892,139.73,20.6,0.4658,6.8667,3.67,21.4,High Risk,Moderate Risk,YELLOW,COM20
REAL-COM20-HIGH-00327,2026-09-19 16:25:30.088,138.36,20.83,0.4612,6.9433,3.7,21.3,High Risk,Moderate Risk,YELLOW,COM20
REAL-COM20-HIGH-00328,2026-09-19 16:25:30.297,137.83,20.89,0.4594,6.9633,3.71,21.2,High Risk,Moderate Risk,YELLOW,COM20
REAL-COM20-HIGH-00329,2026-09-19 16:25:30.497,138.81,20.82,0.4627,6.94,3.7,21.3,High Risk,Moderate Risk,YELLOW,COM20
REAL-COM20-HIGH-00330,2026-09-19 16:25:30.696,137.94,21.05,0.4598,7.0167,3.74,21.1,High Risk,Moderate Risk,YELLOW,COM20
REAL-COM20-HIGH-00331,2026-09-19 16:25:30.896,138.15,20.92,0.4605,6.9733,3.72,21.2,High Risk,Moderate Risk,YELLOW,COM20
REAL-COM20-HIGH-00332,2026-09-19 16:25:31.094,138.27,20.99,0.4609,6.9967,3.73,21.1,High Risk,Moderate Risk,YELLOW,COM20
REAL-COM20-HIGH-00333,2026-09-19 16:25:31.297,139.34,21.2,0.4645,7.0667,3.77,21.0,High Risk,Moderate Risk,YELLOW,COM20
REAL-COM20-HIGH-00334,2026-09-19 16:25:31.497,138.0,21.06,0.46,7.02,3.74,21.1,High Risk,Moderate Risk,YELLOW,COM20
REAL-COM20-HIGH-00335,2026-09-19 16:25:31.697,137.44,21.45,0.4581,7.15,3.8,20.8,High Risk,Moderate Risk,YELLOW,COM20
REAL-COM20-HIGH-00336,2026-09-19 16:25:31.897,137.32,21.32,0.4577,7.1067,3.78,20.9,High Risk,Moderate Risk,YELLOW,COM20
REAL-COM20-HIGH-00337,2026-09-19 16:25:32.089,137.89,21.04,0.4596,7.0133,3.74,21.1,High Risk,Moderate Risk,YELLOW,COM20
REAL-COM20-HIGH-00338,2026-09-19 16:25:32.292,138.9,21.08,0.463,7.0267,3.74,21.1,High Risk,Moderate Risk,YELLOW,COM20
REAL-COM20-HIGH-00339,2026-09-19 16:25:32.496,137.87,20.96,0.4596,6.9867,3.72,21.2,High Risk,Moderate Risk,YELLOW,COM20
REAL-COM20-HIGH-00340,2026-09-19 16:25:32.697,139.19,21.1,0.464,7.0333,3.75,21.1,High Risk,Moderate Risk,YELLOW,COM20
REAL-COM20-HIGH-00341,2026-09-19 16:25:32.890,137.09,21.08,0.457,7.0267,3.74,21.1,High Risk,Moderate Risk,YELLOW,COM20
REAL-COM20-HIGH-00342,2026-09-19 16:25:33.097,137.73,21.05,0.4591,7.0167,3.74,21.1,High Risk,Moderate Risk,YELLOW,COM20
REAL-COM20-HIGH-00343,2026-09-19 16:25:33.294,138.47,20.87,0.4616,6.9567,3.71,21.2,High Risk,Moderate Risk,YELLOW,COM20
REAL-COM20-HIGH-00344,2026-09-19 16:25:33.489,137.99,21.08,0.46,7.0267,3.74,21.1,High Risk,Moderate Risk,YELLOW,COM20
REAL-COM20-HIGH-00345,2026-09-19 16:25:33.697,137.61,21.05,0.4587,7.0167,3.74,21.1,High Risk,Moderate Risk,YELLOW,COM20
REAL-COM20-HIGH-00346,2026-09-19 16:25:33.894,140.41,21.12,0.468,7.04,3.75,21.0,High Risk,Moderate Risk,YELLOW,COM20
REAL-COM20-HIGH-00347,2026-09-19 16:25:34.096,136.54,21.01,0.4551,7.0033,3.73,21.1,High Risk,Moderate Risk,YELLOW,COM20
REAL-COM20-HIGH-00348,2026-09-19 16:25:34.291,137.94,21.06,0.4598,7.02,3.74,21.1,High Risk,Moderate Risk,YELLOW,COM20
REAL-COM20-HIGH-00349,2026-09-19 16:25:34.493,140.72,21.09,0.4691,7.03,3.75,21.1,High Risk,Moderate Risk,YELLOW,COM20
REAL-COM20-HIGH-00350,2026-09-19 16:25:34.692,140.03,20.56,0.4668,6.8533,3.66,21.5,High Risk,Moderate Risk,YELLOW,COM20
REAL-COM20-HIGH-00351,2026-09-19 16:25:34.889,140.61,20.51,0.4687,6.8367,3.65,21.5,High Risk,Moderate Risk,YELLOW,COM20
REAL-COM20-HIGH-00352,2026-09-19 16:25:35.095,138.57,20.55,0.4619,6.85,3.66,21.5,High Risk,Moderate Risk,YELLOW,COM20
REAL-COM20-HIGH-00353,2026-09-19 16:25:35.293,138.88,20.8,0.4629,6.9333,3.7,21.3,High Risk,Moderate Risk,YELLOW,COM20
REAL-COM20-HIGH-00354,2026-09-19 16:25:35.490,137.3,20.7,0.4577,6.9,3.68,21.4,High Risk,Moderate Risk,YELLOW,COM20
REAL-COM20-HIGH-00355,2026-09-19 16:25:35.694,138.65,20.61,0.4622,6.87,3.67,21.4,High Risk,Moderate Risk,YELLOW,COM20
REAL-COM20-HIGH-00356,2026-09-19 16:25:35.889,137.17,20.34,0.4572,6.78,3.62,21.6,High Risk,Moderate Risk,YELLOW,COM20
REAL-COM20-HIGH-00357,2026-09-19 16:25:36.094,138.28,20.99,0.4609,6.9967,3.73,21.1,High Risk,Moderate Risk,YELLOW,COM20
REAL-COM20-HIGH-00358,2026-09-19 16:25:36.296,139.32,20.68,0.4644,6.8933,3.68,21.4,High Risk,Moderate Risk,YELLOW,COM20
REAL-COM20-HIGH-00359,2026-09-19 16:25:36.495,138.15,20.45,0.4605,6.8167,3.64,21.6,High Risk,Moderate Risk,YELLOW,COM20
REAL-COM20-HIGH-00360,2026-09-19 16:25:36.695,137.24,20.74,0.4575,6.9133,3.69,21.3,High Risk,Moderate Risk,YELLOW,COM20
REAL-COM20-HIGH-00361,2026-09-19 16:25:36.892,138.05,20.65,0.4602,6.8833,3.67,21.4,High Risk,Moderate Risk,YELLOW,COM20
REAL-COM20-HIGH-00362,2026-09-19 16:25:37.090,137.42,20.7,0.4581,6.9,3.68,21.4,High Risk,Moderate Risk,YELLOW,COM20
REAL-COM20-HIGH-00363,2026-09-19 16:25:37.292,138.16,20.61,0.4605,6.87,3.67,21.4,High Risk,Moderate Risk,YELLOW,COM20
REAL-COM20-HIGH-00364,2026-09-19 16:25:37.491,141.2,20.84,0.4707,6.9467,3.71,21.2,High Risk,Moderate Risk,YELLOW,COM20
REAL-COM20-HIGH-00365,2026-09-19 16:25:37.694,139.15,20.86,0.4638,6.9533,3.71,21.2,High Risk,Moderate Risk,YELLOW,COM20
REAL-COM20-HIGH-00366,2026-09-19 16:25:37.891,136.87,20.41,0.4562,6.8033,3.63,21.6,High Risk,Moderate Risk,YELLOW,COM20
REAL-COM20-HIGH-00367,2026-09-19 16:25:38.089,139.7,20.37,0.4657,6.79,3.63,21.6,High Risk,Moderate Risk,YELLOW,COM20
REAL-COM20-HIGH-00368,2026-09-19 16:25:38.291,138.25,20.84,0.4608,6.9467,3.7,21.3,High Risk,Moderate Risk,YELLOW,COM20
REAL-COM20-HIGH-00369,2026-09-19 16:25:38.489,137.79,20.46,0.4593,6.82,3.64,21.6,High Risk,Moderate Risk,YELLOW,COM20
REAL-COM20-HIGH-00370,2026-09-19 16:25:38.691,139.39,21.02,0.4646,7.0067,3.74,21.1,High Risk,Moderate Risk,YELLOW,COM20
REAL-COM20-HIGH-00371,2026-09-19 16:25:38.892,138.69,20.99,0.4623,6.9967,3.73,21.1,High Risk,Moderate Risk,YELLOW,COM20
REAL-COM20-HIGH-00372,2026-09-19 16:25:39.090,138.16,20.81,0.4605,6.9367,3.7,21.3,High Risk,Moderate Risk,YELLOW,COM20
REAL-COM20-HIGH-00373,2026-09-19 16:25:39.293,139.94,20.88,0.4665,6.96,3.71,21.2,High Risk,Moderate Risk,YELLOW,COM20
REAL-COM20-HIGH-00374,2026-09-19 16:25:39.493,137.7,20.79,0.459,6.93,3.7,21.3,High Risk,Moderate Risk,YELLOW,COM20
REAL-COM20-HIGH-00375,2026-09-19 16:25:39.695,140.53,20.75,0.4684,6.9167,3.69,21.3,High Risk,Moderate Risk,YELLOW,COM20
REAL-COM20-HIGH-00376,2026-09-19 16:25:39.896,136.81,20.44,0.456,6.8133,3.63,21.6,High Risk,Moderate Risk,YELLOW,COM20
REAL-COM20-HIGH-00377,2026-09-19 16:25:40.096,136.38,20.57,0.4546,6.8567,3.65,21.5,High Risk,Moderate Risk,YELLOW,COM20
REAL-COM20-HIGH-00378,2026-09-19 16:25:40.293,138.53,21.0,0.4618,7.0,3.73,21.1,High Risk,Moderate Risk,YELLOW,COM20
REAL-COM20-HIGH-00379,2026-09-19 16:25:40.491,137.86,21.06,0.4595,7.02,3.74,21.1,High Risk,Moderate Risk,YELLOW,COM20
REAL-COM20-HIGH-00380,2026-09-19 16:25:40.694,138.78,20.65,0.4626,6.8833,3.67,21.4,High Risk,Moderate Risk,YELLOW,COM20
REAL-COM20-HIGH-00381,2026-09-19 16:25:40.891,137.38,20.98,0.4579,6.9933,3.73,21.2,High Risk,Moderate Risk,YELLOW,COM20
REAL-COM20-HIGH-00382,2026-09-19 16:25:41.092,139.38,20.65,0.4646,6.8833,3.67,21.4,High Risk,Moderate Risk,YELLOW,COM20
REAL-COM20-HIGH-00383,2026-09-19 16:25:41.291,138.5,21.0,0.4617,7.0,3.73,21.1,High Risk,Moderate Risk,YELLOW,COM20
REAL-COM20-HIGH-00384,2026-09-19 16:25:41.497,139.53,20.52,0.4651,6.84,3.65,21.5,High Risk,Moderate Risk,YELLOW,COM20
REAL-COM20-HIGH-00385,2026-09-19 16:25:41.694,137.36,20.71,0.4579,6.9033,3.68,21.4,High Risk,Moderate Risk,YELLOW,COM20
REAL-COM20-HIGH-00386,2026-09-19 16:25:41.893,137.45,20.55,0.4582,6.85,3.65,21.5,High Risk,Moderate Risk,YELLOW,COM20
REAL-COM20-HIGH-00387,2026-09-19 16:25:42.092,138.43,20.63,0.4614,6.8767,3.67,21.4,High Risk,Moderate Risk,YELLOW,COM20
REAL-COM20-HIGH-00388,2026-09-19 16:25:42.292,137.13,20.54,0.4571,6.8467,3.65,21.5,High Risk,Moderate Risk,YELLOW,COM20
REAL-COM20-HIGH-00389,2026-09-19 16:25:42.492,138.85,20.51,0.4628,6.8367,3.65,21.5,High Risk,Moderate Risk,YELLOW,COM20
REAL-COM20-HIGH-00390,2026-09-19 16:25:42.689,139.84,20.53,0.4661,6.8433,3.65,21.5,High Risk,Moderate Risk,YELLOW,COM20
REAL-COM20-HIGH-00391,2026-09-19 16:25:42.893,138.3,21.01,0.461,7.0033,3.73,21.1,High Risk,Moderate Risk,YELLOW,COM20
REAL-COM20-HIGH-00392,2026-09-19 16:25:43.097,137.9,20.48,0.4597,6.8267,3.64,21.5,High Risk,Moderate Risk,YELLOW,COM20
REAL-COM20-HIGH-00393,2026-09-19 16:25:43.297,137.61,20.73,0.4587,6.91,3.68,21.3,High Risk,Moderate Risk,YELLOW,COM20
REAL-COM20-HIGH-00394,2026-09-19 16:25:43.496,141.52,20.44,0.4717,6.8133,3.64,21.5,High Risk,Moderate Risk,YELLOW,COM20
REAL-COM20-HIGH-00395,2026-09-19 16:25:43.697,136.97,20.26,0.4566,6.7533,3.6,21.7,High Risk,Moderate Risk,YELLOW,COM20
REAL-COM20-HIGH-00396,2026-09-19 16:25:43.897,139.45,20.78,0.4648,6.9267,3.69,21.3,High Risk,Moderate Risk,YELLOW,COM20
REAL-COM20-HIGH-00397,2026-09-19 16:25:44.098,138.61,20.4,0.462,6.8,3.63,21.6,High Risk,Moderate Risk,YELLOW,COM20
REAL-COM20-HIGH-00398,2026-09-19 16:25:44.293,137.87,20.29,0.4596,6.7633,3.61,21.7,High Risk,Moderate Risk,YELLOW,COM20
REAL-COM20-HIGH-00399,2026-09-19 16:25:44.493,136.79,20.61,0.456,6.87,3.66,21.4,High Risk,Moderate Risk,YELLOW,COM20
REAL-COM20-HIGH-00400,2026-09-19 16:25:44.697,137.56,20.57,0.4585,6.8567,3.66,21.5,High Risk,Moderate Risk,YELLOW,COM20
REAL-COM20-HIGH-00401,2026-09-19 16:25:44.893,138.24,20.49,0.4608,6.83,3.65,21.5,High Risk,Moderate Risk,YELLOW,COM20
REAL-COM20-HIGH-00402,2026-09-19 16:25:45.095,138.22,20.26,0.4607,6.7533,3.61,21.7,High Risk,Moderate Risk,YELLOW,COM20
REAL-COM20-HIGH-00403,2026-09-19 16:25:45.291,137.02,20.59,0.4567,6.8633,3.66,21.5,High Risk,Moderate Risk,YELLOW,COM20
REAL-COM20-HIGH-00404,2026-09-19 16:25:45.492,139.9,20.64,0.4663,6.88,3.67,21.4,High Risk,Moderate Risk,YELLOW,COM20
REAL-COM20-HIGH-00405,2026-09-19 16:25:45.695,138.13,20.25,0.4604,6.75,3.61,21.7,High Risk,Moderate Risk,YELLOW,COM20
REAL-COM20-HIGH-00406,2026-09-19 16:25:45.892,139.34,20.61,0.4645,6.87,3.67,21.4,High Risk,Moderate Risk,YELLOW,COM20
REAL-COM20-HIGH-00407,2026-09-19 16:25:46.093,140.69,20.74,0.469,6.9133,3.69,21.3,High Risk,Moderate Risk,YELLOW,COM20
REAL-COM20-HIGH-00408,2026-09-19 16:25:46.294,138.23,20.5,0.4608,6.8333,3.65,21.5,High Risk,Moderate Risk,YELLOW,COM20
REAL-COM20-HIGH-00409,2026-09-19 16:25:46.494,137.82,20.72,0.4594,6.9067,3.68,21.4,High Risk,Moderate Risk,YELLOW,COM20
REAL-COM20-HIGH-00410,2026-09-19 16:25:46.694,138.47,20.45,0.4616,6.8167,3.64,21.6,High Risk,Moderate Risk,YELLOW,COM20
REAL-COM20-HIGH-00411,2026-09-19 16:25:46.896,138.85,20.4,0.4628,6.8,3.63,21.6,High Risk,Moderate Risk,YELLOW,COM20
REAL-COM20-HIGH-00412,2026-09-19 16:25:47.095,139.37,20.68,0.4646,6.8933,3.68,21.4,High Risk,Moderate Risk,YELLOW,COM20
REAL-COM20-HIGH-00413,2026-09-19 16:25:47.296,137.9,20.66,0.4597,6.8867,3.67,21.4,High Risk,Moderate Risk,YELLOW,COM20
REAL-COM20-HIGH-00414,2026-09-19 16:25:47.496,137.17,20.5,0.4572,6.8333,3.65,21.5,High Risk,Moderate Risk,YELLOW,COM20
REAL-COM20-HIGH-00415,2026-09-19 16:25:47.696,136.8,20.69,0.456,6.8967,3.68,21.4,High Risk,Moderate Risk,YELLOW,COM20
REAL-COM20-HIGH-00416,2026-09-19 16:25:47.897,136.08,20.58,0.4536,6.86,3.66,21.5,High Risk,Moderate Risk,YELLOW,COM20
REAL-COM20-HIGH-00417,2026-09-19 16:25:48.097,139.25,20.91,0.4642,6.97,3.72,21.2,High Risk,Moderate Risk,YELLOW,COM20
REAL-COM20-HIGH-00418,2026-09-19 16:25:48.297,137.2,21.07,0.4573,7.0233,3.74,21.1,High Risk,Moderate Risk,YELLOW,COM20
REAL-COM20-HIGH-00419,2026-09-19 16:25:48.490,138.39,20.35,0.4613,6.7833,3.62,21.6,High Risk,Moderate Risk,YELLOW,COM20
REAL-COM20-HIGH-00420,2026-09-19 16:25:48.691,138.3,20.65,0.461,6.8833,3.67,21.4,High Risk,Moderate Risk,YELLOW,COM20
REAL-COM20-HIGH-00421,2026-09-19 16:25:48.893,138.58,20.97,0.4619,6.99,3.73,21.2,High Risk,Moderate Risk,YELLOW,COM20
REAL-COM20-HIGH-00422,2026-09-19 16:25:49.092,137.83,20.63,0.4594,6.8767,3.67,21.4,High Risk,Moderate Risk,YELLOW,COM20
REAL-COM20-HIGH-00423,2026-09-19 16:25:49.289,138.68,20.81,0.4623,6.9367,3.7,21.3,High Risk,Moderate Risk,YELLOW,COM20
REAL-COM20-HIGH-00424,2026-09-19 16:25:49.490,134.9,20.92,0.4497,6.9733,3.71,21.2,High Risk,Moderate Risk,YELLOW,COM20
REAL-COM20-HIGH-00425,2026-09-19 16:25:49.693,137.98,20.94,0.4599,6.98,3.72,21.2,High Risk,Moderate Risk,YELLOW,COM20
REAL-COM20-HIGH-00426,2026-09-19 16:25:49.892,140.99,21.04,0.47,7.0133,3.74,21.1,High Risk,Moderate Risk,YELLOW,COM20
REAL-COM20-HIGH-00427,2026-09-19 16:25:50.089,139.4,20.65,0.4647,6.8833,3.67,21.4,High Risk,Moderate Risk,YELLOW,COM20
REAL-COM20-HIGH-00428,2026-09-19 16:25:50.290,139.55,21.17,0.4652,7.0567,3.76,21.0,High Risk,Moderate Risk,YELLOW,COM20
REAL-COM20-HIGH-00429,2026-09-19 16:25:50.491,141.4,20.68,0.4713,6.8933,3.68,21.4,High Risk,Moderate Risk,YELLOW,COM20
REAL-COM20-HIGH-00430,2026-09-19 16:25:50.694,139.53,21.02,0.4651,7.0067,3.74,21.1,High Risk,Moderate Risk,YELLOW,COM20
REAL-COM20-HIGH-00431,2026-09-19 16:25:50.889,137.22,20.96,0.4574,6.9867,3.72,21.2,High Risk,Moderate Risk,YELLOW,COM20
REAL-COM20-HIGH-00432,2026-09-19 16:25:51.092,138.05,21.07,0.4602,7.0233,3.74,21.1,High Risk,Moderate Risk,YELLOW,COM20
REAL-COM20-HIGH-00433,2026-09-19 16:25:51.292,137.04,20.99,0.4568,6.9967,3.73,21.2,High Risk,Moderate Risk,YELLOW,COM20
REAL-COM20-HIGH-00434,2026-09-19 16:25:51.490,136.94,20.92,0.4565,6.9733,3.72,21.2,High Risk,Moderate Risk,YELLOW,COM20
REAL-COM20-HIGH-00435,2026-09-19 16:25:51.695,139.39,20.89,0.4646,6.9633,3.71,21.2,High Risk,Moderate Risk,YELLOW,COM20
REAL-COM20-HIGH-00436,2026-09-19 16:25:51.891,137.15,20.88,0.4572,6.96,3.71,21.2,High Risk,Moderate Risk,YELLOW,COM20
REAL-COM20-HIGH-00437,2026-09-19 16:25:52.090,138.34,20.88,0.4611,6.96,3.71,21.2,High Risk,Moderate Risk,YELLOW,COM20
REAL-COM20-HIGH-00438,2026-09-19 16:25:52.290,139.89,21.01,0.4663,7.0033,3.74,21.1,High Risk,Moderate Risk,YELLOW,COM20
REAL-COM20-HIGH-00439,2026-09-19 16:25:52.492,136.62,20.91,0.4554,6.97,3.71,21.2,High Risk,Moderate Risk,YELLOW,COM20
REAL-COM20-HIGH-00440,2026-09-19 16:25:52.697,137.99,21.22,0.46,7.0733,3.77,21.0,High Risk,Moderate Risk,YELLOW,COM20
REAL-COM20-HIGH-00441,2026-09-19 16:25:52.893,138.95,20.98,0.4632,6.9933,3.73,21.2,High Risk,Moderate Risk,YELLOW,COM20
REAL-COM20-HIGH-00442,2026-09-19 16:25:53.093,138.32,21.47,0.4611,7.1567,3.81,20.8,High Risk,Moderate Risk,YELLOW,COM20
REAL-COM20-HIGH-00443,2026-09-19 16:25:53.292,138.95,21.2,0.4632,7.0667,3.77,21.0,High Risk,Moderate Risk,YELLOW,COM20
REAL-COM20-HIGH-00444,2026-09-19 16:25:53.490,137.71,20.96,0.459,6.9867,3.72,21.2,High Risk,Moderate Risk,YELLOW,COM20
REAL-COM20-HIGH-00445,2026-09-19 16:25:53.692,139.33,21.11,0.4644,7.0367,3.75,21.1,High Risk,Moderate Risk,YELLOW,COM20
REAL-COM20-HIGH-00446,2026-09-19 16:25:53.893,140.72,21.22,0.4691,7.0733,3.77,21.0,High Risk,Moderate Risk,YELLOW,COM20
REAL-COM20-HIGH-00447,2026-09-19 16:25:54.093,137.25,21.33,0.4575,7.11,3.78,20.9,High Risk,Moderate Risk,YELLOW,COM20
REAL-COM20-HIGH-00448,2026-09-19 16:25:54.293,138.14,21.02,0.4605,7.0067,3.73,21.1,High Risk,Moderate Risk,YELLOW,COM20
REAL-COM20-HIGH-00449,2026-09-19 16:25:54.492,136.82,21.06,0.4561,7.02,3.74,21.1,High Risk,Moderate Risk,YELLOW,COM20
REAL-COM20-HIGH-00450,2026-09-19 16:25:54.690,139.21,20.83,0.464,6.9433,3.7,21.3,High Risk,Moderate Risk,YELLOW,COM20
REAL-COM20-HIGH-00451,2026-09-19 16:25:54.893,138.18,21.2,0.4606,7.0667,3.76,21.0,High Risk,Moderate Risk,YELLOW,COM20
REAL-COM20-HIGH-00452,2026-09-19 16:25:55.094,138.64,21.12,0.4621,7.04,3.75,21.0,High Risk,Moderate Risk,YELLOW,COM20
REAL-COM20-HIGH-00453,2026-09-19 16:25:55.293,139.23,21.26,0.4641,7.0867,3.77,20.9,High Risk,Moderate Risk,YELLOW,COM20
REAL-COM20-HIGH-00454,2026-09-19 16:25:55.493,138.78,21.14,0.4626,7.0467,3.76,21.0,High Risk,Moderate Risk,YELLOW,COM20
REAL-COM20-HIGH-00455,2026-09-19 16:25:55.695,137.92,21.18,0.4597,7.06,3.76,21.0,High Risk,Moderate Risk,YELLOW,COM20
REAL-COM20-HIGH-00456,2026-09-19 16:25:55.892,137.97,21.11,0.4599,7.0367,3.75,21.1,High Risk,Moderate Risk,YELLOW,COM20
REAL-COM20-HIGH-00457,2026-09-19 16:25:56.093,138.13,21.3,0.4604,7.1,3.78,20.9,High Risk,Moderate Risk,YELLOW,COM20
REAL-COM20-HIGH-00458,2026-09-19 16:25:56.291,137.81,20.92,0.4594,6.9733,3.72,21.2,High Risk,Moderate Risk,YELLOW,COM20
REAL-COM20-HIGH-00459,2026-09-19 16:25:56.489,137.89,20.8,0.4596,6.9333,3.7,21.3,High Risk,Moderate Risk,YELLOW,COM20
REAL-COM20-HIGH-00460,2026-09-19 16:25:56.696,138.76,21.13,0.4625,7.0433,3.75,21.0,High Risk,Moderate Risk,YELLOW,COM20
REAL-COM20-HIGH-00461,2026-09-19 16:25:56.892,139.3,21.21,0.4643,7.07,3.77,21.0,High Risk,Moderate Risk,YELLOW,COM20
REAL-COM20-HIGH-00462,2026-09-19 16:25:57.092,136.95,21.17,0.4565,7.0567,3.76,21.0,High Risk,Moderate Risk,YELLOW,COM20
REAL-COM20-HIGH-00463,2026-09-19 16:25:57.292,136.3,21.45,0.4543,7.15,3.8,20.8,High Risk,Moderate Risk,YELLOW,COM20
REAL-COM20-HIGH-00464,2026-09-19 16:25:57.493,139.85,21.07,0.4662,7.0233,3.75,21.1,High Risk,Moderate Risk,YELLOW,COM20
REAL-COM20-HIGH-00465,2026-09-19 16:25:57.691,137.27,21.58,0.4576,7.1933,3.82,20.7,High Risk,Moderate Risk,YELLOW,COM20
REAL-COM20-HIGH-00466,2026-09-19 16:25:57.895,137.76,21.29,0.4592,7.0967,3.78,20.9,High Risk,Moderate Risk,YELLOW,COM20
REAL-COM20-HIGH-00467,2026-09-19 16:25:58.095,138.32,21.39,0.4611,7.13,3.79,20.9,High Risk,Moderate Risk,YELLOW,COM20
REAL-COM20-HIGH-00468,2026-09-19 16:25:58.297,139.4,21.35,0.4647,7.1167,3.79,20.9,High Risk,Moderate Risk,YELLOW,COM20
REAL-COM20-HIGH-00469,2026-09-19 16:25:58.492,140.76,21.34,0.4692,7.1133,3.79,20.9,High Risk,Moderate Risk,YELLOW,COM20
REAL-COM20-HIGH-00470,2026-09-19 16:25:58.689,139.56,21.38,0.4652,7.1267,3.8,20.8,High Risk,Moderate Risk,YELLOW,COM20
REAL-COM20-HIGH-00471,2026-09-19 16:25:58.893,138.68,21.75,0.4623,7.25,3.86,20.6,High Risk,Moderate Risk,YELLOW,COM20
REAL-COM20-HIGH-00472,2026-09-19 16:25:59.096,139.73,21.37,0.4658,7.1233,3.8,20.9,High Risk,Moderate Risk,YELLOW,COM20
REAL-COM20-HIGH-00473,2026-09-19 16:25:59.289,140.79,21.54,0.4693,7.18,3.82,20.7,High Risk,Moderate Risk,YELLOW,COM20
REAL-COM20-HIGH-00474,2026-09-19 16:25:59.496,136.99,21.7,0.4566,7.2333,3.84,20.6,High Risk,Moderate Risk,YELLOW,COM20
REAL-COM20-HIGH-00475,2026-09-19 16:25:59.696,139.96,21.5,0.4665,7.1667,3.82,20.8,High Risk,Moderate Risk,YELLOW,COM20
REAL-COM20-HIGH-00476,2026-09-19 16:25:59.893,137.27,21.32,0.4576,7.1067,3.78,20.9,High Risk,Moderate Risk,YELLOW,COM20
REAL-COM20-HIGH-00477,2026-09-19 16:26:00.092,139.08,21.7,0.4636,7.2333,3.85,20.6,High Risk,Moderate Risk,YELLOW,COM20
REAL-COM20-HIGH-00478,2026-09-19 16:26:00.291,137.33,21.64,0.4578,7.2133,3.84,20.7,High Risk,Moderate Risk,YELLOW,COM20
REAL-COM20-HIGH-00479,2026-09-19 16:26:00.489,138.92,21.42,0.4631,7.14,3.8,20.8,High Risk,Moderate Risk,YELLOW,COM20
REAL-COM20-HIGH-00480,2026-09-19 16:26:00.697,138.28,21.73,0.4609,7.2433,3.85,20.6,High Risk,Moderate Risk,YELLOW,COM20
REAL-COM20-HIGH-00481,2026-09-19 16:26:00.897,139.19,21.54,0.464,7.18,3.82,20.7,High Risk,Moderate Risk,YELLOW,COM20
REAL-COM20-HIGH-00482,2026-09-19 16:26:01.092,139.93,21.79,0.4664,7.2633,3.86,20.6,High Risk,Moderate Risk,YELLOW,COM20
REAL-COM20-HIGH-00483,2026-09-19 16:26:01.297,138.09,21.85,0.4603,7.2833,3.87,20.5,High Risk,Moderate Risk,YELLOW,COM20
REAL-COM20-HIGH-00484,2026-09-19 16:26:01.496,137.57,21.47,0.4586,7.1567,3.81,20.8,High Risk,Moderate Risk,YELLOW,COM20
REAL-COM20-HIGH-00485,2026-09-19 16:26:01.688,139.75,21.91,0.4658,7.3033,3.88,20.5,High Risk,Moderate Risk,YELLOW,COM20
REAL-COM20-HIGH-00486,2026-09-19 16:26:01.897,138.65,21.49,0.4622,7.1633,3.81,20.8,High Risk,Moderate Risk,YELLOW,COM20
REAL-COM20-HIGH-00487,2026-09-19 16:26:02.094,137.31,21.77,0.4577,7.2567,3.86,20.6,High Risk,Moderate Risk,YELLOW,COM20
REAL-COM20-HIGH-00488,2026-09-19 16:26:02.294,139.26,21.77,0.4642,7.2567,3.86,20.6,High Risk,Moderate Risk,YELLOW,COM20
REAL-COM20-HIGH-00489,2026-09-19 16:26:02.494,138.8,21.8,0.4627,7.2667,3.86,20.6,High Risk,Moderate Risk,YELLOW,COM20
REAL-COM20-HIGH-00490,2026-09-19 16:26:02.694,140.75,21.43,0.4692,7.1433,3.81,20.8,High Risk,Moderate Risk,YELLOW,COM20
REAL-COM20-HIGH-00491,2026-09-19 16:26:02.897,139.1,21.53,0.4637,7.1767,3.82,20.7,High Risk,Moderate Risk,YELLOW,COM20
REAL-COM20-HIGH-00492,2026-09-19 16:26:03.097,138.66,21.43,0.4622,7.1433,3.8,20.8,High Risk,Moderate Risk,YELLOW,COM20
REAL-COM20-HIGH-00493,2026-09-19 16:26:03.293,139.13,21.19,0.4638,7.0633,3.76,21.0,High Risk,Moderate Risk,YELLOW,COM20
REAL-COM20-HIGH-00494,2026-09-19 16:26:03.493,140.39,21.54,0.468,7.18,3.82,20.7,High Risk,Moderate Risk,YELLOW,COM20
REAL-COM20-HIGH-00495,2026-09-19 16:26:03.694,139.16,21.26,0.4639,7.0867,3.78,20.9,High Risk,Moderate Risk,YELLOW,COM20
REAL-COM20-HIGH-00496,2026-09-19 16:26:03.897,137.28,21.69,0.4576,7.23,3.84,20.6,High Risk,Moderate Risk,YELLOW,COM20
REAL-COM20-HIGH-00497,2026-09-19 16:26:04.096,139.14,21.64,0.4638,7.2133,3.84,20.7,High Risk,Moderate Risk,YELLOW,COM20
REAL-COM20-HIGH-00498,2026-09-19 16:26:04.297,138.19,21.59,0.4606,7.1967,3.83,20.7,High Risk,Moderate Risk,YELLOW,COM20
REAL-COM20-HIGH-00499,2026-09-19 16:26:04.497,137.09,21.25,0.457,7.0833,3.77,21.0,High Risk,Moderate Risk,YELLOW,COM20
REAL-COM20-HIGH-00500,2026-09-19 16:26:04.697,139.17,21.32,0.4639,7.1067,3.79,20.9,High Risk,Moderate Risk,YELLOW,COM20
REAL-COM20-HIGH-00501,2026-09-19 16:26:04.897,139.95,21.38,0.4665,7.1267,3.8,20.8,High Risk,Moderate Risk,YELLOW,COM20
REAL-COM20-HIGH-00502,2026-09-19 16:26:05.097,140.76,21.37,0.4692,7.1233,3.8,20.9,High Risk,Moderate Risk,YELLOW,COM20
REAL-COM20-HIGH-00503,2026-09-19 16:26:05.297,141.61,21.71,0.472,7.2367,3.85,20.6,High Risk,Moderate Risk,YELLOW,COM20
REAL-COM20-HIGH-00504,2026-09-19 16:26:05.497,140.4,21.45,0.468,7.15,3.81,20.8,High Risk,Moderate Risk,YELLOW,COM20
REAL-COM20-HIGH-00505,2026-09-19 16:26:05.697,137.86,21.39,0.4595,7.13,3.79,20.9,High Risk,Moderate Risk,YELLOW,COM20
REAL-COM20-HIGH-00506,2026-09-19 16:26:05.897,137.41,21.51,0.458,7.17,3.81,20.8,High Risk,Moderate Risk,YELLOW,COM20
REAL-COM20-HIGH-00507,2026-09-19 16:26:06.097,139.1,21.66,0.4637,7.22,3.84,20.7,High Risk,Moderate Risk,YELLOW,COM20
REAL-COM20-HIGH-00508,2026-09-19 16:26:06.297,136.34,21.31,0.4545,7.1033,3.78,20.9,High Risk,Moderate Risk,YELLOW,COM20
REAL-COM20-HIGH-00509,2026-09-19 16:26:06.497,139.81,21.07,0.466,7.0233,3.74,21.1,High Risk,Moderate Risk,YELLOW,COM20
REAL-COM20-HIGH-00510,2026-09-19 16:26:06.697,140.39,21.29,0.468,7.0967,3.78,20.9,High Risk,Moderate Risk,YELLOW,COM20
REAL-COM20-HIGH-00511,2026-09-19 16:26:06.897,136.8,21.19,0.456,7.0633,3.76,21.0,High Risk,Moderate Risk,YELLOW,COM20
REAL-COM20-HIGH-00512,2026-09-19 16:26:07.097,139.91,21.17,0.4664,7.0567,3.76,21.0,High Risk,Moderate Risk,YELLOW,COM20
REAL-COM20-HIGH-00513,2026-09-19 16:26:07.297,137.24,20.96,0.4575,6.9867,3.72,21.2,High Risk,Moderate Risk,YELLOW,COM20
REAL-COM20-HIGH-00514,2026-09-19 16:26:07.497,138.13,21.09,0.4604,7.03,3.75,21.1,High Risk,Moderate Risk,YELLOW,COM20
REAL-COM20-HIGH-00515,2026-09-19 16:26:07.697,136.15,20.97,0.4538,6.99,3.72,21.2,High Risk,Moderate Risk,YELLOW,COM20
REAL-COM20-HIGH-00516,2026-09-19 16:26:07.897,138.92,20.82,0.4631,6.94,3.7,21.3,High Risk,Moderate Risk,YELLOW,COM20
REAL-COM20-HIGH-00517,2026-09-19 16:26:08.097,138.4,20.83,0.4613,6.9433,3.7,21.3,High Risk,Moderate Risk,YELLOW,COM20
REAL-COM20-HIGH-00518,2026-09-19 16:26:08.296,138.56,20.88,0.4619,6.96,3.71,21.2,High Risk,Moderate Risk,YELLOW,COM20
REAL-COM20-HIGH-00519,2026-09-19 16:26:08.497,137.77,20.75,0.4592,6.9167,3.69,21.3,High Risk,Moderate Risk,YELLOW,COM20
REAL-COM20-HIGH-00520,2026-09-19 16:26:08.697,140.9,20.57,0.4697,6.8567,3.66,21.4,High Risk,Moderate Risk,YELLOW,COM20
REAL-COM20-HIGH-00521,2026-09-19 16:26:08.897,137.63,20.72,0.4588,6.9067,3.68,21.4,High Risk,Moderate Risk,YELLOW,COM20
REAL-COM20-HIGH-00522,2026-09-19 16:26:09.097,139.22,20.64,0.4641,6.88,3.67,21.4,High Risk,Moderate Risk,YELLOW,COM20
REAL-COM20-HIGH-00523,2026-09-19 16:26:09.297,138.75,20.39,0.4625,6.7967,3.63,21.6,High Risk,Moderate Risk,YELLOW,COM20
REAL-COM20-HIGH-00524,2026-09-19 16:26:09.497,137.86,20.98,0.4595,6.9933,3.73,21.2,High Risk,Moderate Risk,YELLOW,COM20
REAL-COM20-HIGH-00525,2026-09-19 16:26:09.697,138.61,20.73,0.462,6.91,3.69,21.3,High Risk,Moderate Risk,YELLOW,COM20
REAL-COM20-HIGH-00526,2026-09-19 16:26:09.897,138.29,20.62,0.461,6.8733,3.67,21.4,High Risk,Moderate Risk,YELLOW,COM20
REAL-COM20-HIGH-00527,2026-09-19 16:26:10.097,140.11,20.78,0.467,6.9267,3.7,21.3,High Risk,Moderate Risk,YELLOW,COM20
REAL-COM20-HIGH-00528,2026-09-19 16:26:10.288,138.52,20.63,0.4617,6.8767,3.67,21.4,High Risk,Moderate Risk,YELLOW,COM20
REAL-COM20-HIGH-00529,2026-09-19 16:26:10.497,139.71,20.2,0.4657,6.7333,3.6,21.7,High Risk,Moderate Risk,YELLOW,COM20
REAL-COM20-HIGH-00530,2026-09-19 16:26:10.697,139.95,20.57,0.4665,6.8567,3.66,21.4,High Risk,Moderate Risk,YELLOW,COM20
REAL-COM20-HIGH-00531,2026-09-19 16:26:10.897,139.5,20.4,0.465,6.8,3.63,21.6,High Risk,Moderate Risk,YELLOW,COM20
REAL-COM20-HIGH-00532,2026-09-19 16:26:11.097,137.63,20.54,0.4588,6.8467,3.65,21.5,High Risk,Moderate Risk,YELLOW,COM20
REAL-COM20-HIGH-00533,2026-09-19 16:26:11.297,139.53,20.56,0.4651,6.8533,3.66,21.5,High Risk,Moderate Risk,YELLOW,COM20
REAL-COM20-HIGH-00534,2026-09-19 16:26:11.497,138.07,20.69,0.4602,6.8967,3.68,21.4,High Risk,Moderate Risk,YELLOW,COM20
REAL-COM20-HIGH-00535,2026-09-19 16:26:11.697,137.38,20.53,0.4579,6.8433,3.65,21.5,High Risk,Moderate Risk,YELLOW,COM20
REAL-COM20-HIGH-00536,2026-09-19 16:26:11.897,138.86,20.44,0.4629,6.8133,3.64,21.6,High Risk,Moderate Risk,YELLOW,COM20
REAL-COM20-HIGH-00537,2026-09-19 16:26:12.097,139.53,20.85,0.4651,6.95,3.71,21.2,High Risk,Moderate Risk,YELLOW,COM20
REAL-COM20-HIGH-00538,2026-09-19 16:26:12.297,137.37,20.88,0.4579,6.96,3.71,21.2,High Risk,Moderate Risk,YELLOW,COM20
REAL-COM20-HIGH-00539,2026-09-19 16:26:12.497,139.23,20.75,0.4641,6.9167,3.69,21.3,High Risk,Moderate Risk,YELLOW,COM20
REAL-COM20-HIGH-00540,2026-09-19 16:26:12.697,138.2,20.93,0.4607,6.9767,3.72,21.2,High Risk,Moderate Risk,YELLOW,COM20
REAL-COM20-HIGH-00541,2026-09-19 16:26:12.897,139.04,20.63,0.4635,6.8767,3.67,21.4,High Risk,Moderate Risk,YELLOW,COM20
REAL-COM20-HIGH-00542,2026-09-19 16:26:13.097,137.91,20.66,0.4597,6.8867,3.67,21.4,High Risk,Moderate Risk,YELLOW,COM20
REAL-COM20-HIGH-00543,2026-09-19 16:26:13.289,138.6,20.52,0.462,6.84,3.65,21.5,High Risk,Moderate Risk,YELLOW,COM20
REAL-COM20-HIGH-00544,2026-09-19 16:26:13.497,139.22,20.77,0.4641,6.9233,3.69,21.3,High Risk,Moderate Risk,YELLOW,COM20
REAL-COM20-HIGH-00545,2026-09-19 16:26:13.697,138.59,20.81,0.462,6.9367,3.7,21.3,High Risk,Moderate Risk,YELLOW,COM20
REAL-COM20-HIGH-00546,2026-09-19 16:26:13.897,140.17,21.11,0.4672,7.0367,3.75,21.0,High Risk,Moderate Risk,YELLOW,COM20
REAL-COM20-HIGH-00547,2026-09-19 16:26:14.097,138.55,20.82,0.4618,6.94,3.7,21.3,High Risk,Moderate Risk,YELLOW,COM20
REAL-COM20-HIGH-00548,2026-09-19 16:26:14.297,137.3,21.1,0.4577,7.0333,3.75,21.1,High Risk,Moderate Risk,YELLOW,COM20
REAL-COM20-HIGH-00549,2026-09-19 16:26:14.497,138.42,21.29,0.4614,7.0967,3.78,20.9,High Risk,Moderate Risk,YELLOW,COM20
REAL-COM20-HIGH-00550,2026-09-19 16:26:14.693,138.99,21.37,0.4633,7.1233,3.79,20.9,High Risk,Moderate Risk,YELLOW,COM20
REAL-COM20-HIGH-00551,2026-09-19 16:26:14.897,139.47,21.34,0.4649,7.1133,3.79,20.9,High Risk,Moderate Risk,YELLOW,COM20
REAL-COM20-HIGH-00552,2026-09-19 16:26:15.092,137.53,21.18,0.4584,7.06,3.76,21.0,High Risk,Moderate Risk,YELLOW,COM20
REAL-COM20-HIGH-00553,2026-09-19 16:26:15.289,136.65,21.18,0.4555,7.06,3.76,21.0,High Risk,Moderate Risk,YELLOW,COM20
REAL-COM20-HIGH-00554,2026-09-19 16:26:15.498,136.58,20.81,0.4553,6.9367,3.7,21.3,High Risk,Moderate Risk,YELLOW,COM20
REAL-COM20-HIGH-00555,2026-09-19 16:26:15.697,139.42,21.21,0.4647,7.07,3.77,21.0,High Risk,Moderate Risk,YELLOW,COM20
REAL-COM20-HIGH-00556,2026-09-19 16:26:15.897,140.58,20.92,0.4686,6.9733,3.72,21.2,High Risk,Moderate Risk,YELLOW,COM20
REAL-COM20-HIGH-00557,2026-09-19 16:26:16.097,137.5,20.84,0.4583,6.9467,3.7,21.3,High Risk,Moderate Risk,YELLOW,COM20
REAL-COM20-HIGH-00558,2026-09-19 16:26:16.296,139.31,21.03,0.4644,7.01,3.74,21.1,High Risk,Moderate Risk,YELLOW,COM20
REAL-COM20-HIGH-00559,2026-09-19 16:26:16.498,139.66,21.08,0.4655,7.0267,3.75,21.1,High Risk,Moderate Risk,YELLOW,COM20
REAL-COM20-HIGH-00560,2026-09-19 16:26:16.696,140.7,21.08,0.469,7.0267,3.75,21.1,High Risk,Moderate Risk,YELLOW,COM20
REAL-COM20-HIGH-00561,2026-09-19 16:26:16.897,139.77,21.04,0.4659,7.0133,3.74,21.1,High Risk,Moderate Risk,YELLOW,COM20
REAL-COM20-HIGH-00562,2026-09-19 16:26:17.097,139.49,21.12,0.465,7.04,3.75,21.0,High Risk,Moderate Risk,YELLOW,COM20
REAL-COM20-HIGH-00563,2026-09-19 16:26:17.295,137.67,21.28,0.4589,7.0933,3.78,20.9,High Risk,Moderate Risk,YELLOW,COM20
REAL-COM20-HIGH-00564,2026-09-19 16:26:17.495,139.36,21.55,0.4645,7.1833,3.82,20.7,High Risk,Moderate Risk,YELLOW,COM20
REAL-COM20-HIGH-00565,2026-09-19 16:26:17.695,137.93,21.39,0.4598,7.13,3.8,20.9,High Risk,Moderate Risk,YELLOW,COM20
REAL-COM20-HIGH-00566,2026-09-19 16:26:17.893,139.21,21.36,0.464,7.12,3.79,20.9,High Risk,Moderate Risk,YELLOW,COM20
REAL-COM20-HIGH-00567,2026-09-19 16:26:18.097,138.07,21.21,0.4602,7.07,3.76,21.0,High Risk,Moderate Risk,YELLOW,COM20
REAL-COM20-HIGH-00568,2026-09-19 16:26:18.289,138.0,21.33,0.46,7.11,3.79,20.9,High Risk,Moderate Risk,YELLOW,COM20
REAL-COM20-HIGH-00569,2026-09-19 16:26:18.497,138.36,21.28,0.4612,7.0933,3.78,20.9,High Risk,Moderate Risk,YELLOW,COM20
REAL-COM20-HIGH-00570,2026-09-19 16:26:18.697,139.47,21.32,0.4649,7.1067,3.79,20.9,High Risk,Moderate Risk,YELLOW,COM20
REAL-COM20-HIGH-00571,2026-09-19 16:26:18.897,141.16,21.64,0.4705,7.2133,3.84,20.7,High Risk,Moderate Risk,YELLOW,COM20
REAL-COM20-HIGH-00572,2026-09-19 16:26:19.097,138.29,21.33,0.461,7.11,3.79,20.9,High Risk,Moderate Risk,YELLOW,COM20
REAL-COM20-HIGH-00573,2026-09-19 16:26:19.287,139.32,21.36,0.4644,7.12,3.79,20.9,High Risk,Moderate Risk,YELLOW,COM20
REAL-COM20-HIGH-00574,2026-09-19 16:26:19.496,139.48,21.34,0.4649,7.1133,3.79,20.9,High Risk,Moderate Risk,YELLOW,COM20
REAL-COM20-HIGH-00575,2026-09-19 16:26:19.697,139.47,21.38,0.4649,7.1267,3.8,20.9,High Risk,Moderate Risk,YELLOW,COM20
REAL-COM20-HIGH-00576,2026-09-19 16:26:19.888,140.26,21.41,0.4675,7.1367,3.8,20.8,High Risk,Moderate Risk,YELLOW,COM20
REAL-COM20-HIGH-00577,2026-09-19 16:26:20.098,139.93,21.0,0.4664,7.0,3.73,21.1,High Risk,Moderate Risk,YELLOW,COM20
REAL-COM20-HIGH-00578,2026-09-19 16:26:20.293,138.08,21.11,0.4603,7.0367,3.75,21.1,High Risk,Moderate Risk,YELLOW,COM20
REAL-COM20-HIGH-00579,2026-09-19 16:26:20.488,138.08,21.09,0.4603,7.03,3.75,21.1,High Risk,Moderate Risk,YELLOW,COM20
REAL-COM20-HIGH-00580,2026-09-19 16:26:20.696,138.33,20.96,0.4611,6.9867,3.72,21.2,High Risk,Moderate Risk,YELLOW,COM20
REAL-COM20-HIGH-00581,2026-09-19 16:26:20.888,138.61,20.91,0.462,6.97,3.72,21.2,High Risk,Moderate Risk,YELLOW,COM20
REAL-COM20-HIGH-00582,2026-09-19 16:26:21.097,139.15,20.98,0.4638,6.9933,3.73,21.1,High Risk,Moderate Risk,YELLOW,COM20
REAL-COM20-HIGH-00583,2026-09-19 16:26:21.292,139.8,21.1,0.466,7.0333,3.75,21.1,High Risk,Moderate Risk,YELLOW,COM20
REAL-COM20-HIGH-00584,2026-09-19 16:26:21.497,138.51,20.56,0.4617,6.8533,3.66,21.5,High Risk,Moderate Risk,YELLOW,COM20
REAL-COM20-HIGH-00585,2026-09-19 16:26:21.697,139.39,20.91,0.4646,6.97,3.72,21.2,High Risk,Moderate Risk,YELLOW,COM20
REAL-COM20-HIGH-00586,2026-09-19 16:26:21.897,139.84,20.6,0.4661,6.8667,3.67,21.4,High Risk,Moderate Risk,YELLOW,COM20
REAL-COM20-HIGH-00587,2026-09-19 16:26:22.097,138.55,20.82,0.4618,6.94,3.7,21.3,High Risk,Moderate Risk,YELLOW,COM20
REAL-COM20-HIGH-00588,2026-09-19 16:26:22.297,140.1,20.78,0.467,6.9267,3.7,21.3,High Risk,Moderate Risk,YELLOW,COM20
REAL-COM20-HIGH-00589,2026-09-19 16:26:22.494,137.63,20.86,0.4588,6.9533,3.71,21.2,High Risk,Moderate Risk,YELLOW,COM20
REAL-COM20-HIGH-00590,2026-09-19 16:26:22.696,137.82,21.08,0.4594,7.0267,3.74,21.1,High Risk,Moderate Risk,YELLOW,COM20
REAL-COM20-HIGH-00591,2026-09-19 16:26:22.897,138.87,20.89,0.4629,6.9633,3.71,21.2,High Risk,Moderate Risk,YELLOW,COM20
REAL-COM20-HIGH-00592,2026-09-19 16:26:23.097,138.71,21.03,0.4624,7.01,3.74,21.1,High Risk,Moderate Risk,YELLOW,COM20
REAL-COM20-HIGH-00593,2026-09-19 16:26:23.296,140.18,20.76,0.4673,6.92,3.69,21.3,High Risk,Moderate Risk,YELLOW,COM20
REAL-COM20-HIGH-00594,2026-09-19 16:26:23.495,142.4,21.06,0.4747,7.02,3.75,21.1,High Risk,Moderate Risk,YELLOW,COM20
REAL-COM20-HIGH-00595,2026-09-19 16:26:23.696,139.25,21.01,0.4642,7.0033,3.73,21.1,High Risk,Moderate Risk,YELLOW,COM20
REAL-COM20-HIGH-00596,2026-09-19 16:26:23.889,137.81,20.74,0.4594,6.9133,3.69,21.3,High Risk,Moderate Risk,YELLOW,COM20
REAL-COM20-HIGH-00597,2026-09-19 16:26:24.096,139.33,20.86,0.4644,6.9533,3.71,21.2,High Risk,Moderate Risk,YELLOW,COM20
REAL-COM20-HIGH-00598,2026-09-19 16:26:24.296,137.1,20.91,0.457,6.97,3.71,21.2,High Risk,Moderate Risk,YELLOW,COM20
REAL-COM20-HIGH-00599,2026-09-19 16:26:24.495,137.97,20.91,0.4599,6.97,3.71,21.2,High Risk,Moderate Risk,YELLOW,COM20
REAL-COM20-HIGH-00600,2026-09-19 16:26:24.693,136.98,20.95,0.4566,6.9833,3.72,21.2,High Risk,Moderate Risk,YELLOW,COM20
REAL-COM20-HIGH-00601,2026-09-19 16:26:24.887,138.55,21.23,0.4618,7.0767,3.77,21.0,High Risk,Moderate Risk,YELLOW,COM20
REAL-COM20-HIGH-00602,2026-09-19 16:26:25.092,137.97,20.77,0.4599,6.9233,3.69,21.3,High Risk,Moderate Risk,YELLOW,COM20
REAL-COM20-HIGH-00603,2026-09-19 16:26:25.297,136.64,20.96,0.4555,6.9867,3.72,21.2,High Risk,Moderate Risk,YELLOW,COM20
REAL-COM20-HIGH-00604,2026-09-19 16:26:25.497,137.86,21.05,0.4595,7.0167,3.74,21.1,High Risk,Moderate Risk,YELLOW,COM20
REAL-COM20-HIGH-00605,2026-09-19 16:26:25.697,139.83,21.21,0.4661,7.07,3.77,21.0,High Risk,Moderate Risk,YELLOW,COM20
REAL-COM20-HIGH-00606,2026-09-19 16:26:25.898,138.21,20.76,0.4607,6.92,3.69,21.3,High Risk,Moderate Risk,YELLOW,COM20
REAL-COM20-HIGH-00607,2026-09-19 16:26:26.096,140.46,21.08,0.4682,7.0267,3.75,21.1,High Risk,Moderate Risk,YELLOW,COM20
REAL-COM20-HIGH-00608,2026-09-19 16:26:26.297,140.32,20.85,0.4677,6.95,3.71,21.2,High Risk,Moderate Risk,YELLOW,COM20
REAL-COM20-HIGH-00609,2026-09-19 16:26:26.497,139.49,20.76,0.465,6.92,3.69,21.3,High Risk,Moderate Risk,YELLOW,COM20
REAL-COM20-HIGH-00610,2026-09-19 16:26:26.696,138.73,20.61,0.4624,6.87,3.67,21.4,High Risk,Moderate Risk,YELLOW,COM20
REAL-COM20-HIGH-00611,2026-09-19 16:26:26.896,136.75,20.7,0.4558,6.9,3.68,21.4,High Risk,Moderate Risk,YELLOW,COM20
REAL-COM20-HIGH-00612,2026-09-19 16:26:27.097,138.83,20.97,0.4628,6.99,3.73,21.2,High Risk,Moderate Risk,YELLOW,COM20
REAL-COM20-HIGH-00613,2026-09-19 16:26:27.294,138.48,20.97,0.4616,6.99,3.73,21.2,High Risk,Moderate Risk,YELLOW,COM20
REAL-COM20-HIGH-00614,2026-09-19 16:26:27.496,139.52,20.79,0.4651,6.93,3.7,21.3,High Risk,Moderate Risk,YELLOW,COM20
REAL-COM20-HIGH-00615,2026-09-19 16:26:27.695,138.29,20.77,0.461,6.9233,3.69,21.3,High Risk,Moderate Risk,YELLOW,COM20
REAL-COM20-HIGH-00616,2026-09-19 16:26:27.896,138.11,20.37,0.4604,6.79,3.63,21.6,High Risk,Moderate Risk,YELLOW,COM20
REAL-COM20-HIGH-00617,2026-09-19 16:26:28.097,137.3,20.42,0.4577,6.8067,3.63,21.6,High Risk,Moderate Risk,YELLOW,COM20
REAL-COM20-HIGH-00618,2026-09-19 16:26:28.289,137.17,20.58,0.4572,6.86,3.66,21.5,High Risk,Moderate Risk,YELLOW,COM20
REAL-COM20-HIGH-00619,2026-09-19 16:26:28.497,139.65,20.41,0.4655,6.8033,3.63,21.6,High Risk,Moderate Risk,YELLOW,COM20
REAL-COM20-HIGH-00620,2026-09-19 16:26:28.697,138.48,20.67,0.4616,6.89,3.68,21.4,High Risk,Moderate Risk,YELLOW,COM20
REAL-COM20-HIGH-00621,2026-09-19 16:26:28.896,138.14,20.96,0.4605,6.9867,3.72,21.2,High Risk,Moderate Risk,YELLOW,COM20
REAL-COM20-HIGH-00622,2026-09-19 16:26:29.093,138.64,20.71,0.4621,6.9033,3.68,21.4,High Risk,Moderate Risk,YELLOW,COM20
REAL-COM20-HIGH-00623,2026-09-19 16:26:29.296,137.31,21.02,0.4577,7.0067,3.73,21.1,High Risk,Moderate Risk,YELLOW,COM20
REAL-COM20-HIGH-00624,2026-09-19 16:26:29.493,138.96,20.7,0.4632,6.9,3.68,21.4,High Risk,Moderate Risk,YELLOW,COM20
REAL-COM20-HIGH-00625,2026-09-19 16:26:29.692,139.19,20.79,0.464,6.93,3.7,21.3,High Risk,Moderate Risk,YELLOW,COM20
REAL-COM20-HIGH-00626,2026-09-19 16:26:29.897,140.09,20.56,0.467,6.8533,3.66,21.5,High Risk,Moderate Risk,YELLOW,COM20
REAL-COM20-HIGH-00627,2026-09-19 16:26:30.097,137.6,20.68,0.4587,6.8933,3.68,21.4,High Risk,Moderate Risk,YELLOW,COM20
REAL-COM20-HIGH-00628,2026-09-19 16:26:30.297,139.8,20.9,0.466,6.9667,3.72,21.2,High Risk,Moderate Risk,YELLOW,COM20
REAL-COM20-HIGH-00629,2026-09-19 16:26:30.494,140.22,20.75,0.4674,6.9167,3.69,21.3,High Risk,Moderate Risk,YELLOW,COM20
REAL-COM20-HIGH-00630,2026-09-19 16:26:30.697,138.44,20.86,0.4615,6.9533,3.71,21.2,High Risk,Moderate Risk,YELLOW,COM20
REAL-COM20-HIGH-00631,2026-09-19 16:26:30.897,138.36,21.05,0.4612,7.0167,3.74,21.1,High Risk,Moderate Risk,YELLOW,COM20
REAL-COM20-HIGH-00632,2026-09-19 16:26:31.094,138.7,21.2,0.4623,7.0667,3.76,21.0,High Risk,Moderate Risk,YELLOW,COM20
REAL-COM20-HIGH-00633,2026-09-19 16:26:31.295,137.77,21.01,0.4592,7.0033,3.73,21.1,High Risk,Moderate Risk,YELLOW,COM20
REAL-COM20-HIGH-00634,2026-09-19 16:26:31.497,137.26,21.23,0.4575,7.0767,3.77,21.0,High Risk,Moderate Risk,YELLOW,COM20
REAL-COM20-HIGH-00635,2026-09-19 16:26:31.688,139.11,21.42,0.4637,7.14,3.8,20.8,High Risk,Moderate Risk,YELLOW,COM20
REAL-COM20-HIGH-00636,2026-09-19 16:26:31.897,139.25,20.97,0.4642,6.99,3.73,21.2,High Risk,Moderate Risk,YELLOW,COM20
REAL-COM20-HIGH-00637,2026-09-19 16:26:32.094,139.79,21.46,0.466,7.1533,3.81,20.8,High Risk,Moderate Risk,YELLOW,COM20
REAL-COM20-HIGH-00638,2026-09-19 16:26:32.288,138.46,21.18,0.4615,7.06,3.76,21.0,High Risk,Moderate Risk,YELLOW,COM20
REAL-COM20-HIGH-00639,2026-09-19 16:26:32.490,137.91,21.05,0.4597,7.0167,3.74,21.1,High Risk,Moderate Risk,YELLOW,COM20
REAL-COM20-HIGH-00640,2026-09-19 16:26:32.692,139.92,21.09,0.4664,7.03,3.75,21.1,High Risk,Moderate Risk,YELLOW,COM20
REAL-COM20-HIGH-00641,2026-09-19 16:26:32.896,140.77,21.38,0.4692,7.1267,3.8,20.8,High Risk,Moderate Risk,YELLOW,COM20
REAL-COM20-HIGH-00642,2026-09-19 16:26:33.097,137.5,21.04,0.4583,7.0133,3.74,21.1,High Risk,Moderate Risk,YELLOW,COM20
REAL-COM20-HIGH-00643,2026-09-19 16:26:33.292,138.33,21.21,0.4611,7.07,3.76,21.0,High Risk,Moderate Risk,YELLOW,COM20
REAL-COM20-HIGH-00644,2026-09-19 16:26:33.491,138.97,20.98,0.4632,6.9933,3.73,21.2,High Risk,Moderate Risk,YELLOW,COM20
REAL-COM20-HIGH-00645,2026-09-19 16:26:33.690,139.26,20.98,0.4642,6.9933,3.73,21.1,High Risk,Moderate Risk,YELLOW,COM20
REAL-COM20-HIGH-00646,2026-09-19 16:26:33.897,139.07,21.01,0.4636,7.0033,3.73,21.1,High Risk,Moderate Risk,YELLOW,COM20
REAL-COM20-HIGH-00647,2026-09-19 16:26:34.091,137.56,20.81,0.4585,6.9367,3.7,21.3,High Risk,Moderate Risk,YELLOW,COM20
REAL-COM20-HIGH-00648,2026-09-19 16:26:34.297,138.43,20.78,0.4614,6.9267,3.69,21.3,High Risk,Moderate Risk,YELLOW,COM20
REAL-COM20-HIGH-00649,2026-09-19 16:26:34.496,137.49,20.47,0.4583,6.8233,3.64,21.6,High Risk,Moderate Risk,YELLOW,COM20
REAL-COM20-HIGH-00650,2026-09-19 16:26:34.697,138.53,20.68,0.4618,6.8933,3.68,21.4,High Risk,Moderate Risk,YELLOW,COM20
REAL-COM20-HIGH-00651,2026-09-19 16:26:34.888,138.04,20.66,0.4601,6.8867,3.67,21.4,High Risk,Moderate Risk,YELLOW,COM20
REAL-COM20-HIGH-00652,2026-09-19 16:26:35.097,137.4,20.45,0.458,6.8167,3.64,21.6,High Risk,Moderate Risk,YELLOW,COM20
REAL-COM20-HIGH-00653,2026-09-19 16:26:35.290,137.11,20.76,0.457,6.92,3.69,21.3,High Risk,Moderate Risk,YELLOW,COM20
REAL-COM20-HIGH-00654,2026-09-19 16:26:35.488,141.82,20.51,0.4727,6.8367,3.65,21.5,High Risk,Moderate Risk,YELLOW,COM20
REAL-COM20-HIGH-00655,2026-09-19 16:26:35.697,137.66,20.67,0.4589,6.89,3.67,21.4,High Risk,Moderate Risk,YELLOW,COM20
REAL-COM20-HIGH-00656,2026-09-19 16:26:35.892,135.86,20.82,0.4529,6.94,3.7,21.3,High Risk,Moderate Risk,YELLOW,COM20
REAL-COM20-HIGH-00657,2026-09-19 16:26:36.093,139.13,20.62,0.4638,6.8733,3.67,21.4,High Risk,Moderate Risk,YELLOW,COM20
REAL-COM20-HIGH-00658,2026-09-19 16:26:36.297,138.88,20.42,0.4629,6.8067,3.64,21.6,High Risk,Moderate Risk,YELLOW,COM20
REAL-COM20-HIGH-00659,2026-09-19 16:26:36.490,135.96,20.83,0.4532,6.9433,3.7,21.3,High Risk,Moderate Risk,YELLOW,COM20
REAL-COM20-HIGH-00660,2026-09-19 16:26:36.697,139.61,20.5,0.4654,6.8333,3.65,21.5,High Risk,Moderate Risk,YELLOW,COM20
REAL-COM20-HIGH-00661,2026-09-19 16:26:36.894,139.15,20.5,0.4638,6.8333,3.65,21.5,High Risk,Moderate Risk,YELLOW,COM20
REAL-COM20-HIGH-00662,2026-09-19 16:26:37.093,139.51,20.88,0.465,6.96,3.71,21.2,High Risk,Moderate Risk,YELLOW,COM20
REAL-COM20-HIGH-00663,2026-09-19 16:26:37.290,136.47,20.59,0.4549,6.8633,3.66,21.5,High Risk,Moderate Risk,YELLOW,COM20
REAL-COM20-HIGH-00664,2026-09-19 16:26:37.493,137.35,20.68,0.4578,6.8933,3.68,21.4,High Risk,Moderate Risk,YELLOW,COM20
REAL-COM20-HIGH-00665,2026-09-19 16:26:37.693,138.81,20.74,0.4627,6.9133,3.69,21.3,High Risk,Moderate Risk,YELLOW,COM20
REAL-COM20-HIGH-00666,2026-09-19 16:26:37.890,139.09,20.93,0.4636,6.9767,3.72,21.2,High Risk,Moderate Risk,YELLOW,COM20
REAL-COM20-HIGH-00667,2026-09-19 16:26:38.089,138.24,20.85,0.4608,6.95,3.71,21.3,High Risk,Moderate Risk,YELLOW,COM20
REAL-COM20-HIGH-00668,2026-09-19 16:26:38.297,139.61,21.05,0.4654,7.0167,3.74,21.1,High Risk,Moderate Risk,YELLOW,COM20
REAL-COM20-HIGH-00669,2026-09-19 16:26:38.497,140.22,21.09,0.4674,7.03,3.75,21.1,High Risk,Moderate Risk,YELLOW,COM20
REAL-COM20-HIGH-00670,2026-09-19 16:26:38.688,137.92,20.88,0.4597,6.96,3.71,21.2,High Risk,Moderate Risk,YELLOW,COM20
REAL-COM20-HIGH-00671,2026-09-19 16:26:38.891,137.56,20.73,0.4585,6.91,3.68,21.3,High Risk,Moderate Risk,YELLOW,COM20
REAL-COM20-HIGH-00672,2026-09-19 16:26:39.093,136.96,20.62,0.4565,6.8733,3.67,21.4,High Risk,Moderate Risk,YELLOW,COM20
REAL-COM20-HIGH-00673,2026-09-19 16:26:39.297,139.27,20.6,0.4642,6.8667,3.67,21.4,High Risk,Moderate Risk,YELLOW,COM20
REAL-COM20-HIGH-00674,2026-09-19 16:26:39.497,136.96,20.53,0.4565,6.8433,3.65,21.5,High Risk,Moderate Risk,YELLOW,COM20
REAL-COM20-HIGH-00675,2026-09-19 16:26:39.688,139.18,20.41,0.4639,6.8033,3.63,21.6,High Risk,Moderate Risk,YELLOW,COM20
REAL-COM20-HIGH-00676,2026-09-19 16:26:39.890,137.11,20.61,0.457,6.87,3.66,21.4,High Risk,Moderate Risk,YELLOW,COM20
REAL-COM20-HIGH-00677,2026-09-19 16:26:40.096,137.98,20.66,0.4599,6.8867,3.67,21.4,High Risk,Moderate Risk,YELLOW,COM20
REAL-COM20-HIGH-00678,2026-09-19 16:26:40.297,136.67,20.8,0.4556,6.9333,3.69,21.3,High Risk,Moderate Risk,YELLOW,COM20
REAL-COM20-HIGH-00679,2026-09-19 16:26:40.490,137.54,20.89,0.4585,6.9633,3.71,21.2,High Risk,Moderate Risk,YELLOW,COM20
REAL-COM20-HIGH-00680,2026-09-19 16:26:40.688,135.73,21.04,0.4524,7.0133,3.73,21.1,High Risk,Moderate Risk,YELLOW,COM20
REAL-COM20-HIGH-00681,2026-09-19 16:26:40.890,140.47,20.89,0.4682,6.9633,3.72,21.2,High Risk,Moderate Risk,YELLOW,COM20
REAL-COM20-HIGH-00682,2026-09-19 16:26:41.092,137.06,21.15,0.4569,7.05,3.75,21.0,High Risk,Moderate Risk,YELLOW,COM20
REAL-COM20-HIGH-00683,2026-09-19 16:26:41.293,139.12,20.93,0.4637,6.9767,3.72,21.2,High Risk,Moderate Risk,YELLOW,COM20
REAL-COM20-HIGH-00684,2026-09-19 16:26:41.488,139.22,21.28,0.4641,7.0933,3.78,20.9,High Risk,Moderate Risk,YELLOW,COM20
REAL-COM20-HIGH-00685,2026-09-19 16:26:41.688,138.07,21.05,0.4602,7.0167,3.74,21.1,High Risk,Moderate Risk,YELLOW,COM20
REAL-COM20-HIGH-00686,2026-09-19 16:26:41.894,137.32,21.1,0.4577,7.0333,3.75,21.1,High Risk,Moderate Risk,YELLOW,COM20
REAL-COM20-HIGH-00687,2026-09-19 16:26:42.093,137.83,21.13,0.4594,7.0433,3.75,21.0,High Risk,Moderate Risk,YELLOW,COM20
REAL-COM20-HIGH-00688,2026-09-19 16:26:42.297,135.68,21.16,0.4523,7.0533,3.75,21.0,High Risk,Moderate Risk,YELLOW,COM20
REAL-COM20-HIGH-00689,2026-09-19 16:26:42.490,138.74,20.95,0.4625,6.9833,3.72,21.2,High Risk,Moderate Risk,YELLOW,COM20
REAL-COM20-HIGH-00690,2026-09-19 16:26:42.689,138.53,21.18,0.4618,7.06,3.76,21.0,High Risk,Moderate Risk,YELLOW,COM20
REAL-COM20-HIGH-00691,2026-09-19 16:26:42.897,138.72,20.78,0.4624,6.9267,3.7,21.3,High Risk,Moderate Risk,YELLOW,COM20
REAL-COM20-HIGH-00692,2026-09-19 16:26:43.097,139.02,21.11,0.4634,7.0367,3.75,21.1,High Risk,Moderate Risk,YELLOW,COM20
REAL-COM20-HIGH-00693,2026-09-19 16:26:43.296,137.65,20.56,0.4588,6.8533,3.66,21.5,High Risk,Moderate Risk,YELLOW,COM20
REAL-COM20-HIGH-00694,2026-09-19 16:26:43.497,137.86,20.94,0.4595,6.98,3.72,21.2,High Risk,Moderate Risk,YELLOW,COM20
REAL-COM20-HIGH-00695,2026-09-19 16:26:43.688,138.78,20.95,0.4626,6.9833,3.72,21.2,High Risk,Moderate Risk,YELLOW,COM20
REAL-COM20-HIGH-00696,2026-09-19 16:26:43.888,138.49,20.86,0.4616,6.9533,3.71,21.2,High Risk,Moderate Risk,YELLOW,COM20
REAL-COM20-HIGH-00697,2026-09-19 16:26:44.092,138.84,20.84,0.4628,6.9467,3.7,21.3,High Risk,Moderate Risk,YELLOW,COM20
REAL-COM20-HIGH-00698,2026-09-19 16:26:44.293,138.13,20.74,0.4604,6.9133,3.69,21.3,High Risk,Moderate Risk,YELLOW,COM20
REAL-COM20-HIGH-00699,2026-09-19 16:26:44.490,139.43,20.86,0.4648,6.9533,3.71,21.2,High Risk,Moderate Risk,YELLOW,COM20
REAL-COM20-HIGH-00700,2026-09-19 16:26:44.697,138.84,20.59,0.4628,6.8633,3.66,21.4,High Risk,Moderate Risk,YELLOW,COM20
REAL-COM20-HIGH-00701,2026-09-19 16:26:44.892,137.74,20.15,0.4591,6.7167,3.59,21.8,High Risk,Moderate Risk,YELLOW,COM20
REAL-COM20-HIGH-00702,2026-09-19 16:26:45.093,139.32,20.34,0.4644,6.78,3.62,21.6,High Risk,Moderate Risk,YELLOW,COM20
REAL-COM20-HIGH-00703,2026-09-19 16:26:45.288,136.22,20.47,0.4541,6.8233,3.64,21.6,High Risk,Moderate Risk,YELLOW,COM20
REAL-COM20-HIGH-00704,2026-09-19 16:26:45.493,138.4,20.22,0.4613,6.74,3.6,21.7,High Risk,Moderate Risk,YELLOW,COM20
REAL-COM20-HIGH-00705,2026-09-19 16:26:45.695,137.9,20.38,0.4597,6.7933,3.63,21.6,High Risk,Moderate Risk,YELLOW,COM20
REAL-COM20-HIGH-00706,2026-09-19 16:26:45.892,137.57,20.29,0.4586,6.7633,3.61,21.7,High Risk,Moderate Risk,YELLOW,COM20
REAL-COM20-HIGH-00707,2026-09-19 16:26:46.089,138.13,20.38,0.4604,6.7933,3.63,21.6,High Risk,Moderate Risk,YELLOW,COM20
REAL-COM20-HIGH-00708,2026-09-19 16:26:46.297,139.01,20.27,0.4634,6.7567,3.61,21.7,High Risk,Moderate Risk,YELLOW,COM20
REAL-COM20-HIGH-00709,2026-09-19 16:26:46.490,137.44,20.19,0.4581,6.73,3.59,21.8,High Risk,Moderate Risk,YELLOW,COM20
REAL-COM20-HIGH-00710,2026-09-19 16:26:46.688,137.83,20.28,0.4594,6.76,3.61,21.7,High Risk,Moderate Risk,YELLOW,COM20
REAL-COM20-HIGH-00711,2026-09-19 16:26:46.896,137.83,20.31,0.4594,6.77,3.62,21.7,High Risk,Moderate Risk,YELLOW,COM20
REAL-COM20-HIGH-00712,2026-09-19 16:26:47.096,139.9,20.7,0.4663,6.9,3.68,21.4,High Risk,Moderate Risk,YELLOW,COM20
REAL-COM20-HIGH-00713,2026-09-19 16:26:47.296,137.94,20.46,0.4598,6.82,3.64,21.6,High Risk,Moderate Risk,YELLOW,COM20
REAL-COM20-HIGH-00714,2026-09-19 16:26:47.495,137.79,20.51,0.4593,6.8367,3.65,21.5,High Risk,Moderate Risk,YELLOW,COM20
REAL-COM20-HIGH-00715,2026-09-19 16:26:47.691,137.7,20.73,0.459,6.91,3.68,21.3,High Risk,Moderate Risk,YELLOW,COM20
REAL-COM20-HIGH-00716,2026-09-19 16:26:47.893,138.9,20.54,0.463,6.8467,3.66,21.5,High Risk,Moderate Risk,YELLOW,COM20
REAL-COM20-HIGH-00717,2026-09-19 16:26:48.092,139.49,20.84,0.465,6.9467,3.71,21.2,High Risk,Moderate Risk,YELLOW,COM20
REAL-COM20-HIGH-00718,2026-09-19 16:26:48.296,140.35,20.58,0.4678,6.86,3.66,21.4,High Risk,Moderate Risk,YELLOW,COM20
REAL-COM20-HIGH-00719,2026-09-19 16:26:48.489,138.46,20.79,0.4615,6.93,3.7,21.3,High Risk,Moderate Risk,YELLOW,COM20
REAL-COM20-HIGH-00720,2026-09-19 16:26:48.688,138.08,21.15,0.4603,7.05,3.76,21.0,High Risk,Moderate Risk,YELLOW,COM20
REAL-COM20-HIGH-00721,2026-09-19 16:26:48.888,139.28,20.85,0.4643,6.95,3.71,21.2,High Risk,Moderate Risk,YELLOW,COM20
REAL-COM20-HIGH-00722,2026-09-19 16:26:49.097,137.75,21.02,0.4592,7.0067,3.73,21.1,High Risk,Moderate Risk,YELLOW,COM20
REAL-COM20-HIGH-00723,2026-09-19 16:26:49.290,138.9,21.01,0.463,7.0033,3.73,21.1,High Risk,Moderate Risk,YELLOW,COM20
REAL-COM20-HIGH-00724,2026-09-19 16:26:49.489,139.41,20.83,0.4647,6.9433,3.7,21.3,High Risk,Moderate Risk,YELLOW,COM20
REAL-COM20-HIGH-00725,2026-09-19 16:26:49.691,140.5,21.17,0.4683,7.0567,3.76,21.0,High Risk,Moderate Risk,YELLOW,COM20
REAL-COM20-HIGH-00726,2026-09-19 16:26:49.893,138.06,20.79,0.4602,6.93,3.69,21.3,High Risk,Moderate Risk,YELLOW,COM20
REAL-COM20-HIGH-00727,2026-09-19 16:26:50.096,137.81,21.13,0.4594,7.0433,3.75,21.1,High Risk,Moderate Risk,YELLOW,COM20
REAL-COM20-HIGH-00728,2026-09-19 16:26:50.296,138.25,20.71,0.4608,6.9033,3.68,21.4,High Risk,Moderate Risk,YELLOW,COM20
REAL-COM20-HIGH-00729,2026-09-19 16:26:50.493,138.63,21.13,0.4621,7.0433,3.75,21.0,High Risk,Moderate Risk,YELLOW,COM20
REAL-COM20-HIGH-00730,2026-09-19 16:26:50.688,139.08,20.96,0.4636,6.9867,3.72,21.2,High Risk,Moderate Risk,YELLOW,COM20
REAL-COM20-HIGH-00731,2026-09-19 16:26:50.893,139.27,21.01,0.4642,7.0033,3.73,21.1,High Risk,Moderate Risk,YELLOW,COM20
REAL-COM20-HIGH-00732,2026-09-19 16:26:51.089,139.79,21.18,0.466,7.06,3.76,21.0,High Risk,Moderate Risk,YELLOW,COM20
REAL-COM20-HIGH-00733,2026-09-19 16:26:51.291,137.84,21.05,0.4595,7.0167,3.74,21.1,High Risk,Moderate Risk,YELLOW,COM20
REAL-COM20-HIGH-00734,2026-09-19 16:26:51.492,138.57,20.84,0.4619,6.9467,3.7,21.3,High Risk,Moderate Risk,YELLOW,COM20
REAL-COM20-HIGH-00735,2026-09-19 16:26:51.691,140.45,21.14,0.4682,7.0467,3.76,21.0,High Risk,Moderate Risk,YELLOW,COM20
REAL-COM20-HIGH-00736,2026-09-19 16:26:51.896,136.55,20.85,0.4552,6.95,3.7,21.3,High Risk,Moderate Risk,YELLOW,COM20
REAL-COM20-HIGH-00737,2026-09-19 16:26:52.093,141.04,21.18,0.4701,7.06,3.77,21.0,High Risk,Moderate Risk,YELLOW,COM20
REAL-COM20-HIGH-00738,2026-09-19 16:26:52.291,139.67,21.01,0.4656,7.0033,3.74,21.1,High Risk,Moderate Risk,YELLOW,COM20
REAL-COM20-HIGH-00739,2026-09-19 16:26:52.491,137.29,20.82,0.4576,6.94,3.7,21.3,High Risk,Moderate Risk,YELLOW,COM20
REAL-COM20-HIGH-00740,2026-09-19 16:26:52.692,139.28,21.01,0.4643,7.0033,3.73,21.1,High Risk,Moderate Risk,YELLOW,COM20
REAL-COM20-HIGH-00741,2026-09-19 16:26:52.893,140.18,21.43,0.4673,7.1433,3.81,20.8,High Risk,Moderate Risk,YELLOW,COM20
REAL-COM20-HIGH-00742,2026-09-19 16:26:53.091,139.39,21.25,0.4646,7.0833,3.77,20.9,High Risk,Moderate Risk,YELLOW,COM20
REAL-COM20-HIGH-00743,2026-09-19 16:26:53.295,141.06,21.22,0.4702,7.0733,3.77,21.0,High Risk,Moderate Risk,YELLOW,COM20
REAL-COM20-HIGH-00744,2026-09-19 16:26:53.493,138.95,20.9,0.4632,6.9667,3.72,21.2,High Risk,Moderate Risk,YELLOW,COM20
REAL-COM20-HIGH-00745,2026-09-19 16:26:53.694,140.01,21.03,0.4667,7.01,3.74,21.1,High Risk,Moderate Risk,YELLOW,COM20
REAL-COM20-HIGH-00746,2026-09-19 16:26:53.897,138.48,20.91,0.4616,6.97,3.72,21.2,High Risk,Moderate Risk,YELLOW,COM20
REAL-COM20-HIGH-00747,2026-09-19 16:26:54.088,137.77,21.09,0.4592,7.03,3.74,21.1,High Risk,Moderate Risk,YELLOW,COM20
REAL-COM20-HIGH-00748,2026-09-19 16:26:54.294,138.18,20.96,0.4606,6.9867,3.72,21.2,High Risk,Moderate Risk,YELLOW,COM20
REAL-COM20-HIGH-00749,2026-09-19 16:26:54.497,138.98,21.15,0.4633,7.05,3.76,21.0,High Risk,Moderate Risk,YELLOW,COM20
REAL-COM20-HIGH-00750,2026-09-19 16:26:54.689,138.16,21.06,0.4605,7.02,3.74,21.1,High Risk,Moderate Risk,YELLOW,COM20
REAL-COM20-HIGH-00751,2026-09-19 16:26:54.897,137.9,21.11,0.4597,7.0367,3.75,21.1,High Risk,Moderate Risk,YELLOW,COM20
REAL-COM20-HIGH-00752,2026-09-19 16:26:55.088,140.03,21.18,0.4668,7.06,3.76,21.0,High Risk,Moderate Risk,YELLOW,COM20
REAL-COM20-HIGH-00753,2026-09-19 16:26:55.297,137.55,21.1,0.4585,7.0333,3.75,21.1,High Risk,Moderate Risk,YELLOW,COM20
REAL-COM20-HIGH-00754,2026-09-19 16:26:55.489,137.74,21.2,0.4591,7.0667,3.76,21.0,High Risk,Moderate Risk,YELLOW,COM20
REAL-COM20-HIGH-00755,2026-09-19 16:26:55.696,138.36,21.26,0.4612,7.0867,3.77,21.0,High Risk,Moderate Risk,YELLOW,COM20
REAL-COM20-HIGH-00756,2026-09-19 16:26:55.897,139.51,20.91,0.465,6.97,3.72,21.2,High Risk,Moderate Risk,YELLOW,COM20
REAL-COM20-HIGH-00757,2026-09-19 16:26:56.091,138.6,21.22,0.462,7.0733,3.77,21.0,High Risk,Moderate Risk,YELLOW,COM20
REAL-COM20-HIGH-00758,2026-09-19 16:26:56.296,138.14,20.68,0.4605,6.8933,3.68,21.4,High Risk,Moderate Risk,YELLOW,COM20
REAL-COM20-HIGH-00759,2026-09-19 16:26:56.490,136.35,20.66,0.4545,6.8867,3.67,21.4,High Risk,Moderate Risk,YELLOW,COM20
REAL-COM20-HIGH-00760,2026-09-19 16:26:56.697,139.44,20.75,0.4648,6.9167,3.69,21.3,High Risk,Moderate Risk,YELLOW,COM20
REAL-COM20-HIGH-00761,2026-09-19 16:26:56.897,138.26,20.96,0.4609,6.9867,3.72,21.2,High Risk,Moderate Risk,YELLOW,COM20
REAL-COM20-HIGH-00762,2026-09-19 16:26:57.097,137.3,21.13,0.4577,7.0433,3.75,21.0,High Risk,Moderate Risk,YELLOW,COM20
REAL-COM20-HIGH-00763,2026-09-19 16:26:57.293,139.84,20.81,0.4661,6.9367,3.7,21.3,High Risk,Moderate Risk,YELLOW,COM20
REAL-COM20-HIGH-00764,2026-09-19 16:26:57.493,138.91,20.81,0.463,6.9367,3.7,21.3,High Risk,Moderate Risk,YELLOW,COM20
REAL-COM20-HIGH-00765,2026-09-19 16:26:57.694,137.11,21.15,0.457,7.05,3.75,21.0,High Risk,Moderate Risk,YELLOW,COM20
REAL-COM20-HIGH-00766,2026-09-19 16:26:57.889,139.22,21.04,0.4641,7.0133,3.74,21.1,High Risk,Moderate Risk,YELLOW,COM20
REAL-COM20-HIGH-00767,2026-09-19 16:26:58.093,136.52,20.78,0.4551,6.9267,3.69,21.3,High Risk,Moderate Risk,YELLOW,COM20
REAL-COM20-HIGH-00768,2026-09-19 16:26:58.297,140.03,21.24,0.4668,7.08,3.77,20.9,High Risk,Moderate Risk,YELLOW,COM20
REAL-COM20-HIGH-00769,2026-09-19 16:26:58.489,137.53,21.05,0.4584,7.0167,3.74,21.1,High Risk,Moderate Risk,YELLOW,COM20
REAL-COM20-HIGH-00770,2026-09-19 16:26:58.697,137.44,21.36,0.4581,7.12,3.79,20.9,High Risk,Moderate Risk,YELLOW,COM20
REAL-COM20-HIGH-00771,2026-09-19 16:26:58.892,137.97,21.27,0.4599,7.09,3.78,20.9,High Risk,Moderate Risk,YELLOW,COM20
REAL-COM20-HIGH-00772,2026-09-19 16:26:59.097,139.14,21.1,0.4638,7.0333,3.75,21.1,High Risk,Moderate Risk,YELLOW,COM20
REAL-COM20-HIGH-00773,2026-09-19 16:26:59.291,138.18,21.16,0.4606,7.0533,3.76,21.0,High Risk,Moderate Risk,YELLOW,COM20
REAL-COM20-HIGH-00774,2026-09-19 16:26:59.497,139.13,21.34,0.4638,7.1133,3.79,20.9,High Risk,Moderate Risk,YELLOW,COM20
REAL-COM20-HIGH-00775,2026-09-19 16:26:59.689,139.09,20.7,0.4636,6.9,3.68,21.4,High Risk,Moderate Risk,YELLOW,COM20
REAL-COM20-HIGH-00776,2026-09-19 16:26:59.897,137.47,20.88,0.4582,6.96,3.71,21.2,High Risk,Moderate Risk,YELLOW,COM20
REAL-COM20-HIGH-00777,2026-09-19 16:27:00.097,137.23,20.98,0.4574,6.9933,3.73,21.2,High Risk,Moderate Risk,YELLOW,COM20
REAL-COM20-HIGH-00778,2026-09-19 16:27:00.290,137.84,21.32,0.4595,7.1067,3.78,20.9,High Risk,Moderate Risk,YELLOW,COM20
REAL-COM20-HIGH-00779,2026-09-19 16:27:00.489,137.48,21.16,0.4583,7.0533,3.76,21.0,High Risk,Moderate Risk,YELLOW,COM20
REAL-COM20-HIGH-00780,2026-09-19 16:27:00.694,138.66,21.11,0.4622,7.0367,3.75,21.1,High Risk,Moderate Risk,YELLOW,COM20
REAL-COM20-HIGH-00781,2026-09-19 16:27:00.897,137.91,21.25,0.4597,7.0833,3.77,21.0,High Risk,Moderate Risk,YELLOW,COM20
REAL-COM20-HIGH-00782,2026-09-19 16:27:01.090,136.16,21.21,0.4539,7.07,3.76,21.0,High Risk,Moderate Risk,YELLOW,COM20
REAL-COM20-HIGH-00783,2026-09-19 16:27:01.294,140.0,21.71,0.4667,7.2367,3.85,20.6,High Risk,Moderate Risk,YELLOW,COM20
REAL-COM20-HIGH-00784,2026-09-19 16:27:01.495,138.41,21.75,0.4614,7.25,3.86,20.6,High Risk,Moderate Risk,YELLOW,COM20
REAL-COM20-HIGH-00785,2026-09-19 16:27:01.693,139.76,21.46,0.4659,7.1533,3.81,20.8,High Risk,Moderate Risk,YELLOW,COM20
REAL-COM20-HIGH-00786,2026-09-19 16:27:01.895,137.75,21.5,0.4592,7.1667,3.81,20.8,High Risk,Moderate Risk,YELLOW,COM20
REAL-COM20-HIGH-00787,2026-09-19 16:27:02.093,138.31,21.63,0.461,7.21,3.84,20.7,High Risk,Moderate Risk,YELLOW,COM20
REAL-COM20-HIGH-00788,2026-09-19 16:27:02.293,138.13,21.4,0.4604,7.1333,3.8,20.8,High Risk,Moderate Risk,YELLOW,COM20
REAL-COM20-HIGH-00789,2026-09-19 16:27:02.493,138.72,21.16,0.4624,7.0533,3.76,21.0,High Risk,Moderate Risk,YELLOW,COM20
REAL-COM20-HIGH-00790,2026-09-19 16:27:02.690,140.41,21.39,0.468,7.13,3.8,20.8,High Risk,Moderate Risk,YELLOW,COM20
REAL-COM20-HIGH-00791,2026-09-19 16:27:02.891,138.32,21.46,0.4611,7.1533,3.81,20.8,High Risk,Moderate Risk,YELLOW,COM20
REAL-COM20-HIGH-00792,2026-09-19 16:27:03.091,138.28,21.71,0.4609,7.2367,3.85,20.6,High Risk,Moderate Risk,YELLOW,COM20
REAL-COM20-HIGH-00793,2026-09-19 16:27:03.291,138.3,21.68,0.461,7.2267,3.84,20.6,High Risk,Moderate Risk,YELLOW,COM20
REAL-COM20-HIGH-00794,2026-09-19 16:27:03.492,137.57,21.59,0.4586,7.1967,3.83,20.7,High Risk,Moderate Risk,YELLOW,COM20
REAL-COM20-HIGH-00795,2026-09-19 16:27:03.696,137.79,21.19,0.4593,7.0633,3.76,21.0,High Risk,Moderate Risk,YELLOW,COM20
REAL-COM20-HIGH-00796,2026-09-19 16:27:03.888,137.95,21.56,0.4598,7.1867,3.82,20.7,High Risk,Moderate Risk,YELLOW,COM20
REAL-COM20-HIGH-00797,2026-09-19 16:27:04.095,140.61,21.3,0.4687,7.1,3.78,20.9,High Risk,Moderate Risk,YELLOW,COM20
REAL-COM20-HIGH-00798,2026-09-19 16:27:04.290,139.26,21.52,0.4642,7.1733,3.82,20.8,High Risk,Moderate Risk,YELLOW,COM20
REAL-COM20-HIGH-00799,2026-09-19 16:27:04.490,137.53,21.75,0.4584,7.25,3.85,20.6,High Risk,Moderate Risk,YELLOW,COM20
REAL-COM20-HIGH-00800,2026-09-19 16:27:04.689,136.56,21.56,0.4552,7.1867,3.82,20.7,High Risk,Moderate Risk,YELLOW,COM20
REAL-COM20-HIGH-00801,2026-09-19 16:27:04.889,140.78,21.38,0.4693,7.1267,3.8,20.8,High Risk,Moderate Risk,YELLOW,COM20
REAL-COM20-HIGH-00802,2026-09-19 16:27:05.089,139.98,21.54,0.4666,7.18,3.82,20.7,High Risk,Moderate Risk,YELLOW,COM20
REAL-COM20-HIGH-00803,2026-09-19 16:27:05.292,136.79,21.58,0.456,7.1933,3.83,20.7,High Risk,Moderate Risk,YELLOW,COM20
REAL-COM20-HIGH-00804,2026-09-19 16:27:05.492,137.64,21.77,0.4588,7.2567,3.86,20.6,High Risk,Moderate Risk,YELLOW,COM20
REAL-COM20-HIGH-00805,2026-09-19 16:27:05.689,138.17,21.69,0.4606,7.23,3.85,20.6,High Risk,Moderate Risk,YELLOW,COM20
REAL-COM20-HIGH-00806,2026-09-19 16:27:05.891,137.67,21.52,0.4589,7.1733,3.82,20.8,High Risk,Moderate Risk,YELLOW,COM20
REAL-COM20-HIGH-00807,2026-09-19 16:27:06.089,138.56,21.54,0.4619,7.18,3.82,20.7,High Risk,Moderate Risk,YELLOW,COM20
REAL-COM20-HIGH-00808,2026-09-19 16:27:06.292,139.72,21.51,0.4657,7.17,3.82,20.8,High Risk,Moderate Risk,YELLOW,COM20
REAL-COM20-HIGH-00809,2026-09-19 16:27:06.493,138.74,21.37,0.4625,7.1233,3.79,20.9,High Risk,Moderate Risk,YELLOW,COM20
REAL-COM20-HIGH-00810,2026-09-19 16:27:06.693,140.19,21.49,0.4673,7.1633,3.82,20.8,High Risk,Moderate Risk,YELLOW,COM20
REAL-COM20-HIGH-00811,2026-09-19 16:27:06.896,138.61,21.27,0.462,7.09,3.78,20.9,High Risk,Moderate Risk,YELLOW,COM20
REAL-COM20-HIGH-00812,2026-09-19 16:27:07.093,137.62,21.28,0.4587,7.0933,3.78,20.9,High Risk,Moderate Risk,YELLOW,COM20
REAL-COM20-HIGH-00813,2026-09-19 16:27:07.292,138.11,21.23,0.4604,7.0767,3.77,21.0,High Risk,Moderate Risk,YELLOW,COM20
REAL-COM20-HIGH-00814,2026-09-19 16:27:07.493,137.57,21.09,0.4586,7.03,3.74,21.1,High Risk,Moderate Risk,YELLOW,COM20
REAL-COM20-HIGH-00815,2026-09-19 16:27:07.696,140.52,21.2,0.4684,7.0667,3.77,21.0,High Risk,Moderate Risk,YELLOW,COM20
REAL-COM20-HIGH-00816,2026-09-19 16:27:07.897,139.31,21.23,0.4644,7.0767,3.77,21.0,High Risk,Moderate Risk,YELLOW,COM20
REAL-COM20-HIGH-00817,2026-09-19 16:27:08.095,138.77,21.16,0.4626,7.0533,3.76,21.0,High Risk,Moderate Risk,YELLOW,COM20
REAL-COM20-HIGH-00818,2026-09-19 16:27:08.297,136.6,21.24,0.4553,7.08,3.77,21.0,High Risk,Moderate Risk,YELLOW,COM20
REAL-COM20-HIGH-00819,2026-09-19 16:27:08.497,137.39,21.16,0.458,7.0533,3.76,21.0,High Risk,Moderate Risk,YELLOW,COM20
REAL-COM20-HIGH-00820,2026-09-19 16:27:08.689,140.36,21.36,0.4679,7.12,3.79,20.9,High Risk,Moderate Risk,YELLOW,COM20
REAL-COM20-HIGH-00821,2026-09-19 16:27:08.892,136.88,21.36,0.4563,7.12,3.79,20.9,High Risk,Moderate Risk,YELLOW,COM20
REAL-COM20-HIGH-00822,2026-09-19 16:27:09.092,138.03,21.59,0.4601,7.1967,3.83,20.7,High Risk,Moderate Risk,YELLOW,COM20
REAL-COM20-HIGH-00823,2026-09-19 16:27:09.297,138.44,21.71,0.4615,7.2367,3.85,20.6,High Risk,Moderate Risk,YELLOW,COM20
REAL-COM20-HIGH-00824,2026-09-19 16:27:09.491,136.8,21.46,0.456,7.1533,3.8,20.8,High Risk,Moderate Risk,YELLOW,COM20
REAL-COM20-HIGH-00825,2026-09-19 16:27:09.697,140.39,21.48,0.468,7.16,3.81,20.8,High Risk,Moderate Risk,YELLOW,COM20
REAL-COM20-HIGH-00826,2026-09-19 16:27:09.895,138.81,21.57,0.4627,7.19,3.83,20.7,High Risk,Moderate Risk,YELLOW,COM20
REAL-COM20-HIGH-00827,2026-09-19 16:27:10.093,140.58,21.81,0.4686,7.27,3.87,20.5,High Risk,Moderate Risk,YELLOW,COM20
REAL-COM20-HIGH-00828,2026-09-19 16:27:10.289,138.23,21.63,0.4608,7.21,3.84,20.7,High Risk,Moderate Risk,YELLOW,COM20
REAL-COM20-HIGH-00829,2026-09-19 16:27:10.493,138.78,21.68,0.4626,7.2267,3.84,20.6,High Risk,Moderate Risk,YELLOW,COM20
REAL-COM20-HIGH-00830,2026-09-19 16:27:10.692,138.08,21.59,0.4603,7.1967,3.83,20.7,High Risk,Moderate Risk,YELLOW,COM20
REAL-COM20-HIGH-00831,2026-09-19 16:27:10.892,141.49,21.47,0.4716,7.1567,3.81,20.8,High Risk,Moderate Risk,YELLOW,COM20
REAL-COM20-HIGH-00832,2026-09-19 16:27:11.090,138.33,21.63,0.4611,7.21,3.84,20.7,High Risk,Moderate Risk,YELLOW,COM20
REAL-COM20-HIGH-00833,2026-09-19 16:27:11.296,138.34,21.55,0.4611,7.1833,3.82,20.7,High Risk,Moderate Risk,YELLOW,COM20
REAL-COM20-HIGH-00834,2026-09-19 16:27:11.496,140.48,21.92,0.4683,7.3067,3.89,20.5,High Risk,Moderate Risk,YELLOW,COM20
REAL-COM20-HIGH-00835,2026-09-19 16:27:11.697,137.77,21.81,0.4592,7.27,3.86,20.6,High Risk,Moderate Risk,YELLOW,COM20
REAL-COM20-HIGH-00836,2026-09-19 16:27:11.896,139.54,21.57,0.4651,7.19,3.83,20.7,High Risk,Moderate Risk,YELLOW,COM20
REAL-COM20-HIGH-00837,2026-09-19 16:27:12.093,138.18,21.69,0.4606,7.23,3.85,20.6,High Risk,Moderate Risk,YELLOW,COM20
REAL-COM20-HIGH-00838,2026-09-19 16:27:12.297,137.87,21.86,0.4596,7.2867,3.87,20.5,High Risk,Moderate Risk,YELLOW,COM20
REAL-COM20-HIGH-00839,2026-09-19 16:27:12.492,137.0,22.06,0.4567,7.3533,3.91,20.4,High Risk,Moderate Risk,YELLOW,COM20
REAL-COM20-HIGH-00840,2026-09-19 16:27:12.690,136.16,21.65,0.4539,7.2167,3.84,20.7,High Risk,Moderate Risk,YELLOW,COM20
REAL-COM20-HIGH-00841,2026-09-19 16:27:12.895,139.71,21.6,0.4657,7.2,3.83,20.7,High Risk,Moderate Risk,YELLOW,COM20
REAL-COM20-HIGH-00842,2026-09-19 16:27:13.093,136.71,21.53,0.4557,7.1767,3.82,20.8,High Risk,Moderate Risk,YELLOW,COM20
REAL-COM20-HIGH-00843,2026-09-19 16:27:13.293,138.12,21.78,0.4604,7.26,3.86,20.6,High Risk,Moderate Risk,YELLOW,COM20
REAL-COM20-HIGH-00844,2026-09-19 16:27:13.490,137.43,21.51,0.4581,7.17,3.81,20.8,High Risk,Moderate Risk,YELLOW,COM20
REAL-COM20-HIGH-00845,2026-09-19 16:27:13.692,138.17,21.31,0.4606,7.1033,3.78,20.9,High Risk,Moderate Risk,YELLOW,COM20
REAL-COM20-HIGH-00846,2026-09-19 16:27:13.892,137.88,21.49,0.4596,7.1633,3.81,20.8,High Risk,Moderate Risk,YELLOW,COM20
REAL-COM20-HIGH-00847,2026-09-19 16:27:14.093,139.08,22.0,0.4636,7.3333,3.9,20.4,High Risk,Moderate Risk,YELLOW,COM20
REAL-COM20-HIGH-00848,2026-09-19 16:27:14.291,138.91,21.68,0.463,7.2267,3.85,20.6,High Risk,Moderate Risk,YELLOW,COM20
REAL-COM20-HIGH-00849,2026-09-19 16:27:14.490,137.5,21.56,0.4583,7.1867,3.82,20.7,High Risk,Moderate Risk,YELLOW,COM20
REAL-COM20-HIGH-00850,2026-09-19 16:27:14.692,139.9,21.7,0.4663,7.2333,3.85,20.6,High Risk,Moderate Risk,YELLOW,COM20
REAL-COM20-HIGH-00851,2026-09-19 16:27:14.897,139.34,21.57,0.4645,7.19,3.83,20.7,High Risk,Moderate Risk,YELLOW,COM20
REAL-COM20-HIGH-00852,2026-09-19 16:27:15.096,137.55,21.82,0.4585,7.2733,3.87,20.5,High Risk,Moderate Risk,YELLOW,COM20
REAL-COM20-HIGH-00853,2026-09-19 16:27:15.293,139.5,21.85,0.465,7.2833,3.87,20.5,High Risk,Moderate Risk,YELLOW,COM20
REAL-COM20-HIGH-00854,2026-09-19 16:27:15.493,136.8,21.58,0.456,7.1933,3.83,20.7,High Risk,Moderate Risk,YELLOW,COM20
REAL-COM20-HIGH-00855,2026-09-19 16:27:15.691,139.19,21.54,0.464,7.18,3.82,20.7,High Risk,Moderate Risk,YELLOW,COM20
REAL-COM20-HIGH-00856,2026-09-19 16:27:15.893,141.27,21.63,0.4709,7.21,3.84,20.7,High Risk,Moderate Risk,YELLOW,COM20
REAL-COM20-HIGH-00857,2026-09-19 16:27:16.095,138.14,21.77,0.4605,7.2567,3.86,20.6,High Risk,Moderate Risk,YELLOW,COM20
REAL-COM20-HIGH-00858,2026-09-19 16:27:16.292,139.13,21.62,0.4638,7.2067,3.83,20.7,High Risk,Moderate Risk,YELLOW,COM20
REAL-COM20-HIGH-00859,2026-09-19 16:27:16.497,137.35,22.02,0.4578,7.34,3.9,20.4,High Risk,Moderate Risk,YELLOW,COM20
REAL-COM20-HIGH-00860,2026-09-19 16:27:16.689,139.1,21.53,0.4637,7.1767,3.82,20.7,High Risk,Moderate Risk,YELLOW,COM20
REAL-COM20-HIGH-00861,2026-09-19 16:27:16.891,136.74,21.39,0.4558,7.13,3.79,20.9,High Risk,Moderate Risk,YELLOW,COM20
REAL-COM20-HIGH-00862,2026-09-19 16:27:17.093,137.57,21.57,0.4586,7.19,3.82,20.7,High Risk,Moderate Risk,YELLOW,COM20
REAL-COM20-HIGH-00863,2026-09-19 16:27:17.296,138.29,21.33,0.461,7.11,3.79,20.9,High Risk,Moderate Risk,YELLOW,COM20
REAL-COM20-HIGH-00864,2026-09-19 16:27:17.490,140.63,21.53,0.4688,7.1767,3.82,20.7,High Risk,Moderate Risk,YELLOW,COM20
REAL-COM20-HIGH-00865,2026-09-19 16:27:17.688,139.57,21.6,0.4652,7.2,3.83,20.7,High Risk,Moderate Risk,YELLOW,COM20
REAL-COM20-HIGH-00866,2026-09-19 16:27:17.890,138.36,21.68,0.4612,7.2267,3.84,20.6,High Risk,Moderate Risk,YELLOW,COM20
REAL-COM20-HIGH-00867,2026-09-19 16:27:18.088,137.23,21.77,0.4574,7.2567,3.86,20.6,High Risk,Moderate Risk,YELLOW,COM20
REAL-COM20-HIGH-00868,2026-09-19 16:27:18.287,139.98,21.52,0.4666,7.1733,3.82,20.7,High Risk,Moderate Risk,YELLOW,COM20
REAL-COM20-HIGH-00869,2026-09-19 16:27:18.489,138.16,21.8,0.4605,7.2667,3.86,20.6,High Risk,Moderate Risk,YELLOW,COM20
REAL-COM20-HIGH-00870,2026-09-19 16:27:18.691,138.65,21.47,0.4622,7.1567,3.81,20.8,High Risk,Moderate Risk,YELLOW,COM20
REAL-COM20-HIGH-00871,2026-09-19 16:27:18.897,139.59,21.81,0.4653,7.27,3.87,20.5,High Risk,Moderate Risk,YELLOW,COM20
REAL-COM20-HIGH-00872,2026-09-19 16:27:19.097,136.96,21.83,0.4565,7.2767,3.87,20.5,High Risk,Moderate Risk,YELLOW,COM20
REAL-COM20-HIGH-00873,2026-09-19 16:27:19.295,137.96,22.0,0.4599,7.3333,3.9,20.4,High Risk,Moderate Risk,YELLOW,COM20
REAL-COM20-HIGH-00874,2026-09-19 16:27:19.496,137.07,21.73,0.4569,7.2433,3.85,20.6,High Risk,Moderate Risk,YELLOW,COM20
REAL-COM20-HIGH-00875,2026-09-19 16:27:19.688,139.66,21.69,0.4655,7.23,3.85,20.6,High Risk,Moderate Risk,YELLOW,COM20
REAL-COM20-HIGH-00876,2026-09-19 16:27:19.893,137.62,21.8,0.4587,7.2667,3.86,20.6,High Risk,Moderate Risk,YELLOW,COM20
REAL-COM20-HIGH-00877,2026-09-19 16:27:20.097,138.45,22.0,0.4615,7.3333,3.9,20.4,High Risk,Moderate Risk,YELLOW,COM20
REAL-COM20-HIGH-00878,2026-09-19 16:27:20.296,139.71,21.67,0.4657,7.2233,3.84,20.6,High Risk,Moderate Risk,YELLOW,COM20
REAL-COM20-HIGH-00879,2026-09-19 16:27:20.497,139.25,21.75,0.4642,7.25,3.86,20.6,High Risk,Moderate Risk,YELLOW,COM20
REAL-COM20-HIGH-00880,2026-09-19 16:27:20.697,137.82,22.02,0.4594,7.34,3.9,20.4,High Risk,Moderate Risk,YELLOW,COM20
REAL-COM20-HIGH-00881,2026-09-19 16:27:20.892,138.95,21.82,0.4632,7.2733,3.87,20.5,High Risk,Moderate Risk,YELLOW,COM20
REAL-COM20-HIGH-00882,2026-09-19 16:27:21.096,140.35,22.15,0.4678,7.3833,3.92,20.3,High Risk,Moderate Risk,YELLOW,COM20
REAL-COM20-HIGH-00883,2026-09-19 16:27:21.293,140.53,21.84,0.4684,7.28,3.87,20.5,High Risk,Moderate Risk,YELLOW,COM20
REAL-COM20-HIGH-00884,2026-09-19 16:27:21.492,137.81,21.49,0.4594,7.1633,3.81,20.8,High Risk,Moderate Risk,YELLOW,COM20
REAL-COM20-HIGH-00885,2026-09-19 16:27:21.692,138.15,21.61,0.4605,7.2033,3.83,20.7,High Risk,Moderate Risk,YELLOW,COM20
REAL-COM20-HIGH-00886,2026-09-19 16:27:21.887,138.69,21.63,0.4623,7.21,3.84,20.7,High Risk,Moderate Risk,YELLOW,COM20
REAL-COM20-HIGH-00887,2026-09-19 16:27:22.096,139.1,21.73,0.4637,7.2433,3.85,20.6,High Risk,Moderate Risk,YELLOW,COM20
REAL-COM20-HIGH-00888,2026-09-19 16:27:22.297,138.49,21.78,0.4616,7.26,3.86,20.6,High Risk,Moderate Risk,YELLOW,COM20
REAL-COM20-HIGH-00889,2026-09-19 16:27:22.496,139.43,21.76,0.4648,7.2533,3.86,20.6,High Risk,Moderate Risk,YELLOW,COM20
REAL-COM20-HIGH-00890,2026-09-19 16:27:22.695,139.72,22.18,0.4657,7.3933,3.93,20.3,High Risk,Moderate Risk,YELLOW,COM20
REAL-COM20-HIGH-00891,2026-09-19 16:27:22.891,136.19,21.99,0.454,7.33,3.89,20.4,High Risk,Moderate Risk,YELLOW,COM20
REAL-COM20-HIGH-00892,2026-09-19 16:27:23.096,138.14,21.97,0.4605,7.3233,3.89,20.4,High Risk,Moderate Risk,YELLOW,COM20
REAL-COM20-HIGH-00893,2026-09-19 16:27:23.292,137.74,21.84,0.4591,7.28,3.87,20.5,High Risk,Moderate Risk,YELLOW,COM20
REAL-COM20-HIGH-00894,2026-09-19 16:27:23.487,139.56,21.93,0.4652,7.31,3.89,20.5,High Risk,Moderate Risk,YELLOW,COM20
REAL-COM20-HIGH-00895,2026-09-19 16:27:23.697,138.27,22.0,0.4609,7.3333,3.9,20.4,High Risk,Moderate Risk,YELLOW,COM20
REAL-COM20-HIGH-00896,2026-09-19 16:27:23.895,138.54,21.94,0.4618,7.3133,3.89,20.5,High Risk,Moderate Risk,YELLOW,COM20
REAL-COM20-HIGH-00897,2026-09-19 16:27:24.095,140.1,21.87,0.467,7.29,3.88,20.5,High Risk,Moderate Risk,YELLOW,COM20
REAL-COM20-HIGH-00898,2026-09-19 16:27:24.296,139.18,21.89,0.4639,7.2967,3.88,20.5,High Risk,Moderate Risk,YELLOW,COM20
REAL-COM20-HIGH-00899,2026-09-19 16:27:24.497,137.09,21.81,0.457,7.27,3.86,20.6,High Risk,Moderate Risk,YELLOW,COM20
REAL-COM20-HIGH-00900,2026-09-19 16:27:24.696,138.64,21.96,0.4621,7.32,3.89,20.4,High Risk,Moderate Risk,YELLOW,COM20
REAL-COM20-HIGH-00901,2026-09-19 16:27:24.887,139.63,21.92,0.4654,7.3067,3.89,20.5,High Risk,Moderate Risk,YELLOW,COM20
REAL-COM20-HIGH-00902,2026-09-19 16:27:25.096,138.91,21.79,0.463,7.2633,3.86,20.6,High Risk,Moderate Risk,YELLOW,COM20
REAL-COM20-HIGH-00903,2026-09-19 16:27:25.296,137.65,21.85,0.4588,7.2833,3.87,20.5,High Risk,Moderate Risk,YELLOW,COM20
REAL-COM20-HIGH-00904,2026-09-19 16:27:25.496,136.74,22.12,0.4558,7.3733,3.91,20.3,High Risk,Moderate Risk,YELLOW,COM20
REAL-COM20-HIGH-00905,2026-09-19 16:27:25.696,139.05,21.75,0.4635,7.25,3.86,20.6,High Risk,Moderate Risk,YELLOW,COM20
REAL-COM20-HIGH-00906,2026-09-19 16:27:25.896,138.0,21.72,0.46,7.24,3.85,20.6,High Risk,Moderate Risk,YELLOW,COM20
REAL-COM20-HIGH-00907,2026-09-19 16:27:26.097,138.85,21.76,0.4628,7.2533,3.86,20.6,High Risk,Moderate Risk,YELLOW,COM20
REAL-COM20-HIGH-00908,2026-09-19 16:27:26.292,138.26,22.01,0.4609,7.3367,3.9,20.4,High Risk,Moderate Risk,YELLOW,COM20
REAL-COM20-HIGH-00909,2026-09-19 16:27:26.496,139.05,21.46,0.4635,7.1533,3.81,20.8,High Risk,Moderate Risk,YELLOW,COM20
REAL-COM20-HIGH-00910,2026-09-19 16:27:26.697,138.27,21.67,0.4609,7.2233,3.84,20.7,High Risk,Moderate Risk,YELLOW,COM20
REAL-COM20-HIGH-00911,2026-09-19 16:27:26.898,139.2,21.95,0.464,7.3167,3.89,20.4,High Risk,Moderate Risk,YELLOW,COM20
REAL-COM20-HIGH-00912,2026-09-19 16:27:27.096,138.11,21.6,0.4604,7.2,3.83,20.7,High Risk,Moderate Risk,YELLOW,COM20
REAL-COM20-HIGH-00913,2026-09-19 16:27:27.297,139.16,21.93,0.4639,7.31,3.89,20.5,High Risk,Moderate Risk,YELLOW,COM20
REAL-COM20-HIGH-00914,2026-09-19 16:27:27.497,139.28,21.74,0.4643,7.2467,3.86,20.6,High Risk,Moderate Risk,YELLOW,COM20
REAL-COM20-HIGH-00915,2026-09-19 16:27:27.696,138.85,21.79,0.4628,7.2633,3.86,20.6,High Risk,Moderate Risk,YELLOW,COM20
REAL-COM20-HIGH-00916,2026-09-19 16:27:27.897,138.1,21.77,0.4603,7.2567,3.86,20.6,High Risk,Moderate Risk,YELLOW,COM20
REAL-COM20-HIGH-00917,2026-09-19 16:27:28.096,138.77,21.73,0.4626,7.2433,3.85,20.6,High Risk,Moderate Risk,YELLOW,COM20
REAL-COM20-HIGH-00918,2026-09-19 16:27:28.291,139.55,21.58,0.4652,7.1933,3.83,20.7,High Risk,Moderate Risk,YELLOW,COM20
REAL-COM20-HIGH-00919,2026-09-19 16:27:28.493,137.89,21.6,0.4596,7.2,3.83,20.7,High Risk,Moderate Risk,YELLOW,COM20
REAL-COM20-HIGH-00920,2026-09-19 16:27:28.692,139.77,21.66,0.4659,7.22,3.84,20.7,High Risk,Moderate Risk,YELLOW,COM20
REAL-COM20-HIGH-00921,2026-09-19 16:27:28.896,136.98,21.56,0.4566,7.1867,3.82,20.7,High Risk,Moderate Risk,YELLOW,COM20
REAL-COM20-HIGH-00922,2026-09-19 16:27:29.094,136.3,21.47,0.4543,7.1567,3.81,20.8,High Risk,Moderate Risk,YELLOW,COM20
REAL-COM20-HIGH-00923,2026-09-19 16:27:29.297,138.97,21.5,0.4632,7.1667,3.81,20.8,High Risk,Moderate Risk,YELLOW,COM20
REAL-COM20-HIGH-00924,2026-09-19 16:27:29.491,138.07,21.71,0.4602,7.2367,3.85,20.6,High Risk,Moderate Risk,YELLOW,COM20
REAL-COM20-HIGH-00925,2026-09-19 16:27:29.694,138.29,21.68,0.461,7.2267,3.84,20.6,High Risk,Moderate Risk,YELLOW,COM20
REAL-COM20-HIGH-00926,2026-09-19 16:27:29.896,136.68,21.95,0.4556,7.3167,3.89,20.5,High Risk,Moderate Risk,YELLOW,COM20
REAL-COM20-HIGH-00927,2026-09-19 16:27:30.095,139.0,21.49,0.4633,7.1633,3.81,20.8,High Risk,Moderate Risk,YELLOW,COM20
REAL-COM20-HIGH-00928,2026-09-19 16:27:30.297,138.94,21.78,0.4631,7.26,3.86,20.6,High Risk,Moderate Risk,YELLOW,COM20
REAL-COM20-HIGH-00929,2026-09-19 16:27:30.495,136.91,21.57,0.4564,7.19,3.82,20.7,High Risk,Moderate Risk,YELLOW,COM20
REAL-COM20-HIGH-00930,2026-09-19 16:27:30.689,139.36,21.55,0.4645,7.1833,3.82,20.7,High Risk,Moderate Risk,YELLOW,COM20
REAL-COM20-HIGH-00931,2026-09-19 16:27:30.891,139.3,22.05,0.4643,7.35,3.91,20.4,High Risk,Moderate Risk,YELLOW,COM20
REAL-COM20-HIGH-00932,2026-09-19 16:27:31.090,137.3,21.87,0.4577,7.29,3.87,20.5,High Risk,Moderate Risk,YELLOW,COM20
REAL-COM20-HIGH-00933,2026-09-19 16:27:31.292,139.04,22.13,0.4635,7.3767,3.92,20.3,High Risk,Moderate Risk,YELLOW,COM20
REAL-COM20-HIGH-00934,2026-09-19 16:27:31.488,138.71,21.98,0.4624,7.3267,3.89,20.4,High Risk,Moderate Risk,YELLOW,COM20
REAL-COM20-HIGH-00935,2026-09-19 16:27:31.694,136.56,22.03,0.4552,7.3433,3.9,20.4,High Risk,Moderate Risk,YELLOW,COM20
REAL-COM20-HIGH-00936,2026-09-19 16:27:31.891,138.22,21.42,0.4607,7.14,3.8,20.8,High Risk,Moderate Risk,YELLOW,COM20
REAL-COM20-HIGH-00937,2026-09-19 16:27:32.093,139.69,21.67,0.4656,7.2233,3.84,20.6,High Risk,Moderate Risk,YELLOW,COM20
REAL-COM20-HIGH-00938,2026-09-19 16:27:32.293,137.49,21.16,0.4583,7.0533,3.76,21.0,High Risk,Moderate Risk,YELLOW,COM20
REAL-COM20-HIGH-00939,2026-09-19 16:27:32.493,138.59,21.0,0.462,7.0,3.73,21.1,High Risk,Moderate Risk,YELLOW,COM20
REAL-COM20-HIGH-00940,2026-09-19 16:27:32.695,139.04,21.25,0.4635,7.0833,3.77,21.0,High Risk,Moderate Risk,YELLOW,COM20
REAL-COM20-HIGH-00941,2026-09-19 16:27:32.894,138.5,21.25,0.4617,7.0833,3.77,21.0,High Risk,Moderate Risk,YELLOW,COM20
REAL-COM20-HIGH-00942,2026-09-19 16:27:33.095,139.08,21.15,0.4636,7.05,3.76,21.0,High Risk,Moderate Risk,YELLOW,COM20
REAL-COM20-HIGH-00943,2026-09-19 16:27:33.290,139.54,21.52,0.4651,7.1733,3.82,20.7,High Risk,Moderate Risk,YELLOW,COM20
REAL-COM20-HIGH-00944,2026-09-19 16:27:33.487,135.95,21.2,0.4532,7.0667,3.76,21.0,High Risk,Moderate Risk,YELLOW,COM20
REAL-COM20-HIGH-00945,2026-09-19 16:27:33.691,138.13,21.35,0.4604,7.1167,3.79,20.9,High Risk,Moderate Risk,YELLOW,COM20
REAL-COM20-HIGH-00946,2026-09-19 16:27:33.890,137.21,21.3,0.4574,7.1,3.78,20.9,High Risk,Moderate Risk,YELLOW,COM20
REAL-COM20-HIGH-00947,2026-09-19 16:27:34.093,139.28,21.06,0.4643,7.02,3.74,21.1,High Risk,Moderate Risk,YELLOW,COM20
REAL-COM20-HIGH-00948,2026-09-19 16:27:34.295,137.09,21.54,0.457,7.18,3.82,20.8,High Risk,Moderate Risk,YELLOW,COM20
REAL-COM20-HIGH-00949,2026-09-19 16:27:34.497,137.79,21.61,0.4593,7.2033,3.83,20.7,High Risk,Moderate Risk,YELLOW,COM20
REAL-COM20-HIGH-00950,2026-09-19 16:27:34.696,137.89,21.41,0.4596,7.1367,3.8,20.8,High Risk,Moderate Risk,YELLOW,COM20
REAL-COM20-HIGH-00951,2026-09-19 16:27:34.895,137.65,21.42,0.4588,7.14,3.8,20.8,High Risk,Moderate Risk,YELLOW,COM20
REAL-COM20-HIGH-00952,2026-09-19 16:27:35.096,139.32,21.39,0.4644,7.13,3.8,20.8,High Risk,Moderate Risk,YELLOW,COM20
REAL-COM20-HIGH-00953,2026-09-19 16:27:35.295,136.97,21.06,0.4566,7.02,3.74,21.1,High Risk,Moderate Risk,YELLOW,COM20
REAL-COM20-HIGH-00954,2026-09-19 16:27:35.493,137.07,21.34,0.4569,7.1133,3.78,20.9,High Risk,Moderate Risk,YELLOW,COM20
REAL-COM20-HIGH-00955,2026-09-19 16:27:35.696,137.03,21.47,0.4568,7.1567,3.81,20.8,High Risk,Moderate Risk,YELLOW,COM20
REAL-COM20-HIGH-00956,2026-09-19 16:27:35.892,138.84,21.24,0.4628,7.08,3.77,21.0,High Risk,Moderate Risk,YELLOW,COM20
REAL-COM20-HIGH-00957,2026-09-19 16:27:36.093,138.3,21.1,0.461,7.0333,3.75,21.1,High Risk,Moderate Risk,YELLOW,COM20
REAL-COM20-HIGH-00958,2026-09-19 16:27:36.291,138.06,20.94,0.4602,6.98,3.72,21.2,High Risk,Moderate Risk,YELLOW,COM20
REAL-COM20-HIGH-00959,2026-09-19 16:27:36.495,138.37,21.11,0.4612,7.0367,3.75,21.1,High Risk,Moderate Risk,YELLOW,COM20
REAL-COM20-HIGH-00960,2026-09-19 16:27:36.698,138.54,20.8,0.4618,6.9333,3.7,21.3,High Risk,Moderate Risk,YELLOW,COM20
REAL-COM20-HIGH-00961,2026-09-19 16:27:36.895,139.75,21.26,0.4658,7.0867,3.78,20.9,High Risk,Moderate Risk,YELLOW,COM20
REAL-COM20-HIGH-00962,2026-09-19 16:27:37.093,138.12,21.26,0.4604,7.0867,3.77,20.9,High Risk,Moderate Risk,YELLOW,COM20
REAL-COM20-HIGH-00963,2026-09-19 16:27:37.290,138.69,21.28,0.4623,7.0933,3.78,20.9,High Risk,Moderate Risk,YELLOW,COM20
REAL-COM20-HIGH-00964,2026-09-19 16:27:37.495,139.5,21.05,0.465,7.0167,3.74,21.1,High Risk,Moderate Risk,YELLOW,COM20
REAL-COM20-HIGH-00965,2026-09-19 16:27:37.693,137.72,21.26,0.4591,7.0867,3.77,21.0,High Risk,Moderate Risk,YELLOW,COM20
REAL-COM20-HIGH-00966,2026-09-19 16:27:37.892,136.83,21.2,0.4561,7.0667,3.76,21.0,High Risk,Moderate Risk,YELLOW,COM20
REAL-COM20-HIGH-00967,2026-09-19 16:27:38.095,138.05,21.08,0.4602,7.0267,3.74,21.1,High Risk,Moderate Risk,YELLOW,COM20
REAL-COM20-HIGH-00968,2026-09-19 16:27:38.296,138.73,21.04,0.4624,7.0133,3.74,21.1,High Risk,Moderate Risk,YELLOW,COM20
REAL-COM20-HIGH-00969,2026-09-19 16:27:38.495,138.75,20.84,0.4625,6.9467,3.7,21.3,High Risk,Moderate Risk,YELLOW,COM20
REAL-COM20-HIGH-00970,2026-09-19 16:27:38.696,138.05,21.04,0.4602,7.0133,3.74,21.1,High Risk,Moderate Risk,YELLOW,COM20
REAL-COM20-HIGH-00971,2026-09-19 16:27:38.896,139.33,21.07,0.4644,7.0233,3.74,21.1,High Risk,Moderate Risk,YELLOW,COM20
REAL-COM20-HIGH-00972,2026-09-19 16:27:39.097,136.73,21.26,0.4558,7.0867,3.77,21.0,High Risk,Moderate Risk,YELLOW,COM20
REAL-COM20-HIGH-00973,2026-09-19 16:27:39.295,138.2,21.16,0.4607,7.0533,3.76,21.0,High Risk,Moderate Risk,YELLOW,COM20
REAL-COM20-HIGH-00974,2026-09-19 16:27:39.492,137.25,20.94,0.4575,6.98,3.72,21.2,High Risk,Moderate Risk,YELLOW,COM20
REAL-COM20-HIGH-00975,2026-09-19 16:27:39.696,138.24,21.53,0.4608,7.1767,3.82,20.8,High Risk,Moderate Risk,YELLOW,COM20
REAL-COM20-HIGH-00976,2026-09-19 16:27:39.893,138.1,21.55,0.4603,7.1833,3.82,20.7,High Risk,Moderate Risk,YELLOW,COM20
REAL-COM20-HIGH-00977,2026-09-19 16:27:40.091,138.18,21.65,0.4606,7.2167,3.84,20.7,High Risk,Moderate Risk,YELLOW,COM20
REAL-COM20-HIGH-00978,2026-09-19 16:27:40.292,139.19,21.26,0.464,7.0867,3.78,20.9,High Risk,Moderate Risk,YELLOW,COM20
REAL-COM20-HIGH-00979,2026-09-19 16:27:40.493,136.97,20.97,0.4566,6.99,3.72,21.2,High Risk,Moderate Risk,YELLOW,COM20
REAL-COM20-HIGH-00980,2026-09-19 16:27:40.693,139.36,21.14,0.4645,7.0467,3.76,21.0,High Risk,Moderate Risk,YELLOW,COM20
REAL-COM20-HIGH-00981,2026-09-19 16:27:40.891,137.99,21.09,0.46,7.03,3.74,21.1,High Risk,Moderate Risk,YELLOW,COM20
REAL-COM20-HIGH-00982,2026-09-19 16:27:41.092,139.09,20.82,0.4636,6.94,3.7,21.3,High Risk,Moderate Risk,YELLOW,COM20
REAL-COM20-HIGH-00983,2026-09-19 16:27:41.292,140.34,20.64,0.4678,6.88,3.67,21.4,High Risk,Moderate Risk,YELLOW,COM20
REAL-COM20-HIGH-00984,2026-09-19 16:27:41.493,137.72,21.04,0.4591,7.0133,3.74,21.1,High Risk,Moderate Risk,YELLOW,COM20
REAL-COM20-HIGH-00985,2026-09-19 16:27:41.694,140.52,21.1,0.4684,7.0333,3.75,21.1,High Risk,Moderate Risk,YELLOW,COM20
REAL-COM20-HIGH-00986,2026-09-19 16:27:41.895,139.61,21.21,0.4654,7.07,3.77,21.0,High Risk,Moderate Risk,YELLOW,COM20
REAL-COM20-HIGH-00987,2026-09-19 16:27:42.095,140.02,21.24,0.4667,7.08,3.77,20.9,High Risk,Moderate Risk,YELLOW,COM20
REAL-COM20-HIGH-00988,2026-09-19 16:27:42.296,137.75,21.19,0.4592,7.0633,3.76,21.0,High Risk,Moderate Risk,YELLOW,COM20
REAL-COM20-HIGH-00989,2026-09-19 16:27:42.495,137.45,21.19,0.4582,7.0633,3.76,21.0,High Risk,Moderate Risk,YELLOW,COM20
REAL-COM20-HIGH-00990,2026-09-19 16:27:42.696,137.71,21.44,0.459,7.1467,3.8,20.8,High Risk,Moderate Risk,YELLOW,COM20
REAL-COM20-HIGH-00991,2026-09-19 16:27:42.896,138.65,21.24,0.4622,7.08,3.77,21.0,High Risk,Moderate Risk,YELLOW,COM20
REAL-COM20-HIGH-00992,2026-09-19 16:27:43.097,138.71,21.36,0.4624,7.12,3.79,20.9,High Risk,Moderate Risk,YELLOW,COM20
REAL-COM20-HIGH-00993,2026-09-19 16:27:43.290,139.11,21.3,0.4637,7.1,3.78,20.9,High Risk,Moderate Risk,YELLOW,COM20
REAL-COM20-HIGH-00994,2026-09-19 16:27:43.494,138.6,21.29,0.462,7.0967,3.78,20.9,High Risk,Moderate Risk,YELLOW,COM20
REAL-COM20-HIGH-00995,2026-09-19 16:27:43.690,139.42,21.4,0.4647,7.1333,3.8,20.8,High Risk,Moderate Risk,YELLOW,COM20
REAL-COM20-HIGH-00996,2026-09-19 16:27:43.892,139.23,21.49,0.4641,7.1633,3.81,20.8,High Risk,Moderate Risk,YELLOW,COM20
REAL-COM20-HIGH-00997,2026-09-19 16:27:44.094,138.08,21.82,0.4603,7.2733,3.87,20.5,High Risk,Moderate Risk,YELLOW,COM20
REAL-COM20-HIGH-00998,2026-09-19 16:27:44.291,138.38,21.67,0.4613,7.2233,3.84,20.7,High Risk,Moderate Risk,YELLOW,COM20
REAL-COM20-HIGH-00999,2026-09-19 16:27:44.495,140.05,21.77,0.4668,7.2567,3.86,20.6,High Risk,Moderate Risk,YELLOW,COM20
REAL-COM20-HIGH-01000,2026-09-19 16:27:44.694,138.25,21.78,0.4608,7.26,3.86,20.6,High Risk,Moderate Risk,YELLOW,COM20
REAL-COM20-HIGH-01001,2026-09-19 16:27:44.895,138.54,21.55,0.4618,7.1833,3.82,20.7,High Risk,Moderate Risk,YELLOW,COM20
REAL-COM20-HIGH-01002,2026-09-19 16:27:45.097,139.62,21.86,0.4654,7.2867,3.88,20.5,High Risk,Moderate Risk,YELLOW,COM20
REAL-COM20-HIGH-01003,2026-09-19 16:27:45.296,137.2,21.93,0.4573,7.31,3.88,20.5,High Risk,Moderate Risk,YELLOW,COM20
REAL-COM20-HIGH-01004,2026-09-19 16:27:45.496,137.62,21.87,0.4587,7.29,3.87,20.5,High Risk,Moderate Risk,YELLOW,COM20
REAL-COM20-HIGH-01005,2026-09-19 16:27:45.696,138.08,21.85,0.4603,7.2833,3.87,20.5,High Risk,Moderate Risk,YELLOW,COM20
REAL-COM20-HIGH-01006,2026-09-19 16:27:45.892,139.67,21.69,0.4656,7.23,3.85,20.6,High Risk,Moderate Risk,YELLOW,COM20
REAL-COM20-HIGH-01007,2026-09-19 16:27:46.092,139.29,21.77,0.4643,7.2567,3.86,20.6,High Risk,Moderate Risk,YELLOW,COM20
REAL-COM20-HIGH-01008,2026-09-19 16:27:46.292,139.33,21.64,0.4644,7.2133,3.84,20.7,High Risk,Moderate Risk,YELLOW,COM20
REAL-COM20-HIGH-01009,2026-09-19 16:27:46.496,138.44,21.69,0.4615,7.23,3.85,20.6,High Risk,Moderate Risk,YELLOW,COM20
REAL-COM20-HIGH-01010,2026-09-19 16:27:46.693,137.27,21.78,0.4576,7.26,3.86,20.6,High Risk,Moderate Risk,YELLOW,COM20
REAL-COM20-HIGH-01011,2026-09-19 16:27:46.895,137.34,21.77,0.4578,7.2567,3.86,20.6,High Risk,Moderate Risk,YELLOW,COM20
REAL-COM20-HIGH-01012,2026-09-19 16:27:47.096,138.45,21.61,0.4615,7.2033,3.83,20.7,High Risk,Moderate Risk,YELLOW,COM20
REAL-COM20-HIGH-01013,2026-09-19 16:27:47.287,138.07,21.73,0.4602,7.2433,3.85,20.6,High Risk,Moderate Risk,YELLOW,COM20
REAL-COM20-HIGH-01014,2026-09-19 16:27:47.493,137.26,21.6,0.4575,7.2,3.83,20.7,High Risk,Moderate Risk,YELLOW,COM20
REAL-COM20-HIGH-01015,2026-09-19 16:27:47.693,138.32,21.87,0.4611,7.29,3.88,20.5,High Risk,Moderate Risk,YELLOW,COM20
REAL-COM20-HIGH-01016,2026-09-19 16:27:47.893,137.85,21.94,0.4595,7.3133,3.89,20.5,High Risk,Moderate Risk,YELLOW,COM20
REAL-COM20-HIGH-01017,2026-09-19 16:27:48.093,140.72,21.65,0.4691,7.2167,3.84,20.7,High Risk,Moderate Risk,YELLOW,COM20
REAL-COM20-HIGH-01018,2026-09-19 16:27:48.292,138.63,22.15,0.4621,7.3833,3.92,20.3,High Risk,Moderate Risk,YELLOW,COM20
REAL-COM20-HIGH-01019,2026-09-19 16:27:48.492,139.38,21.94,0.4646,7.3133,3.89,20.5,High Risk,Moderate Risk,YELLOW,COM20
REAL-COM20-HIGH-01020,2026-09-19 16:27:48.693,139.29,22.08,0.4643,7.36,3.91,20.4,High Risk,Moderate Risk,YELLOW,COM20
REAL-COM20-HIGH-01021,2026-09-19 16:27:48.892,137.69,21.72,0.459,7.24,3.85,20.6,High Risk,Moderate Risk,YELLOW,COM20
REAL-COM20-HIGH-01022,2026-09-19 16:27:49.093,139.24,21.88,0.4641,7.2933,3.88,20.5,High Risk,Moderate Risk,YELLOW,COM20
REAL-COM20-HIGH-01023,2026-09-19 16:27:49.288,139.31,21.65,0.4644,7.2167,3.84,20.7,High Risk,Moderate Risk,YELLOW,COM20
REAL-COM20-HIGH-01024,2026-09-19 16:27:49.492,140.19,21.79,0.4673,7.2633,3.87,20.6,High Risk,Moderate Risk,YELLOW,COM20
REAL-COM20-HIGH-01025,2026-09-19 16:27:49.692,137.96,21.6,0.4599,7.2,3.83,20.7,High Risk,Moderate Risk,YELLOW,COM20
REAL-COM20-HIGH-01026,2026-09-19 16:27:49.897,138.18,21.71,0.4606,7.2367,3.85,20.6,High Risk,Moderate Risk,YELLOW,COM20
REAL-COM20-HIGH-01027,2026-09-19 16:27:50.092,138.58,21.84,0.4619,7.28,3.87,20.5,High Risk,Moderate Risk,YELLOW,COM20
REAL-COM20-HIGH-01028,2026-09-19 16:27:50.297,137.01,21.86,0.4567,7.2867,3.87,20.5,High Risk,Moderate Risk,YELLOW,COM20
REAL-COM20-HIGH-01029,2026-09-19 16:27:50.492,136.35,21.66,0.4545,7.22,3.84,20.7,High Risk,Moderate Risk,YELLOW,COM20
REAL-COM20-HIGH-01030,2026-09-19 16:27:50.693,137.86,21.83,0.4595,7.2767,3.87,20.5,High Risk,Moderate Risk,YELLOW,COM20
REAL-COM20-HIGH-01031,2026-09-19 16:27:50.892,139.82,21.99,0.4661,7.33,3.9,20.4,High Risk,Moderate Risk,YELLOW,COM20
REAL-COM20-HIGH-01032,2026-09-19 16:27:51.095,139.74,21.98,0.4658,7.3267,3.9,20.4,High Risk,Moderate Risk,YELLOW,COM20
REAL-COM20-HIGH-01033,2026-09-19 16:27:51.294,136.46,21.92,0.4549,7.3067,3.88,20.5,High Risk,Moderate Risk,YELLOW,COM20
REAL-COM20-HIGH-01034,2026-09-19 16:27:51.492,137.91,21.9,0.4597,7.3,3.88,20.5,High Risk,Moderate Risk,YELLOW,COM20
REAL-COM20-HIGH-01035,2026-09-19 16:27:51.692,139.03,21.97,0.4634,7.3233,3.89,20.4,High Risk,Moderate Risk,YELLOW,COM20
REAL-COM20-HIGH-01036,2026-09-19 16:27:51.893,139.59,21.92,0.4653,7.3067,3.89,20.5,High Risk,Moderate Risk,YELLOW,COM20
REAL-COM20-HIGH-01037,2026-09-19 16:27:52.093,138.22,21.98,0.4607,7.3267,3.89,20.4,High Risk,Moderate Risk,YELLOW,COM20
REAL-COM20-HIGH-01038,2026-09-19 16:27:52.297,140.22,21.73,0.4674,7.2433,3.86,20.6,High Risk,Moderate Risk,YELLOW,COM20
REAL-COM20-HIGH-01039,2026-09-19 16:27:52.493,138.53,21.9,0.4618,7.3,3.88,20.5,High Risk,Moderate Risk,YELLOW,COM20
REAL-COM20-HIGH-01040,2026-09-19 16:27:52.696,138.53,21.95,0.4618,7.3167,3.89,20.4,High Risk,Moderate Risk,YELLOW,COM20
REAL-COM20-HIGH-01041,2026-09-19 16:27:52.895,138.54,21.82,0.4618,7.2733,3.87,20.5,High Risk,Moderate Risk,YELLOW,COM20
REAL-COM20-HIGH-01042,2026-09-19 16:27:53.092,136.72,21.67,0.4557,7.2233,3.84,20.7,High Risk,Moderate Risk,YELLOW,COM20
REAL-COM20-HIGH-01043,2026-09-19 16:27:53.291,138.36,21.75,0.4612,7.25,3.86,20.6,High Risk,Moderate Risk,YELLOW,COM20
REAL-COM20-HIGH-01044,2026-09-19 16:27:53.495,138.89,21.75,0.463,7.25,3.86,20.6,High Risk,Moderate Risk,YELLOW,COM20
REAL-COM20-HIGH-01045,2026-09-19 16:27:53.696,136.84,22.11,0.4561,7.37,3.91,20.4,High Risk,Moderate Risk,YELLOW,COM20
REAL-COM20-HIGH-01046,2026-09-19 16:27:53.897,138.13,21.77,0.4604,7.2567,3.86,20.6,High Risk,Moderate Risk,YELLOW,COM20
REAL-COM20-HIGH-01047,2026-09-19 16:27:54.095,136.87,21.64,0.4562,7.2133,3.83,20.7,High Risk,Moderate Risk,YELLOW,COM20
REAL-COM20-HIGH-01048,2026-09-19 16:27:54.296,139.96,21.68,0.4665,7.2267,3.85,20.6,High Risk,Moderate Risk,YELLOW,COM20
REAL-COM20-HIGH-01049,2026-09-19 16:27:54.496,137.38,21.57,0.4579,7.19,3.82,20.7,High Risk,Moderate Risk,YELLOW,COM20
REAL-COM20-HIGH-01050,2026-09-19 16:27:54.696,139.33,21.83,0.4644,7.2767,3.87,20.5,High Risk,Moderate Risk,YELLOW,COM20
REAL-COM20-HIGH-01051,2026-09-19 16:27:54.897,137.54,21.64,0.4585,7.2133,3.84,20.7,High Risk,Moderate Risk,YELLOW,COM20
REAL-COM20-HIGH-01052,2026-09-19 16:27:55.096,137.21,21.52,0.4574,7.1733,3.82,20.8,High Risk,Moderate Risk,YELLOW,COM20
REAL-COM20-HIGH-01053,2026-09-19 16:27:55.288,138.45,21.85,0.4615,7.2833,3.87,20.5,High Risk,Moderate Risk,YELLOW,COM20
REAL-COM20-HIGH-01054,2026-09-19 16:27:55.494,140.0,21.61,0.4667,7.2033,3.84,20.7,High Risk,Moderate Risk,YELLOW,COM20
REAL-COM20-HIGH-01055,2026-09-19 16:27:55.696,136.8,21.74,0.456,7.2467,3.85,20.6,High Risk,Moderate Risk,YELLOW,COM20
REAL-COM20-HIGH-01056,2026-09-19 16:27:55.894,139.21,21.56,0.464,7.1867,3.82,20.7,High Risk,Moderate Risk,YELLOW,COM20
REAL-COM20-HIGH-01057,2026-09-19 16:27:56.094,139.02,21.71,0.4634,7.2367,3.85,20.6,High Risk,Moderate Risk,YELLOW,COM20
REAL-COM20-HIGH-01058,2026-09-19 16:27:56.292,137.81,21.8,0.4594,7.2667,3.86,20.6,High Risk,Moderate Risk,YELLOW,COM20
REAL-COM20-HIGH-01059,2026-09-19 16:27:56.492,139.03,21.9,0.4634,7.3,3.88,20.5,High Risk,Moderate Risk,YELLOW,COM20
REAL-COM20-HIGH-01060,2026-09-19 16:27:56.697,138.48,22.05,0.4616,7.35,3.91,20.4,High Risk,Moderate Risk,YELLOW,COM20
REAL-COM20-HIGH-01061,2026-09-19 16:27:56.892,140.15,22.13,0.4672,7.3767,3.92,20.3,High Risk,Moderate Risk,YELLOW,COM20
REAL-COM20-HIGH-01062,2026-09-19 16:27:57.093,139.33,21.95,0.4644,7.3167,3.89,20.4,High Risk,Moderate Risk,YELLOW,COM20
REAL-COM20-HIGH-01063,2026-09-19 16:27:57.296,139.82,21.62,0.4661,7.2067,3.84,20.7,High Risk,Moderate Risk,YELLOW,COM20
REAL-COM20-HIGH-01064,2026-09-19 16:27:57.497,139.59,21.76,0.4653,7.2533,3.86,20.6,High Risk,Moderate Risk,YELLOW,COM20
REAL-COM20-HIGH-01065,2026-09-19 16:27:57.695,138.98,21.99,0.4633,7.33,3.9,20.4,High Risk,Moderate Risk,YELLOW,COM20
REAL-COM20-HIGH-01066,2026-09-19 16:27:57.895,136.9,21.89,0.4563,7.2967,3.88,20.5,High Risk,Moderate Risk,YELLOW,COM20
REAL-COM20-HIGH-01067,2026-09-19 16:27:58.097,139.04,21.65,0.4635,7.2167,3.84,20.7,High Risk,Moderate Risk,YELLOW,COM20
REAL-COM20-HIGH-01068,2026-09-19 16:27:58.295,138.69,21.94,0.4623,7.3133,3.89,20.5,High Risk,Moderate Risk,YELLOW,COM20
REAL-COM20-HIGH-01069,2026-09-19 16:27:58.493,138.13,22.03,0.4604,7.3433,3.9,20.4,High Risk,Moderate Risk,YELLOW,COM20
REAL-COM20-HIGH-01070,2026-09-19 16:27:58.692,139.72,21.89,0.4657,7.2967,3.88,20.5,High Risk,Moderate Risk,YELLOW,COM20
REAL-COM20-HIGH-01071,2026-09-19 16:27:58.897,139.33,21.79,0.4644,7.2633,3.86,20.6,High Risk,Moderate Risk,YELLOW,COM20
REAL-COM20-HIGH-01072,2026-09-19 16:27:59.087,137.19,22.11,0.4573,7.37,3.91,20.4,High Risk,Moderate Risk,YELLOW,COM20
REAL-COM20-HIGH-01073,2026-09-19 16:27:59.292,140.03,22.05,0.4668,7.35,3.91,20.4,High Risk,Moderate Risk,YELLOW,COM20
REAL-COM20-HIGH-01074,2026-09-19 16:27:59.495,138.45,22.07,0.4615,7.3567,3.91,20.4,High Risk,Moderate Risk,YELLOW,COM20
REAL-COM20-HIGH-01075,2026-09-19 16:27:59.692,139.32,22.45,0.4644,7.4833,3.97,20.1,High Risk,Moderate Risk,YELLOW,COM20
REAL-COM20-HIGH-01076,2026-09-19 16:27:59.896,137.08,22.02,0.4569,7.34,3.9,20.4,High Risk,Moderate Risk,YELLOW,COM20
REAL-COM20-HIGH-01077,2026-09-19 16:28:00.096,137.36,21.97,0.4579,7.3233,3.89,20.5,High Risk,Moderate Risk,YELLOW,COM20
REAL-COM20-HIGH-01078,2026-09-19 16:28:00.287,138.1,22.3,0.4603,7.4333,3.95,20.2,High Risk,Moderate Risk,YELLOW,COM20
REAL-COM20-HIGH-01079,2026-09-19 16:28:00.494,137.15,22.22,0.4572,7.4067,3.93,20.3,High Risk,Moderate Risk,YELLOW,COM20
REAL-COM20-HIGH-01080,2026-09-19 16:28:00.687,138.91,22.02,0.463,7.34,3.9,20.4,High Risk,Moderate Risk,YELLOW,COM20
REAL-COM20-HIGH-01081,2026-09-19 16:28:00.892,138.57,22.14,0.4619,7.38,3.92,20.3,High Risk,Moderate Risk,YELLOW,COM20
REAL-COM20-HIGH-01082,2026-09-19 16:28:01.092,138.5,22.42,0.4617,7.4733,3.97,20.1,High Risk,Moderate Risk,YELLOW,COM20
REAL-COM20-HIGH-01083,2026-09-19 16:28:01.293,137.53,22.15,0.4584,7.3833,3.92,20.3,High Risk,Moderate Risk,YELLOW,COM20
REAL-COM20-HIGH-01084,2026-09-19 16:28:01.492,137.97,21.91,0.4599,7.3033,3.88,20.5,High Risk,Moderate Risk,YELLOW,COM20
REAL-COM20-HIGH-01085,2026-09-19 16:28:01.694,139.3,22.1,0.4643,7.3667,3.91,20.3,High Risk,Moderate Risk,YELLOW,COM20
REAL-COM20-HIGH-01086,2026-09-19 16:28:01.894,138.72,22.13,0.4624,7.3767,3.92,20.3,High Risk,Moderate Risk,YELLOW,COM20
REAL-COM20-HIGH-01087,2026-09-19 16:28:02.089,136.84,22.32,0.4561,7.44,3.95,20.2,High Risk,Moderate Risk,YELLOW,COM20
REAL-COM20-HIGH-01088,2026-09-19 16:28:02.291,138.46,22.26,0.4615,7.42,3.94,20.2,High Risk,Moderate Risk,YELLOW,COM20
REAL-COM20-HIGH-01089,2026-09-19 16:28:02.494,137.77,22.08,0.4592,7.36,3.91,20.4,High Risk,Moderate Risk,YELLOW,COM20
REAL-COM20-HIGH-01090,2026-09-19 16:28:02.692,139.16,22.04,0.4639,7.3467,3.91,20.4,High Risk,Moderate Risk,YELLOW,COM20
REAL-COM20-HIGH-01091,2026-09-19 16:28:02.896,135.87,22.4,0.4529,7.4667,3.96,20.2,High Risk,Moderate Risk,YELLOW,COM20
REAL-COM20-HIGH-01092,2026-09-19 16:28:03.097,138.37,22.57,0.4612,7.5233,3.99,20.0,High Risk,Moderate Risk,YELLOW,COM20
REAL-COM20-HIGH-01093,2026-09-19 16:28:03.297,139.34,22.21,0.4645,7.4033,3.93,20.3,High Risk,Moderate Risk,YELLOW,COM20
REAL-COM20-HIGH-01094,2026-09-19 16:28:03.494,139.75,22.47,0.4658,7.49,3.98,20.1,High Risk,Moderate Risk,YELLOW,COM20
REAL-COM20-HIGH-01095,2026-09-19 16:28:03.693,139.78,22.5,0.4659,7.5,3.98,20.1,High Risk,Moderate Risk,YELLOW,COM20
REAL-COM20-HIGH-01096,2026-09-19 16:28:03.893,137.64,22.31,0.4588,7.4367,3.95,20.2,High Risk,Moderate Risk,YELLOW,COM20
REAL-COM20-HIGH-01097,2026-09-19 16:28:04.091,138.2,22.31,0.4607,7.4367,3.95,20.2,High Risk,Moderate Risk,YELLOW,COM20
REAL-COM20-HIGH-01098,2026-09-19 16:28:04.287,138.23,22.12,0.4608,7.3733,3.92,20.3,High Risk,Moderate Risk,YELLOW,COM20
REAL-COM20-HIGH-01099,2026-09-19 16:28:04.492,139.14,22.45,0.4638,7.4833,3.97,20.1,High Risk,Moderate Risk,YELLOW,COM20
REAL-COM20-HIGH-01100,2026-09-19 16:28:04.690,138.07,22.21,0.4602,7.4033,3.93,20.3,High Risk,Moderate Risk,YELLOW,COM20
REAL-COM20-HIGH-01101,2026-09-19 16:28:04.892,138.35,22.18,0.4612,7.3933,3.93,20.3,High Risk,Moderate Risk,YELLOW,COM20
REAL-COM20-HIGH-01102,2026-09-19 16:28:05.094,138.37,22.04,0.4612,7.3467,3.9,20.4,High Risk,Moderate Risk,YELLOW,COM20
REAL-COM20-HIGH-01103,2026-09-19 16:28:05.290,138.69,22.37,0.4623,7.4567,3.96,20.2,High Risk,Moderate Risk,YELLOW,COM20
REAL-COM20-HIGH-01104,2026-09-19 16:28:05.492,139.88,22.61,0.4663,7.5367,4.0,20.0,High Risk,Moderate Risk,YELLOW,COM20
REAL-COM20-HIGH-01105,2026-09-19 16:28:05.692,140.45,22.12,0.4682,7.3733,3.92,20.3,High Risk,Moderate Risk,YELLOW,COM20
REAL-COM20-HIGH-01106,2026-09-19 16:28:05.890,138.09,22.27,0.4603,7.4233,3.94,20.2,High Risk,Moderate Risk,YELLOW,COM20
REAL-COM20-HIGH-01107,2026-09-19 16:28:06.091,136.37,22.28,0.4546,7.4267,3.94,20.2,High Risk,Moderate Risk,YELLOW,COM20
REAL-COM20-HIGH-01108,2026-09-19 16:28:06.296,138.44,21.96,0.4615,7.32,3.89,20.4,High Risk,Moderate Risk,YELLOW,COM20
REAL-COM20-HIGH-01109,2026-09-19 16:28:06.495,138.68,22.32,0.4623,7.44,3.95,20.2,High Risk,Moderate Risk,YELLOW,COM20
REAL-COM20-HIGH-01110,2026-09-19 16:28:06.693,138.37,22.19,0.4612,7.3967,3.93,20.3,High Risk,Moderate Risk,YELLOW,COM20
REAL-COM20-HIGH-01111,2026-09-19 16:28:06.895,136.95,22.33,0.4565,7.4433,3.95,20.2,High Risk,Moderate Risk,YELLOW,COM20
REAL-COM20-HIGH-01112,2026-09-19 16:28:07.096,138.47,22.3,0.4616,7.4333,3.95,20.2,High Risk,Moderate Risk,YELLOW,COM20
REAL-COM20-HIGH-01113,2026-09-19 16:28:07.296,136.53,22.38,0.4551,7.46,3.96,20.2,High Risk,Moderate Risk,YELLOW,COM20
REAL-COM20-HIGH-01114,2026-09-19 16:28:07.493,139.54,22.03,0.4651,7.3433,3.9,20.4,High Risk,Moderate Risk,YELLOW,COM20
REAL-COM20-HIGH-01115,2026-09-19 16:28:07.689,136.97,22.52,0.4566,7.5067,3.98,20.1,High Risk,Moderate Risk,YELLOW,COM20
REAL-COM20-HIGH-01116,2026-09-19 16:28:07.892,136.51,22.43,0.455,7.4767,3.97,20.1,High Risk,Moderate Risk,YELLOW,COM20
REAL-COM20-HIGH-01117,2026-09-19 16:28:08.096,139.15,22.56,0.4638,7.52,3.99,20.0,High Risk,Moderate Risk,YELLOW,COM20
REAL-COM20-HIGH-01118,2026-09-19 16:28:08.287,139.44,22.19,0.4648,7.3967,3.93,20.3,High Risk,Moderate Risk,YELLOW,COM20
REAL-COM20-HIGH-01119,2026-09-19 16:28:08.492,137.91,22.2,0.4597,7.4,3.93,20.3,High Risk,Moderate Risk,YELLOW,COM20
REAL-COM20-HIGH-01120,2026-09-19 16:28:08.692,140.38,22.27,0.4679,7.4233,3.95,20.2,High Risk,Moderate Risk,YELLOW,COM20
REAL-COM20-HIGH-01121,2026-09-19 16:28:08.892,140.32,22.03,0.4677,7.3433,3.9,20.4,High Risk,Moderate Risk,YELLOW,COM20
REAL-COM20-HIGH-01122,2026-09-19 16:28:09.092,137.53,22.31,0.4584,7.4367,3.95,20.2,High Risk,Moderate Risk,YELLOW,COM20
REAL-COM20-HIGH-01123,2026-09-19 16:28:09.292,138.73,22.39,0.4624,7.4633,3.96,20.1,High Risk,Moderate Risk,YELLOW,COM20
REAL-COM20-HIGH-01124,2026-09-19 16:28:09.495,138.21,22.29,0.4607,7.43,3.94,20.2,High Risk,Moderate Risk,YELLOW,COM20
REAL-COM20-HIGH-01125,2026-09-19 16:28:09.695,139.69,22.61,0.4656,7.5367,4.0,20.0,High Risk,Moderate Risk,YELLOW,COM20
REAL-COM20-HIGH-01126,2026-09-19 16:28:09.892,137.31,22.57,0.4577,7.5233,3.99,20.0,High Risk,Moderate Risk,YELLOW,COM20
REAL-COM20-HIGH-01127,2026-09-19 16:28:10.095,136.16,22.51,0.4539,7.5033,3.98,20.1,High Risk,Moderate Risk,YELLOW,COM20
REAL-COM20-HIGH-01128,2026-09-19 16:28:10.293,138.13,22.46,0.4604,7.4867,3.97,20.1,High Risk,Moderate Risk,YELLOW,COM20
REAL-COM20-HIGH-01129,2026-09-19 16:28:10.496,138.08,22.25,0.4603,7.4167,3.94,20.3,High Risk,Moderate Risk,YELLOW,COM20
REAL-COM20-HIGH-01130,2026-09-19 16:28:10.696,137.28,22.68,0.4576,7.56,4.01,20.0,High Risk,Moderate Risk,YELLOW,COM20
REAL-COM20-HIGH-01131,2026-09-19 16:28:10.893,142.18,22.59,0.4739,7.53,4.0,20.0,High Risk,Moderate Risk,YELLOW,COM20
REAL-COM20-HIGH-01132,2026-09-19 16:28:11.096,136.9,22.53,0.4563,7.51,3.98,20.1,High Risk,Moderate Risk,YELLOW,COM20
REAL-COM20-HIGH-01133,2026-09-19 16:28:11.294,140.84,22.37,0.4695,7.4567,3.96,20.1,High Risk,Moderate Risk,YELLOW,COM20
REAL-COM20-HIGH-01134,2026-09-19 16:28:11.495,139.33,22.53,0.4644,7.51,3.99,20.1,High Risk,Moderate Risk,YELLOW,COM20
REAL-COM20-HIGH-01135,2026-09-19 16:28:11.694,140.08,22.56,0.4669,7.52,3.99,20.0,High Risk,Moderate Risk,YELLOW,COM20
REAL-COM20-HIGH-01136,2026-09-19 16:28:11.897,136.65,22.44,0.4555,7.48,3.97,20.1,High Risk,Moderate Risk,YELLOW,COM20
REAL-COM20-HIGH-01137,2026-09-19 16:28:12.096,137.71,22.46,0.459,7.4867,3.97,20.1,High Risk,Moderate Risk,YELLOW,COM20
REAL-COM20-HIGH-01138,2026-09-19 16:28:12.292,137.78,22.45,0.4593,7.4833,3.97,20.1,High Risk,Moderate Risk,YELLOW,COM20
REAL-COM20-HIGH-01139,2026-09-19 16:28:12.493,139.01,22.51,0.4634,7.5033,3.98,20.1,High Risk,Moderate Risk,YELLOW,COM20
REAL-COM20-HIGH-01140,2026-09-19 16:28:12.696,139.69,22.35,0.4656,7.45,3.96,20.2,High Risk,Moderate Risk,YELLOW,COM20
REAL-COM20-HIGH-01141,2026-09-19 16:28:12.893,138.52,22.25,0.4617,7.4167,3.94,20.2,High Risk,Moderate Risk,YELLOW,COM20
REAL-COM20-HIGH-01142,2026-09-19 16:28:13.092,138.54,22.47,0.4618,7.49,3.98,20.1,High Risk,Moderate Risk,YELLOW,COM20
REAL-COM20-HIGH-01143,2026-09-19 16:28:13.295,139.14,22.42,0.4638,7.4733,3.97,20.1,High Risk,Moderate Risk,YELLOW,COM20
REAL-COM20-HIGH-01144,2026-09-19 16:28:13.492,136.87,22.25,0.4562,7.4167,3.94,20.3,High Risk,Moderate Risk,YELLOW,COM20
REAL-COM20-HIGH-01145,2026-09-19 16:28:13.692,139.65,22.45,0.4655,7.4833,3.97,20.1,High Risk,Moderate Risk,YELLOW,COM20
REAL-COM20-HIGH-01146,2026-09-19 16:28:13.896,137.92,22.36,0.4597,7.4533,3.96,20.2,High Risk,Moderate Risk,YELLOW,COM20
REAL-COM20-HIGH-01147,2026-09-19 16:28:14.092,138.76,22.83,0.4625,7.61,4.04,19.9,High Risk,Moderate Risk,YELLOW,COM20
REAL-COM20-HIGH-01148,2026-09-19 16:28:14.292,138.0,22.41,0.46,7.47,3.96,20.1,High Risk,Moderate Risk,YELLOW,COM20
REAL-COM20-HIGH-01149,2026-09-19 16:28:14.495,139.04,22.14,0.4635,7.38,3.92,20.3,High Risk,Moderate Risk,YELLOW,COM20
REAL-COM20-HIGH-01150,2026-09-19 16:28:14.696,136.93,22.58,0.4564,7.5267,3.99,20.0,High Risk,Moderate Risk,YELLOW,COM20
REAL-COM20-HIGH-01151,2026-09-19 16:28:14.892,137.77,22.46,0.4592,7.4867,3.97,20.1,High Risk,Moderate Risk,YELLOW,COM20
REAL-COM20-HIGH-01152,2026-09-19 16:28:15.096,136.27,22.43,0.4542,7.4767,3.96,20.1,High Risk,Moderate Risk,YELLOW,COM20
REAL-COM20-HIGH-01153,2026-09-19 16:28:15.292,139.05,22.29,0.4635,7.43,3.95,20.2,High Risk,Moderate Risk,YELLOW,COM20
REAL-COM20-HIGH-01154,2026-09-19 16:28:15.496,137.62,22.07,0.4587,7.3567,3.91,20.4,High Risk,Moderate Risk,YELLOW,COM20
REAL-COM20-HIGH-01155,2026-09-19 16:28:15.692,139.68,22.31,0.4656,7.4367,3.95,20.2,High Risk,Moderate Risk,YELLOW,COM20
REAL-COM20-HIGH-01156,2026-09-19 16:28:15.896,139.78,22.31,0.4659,7.4367,3.95,20.2,High Risk,Moderate Risk,YELLOW,COM20
REAL-COM20-HIGH-01157,2026-09-19 16:28:16.094,138.87,22.38,0.4629,7.46,3.96,20.2,High Risk,Moderate Risk,YELLOW,COM20
REAL-COM20-HIGH-01158,2026-09-19 16:28:16.293,137.48,22.32,0.4583,7.44,3.95,20.2,High Risk,Moderate Risk,YELLOW,COM20
REAL-COM20-HIGH-01159,2026-09-19 16:28:16.492,137.61,22.73,0.4587,7.5767,4.02,19.9,High Risk,Moderate Risk,YELLOW,COM20
REAL-COM20-HIGH-01160,2026-09-19 16:28:16.693,137.41,22.47,0.458,7.49,3.97,20.1,High Risk,Moderate Risk,YELLOW,COM20
REAL-COM20-HIGH-01161,2026-09-19 16:28:16.892,140.87,22.52,0.4696,7.5067,3.99,20.0,High Risk,Moderate Risk,YELLOW,COM20
REAL-COM20-HIGH-01162,2026-09-19 16:28:17.095,139.14,22.57,0.4638,7.5233,3.99,20.0,High Risk,Moderate Risk,YELLOW,COM20
REAL-COM20-HIGH-01163,2026-09-19 16:28:17.293,138.15,22.28,0.4605,7.4267,3.94,20.2,High Risk,Moderate Risk,YELLOW,COM20
REAL-COM20-HIGH-01164,2026-09-19 16:28:17.492,137.3,22.45,0.4577,7.4833,3.97,20.1,High Risk,Moderate Risk,YELLOW,COM20
REAL-COM20-HIGH-01165,2026-09-19 16:28:17.692,138.91,22.51,0.463,7.5033,3.98,20.1,High Risk,Moderate Risk,YELLOW,COM20
REAL-COM20-HIGH-01166,2026-09-19 16:28:17.892,139.75,22.44,0.4658,7.48,3.97,20.1,High Risk,Moderate Risk,YELLOW,COM20
REAL-COM20-HIGH-01167,2026-09-19 16:28:18.092,140.27,22.82,0.4676,7.6067,4.04,19.9,High Risk,Moderate Risk,YELLOW,COM20
REAL-COM20-HIGH-01168,2026-09-19 16:28:18.292,137.02,22.36,0.4567,7.4533,3.96,20.2,High Risk,Moderate Risk,YELLOW,COM20
REAL-COM20-HIGH-01169,2026-09-19 16:28:18.492,138.77,22.34,0.4626,7.4467,3.96,20.2,High Risk,Moderate Risk,YELLOW,COM20
REAL-COM20-HIGH-01170,2026-09-19 16:28:18.697,137.21,22.44,0.4574,7.48,3.97,20.1,High Risk,Moderate Risk,YELLOW,COM20
REAL-COM20-HIGH-01171,2026-09-19 16:28:18.892,139.23,22.28,0.4641,7.4267,3.95,20.2,High Risk,Moderate Risk,YELLOW,COM20
REAL-COM20-HIGH-01172,2026-09-19 16:28:19.097,138.07,22.56,0.4602,7.52,3.99,20.0,High Risk,Moderate Risk,YELLOW,COM20
REAL-COM20-HIGH-01173,2026-09-19 16:28:19.296,138.9,22.28,0.463,7.4267,3.94,20.2,High Risk,Moderate Risk,YELLOW,COM20
REAL-COM20-HIGH-01174,2026-09-19 16:28:19.496,139.22,22.3,0.4641,7.4333,3.95,20.2,High Risk,Moderate Risk,YELLOW,COM20
REAL-COM20-HIGH-01175,2026-09-19 16:28:19.692,139.59,22.44,0.4653,7.48,3.97,20.1,High Risk,Moderate Risk,YELLOW,COM20
REAL-COM20-HIGH-01176,2026-09-19 16:28:19.896,138.18,22.14,0.4606,7.38,3.92,20.3,High Risk,Moderate Risk,YELLOW,COM20
REAL-COM20-HIGH-01177,2026-09-19 16:28:20.096,137.79,22.4,0.4593,7.4667,3.96,20.1,High Risk,Moderate Risk,YELLOW,COM20
REAL-COM20-HIGH-01178,2026-09-19 16:28:20.296,139.28,22.65,0.4643,7.55,4.01,20.0,High Risk,Moderate Risk,YELLOW,COM20
REAL-COM20-HIGH-01179,2026-09-19 16:28:20.495,138.95,22.65,0.4632,7.55,4.01,20.0,High Risk,Moderate Risk,YELLOW,COM20
REAL-COM20-HIGH-01180,2026-09-19 16:28:20.695,140.46,22.29,0.4682,7.43,3.95,20.2,High Risk,Moderate Risk,YELLOW,COM20
REAL-COM20-HIGH-01181,2026-09-19 16:28:20.895,139.38,22.35,0.4646,7.45,3.96,20.2,High Risk,Moderate Risk,YELLOW,COM20
REAL-COM20-HIGH-01182,2026-09-19 16:28:21.096,140.83,22.51,0.4694,7.5033,3.99,20.1,High Risk,Moderate Risk,YELLOW,COM20
REAL-COM20-HIGH-01183,2026-09-19 16:28:21.296,138.32,22.32,0.4611,7.44,3.95,20.2,High Risk,Moderate Risk,YELLOW,COM20
REAL-COM20-HIGH-01184,2026-09-19 16:28:21.497,140.67,22.39,0.4689,7.4633,3.97,20.1,High Risk,Moderate Risk,YELLOW,COM20
REAL-COM20-HIGH-01185,2026-09-19 16:28:21.692,139.09,22.41,0.4636,7.47,3.97,20.1,High Risk,Moderate Risk,YELLOW,COM20
REAL-COM20-HIGH-01186,2026-09-19 16:28:21.893,137.65,22.54,0.4588,7.5133,3.99,20.1,High Risk,Moderate Risk,YELLOW,COM20
REAL-COM20-HIGH-01187,2026-09-19 16:28:22.094,139.33,22.47,0.4644,7.49,3.98,20.1,High Risk,Moderate Risk,YELLOW,COM20
REAL-COM20-HIGH-01188,2026-09-19 16:28:22.296,138.73,22.45,0.4624,7.4833,3.97,20.1,High Risk,Moderate Risk,YELLOW,COM20
REAL-COM20-HIGH-01189,2026-09-19 16:28:22.492,138.55,22.7,0.4618,7.5667,4.01,19.9,High Risk,Moderate Risk,YELLOW,COM20
REAL-COM20-HIGH-01190,2026-09-19 16:28:22.696,139.95,22.11,0.4665,7.37,3.92,20.3,High Risk,Moderate Risk,YELLOW,COM20
REAL-COM20-HIGH-01191,2026-09-19 16:28:22.892,138.46,22.62,0.4615,7.54,4.0,20.0,High Risk,Moderate Risk,YELLOW,COM20
REAL-COM20-HIGH-01192,2026-09-19 16:28:23.092,138.89,22.31,0.463,7.4367,3.95,20.2,High Risk,Moderate Risk,YELLOW,COM20
REAL-COM20-HIGH-01193,2026-09-19 16:28:23.292,139.49,22.54,0.465,7.5133,3.99,20.0,High Risk,Moderate Risk,YELLOW,COM20
REAL-COM20-HIGH-01194,2026-09-19 16:28:23.496,139.47,22.44,0.4649,7.48,3.97,20.1,High Risk,Moderate Risk,YELLOW,COM20
REAL-COM20-HIGH-01195,2026-09-19 16:28:23.692,138.45,22.67,0.4615,7.5567,4.01,20.0,High Risk,Moderate Risk,YELLOW,COM20
REAL-COM20-HIGH-01196,2026-09-19 16:28:23.892,138.73,22.37,0.4624,7.4567,3.96,20.2,High Risk,Moderate Risk,YELLOW,COM20
REAL-COM20-HIGH-01197,2026-09-19 16:28:24.092,138.57,22.18,0.4619,7.3933,3.93,20.3,High Risk,Moderate Risk,YELLOW,COM20
REAL-COM20-HIGH-01198,2026-09-19 16:28:24.295,140.19,22.61,0.4673,7.5367,4.0,20.0,High Risk,Moderate Risk,YELLOW,COM20
REAL-COM20-HIGH-01199,2026-09-19 16:28:24.494,139.72,22.38,0.4657,7.46,3.96,20.2,High Risk,Moderate Risk,YELLOW,COM20
REAL-COM20-HIGH-01200,2026-09-19 16:28:24.696,137.94,22.42,0.4598,7.4733,3.97,20.1,High Risk,Moderate Risk,YELLOW,COM20
REAL-COM20-HIGH-01201,2026-09-19 16:28:24.892,139.09,22.17,0.4636,7.39,3.93,20.3,High Risk,Moderate Risk,YELLOW,COM20
REAL-COM20-HIGH-01202,2026-09-19 16:28:25.096,138.28,21.9,0.4609,7.3,3.88,20.5,High Risk,Moderate Risk,YELLOW,COM20
REAL-COM20-HIGH-01203,2026-09-19 16:28:25.292,140.09,22.29,0.467,7.43,3.95,20.2,High Risk,Moderate Risk,YELLOW,COM20
REAL-COM20-HIGH-01204,2026-09-19 16:28:25.494,138.59,22.24,0.462,7.4133,3.94,20.2,High Risk,Moderate Risk,YELLOW,COM20
REAL-COM20-HIGH-01205,2026-09-19 16:28:25.696,136.75,22.38,0.4558,7.46,3.96,20.2,High Risk,Moderate Risk,YELLOW,COM20
REAL-COM20-HIGH-01206,2026-09-19 16:28:25.892,140.82,22.16,0.4694,7.3867,3.93,20.3,High Risk,Moderate Risk,YELLOW,COM20
REAL-COM20-HIGH-01207,2026-09-19 16:28:26.096,138.66,22.16,0.4622,7.3867,3.92,20.3,High Risk,Moderate Risk,YELLOW,COM20
REAL-COM20-HIGH-01208,2026-09-19 16:28:26.295,136.67,22.1,0.4556,7.3667,3.91,20.4,High Risk,Moderate Risk,YELLOW,COM20
REAL-COM20-HIGH-01209,2026-09-19 16:28:26.493,140.07,22.07,0.4669,7.3567,3.91,20.4,High Risk,Moderate Risk,YELLOW,COM20
REAL-COM20-HIGH-01210,2026-09-19 16:28:26.696,137.34,22.59,0.4578,7.53,3.99,20.0,High Risk,Moderate Risk,YELLOW,COM20
REAL-COM20-HIGH-01211,2026-09-19 16:28:26.894,139.78,22.36,0.4659,7.4533,3.96,20.2,High Risk,Moderate Risk,YELLOW,COM20
REAL-COM20-HIGH-01212,2026-09-19 16:28:27.096,140.16,22.31,0.4672,7.4367,3.95,20.2,High Risk,Moderate Risk,YELLOW,COM20
REAL-COM20-HIGH-01213,2026-09-19 16:28:27.292,137.53,22.45,0.4584,7.4833,3.97,20.1,High Risk,Moderate Risk,YELLOW,COM20
REAL-COM20-HIGH-01214,2026-09-19 16:28:27.492,139.67,22.23,0.4656,7.41,3.94,20.3,High Risk,Moderate Risk,YELLOW,COM20
REAL-COM20-HIGH-01215,2026-09-19 16:28:27.692,137.39,22.7,0.458,7.5667,4.01,20.0,High Risk,Moderate Risk,YELLOW,COM20
REAL-COM20-HIGH-01216,2026-09-19 16:28:27.892,138.74,22.35,0.4625,7.45,3.96,20.2,High Risk,Moderate Risk,YELLOW,COM20
REAL-COM20-HIGH-01217,2026-09-19 16:28:28.093,138.09,22.14,0.4603,7.38,3.92,20.3,High Risk,Moderate Risk,YELLOW,COM20
REAL-COM20-HIGH-01218,2026-09-19 16:28:28.296,138.74,22.54,0.4625,7.5133,3.99,20.0,High Risk,Moderate Risk,YELLOW,COM20
REAL-COM20-HIGH-01219,2026-09-19 16:28:28.492,139.25,22.21,0.4642,7.4033,3.93,20.3,High Risk,Moderate Risk,YELLOW,COM20
REAL-COM20-HIGH-01220,2026-09-19 16:28:28.692,139.67,22.31,0.4656,7.4367,3.95,20.2,High Risk,Moderate Risk,YELLOW,COM20
REAL-COM20-HIGH-01221,2026-09-19 16:28:28.894,139.64,22.29,0.4655,7.43,3.95,20.2,High Risk,Moderate Risk,YELLOW,COM20
REAL-COM20-HIGH-01222,2026-09-19 16:28:29.096,137.88,22.01,0.4596,7.3367,3.9,20.4,High Risk,Moderate Risk,YELLOW,COM20
REAL-COM20-HIGH-01223,2026-09-19 16:28:29.292,140.94,21.99,0.4698,7.33,3.9,20.4,High Risk,Moderate Risk,YELLOW,COM20
REAL-COM20-HIGH-01224,2026-09-19 16:28:29.496,138.68,22.0,0.4623,7.3333,3.9,20.4,High Risk,Moderate Risk,YELLOW,COM20
REAL-COM20-HIGH-01225,2026-09-19 16:28:29.693,138.34,22.22,0.4611,7.4067,3.93,20.3,High Risk,Moderate Risk,YELLOW,COM20
REAL-COM20-HIGH-01226,2026-09-19 16:28:29.896,138.61,21.81,0.462,7.27,3.87,20.6,High Risk,Moderate Risk,YELLOW,COM20
REAL-COM20-HIGH-01227,2026-09-19 16:28:30.092,138.87,22.12,0.4629,7.3733,3.92,20.3,High Risk,Moderate Risk,YELLOW,COM20
REAL-COM20-HIGH-01228,2026-09-19 16:28:30.296,138.39,21.89,0.4613,7.2967,3.88,20.5,High Risk,Moderate Risk,YELLOW,COM20
REAL-COM20-HIGH-01229,2026-09-19 16:28:30.493,138.24,21.97,0.4608,7.3233,3.89,20.4,High Risk,Moderate Risk,YELLOW,COM20
REAL-COM20-HIGH-01230,2026-09-19 16:28:30.692,134.28,22.01,0.4476,7.3367,3.89,20.4,High Risk,Moderate Risk,YELLOW,COM20
REAL-COM20-HIGH-01231,2026-09-19 16:28:30.892,138.03,21.96,0.4601,7.32,3.89,20.4,High Risk,Moderate Risk,YELLOW,COM20
REAL-COM20-HIGH-01232,2026-09-19 16:28:31.096,137.93,22.52,0.4598,7.5067,3.98,20.1,High Risk,Moderate Risk,YELLOW,COM20
REAL-COM20-HIGH-01233,2026-09-19 16:28:31.295,140.97,22.07,0.4699,7.3567,3.91,20.4,High Risk,Moderate Risk,YELLOW,COM20
REAL-COM20-HIGH-01234,2026-09-19 16:28:31.494,138.58,22.03,0.4619,7.3433,3.9,20.4,High Risk,Moderate Risk,YELLOW,COM20
REAL-COM20-HIGH-01235,2026-09-19 16:28:31.692,139.03,21.77,0.4634,7.2567,3.86,20.6,High Risk,Moderate Risk,YELLOW,COM20
REAL-COM20-HIGH-01236,2026-09-19 16:28:31.896,139.01,22.19,0.4634,7.3967,3.93,20.3,High Risk,Moderate Risk,YELLOW,COM20
REAL-COM20-HIGH-01237,2026-09-19 16:28:32.093,138.62,22.03,0.4621,7.3433,3.9,20.4,High Risk,Moderate Risk,YELLOW,COM20
REAL-COM20-HIGH-01238,2026-09-19 16:28:32.293,138.17,22.41,0.4606,7.47,3.97,20.1,High Risk,Moderate Risk,YELLOW,COM20
REAL-COM20-HIGH-01239,2026-09-19 16:28:32.493,137.51,22.14,0.4584,7.38,3.92,20.3,High Risk,Moderate Risk,YELLOW,COM20
REAL-COM20-HIGH-01240,2026-09-19 16:28:32.696,140.32,22.15,0.4677,7.3833,3.93,20.3,High Risk,Moderate Risk,YELLOW,COM20
REAL-COM20-HIGH-01241,2026-09-19 16:28:32.892,140.81,22.25,0.4694,7.4167,3.94,20.2,High Risk,Moderate Risk,YELLOW,COM20
REAL-COM20-HIGH-01242,2026-09-19 16:28:33.096,139.5,22.22,0.465,7.4067,3.94,20.3,High Risk,Moderate Risk,YELLOW,COM20
REAL-COM20-HIGH-01243,2026-09-19 16:28:33.293,138.07,22.28,0.4602,7.4267,3.94,20.2,High Risk,Moderate Risk,YELLOW,COM20
REAL-COM20-HIGH-01244,2026-09-19 16:28:33.493,137.5,22.27,0.4583,7.4233,3.94,20.2,High Risk,Moderate Risk,YELLOW,COM20
REAL-COM20-HIGH-01245,2026-09-19 16:28:33.696,137.75,22.09,0.4592,7.3633,3.91,20.4,High Risk,Moderate Risk,YELLOW,COM20
REAL-COM20-HIGH-01246,2026-09-19 16:28:33.897,139.12,22.32,0.4637,7.44,3.95,20.2,High Risk,Moderate Risk,YELLOW,COM20
REAL-COM20-HIGH-01247,2026-09-19 16:28:34.095,136.08,21.96,0.4536,7.32,3.89,20.5,High Risk,Moderate Risk,YELLOW,COM20
REAL-COM20-HIGH-01248,2026-09-19 16:28:34.296,137.34,22.26,0.4578,7.42,3.94,20.3,High Risk,Moderate Risk,YELLOW,COM20
REAL-COM20-HIGH-01249,2026-09-19 16:28:34.493,139.09,22.34,0.4636,7.4467,3.96,20.2,High Risk,Moderate Risk,YELLOW,COM20
REAL-COM20-HIGH-01250,2026-09-19 16:28:34.695,139.72,22.31,0.4657,7.4367,3.95,20.2,High Risk,Moderate Risk,YELLOW,COM20
REAL-COM20-HIGH-01251,2026-09-19 16:28:34.894,139.17,22.28,0.4639,7.4267,3.95,20.2,High Risk,Moderate Risk,YELLOW,COM20
REAL-COM20-HIGH-01252,2026-09-19 16:28:35.092,138.15,22.03,0.4605,7.3433,3.9,20.4,High Risk,Moderate Risk,YELLOW,COM20
REAL-COM20-HIGH-01253,2026-09-19 16:28:35.292,137.45,22.18,0.4582,7.3933,3.93,20.3,High Risk,Moderate Risk,YELLOW,COM20
REAL-COM20-HIGH-01254,2026-09-19 16:28:35.493,137.85,22.38,0.4595,7.46,3.96,20.2,High Risk,Moderate Risk,YELLOW,COM20
REAL-COM20-HIGH-01255,2026-09-19 16:28:35.694,136.09,22.14,0.4536,7.38,3.92,20.3,High Risk,Moderate Risk,YELLOW,COM20
REAL-COM20-HIGH-01256,2026-09-19 16:28:35.893,139.33,21.98,0.4644,7.3267,3.9,20.4,High Risk,Moderate Risk,YELLOW,COM20
REAL-COM20-HIGH-01257,2026-09-19 16:28:36.097,139.07,22.26,0.4636,7.42,3.94,20.2,High Risk,Moderate Risk,YELLOW,COM20
REAL-COM20-HIGH-01258,2026-09-19 16:28:36.296,138.1,22.39,0.4603,7.4633,3.96,20.2,High Risk,Moderate Risk,YELLOW,COM20
REAL-COM20-HIGH-01259,2026-09-19 16:28:36.496,139.61,22.28,0.4654,7.4267,3.95,20.2,High Risk,Moderate Risk,YELLOW,COM20
REAL-COM20-HIGH-01260,2026-09-19 16:28:36.696,138.12,22.4,0.4604,7.4667,3.96,20.1,High Risk,Moderate Risk,YELLOW,COM20
REAL-COM20-HIGH-01261,2026-09-19 16:28:36.893,137.35,22.03,0.4578,7.3433,3.9,20.4,High Risk,Moderate Risk,YELLOW,COM20
REAL-COM20-HIGH-01262,2026-09-19 16:28:37.093,139.34,22.23,0.4645,7.41,3.94,20.3,High Risk,Moderate Risk,YELLOW,COM20
REAL-COM20-HIGH-01263,2026-09-19 16:28:37.296,139.85,22.04,0.4662,7.3467,3.91,20.4,High Risk,Moderate Risk,YELLOW,COM20
REAL-COM20-HIGH-01264,2026-09-19 16:28:37.496,140.71,22.23,0.469,7.41,3.94,20.2,High Risk,Moderate Risk,YELLOW,COM20
REAL-COM20-HIGH-01265,2026-09-19 16:28:37.693,137.49,22.3,0.4583,7.4333,3.95,20.2,High Risk,Moderate Risk,YELLOW,COM20
REAL-COM20-HIGH-01266,2026-09-19 16:28:37.893,137.77,21.75,0.4592,7.25,3.85,20.6,High Risk,Moderate Risk,YELLOW,COM20
REAL-COM20-HIGH-01267,2026-09-19 16:28:38.093,135.48,22.0,0.4516,7.3333,3.89,20.4,High Risk,Moderate Risk,YELLOW,COM20
REAL-COM20-HIGH-01268,2026-09-19 16:28:38.293,137.58,22.11,0.4586,7.37,3.91,20.3,High Risk,Moderate Risk,YELLOW,COM20
REAL-COM20-HIGH-01269,2026-09-19 16:28:38.493,137.79,22.16,0.4593,7.3867,3.92,20.3,High Risk,Moderate Risk,YELLOW,COM20
REAL-COM20-HIGH-01270,2026-09-19 16:28:38.693,136.75,22.2,0.4558,7.4,3.93,20.3,High Risk,Moderate Risk,YELLOW,COM20
REAL-COM20-HIGH-01271,2026-09-19 16:28:38.893,139.09,22.18,0.4636,7.3933,3.93,20.3,High Risk,Moderate Risk,YELLOW,COM20
REAL-COM20-HIGH-01272,2026-09-19 16:28:39.093,138.38,22.13,0.4613,7.3767,3.92,20.3,High Risk,Moderate Risk,YELLOW,COM20
REAL-COM20-HIGH-01273,2026-09-19 16:28:39.293,139.24,22.21,0.4641,7.4033,3.93,20.3,High Risk,Moderate Risk,YELLOW,COM20
REAL-COM20-HIGH-01274,2026-09-19 16:28:39.492,138.97,22.44,0.4632,7.48,3.97,20.1,High Risk,Moderate Risk,YELLOW,COM20
REAL-COM20-HIGH-01275,2026-09-19 16:28:39.693,137.36,21.95,0.4579,7.3167,3.89,20.5,High Risk,Moderate Risk,YELLOW,COM20
REAL-COM20-HIGH-01276,2026-09-19 16:28:39.893,136.14,22.08,0.4538,7.36,3.91,20.4,High Risk,Moderate Risk,YELLOW,COM20
REAL-COM20-HIGH-01277,2026-09-19 16:28:40.093,138.52,22.1,0.4617,7.3667,3.91,20.4,High Risk,Moderate Risk,YELLOW,COM20
REAL-COM20-HIGH-01278,2026-09-19 16:28:40.296,137.51,22.07,0.4584,7.3567,3.91,20.4,High Risk,Moderate Risk,YELLOW,COM20
REAL-COM20-HIGH-01279,2026-09-19 16:28:40.493,137.56,22.0,0.4585,7.3333,3.9,20.4,High Risk,Moderate Risk,YELLOW,COM20
REAL-COM20-HIGH-01280,2026-09-19 16:28:40.693,137.16,21.87,0.4572,7.29,3.87,20.5,High Risk,Moderate Risk,YELLOW,COM20
REAL-COM20-HIGH-01281,2026-09-19 16:28:40.895,139.99,22.14,0.4666,7.38,3.92,20.3,High Risk,Moderate Risk,YELLOW,COM20
REAL-COM20-HIGH-01282,2026-09-19 16:28:41.096,139.69,21.89,0.4656,7.2967,3.88,20.5,High Risk,Moderate Risk,YELLOW,COM20
REAL-COM20-HIGH-01283,2026-09-19 16:28:41.293,138.66,22.15,0.4622,7.3833,3.92,20.3,High Risk,Moderate Risk,YELLOW,COM20
REAL-COM20-HIGH-01284,2026-09-19 16:28:41.496,139.85,22.12,0.4662,7.3733,3.92,20.3,High Risk,Moderate Risk,YELLOW,COM20
REAL-COM20-HIGH-01285,2026-09-19 16:28:41.693,139.35,21.96,0.4645,7.32,3.89,20.4,High Risk,Moderate Risk,YELLOW,COM20
REAL-COM20-HIGH-01286,2026-09-19 16:28:41.893,138.98,22.06,0.4633,7.3533,3.91,20.4,High Risk,Moderate Risk,YELLOW,COM20
REAL-COM20-HIGH-01287,2026-09-19 16:28:42.093,137.95,22.11,0.4598,7.37,3.91,20.3,High Risk,Moderate Risk,YELLOW,COM20
REAL-COM20-HIGH-01288,2026-09-19 16:28:42.293,139.77,21.73,0.4659,7.2433,3.86,20.6,High Risk,Moderate Risk,YELLOW,COM20
REAL-COM20-HIGH-01289,2026-09-19 16:28:42.494,140.06,22.09,0.4669,7.3633,3.91,20.3,High Risk,Moderate Risk,YELLOW,COM20
REAL-COM20-HIGH-01290,2026-09-19 16:28:42.696,140.63,22.11,0.4688,7.37,3.92,20.3,High Risk,Moderate Risk,YELLOW,COM20
REAL-COM20-HIGH-01291,2026-09-19 16:28:42.893,138.68,22.32,0.4623,7.44,3.95,20.2,High Risk,Moderate Risk,YELLOW,COM20
REAL-COM20-HIGH-01292,2026-09-19 16:28:43.094,139.1,22.03,0.4637,7.3433,3.9,20.4,High Risk,Moderate Risk,YELLOW,COM20
REAL-COM20-HIGH-01293,2026-09-19 16:28:43.293,136.39,21.92,0.4546,7.3067,3.88,20.5,High Risk,Moderate Risk,YELLOW,COM20
REAL-COM20-HIGH-01294,2026-09-19 16:28:43.496,137.05,22.29,0.4568,7.43,3.94,20.2,High Risk,Moderate Risk,YELLOW,COM20
REAL-COM20-HIGH-01295,2026-09-19 16:28:43.693,138.64,22.26,0.4621,7.42,3.94,20.2,High Risk,Moderate Risk,YELLOW,COM20
REAL-COM20-HIGH-01296,2026-09-19 16:28:43.896,140.06,22.38,0.4669,7.46,3.96,20.1,High Risk,Moderate Risk,YELLOW,COM20
REAL-COM20-HIGH-01297,2026-09-19 16:28:44.093,138.11,22.19,0.4604,7.3967,3.93,20.3,High Risk,Moderate Risk,YELLOW,COM20
REAL-COM20-HIGH-01298,2026-09-19 16:28:44.297,137.3,22.24,0.4577,7.4133,3.93,20.3,High Risk,Moderate Risk,YELLOW,COM20
REAL-COM20-HIGH-01299,2026-09-19 16:28:44.493,137.47,22.2,0.4582,7.4,3.93,20.3,High Risk,Moderate Risk,YELLOW,COM20
REAL-COM20-HIGH-01300,2026-09-19 16:28:44.697,139.33,21.95,0.4644,7.3167,3.89,20.4,High Risk,Moderate Risk,YELLOW,COM20
REAL-COM20-HIGH-01301,2026-09-19 16:28:44.895,137.81,22.19,0.4594,7.3967,3.93,20.3,High Risk,Moderate Risk,YELLOW,COM20
REAL-COM20-HIGH-01302,2026-09-19 16:28:45.096,137.46,21.83,0.4582,7.2767,3.87,20.5,High Risk,Moderate Risk,YELLOW,COM20
REAL-COM20-HIGH-01303,2026-09-19 16:28:45.295,136.93,22.26,0.4564,7.42,3.94,20.3,High Risk,Moderate Risk,YELLOW,COM20
REAL-COM20-HIGH-01304,2026-09-19 16:28:45.495,139.29,22.0,0.4643,7.3333,3.9,20.4,High Risk,Moderate Risk,YELLOW,COM20
REAL-COM20-HIGH-01305,2026-09-19 16:28:45.695,137.79,21.93,0.4593,7.31,3.89,20.5,High Risk,Moderate Risk,YELLOW,COM20
REAL-COM20-HIGH-01306,2026-09-19 16:28:45.894,138.75,21.96,0.4625,7.32,3.89,20.4,High Risk,Moderate Risk,YELLOW,COM20
REAL-COM20-HIGH-01307,2026-09-19 16:28:46.093,140.37,21.53,0.4679,7.1767,3.82,20.7,High Risk,Moderate Risk,YELLOW,COM20
REAL-COM20-HIGH-01308,2026-09-19 16:28:46.293,140.52,21.72,0.4684,7.24,3.85,20.6,High Risk,Moderate Risk,YELLOW,COM20
REAL-COM20-HIGH-01309,2026-09-19 16:28:46.493,137.84,21.63,0.4595,7.21,3.84,20.7,High Risk,Moderate Risk,YELLOW,COM20
REAL-COM20-HIGH-01310,2026-09-19 16:28:46.696,139.06,21.31,0.4635,7.1033,3.78,20.9,High Risk,Moderate Risk,YELLOW,COM20
REAL-COM20-HIGH-01311,2026-09-19 16:28:46.893,139.51,21.72,0.465,7.24,3.85,20.6,High Risk,Moderate Risk,YELLOW,COM20
REAL-COM20-HIGH-01312,2026-09-19 16:28:47.096,138.8,21.42,0.4627,7.14,3.8,20.8,High Risk,Moderate Risk,YELLOW,COM20
REAL-COM20-HIGH-01313,2026-09-19 16:28:47.295,138.66,21.49,0.4622,7.1633,3.81,20.8,High Risk,Moderate Risk,YELLOW,COM20
REAL-COM20-HIGH-01314,2026-09-19 16:28:47.493,138.69,21.45,0.4623,7.15,3.81,20.8,High Risk,Moderate Risk,YELLOW,COM20
REAL-COM20-HIGH-01315,2026-09-19 16:28:47.697,139.43,21.28,0.4648,7.0933,3.78,20.9,High Risk,Moderate Risk,YELLOW,COM20
REAL-COM20-HIGH-01316,2026-09-19 16:28:47.896,136.54,21.3,0.4551,7.1,3.78,20.9,High Risk,Moderate Risk,YELLOW,COM20
REAL-COM20-HIGH-01317,2026-09-19 16:28:48.093,140.21,21.61,0.4674,7.2033,3.84,20.7,High Risk,Moderate Risk,YELLOW,COM20
REAL-COM20-HIGH-01318,2026-09-19 16:28:48.296,140.5,21.35,0.4683,7.1167,3.79,20.9,High Risk,Moderate Risk,YELLOW,COM20
REAL-COM20-HIGH-01319,2026-09-19 16:28:48.495,138.49,21.25,0.4616,7.0833,3.77,21.0,High Risk,Moderate Risk,YELLOW,COM20
REAL-COM20-HIGH-01320,2026-09-19 16:28:48.696,137.69,21.48,0.459,7.16,3.81,20.8,High Risk,Moderate Risk,YELLOW,COM20
REAL-COM20-HIGH-01321,2026-09-19 16:28:48.894,140.85,21.35,0.4695,7.1167,3.79,20.9,High Risk,Moderate Risk,YELLOW,COM20
REAL-COM20-HIGH-01322,2026-09-19 16:28:49.096,138.82,21.41,0.4627,7.1367,3.8,20.8,High Risk,Moderate Risk,YELLOW,COM20
REAL-COM20-HIGH-01323,2026-09-19 16:28:49.293,136.86,21.6,0.4562,7.2,3.83,20.7,High Risk,Moderate Risk,YELLOW,COM20
REAL-COM20-HIGH-01324,2026-09-19 16:28:49.493,138.77,21.54,0.4626,7.18,3.82,20.7,High Risk,Moderate Risk,YELLOW,COM20
REAL-COM20-HIGH-01325,2026-09-19 16:28:49.694,138.62,21.24,0.4621,7.08,3.77,21.0,High Risk,Moderate Risk,YELLOW,COM20
REAL-COM20-HIGH-01326,2026-09-19 16:28:49.896,138.4,21.78,0.4613,7.26,3.86,20.6,High Risk,Moderate Risk,YELLOW,COM20
REAL-COM20-HIGH-01327,2026-09-19 16:28:50.093,137.54,21.66,0.4585,7.22,3.84,20.7,High Risk,Moderate Risk,YELLOW,COM20
REAL-COM20-HIGH-01328,2026-09-19 16:28:50.293,136.46,21.71,0.4549,7.2367,3.85,20.6,High Risk,Moderate Risk,YELLOW,COM20
REAL-COM20-HIGH-01329,2026-09-19 16:28:50.493,136.35,21.77,0.4545,7.2567,3.85,20.6,High Risk,Moderate Risk,YELLOW,COM20
REAL-COM20-HIGH-01330,2026-09-19 16:28:50.693,139.07,21.58,0.4636,7.1933,3.83,20.7,High Risk,Moderate Risk,YELLOW,COM20
REAL-COM20-HIGH-01331,2026-09-19 16:28:50.893,137.58,21.65,0.4586,7.2167,3.84,20.7,High Risk,Moderate Risk,YELLOW,COM20
REAL-COM20-HIGH-01332,2026-09-19 16:28:51.093,139.4,21.84,0.4647,7.28,3.87,20.5,High Risk,Moderate Risk,YELLOW,COM20
REAL-COM20-HIGH-01333,2026-09-19 16:28:51.295,140.28,22.1,0.4676,7.3667,3.92,20.3,High Risk,Moderate Risk,YELLOW,COM20
REAL-COM20-HIGH-01334,2026-09-19 16:28:51.493,138.39,21.88,0.4613,7.2933,3.88,20.5,High Risk,Moderate Risk,YELLOW,COM20
REAL-COM20-HIGH-01335,2026-09-19 16:28:51.693,138.17,21.8,0.4606,7.2667,3.86,20.6,High Risk,Moderate Risk,YELLOW,COM20
REAL-COM20-HIGH-01336,2026-09-19 16:28:51.896,139.16,21.86,0.4639,7.2867,3.88,20.5,High Risk,Moderate Risk,YELLOW,COM20
REAL-COM20-HIGH-01337,2026-09-19 16:28:52.096,138.06,21.69,0.4602,7.23,3.84,20.6,High Risk,Moderate Risk,YELLOW,COM20
REAL-COM20-HIGH-01338,2026-09-19 16:28:52.293,136.26,21.85,0.4542,7.2833,3.87,20.5,High Risk,Moderate Risk,YELLOW,COM20
REAL-COM20-HIGH-01339,2026-09-19 16:28:52.495,138.93,21.69,0.4631,7.23,3.85,20.6,High Risk,Moderate Risk,YELLOW,COM20
REAL-COM20-HIGH-01340,2026-09-19 16:28:52.693,137.26,21.65,0.4575,7.2167,3.84,20.7,High Risk,Moderate Risk,YELLOW,COM20
REAL-COM20-HIGH-01341,2026-09-19 16:28:52.895,138.19,21.95,0.4606,7.3167,3.89,20.5,High Risk,Moderate Risk,YELLOW,COM20
REAL-COM20-HIGH-01342,2026-09-19 16:28:53.096,139.01,21.67,0.4634,7.2233,3.84,20.6,High Risk,Moderate Risk,YELLOW,COM20
REAL-COM20-HIGH-01343,2026-09-19 16:28:53.293,137.01,21.96,0.4567,7.32,3.89,20.5,High Risk,Moderate Risk,YELLOW,COM20
REAL-COM20-HIGH-01344,2026-09-19 16:28:53.496,139.16,21.74,0.4639,7.2467,3.85,20.6,High Risk,Moderate Risk,YELLOW,COM20
REAL-COM20-HIGH-01345,2026-09-19 16:28:53.693,137.59,21.55,0.4586,7.1833,3.82,20.7,High Risk,Moderate Risk,YELLOW,COM20
REAL-COM20-HIGH-01346,2026-09-19 16:28:53.893,139.75,22.09,0.4658,7.3633,3.92,20.3,High Risk,Moderate Risk,YELLOW,COM20
REAL-COM20-HIGH-01347,2026-09-19 16:28:54.094,137.95,21.85,0.4598,7.2833,3.87,20.5,High Risk,Moderate Risk,YELLOW,COM20
REAL-COM20-HIGH-01348,2026-09-19 16:28:54.295,138.39,22.06,0.4613,7.3533,3.91,20.4,High Risk,Moderate Risk,YELLOW,COM20
REAL-COM20-HIGH-01349,2026-09-19 16:28:54.495,136.02,22.08,0.4534,7.36,3.91,20.4,High Risk,Moderate Risk,YELLOW,COM20
REAL-COM20-HIGH-01350,2026-09-19 16:28:54.693,139.54,22.12,0.4651,7.3733,3.92,20.3,High Risk,Moderate Risk,YELLOW,COM20
REAL-COM20-HIGH-01351,2026-09-19 16:28:54.893,138.86,21.86,0.4629,7.2867,3.87,20.5,High Risk,Moderate Risk,YELLOW,COM20
REAL-COM20-HIGH-01352,2026-09-19 16:28:55.096,139.16,21.75,0.4639,7.25,3.86,20.6,High Risk,Moderate Risk,YELLOW,COM20
REAL-COM20-HIGH-01353,2026-09-19 16:28:55.293,140.02,21.91,0.4667,7.3033,3.88,20.5,High Risk,Moderate Risk,YELLOW,COM20
REAL-COM20-HIGH-01354,2026-09-19 16:28:55.496,137.33,21.94,0.4578,7.3133,3.89,20.5,High Risk,Moderate Risk,YELLOW,COM20
REAL-COM20-HIGH-01355,2026-09-19 16:28:55.693,138.6,21.85,0.462,7.2833,3.87,20.5,High Risk,Moderate Risk,YELLOW,COM20
REAL-COM20-HIGH-01356,2026-09-19 16:28:55.894,139.02,21.92,0.4634,7.3067,3.88,20.5,High Risk,Moderate Risk,YELLOW,COM20
REAL-COM20-HIGH-01357,2026-09-19 16:28:56.094,138.81,21.91,0.4627,7.3033,3.88,20.5,High Risk,Moderate Risk,YELLOW,COM20
REAL-COM20-HIGH-01358,2026-09-19 16:28:56.294,137.47,21.68,0.4582,7.2267,3.84,20.7,High Risk,Moderate Risk,YELLOW,COM20
REAL-COM20-HIGH-01359,2026-09-19 16:28:56.495,138.92,22.02,0.4631,7.34,3.9,20.4,High Risk,Moderate Risk,YELLOW,COM20
REAL-COM20-HIGH-01360,2026-09-19 16:28:56.696,138.89,22.25,0.463,7.4167,3.94,20.2,High Risk,Moderate Risk,YELLOW,COM20
REAL-COM20-HIGH-01361,2026-09-19 16:28:56.896,136.04,22.07,0.4535,7.3567,3.9,20.4,High Risk,Moderate Risk,YELLOW,COM20
REAL-COM20-HIGH-01362,2026-09-19 16:28:57.096,138.87,21.94,0.4629,7.3133,3.89,20.5,High Risk,Moderate Risk,YELLOW,COM20
REAL-COM20-HIGH-01363,2026-09-19 16:28:57.297,137.83,21.96,0.4594,7.32,3.89,20.5,High Risk,Moderate Risk,YELLOW,COM20
REAL-COM20-HIGH-01364,2026-09-19 16:28:57.493,138.92,21.77,0.4631,7.2567,3.86,20.6,High Risk,Moderate Risk,YELLOW,COM20
REAL-COM20-HIGH-01365,2026-09-19 16:28:57.693,138.56,22.02,0.4619,7.34,3.9,20.4,High Risk,Moderate Risk,YELLOW,COM20
REAL-COM20-HIGH-01366,2026-09-19 16:28:57.896,138.12,21.96,0.4604,7.32,3.89,20.4,High Risk,Moderate Risk,YELLOW,COM20
REAL-COM20-HIGH-01367,2026-09-19 16:28:58.093,140.55,21.89,0.4685,7.2967,3.88,20.5,High Risk,Moderate Risk,YELLOW,COM20
REAL-COM20-HIGH-01368,2026-09-19 16:28:58.293,138.72,21.64,0.4624,7.2133,3.84,20.7,High Risk,Moderate Risk,YELLOW,COM20
REAL-COM20-HIGH-01369,2026-09-19 16:28:58.493,139.85,22.02,0.4662,7.34,3.9,20.4,High Risk,Moderate Risk,YELLOW,COM20
REAL-COM20-HIGH-01370,2026-09-19 16:28:58.694,137.14,21.98,0.4571,7.3267,3.89,20.4,High Risk,Moderate Risk,YELLOW,COM20
REAL-COM20-HIGH-01371,2026-09-19 16:28:58.893,137.44,21.99,0.4581,7.33,3.89,20.4,High Risk,Moderate Risk,YELLOW,COM20
REAL-COM20-HIGH-01372,2026-09-19 16:28:59.093,138.94,22.12,0.4631,7.3733,3.92,20.3,High Risk,Moderate Risk,YELLOW,COM20
REAL-COM20-HIGH-01373,2026-09-19 16:28:59.293,141.59,22.15,0.472,7.3833,3.93,20.3,High Risk,Moderate Risk,YELLOW,COM20
REAL-COM20-HIGH-01374,2026-09-19 16:28:59.494,138.81,21.84,0.4627,7.28,3.87,20.5,High Risk,Moderate Risk,YELLOW,COM20
REAL-COM20-HIGH-01375,2026-09-19 16:28:59.694,137.87,22.07,0.4596,7.3567,3.91,20.4,High Risk,Moderate Risk,YELLOW,COM20
REAL-COM20-HIGH-01376,2026-09-19 16:28:59.896,137.95,21.82,0.4598,7.2733,3.87,20.6,High Risk,Moderate Risk,YELLOW,COM20
REAL-COM20-HIGH-01377,2026-09-19 16:29:00.093,138.73,22.18,0.4624,7.3933,3.93,20.3,High Risk,Moderate Risk,YELLOW,COM20
REAL-COM20-HIGH-01378,2026-09-19 16:29:00.296,137.81,21.58,0.4594,7.1933,3.83,20.7,High Risk,Moderate Risk,YELLOW,COM20
REAL-COM20-HIGH-01379,2026-09-19 16:29:00.494,138.03,21.72,0.4601,7.24,3.85,20.6,High Risk,Moderate Risk,YELLOW,COM20
REAL-COM20-HIGH-01380,2026-09-19 16:29:00.696,138.85,21.69,0.4628,7.23,3.85,20.6,High Risk,Moderate Risk,YELLOW,COM20
REAL-COM20-HIGH-01381,2026-09-19 16:29:00.894,136.88,21.72,0.4563,7.24,3.85,20.6,High Risk,Moderate Risk,YELLOW,COM20
REAL-COM20-HIGH-01382,2026-09-19 16:29:01.093,138.81,21.71,0.4627,7.2367,3.85,20.6,High Risk,Moderate Risk,YELLOW,COM20
REAL-COM20-HIGH-01383,2026-09-19 16:29:01.293,141.5,21.76,0.4717,7.2533,3.86,20.6,High Risk,Moderate Risk,YELLOW,COM20
REAL-COM20-HIGH-01384,2026-09-19 16:29:01.496,138.91,21.71,0.463,7.2367,3.85,20.6,High Risk,Moderate Risk,YELLOW,COM20
REAL-COM20-HIGH-01385,2026-09-19 16:29:01.694,139.03,21.47,0.4634,7.1567,3.81,20.8,High Risk,Moderate Risk,YELLOW,COM20
REAL-COM20-HIGH-01386,2026-09-19 16:29:01.896,140.41,21.59,0.468,7.1967,3.83,20.7,High Risk,Moderate Risk,YELLOW,COM20
REAL-COM20-HIGH-01387,2026-09-19 16:29:02.095,139.44,21.92,0.4648,7.3067,3.89,20.5,High Risk,Moderate Risk,YELLOW,COM20
REAL-COM20-HIGH-01388,2026-09-19 16:29:02.294,138.64,21.78,0.4621,7.26,3.86,20.6,High Risk,Moderate Risk,YELLOW,COM20
REAL-COM20-HIGH-01389,2026-09-19 16:29:02.494,139.25,21.63,0.4642,7.21,3.84,20.7,High Risk,Moderate Risk,YELLOW,COM20
REAL-COM20-HIGH-01390,2026-09-19 16:29:02.696,138.91,21.63,0.463,7.21,3.84,20.7,High Risk,Moderate Risk,YELLOW,COM20
REAL-COM20-HIGH-01391,2026-09-19 16:29:02.895,139.0,21.39,0.4633,7.13,3.8,20.8,High Risk,Moderate Risk,YELLOW,COM20
REAL-COM20-HIGH-01392,2026-09-19 16:29:03.095,138.53,21.78,0.4618,7.26,3.86,20.6,High Risk,Moderate Risk,YELLOW,COM20
REAL-COM20-HIGH-01393,2026-09-19 16:29:03.294,137.6,21.63,0.4587,7.21,3.84,20.7,High Risk,Moderate Risk,YELLOW,COM20
REAL-COM20-HIGH-01394,2026-09-19 16:29:03.495,137.9,21.8,0.4597,7.2667,3.86,20.6,High Risk,Moderate Risk,YELLOW,COM20
REAL-COM20-HIGH-01395,2026-09-19 16:29:03.695,138.1,21.99,0.4603,7.33,3.9,20.4,High Risk,Moderate Risk,YELLOW,COM20
REAL-COM20-HIGH-01396,2026-09-19 16:29:03.896,139.54,21.69,0.4651,7.23,3.85,20.6,High Risk,Moderate Risk,YELLOW,COM20
REAL-COM20-HIGH-01397,2026-09-19 16:29:04.095,137.28,21.85,0.4576,7.2833,3.87,20.5,High Risk,Moderate Risk,YELLOW,COM20
REAL-COM20-HIGH-01398,2026-09-19 16:29:04.293,139.49,21.82,0.465,7.2733,3.87,20.5,High Risk,Moderate Risk,YELLOW,COM20
REAL-COM20-HIGH-01399,2026-09-19 16:29:04.494,136.35,21.68,0.4545,7.2267,3.84,20.7,High Risk,Moderate Risk,YELLOW,COM20
REAL-COM20-HIGH-01400,2026-09-19 16:29:04.693,139.39,21.79,0.4646,7.2633,3.86,20.6,High Risk,Moderate Risk,YELLOW,COM20
REAL-COM20-HIGH-01401,2026-09-19 16:29:04.897,137.65,21.85,0.4588,7.2833,3.87,20.5,High Risk,Moderate Risk,YELLOW,COM20
REAL-COM20-HIGH-01402,2026-09-19 16:29:05.096,140.56,22.07,0.4685,7.3567,3.91,20.4,High Risk,Moderate Risk,YELLOW,COM20
REAL-COM20-HIGH-01403,2026-09-19 16:29:05.294,137.56,22.0,0.4585,7.3333,3.9,20.4,High Risk,Moderate Risk,YELLOW,COM20
REAL-COM20-HIGH-01404,2026-09-19 16:29:05.493,137.56,21.93,0.4585,7.31,3.88,20.5,High Risk,Moderate Risk,YELLOW,COM20
REAL-COM20-HIGH-01405,2026-09-19 16:29:05.694,138.82,21.96,0.4627,7.32,3.89,20.4,High Risk,Moderate Risk,YELLOW,COM20
REAL-COM20-HIGH-01406,2026-09-19 16:29:05.893,137.36,21.76,0.4579,7.2533,3.86,20.6,High Risk,Moderate Risk,YELLOW,COM20
REAL-COM20-HIGH-01407,2026-09-19 16:29:06.095,136.92,22.32,0.4564,7.44,3.95,20.2,High Risk,Moderate Risk,YELLOW,COM20
REAL-COM20-HIGH-01408,2026-09-19 16:29:06.296,139.04,21.79,0.4635,7.2633,3.86,20.6,High Risk,Moderate Risk,YELLOW,COM20
REAL-COM20-HIGH-01409,2026-09-19 16:29:06.494,138.85,21.79,0.4628,7.2633,3.86,20.6,High Risk,Moderate Risk,YELLOW,COM20
REAL-COM20-HIGH-01410,2026-09-19 16:29:06.696,137.03,22.04,0.4568,7.3467,3.9,20.4,High Risk,Moderate Risk,YELLOW,COM20
REAL-COM20-HIGH-01411,2026-09-19 16:29:06.893,140.24,22.38,0.4675,7.46,3.96,20.1,High Risk,Moderate Risk,YELLOW,COM20
REAL-COM20-HIGH-01412,2026-09-19 16:29:07.093,138.78,22.31,0.4626,7.4367,3.95,20.2,High Risk,Moderate Risk,YELLOW,COM20
REAL-COM20-HIGH-01413,2026-09-19 16:29:07.293,137.96,22.09,0.4599,7.3633,3.91,20.4,High Risk,Moderate Risk,YELLOW,COM20
REAL-COM20-HIGH-01414,2026-09-19 16:29:07.496,139.98,22.19,0.4666,7.3967,3.93,20.3,High Risk,Moderate Risk,YELLOW,COM20
REAL-COM20-HIGH-01415,2026-09-19 16:29:07.694,140.4,22.54,0.468,7.5133,3.99,20.0,High Risk,Moderate Risk,YELLOW,COM20
REAL-COM20-HIGH-01416,2026-09-19 16:29:07.896,140.53,22.41,0.4684,7.47,3.97,20.1,High Risk,Moderate Risk,YELLOW,COM20
REAL-COM20-HIGH-01417,2026-09-19 16:29:08.094,137.67,22.42,0.4589,7.4733,3.97,20.1,High Risk,Moderate Risk,YELLOW,COM20
REAL-COM20-HIGH-01418,2026-09-19 16:29:08.296,138.63,22.47,0.4621,7.49,3.98,20.1,High Risk,Moderate Risk,YELLOW,COM20
REAL-COM20-HIGH-01419,2026-09-19 16:29:08.494,138.49,22.38,0.4616,7.46,3.96,20.2,High Risk,Moderate Risk,YELLOW,COM20
REAL-COM20-HIGH-01420,2026-09-19 16:29:08.696,140.18,22.51,0.4673,7.5033,3.99,20.1,High Risk,Moderate Risk,YELLOW,COM20
REAL-COM20-HIGH-01421,2026-09-19 16:29:08.894,137.93,22.55,0.4598,7.5167,3.99,20.0,High Risk,Moderate Risk,YELLOW,COM20
REAL-COM20-HIGH-01422,2026-09-19 16:29:09.095,138.66,22.08,0.4622,7.36,3.91,20.4,High Risk,Moderate Risk,YELLOW,COM20
REAL-COM20-HIGH-01423,2026-09-19 16:29:09.294,140.19,22.75,0.4673,7.5833,4.03,19.9,High Risk,Moderate Risk,YELLOW,COM20
REAL-COM20-HIGH-01424,2026-09-19 16:29:09.494,137.13,22.72,0.4571,7.5733,4.02,19.9,High Risk,Moderate Risk,YELLOW,COM20
REAL-COM20-HIGH-01425,2026-09-19 16:29:09.694,139.38,22.26,0.4646,7.42,3.94,20.2,High Risk,Moderate Risk,YELLOW,COM20
REAL-COM20-HIGH-01426,2026-09-19 16:29:09.895,140.88,22.55,0.4696,7.5167,3.99,20.0,High Risk,Moderate Risk,YELLOW,COM20
REAL-COM20-HIGH-01427,2026-09-19 16:29:10.095,137.37,22.2,0.4579,7.4,3.93,20.3,High Risk,Moderate Risk,YELLOW,COM20
REAL-COM20-HIGH-01428,2026-09-19 16:29:10.296,139.41,22.58,0.4647,7.5267,4.0,20.0,High Risk,Moderate Risk,YELLOW,COM20
REAL-COM20-HIGH-01429,2026-09-19 16:29:10.496,137.87,22.42,0.4596,7.4733,3.97,20.1,High Risk,Moderate Risk,YELLOW,COM20
REAL-COM20-HIGH-01430,2026-09-19 16:29:10.696,137.76,22.27,0.4592,7.4233,3.94,20.2,High Risk,Moderate Risk,YELLOW,COM20
REAL-COM20-HIGH-01431,2026-09-19 16:29:10.897,138.66,22.59,0.4622,7.53,4.0,20.0,High Risk,Moderate Risk,YELLOW,COM20
REAL-COM20-HIGH-01432,2026-09-19 16:29:11.096,138.31,22.52,0.461,7.5067,3.98,20.1,High Risk,Moderate Risk,YELLOW,COM20
REAL-COM20-HIGH-01433,2026-09-19 16:29:11.294,137.4,22.41,0.458,7.47,3.96,20.1,High Risk,Moderate Risk,YELLOW,COM20
REAL-COM20-HIGH-01434,2026-09-19 16:29:11.495,138.29,22.24,0.461,7.4133,3.94,20.3,High Risk,Moderate Risk,YELLOW,COM20
REAL-COM20-HIGH-01435,2026-09-19 16:29:11.693,139.97,22.2,0.4666,7.4,3.93,20.3,High Risk,Moderate Risk,YELLOW,COM20
REAL-COM20-HIGH-01436,2026-09-19 16:29:11.894,139.1,22.28,0.4637,7.4267,3.95,20.2,High Risk,Moderate Risk,YELLOW,COM20
REAL-COM20-HIGH-01437,2026-09-19 16:29:12.096,137.0,22.57,0.4567,7.5233,3.99,20.0,High Risk,Moderate Risk,YELLOW,COM20
REAL-COM20-HIGH-01438,2026-09-19 16:29:12.296,138.7,22.48,0.4623,7.4933,3.98,20.1,High Risk,Moderate Risk,YELLOW,COM20
REAL-COM20-HIGH-01439,2026-09-19 16:29:12.495,138.95,22.2,0.4632,7.4,3.93,20.3,High Risk,Moderate Risk,YELLOW,COM20
REAL-COM20-HIGH-01440,2026-09-19 16:29:12.694,138.22,22.55,0.4607,7.5167,3.99,20.0,High Risk,Moderate Risk,YELLOW,COM20
REAL-COM20-HIGH-01441,2026-09-19 16:29:12.894,139.44,22.2,0.4648,7.4,3.93,20.3,High Risk,Moderate Risk,YELLOW,COM20
REAL-COM20-HIGH-01442,2026-09-19 16:29:13.094,139.19,22.19,0.464,7.3967,3.93,20.3,High Risk,Moderate Risk,YELLOW,COM20
REAL-COM20-HIGH-01443,2026-09-19 16:29:13.296,138.0,22.41,0.46,7.47,3.96,20.1,High Risk,Moderate Risk,YELLOW,COM20
REAL-COM20-HIGH-01444,2026-09-19 16:29:13.496,138.43,22.17,0.4614,7.39,3.93,20.3,High Risk,Moderate Risk,YELLOW,COM20
REAL-COM20-HIGH-01445,2026-09-19 16:29:13.696,139.24,22.64,0.4641,7.5467,4.0,20.0,High Risk,Moderate Risk,YELLOW,COM20
REAL-COM20-HIGH-01446,2026-09-19 16:29:13.893,140.06,22.34,0.4669,7.4467,3.96,20.2,High Risk,Moderate Risk,YELLOW,COM20
REAL-COM20-HIGH-01447,2026-09-19 16:29:14.094,137.74,22.08,0.4591,7.36,3.91,20.4,High Risk,Moderate Risk,YELLOW,COM20
REAL-COM20-HIGH-01448,2026-09-19 16:29:14.294,136.6,22.47,0.4553,7.49,3.97,20.1,High Risk,Moderate Risk,YELLOW,COM20
REAL-COM20-HIGH-01449,2026-09-19 16:29:14.495,136.83,22.6,0.4561,7.5333,3.99,20.0,High Risk,Moderate Risk,YELLOW,COM20
REAL-COM20-HIGH-01450,2026-09-19 16:29:14.694,138.47,22.43,0.4616,7.4767,3.97,20.1,High Risk,Moderate Risk,YELLOW,COM20
REAL-COM20-HIGH-01451,2026-09-19 16:29:14.896,141.16,22.26,0.4705,7.42,3.95,20.2,High Risk,Moderate Risk,YELLOW,COM20
REAL-COM20-HIGH-01452,2026-09-19 16:29:15.094,138.91,22.24,0.463,7.4133,3.94,20.3,High Risk,Moderate Risk,YELLOW,COM20
REAL-COM20-HIGH-01453,2026-09-19 16:29:15.293,138.97,22.28,0.4632,7.4267,3.95,20.2,High Risk,Moderate Risk,YELLOW,COM20
REAL-COM20-HIGH-01454,2026-09-19 16:29:15.496,136.94,22.45,0.4565,7.4833,3.97,20.1,High Risk,Moderate Risk,YELLOW,COM20
REAL-COM20-HIGH-01455,2026-09-19 16:29:15.693,137.89,22.8,0.4596,7.6,4.03,19.9,High Risk,Moderate Risk,YELLOW,COM20
REAL-COM20-HIGH-01456,2026-09-19 16:29:15.896,139.51,22.3,0.465,7.4333,3.95,20.2,High Risk,Moderate Risk,YELLOW,COM20
REAL-COM20-HIGH-01457,2026-09-19 16:29:16.094,137.26,22.52,0.4575,7.5067,3.98,20.1,High Risk,Moderate Risk,YELLOW,COM20
REAL-COM20-HIGH-01458,2026-09-19 16:29:16.296,140.48,22.53,0.4683,7.51,3.99,20.0,High Risk,Moderate Risk,YELLOW,COM20
REAL-COM20-HIGH-01459,2026-09-19 16:29:16.495,139.0,22.52,0.4633,7.5067,3.99,20.1,High Risk,Moderate Risk,YELLOW,COM20
REAL-COM20-HIGH-01460,2026-09-19 16:29:16.694,139.62,22.41,0.4654,7.47,3.97,20.1,High Risk,Moderate Risk,YELLOW,COM20
REAL-COM20-HIGH-01461,2026-09-19 16:29:16.894,138.71,22.12,0.4624,7.3733,3.92,20.3,High Risk,Moderate Risk,YELLOW,COM20
REAL-COM20-HIGH-01462,2026-09-19 16:29:17.095,138.0,22.31,0.46,7.4367,3.95,20.2,High Risk,Moderate Risk,YELLOW,COM20
REAL-COM20-HIGH-01463,2026-09-19 16:29:17.296,137.5,22.56,0.4583,7.52,3.99,20.0,High Risk,Moderate Risk,YELLOW,COM20
REAL-COM20-HIGH-01464,2026-09-19 16:29:17.494,135.87,22.22,0.4529,7.4067,3.93,20.3,High Risk,Moderate Risk,YELLOW,COM20
REAL-COM20-HIGH-01465,2026-09-19 16:29:17.694,137.43,22.44,0.4581,7.48,3.97,20.1,High Risk,Moderate Risk,YELLOW,COM20
REAL-COM20-HIGH-01466,2026-09-19 16:29:17.894,137.23,22.38,0.4574,7.46,3.96,20.2,High Risk,Moderate Risk,YELLOW,COM20
REAL-COM20-HIGH-01467,2026-09-19 16:29:18.094,137.84,22.69,0.4595,7.5633,4.01,20.0,High Risk,Moderate Risk,YELLOW,COM20
REAL-COM20-HIGH-01468,2026-09-19 16:29:18.296,138.44,22.48,0.4615,7.4933,3.98,20.1,High Risk,Moderate Risk,YELLOW,COM20
REAL-COM20-HIGH-01469,2026-09-19 16:29:18.495,140.64,22.4,0.4688,7.4667,3.97,20.1,High Risk,Moderate Risk,YELLOW,COM20
REAL-COM20-HIGH-01470,2026-09-19 16:29:18.694,138.59,22.47,0.462,7.49,3.98,20.1,High Risk,Moderate Risk,YELLOW,COM20
REAL-COM20-HIGH-01471,2026-09-19 16:29:18.896,140.04,22.59,0.4668,7.53,4.0,20.0,High Risk,Moderate Risk,YELLOW,COM20
REAL-COM20-HIGH-01472,2026-09-19 16:29:19.095,136.89,22.29,0.4563,7.43,3.94,20.2,High Risk,Moderate Risk,YELLOW,COM20
REAL-COM20-HIGH-01473,2026-09-19 16:29:19.295,139.61,22.54,0.4654,7.5133,3.99,20.0,High Risk,Moderate Risk,YELLOW,COM20
REAL-COM20-HIGH-01474,2026-09-19 16:29:19.496,138.92,22.34,0.4631,7.4467,3.96,20.2,High Risk,Moderate Risk,YELLOW,COM20
REAL-COM20-HIGH-01475,2026-09-19 16:29:19.694,139.99,21.86,0.4666,7.2867,3.88,20.5,High Risk,Moderate Risk,YELLOW,COM20
REAL-COM20-HIGH-01476,2026-09-19 16:29:19.896,139.94,22.29,0.4665,7.43,3.95,20.2,High Risk,Moderate Risk,YELLOW,COM20
REAL-COM20-HIGH-01477,2026-09-19 16:29:20.094,138.38,22.2,0.4613,7.4,3.93,20.3,High Risk,Moderate Risk,YELLOW,COM20
REAL-COM20-HIGH-01478,2026-09-19 16:29:20.294,137.84,22.37,0.4595,7.4567,3.96,20.2,High Risk,Moderate Risk,YELLOW,COM20
REAL-COM20-HIGH-01479,2026-09-19 16:29:20.497,138.43,22.13,0.4614,7.3767,3.92,20.3,High Risk,Moderate Risk,YELLOW,COM20
REAL-COM20-HIGH-01480,2026-09-19 16:29:20.694,138.17,22.44,0.4606,7.48,3.97,20.1,High Risk,Moderate Risk,YELLOW,COM20
REAL-COM20-HIGH-01481,2026-09-19 16:29:20.894,139.92,22.34,0.4664,7.4467,3.96,20.2,High Risk,Moderate Risk,YELLOW,COM20
REAL-COM20-HIGH-01482,2026-09-19 16:29:21.096,139.72,22.43,0.4657,7.4767,3.97,20.1,High Risk,Moderate Risk,YELLOW,COM20
REAL-COM20-HIGH-01483,2026-09-19 16:29:21.294,140.5,22.48,0.4683,7.4933,3.98,20.1,High Risk,Moderate Risk,YELLOW,COM20
REAL-COM20-HIGH-01484,2026-09-19 16:29:21.496,141.03,22.18,0.4701,7.3933,3.93,20.3,High Risk,Moderate Risk,YELLOW,COM20
REAL-COM20-HIGH-01485,2026-09-19 16:29:21.694,139.05,22.01,0.4635,7.3367,3.9,20.4,High Risk,Moderate Risk,YELLOW,COM20
REAL-COM20-HIGH-01486,2026-09-19 16:29:21.894,138.61,22.18,0.462,7.3933,3.93,20.3,High Risk,Moderate Risk,YELLOW,COM20
REAL-COM20-HIGH-01487,2026-09-19 16:29:22.096,140.49,22.43,0.4683,7.4767,3.97,20.1,High Risk,Moderate Risk,YELLOW,COM20
REAL-COM20-HIGH-01488,2026-09-19 16:29:22.294,139.67,22.44,0.4656,7.48,3.97,20.1,High Risk,Moderate Risk,YELLOW,COM20
REAL-COM20-HIGH-01489,2026-09-19 16:29:22.494,138.23,22.42,0.4608,7.4733,3.97,20.1,High Risk,Moderate Risk,YELLOW,COM20
REAL-COM20-HIGH-01490,2026-09-19 16:29:22.696,137.97,22.36,0.4599,7.4533,3.96,20.2,High Risk,Moderate Risk,YELLOW,COM20
REAL-COM20-HIGH-01491,2026-09-19 16:29:22.894,138.11,22.28,0.4604,7.4267,3.94,20.2,High Risk,Moderate Risk,YELLOW,COM20
REAL-COM20-HIGH-01492,2026-09-19 16:29:23.094,137.78,22.34,0.4593,7.4467,3.95,20.2,High Risk,Moderate Risk,YELLOW,COM20
REAL-COM20-HIGH-01493,2026-09-19 16:29:23.295,138.48,22.52,0.4616,7.5067,3.98,20.1,High Risk,Moderate Risk,YELLOW,COM20
REAL-COM20-HIGH-01494,2026-09-19 16:29:23.496,137.87,22.35,0.4596,7.45,3.96,20.2,High Risk,Moderate Risk,YELLOW,COM20
REAL-COM20-HIGH-01495,2026-09-19 16:29:23.694,137.52,22.35,0.4584,7.45,3.95,20.2,High Risk,Moderate Risk,YELLOW,COM20
REAL-COM20-HIGH-01496,2026-09-19 16:29:23.894,139.36,22.28,0.4645,7.4267,3.95,20.2,High Risk,Moderate Risk,YELLOW,COM20
REAL-COM20-HIGH-01497,2026-09-19 16:29:24.094,139.77,22.49,0.4659,7.4967,3.98,20.1,High Risk,Moderate Risk,YELLOW,COM20
REAL-COM20-HIGH-01498,2026-09-19 16:29:24.294,137.67,22.24,0.4589,7.4133,3.94,20.3,High Risk,Moderate Risk,YELLOW,COM20
REAL-COM20-HIGH-01499,2026-09-19 16:29:24.494,136.47,22.41,0.4549,7.47,3.96,20.2,High Risk,Moderate Risk,YELLOW,COM20
REAL-COM20-HIGH-01500,2026-09-19 16:29:24.694,138.28,22.62,0.4609,7.54,4.0,20.0,High Risk,Moderate Risk,YELLOW,COM20
REAL-COM20-HIGH-01501,2026-09-19 16:29:24.894,136.91,22.4,0.4564,7.4667,3.96,20.2,High Risk,Moderate Risk,YELLOW,COM20
REAL-COM20-HIGH-01502,2026-09-19 16:29:25.094,138.13,22.4,0.4604,7.4667,3.96,20.1,High Risk,Moderate Risk,YELLOW,COM20
REAL-COM20-HIGH-01503,2026-09-19 16:29:25.294,138.03,22.52,0.4601,7.5067,3.98,20.1,High Risk,Moderate Risk,YELLOW,COM20
REAL-COM20-HIGH-01504,2026-09-19 16:29:25.496,138.95,22.33,0.4632,7.4433,3.95,20.2,High Risk,Moderate Risk,YELLOW,COM20
REAL-COM20-HIGH-01505,2026-09-19 16:29:25.694,137.92,22.25,0.4597,7.4167,3.94,20.3,High Risk,Moderate Risk,YELLOW,COM20
REAL-COM20-HIGH-01506,2026-09-19 16:29:25.894,135.71,22.54,0.4524,7.5133,3.98,20.1,High Risk,Moderate Risk,YELLOW,COM20
REAL-COM20-HIGH-01507,2026-09-19 16:29:26.094,140.2,22.53,0.4673,7.51,3.99,20.0,High Risk,Moderate Risk,YELLOW,COM20
REAL-COM20-HIGH-01508,2026-09-19 16:29:26.296,138.94,22.29,0.4631,7.43,3.95,20.2,High Risk,Moderate Risk,YELLOW,COM20
REAL-COM20-HIGH-01509,2026-09-19 16:29:26.494,139.12,22.88,0.4637,7.6267,4.05,19.8,High Risk,Moderate Risk,YELLOW,COM20
REAL-COM20-HIGH-01510,2026-09-19 16:29:26.696,137.63,22.44,0.4588,7.48,3.97,20.1,High Risk,Moderate Risk,YELLOW,COM20
REAL-COM20-HIGH-01511,2026-09-19 16:29:26.895,138.35,22.53,0.4612,7.51,3.99,20.1,High Risk,Moderate Risk,YELLOW,COM20
REAL-COM20-HIGH-01512,2026-09-19 16:29:27.094,138.31,22.44,0.461,7.48,3.97,20.1,High Risk,Moderate Risk,YELLOW,COM20
REAL-COM20-HIGH-01513,2026-09-19 16:29:27.295,138.75,22.45,0.4625,7.4833,3.97,20.1,High Risk,Moderate Risk,YELLOW,COM20
REAL-COM20-HIGH-01514,2026-09-19 16:29:27.494,139.22,22.28,0.4641,7.4267,3.94,20.2,High Risk,Moderate Risk,YELLOW,COM20
REAL-COM20-HIGH-01515,2026-09-19 16:29:27.694,136.76,22.2,0.4559,7.4,3.93,20.3,High Risk,Moderate Risk,YELLOW,COM20
REAL-COM20-HIGH-01516,2026-09-19 16:29:27.894,137.1,22.3,0.457,7.4333,3.94,20.2,High Risk,Moderate Risk,YELLOW,COM20
REAL-COM20-HIGH-01517,2026-09-19 16:29:28.094,139.08,22.37,0.4636,7.4567,3.96,20.2,High Risk,Moderate Risk,YELLOW,COM20
REAL-COM20-HIGH-01518,2026-09-19 16:29:28.296,139.89,22.52,0.4663,7.5067,3.99,20.1,High Risk,Moderate Risk,YELLOW,COM20
REAL-COM20-HIGH-01519,2026-09-19 16:29:28.494,136.95,22.22,0.4565,7.4067,3.93,20.3,High Risk,Moderate Risk,YELLOW,COM20
REAL-COM20-HIGH-01520,2026-09-19 16:29:28.694,139.89,22.24,0.4663,7.4133,3.94,20.2,High Risk,Moderate Risk,YELLOW,COM20
REAL-COM20-HIGH-01521,2026-09-19 16:29:28.895,139.72,22.44,0.4657,7.48,3.97,20.1,High Risk,Moderate Risk,YELLOW,COM20
REAL-COM20-HIGH-01522,2026-09-19 16:29:29.096,139.38,22.48,0.4646,7.4933,3.98,20.1,High Risk,Moderate Risk,YELLOW,COM20
REAL-COM20-HIGH-01523,2026-09-19 16:29:29.295,139.54,22.39,0.4651,7.4633,3.96,20.1,High Risk,Moderate Risk,YELLOW,COM20
REAL-COM20-HIGH-01524,2026-09-19 16:29:29.495,138.67,22.45,0.4622,7.4833,3.97,20.1,High Risk,Moderate Risk,YELLOW,COM20
REAL-COM20-HIGH-01525,2026-09-19 16:29:29.694,138.71,22.71,0.4624,7.57,4.02,19.9,High Risk,Moderate Risk,YELLOW,COM20
REAL-COM20-HIGH-01526,2026-09-19 16:29:29.894,139.63,22.83,0.4654,7.61,4.04,19.8,High Risk,Moderate Risk,YELLOW,COM20
REAL-COM20-HIGH-01527,2026-09-19 16:29:30.095,138.95,22.38,0.4632,7.46,3.96,20.2,High Risk,Moderate Risk,YELLOW,COM20
REAL-COM20-HIGH-01528,2026-09-19 16:29:30.296,139.72,22.22,0.4657,7.4067,3.94,20.3,High Risk,Moderate Risk,YELLOW,COM20
REAL-COM20-HIGH-01529,2026-09-19 16:29:30.495,138.31,22.36,0.461,7.4533,3.96,20.2,High Risk,Moderate Risk,YELLOW,COM20
REAL-COM20-HIGH-01530,2026-09-19 16:29:30.695,137.18,22.67,0.4573,7.5567,4.01,20.0,High Risk,Moderate Risk,YELLOW,COM20
REAL-COM20-HIGH-01531,2026-09-19 16:29:30.894,138.6,22.64,0.462,7.5467,4.01,20.0,High Risk,Moderate Risk,YELLOW,COM20
REAL-COM20-HIGH-01532,2026-09-19 16:29:31.095,138.47,22.71,0.4616,7.57,4.02,19.9,High Risk,Moderate Risk,YELLOW,COM20
REAL-COM20-HIGH-01533,2026-09-19 16:29:31.295,138.12,22.24,0.4604,7.4133,3.94,20.3,High Risk,Moderate Risk,YELLOW,COM20
REAL-COM20-HIGH-01534,2026-09-19 16:29:31.494,138.93,22.52,0.4631,7.5067,3.98,20.1,High Risk,Moderate Risk,YELLOW,COM20
REAL-COM20-HIGH-01535,2026-09-19 16:29:31.695,138.91,22.56,0.463,7.52,3.99,20.0,High Risk,Moderate Risk,YELLOW,COM20
REAL-COM20-HIGH-01536,2026-09-19 16:29:31.894,139.05,22.46,0.4635,7.4867,3.98,20.1,High Risk,Moderate Risk,YELLOW,COM20
REAL-COM20-HIGH-01537,2026-09-19 16:29:32.095,136.71,22.89,0.4557,7.63,4.04,19.8,High Risk,Moderate Risk,YELLOW,COM20
REAL-COM20-HIGH-01538,2026-09-19 16:29:32.296,137.94,22.48,0.4598,7.4933,3.98,20.1,High Risk,Moderate Risk,YELLOW,COM20
REAL-COM20-HIGH-01539,2026-09-19 16:29:32.495,137.36,22.44,0.4579,7.48,3.97,20.1,High Risk,Moderate Risk,YELLOW,COM20
REAL-COM20-HIGH-01540,2026-09-19 16:29:32.695,137.62,22.52,0.4587,7.5067,3.98,20.1,High Risk,Moderate Risk,YELLOW,COM20
REAL-COM20-HIGH-01541,2026-09-19 16:29:32.896,139.19,22.26,0.464,7.42,3.94,20.2,High Risk,Moderate Risk,YELLOW,COM20
REAL-COM20-HIGH-01542,2026-09-19 16:29:33.096,138.21,22.75,0.4607,7.5833,4.02,19.9,High Risk,Moderate Risk,YELLOW,COM20
REAL-COM20-HIGH-01543,2026-09-19 16:29:33.295,139.45,22.61,0.4648,7.5367,4.0,20.0,High Risk,Moderate Risk,YELLOW,COM20
REAL-COM20-HIGH-01544,2026-09-19 16:29:33.496,137.3,22.7,0.4577,7.5667,4.01,19.9,High Risk,Moderate Risk,YELLOW,COM20
REAL-COM20-HIGH-01545,2026-09-19 16:29:33.695,139.42,22.7,0.4647,7.5667,4.02,19.9,High Risk,Moderate Risk,YELLOW,COM20
REAL-COM20-HIGH-01546,2026-09-19 16:29:33.896,138.19,22.85,0.4606,7.6167,4.04,19.8,High Risk,Moderate Risk,YELLOW,COM20
REAL-COM20-HIGH-01547,2026-09-19 16:29:34.095,137.37,22.99,0.4579,7.6633,4.06,19.8,High Risk,Moderate Risk,YELLOW,COM20
REAL-COM20-HIGH-01548,2026-09-19 16:29:34.296,139.99,22.8,0.4666,7.6,4.03,19.9,High Risk,Moderate Risk,YELLOW,COM20
REAL-COM20-HIGH-01549,2026-09-19 16:29:34.494,138.34,22.73,0.4611,7.5767,4.02,19.9,High Risk,Moderate Risk,YELLOW,COM20
REAL-COM20-HIGH-01550,2026-09-19 16:29:34.694,137.71,22.7,0.459,7.5667,4.01,19.9,High Risk,Moderate Risk,YELLOW,COM20
REAL-COM20-HIGH-01551,2026-09-19 16:29:34.895,136.43,22.8,0.4548,7.6,4.03,19.9,High Risk,Moderate Risk,YELLOW,COM20
REAL-COM20-HIGH-01552,2026-09-19 16:29:35.095,139.2,22.64,0.464,7.5467,4.0,20.0,High Risk,Moderate Risk,YELLOW,COM20
REAL-COM20-HIGH-01553,2026-09-19 16:29:35.295,138.62,22.8,0.4621,7.6,4.03,19.9,High Risk,Moderate Risk,YELLOW,COM20
REAL-COM20-HIGH-01554,2026-09-19 16:29:35.494,138.72,22.48,0.4624,7.4933,3.98,20.1,High Risk,Moderate Risk,YELLOW,COM20
REAL-COM20-HIGH-01555,2026-09-19 16:29:35.695,138.6,22.36,0.462,7.4533,3.96,20.2,High Risk,Moderate Risk,YELLOW,COM20
REAL-COM20-HIGH-01556,2026-09-19 16:29:35.894,139.71,23.07,0.4657,7.69,4.08,19.7,High Risk,Moderate Risk,YELLOW,COM20
REAL-COM20-HIGH-01557,2026-09-19 16:29:36.096,138.61,22.69,0.462,7.5633,4.01,19.9,High Risk,Moderate Risk,YELLOW,COM20
REAL-COM20-HIGH-01558,2026-09-19 16:29:36.295,139.72,22.79,0.4657,7.5967,4.03,19.9,High Risk,Moderate Risk,YELLOW,COM20
REAL-COM20-HIGH-01559,2026-09-19 16:29:36.495,136.99,22.86,0.4566,7.62,4.04,19.8,High Risk,Moderate Risk,YELLOW,COM20
REAL-COM20-HIGH-01560,2026-09-19 16:29:36.696,139.51,22.7,0.465,7.5667,4.02,19.9,High Risk,Moderate Risk,YELLOW,COM20
REAL-COM20-HIGH-01561,2026-09-19 16:29:36.895,138.84,22.65,0.4628,7.55,4.01,20.0,High Risk,Moderate Risk,YELLOW,COM20
REAL-COM20-HIGH-01562,2026-09-19 16:29:37.096,138.82,22.79,0.4627,7.5967,4.03,19.9,High Risk,Moderate Risk,YELLOW,COM20
REAL-COM20-HIGH-01563,2026-09-19 16:29:37.296,138.56,22.7,0.4619,7.5667,4.01,19.9,High Risk,Moderate Risk,YELLOW,COM20
REAL-COM20-HIGH-01564,2026-09-19 16:29:37.496,140.01,23.02,0.4667,7.6733,4.07,19.7,High Risk,Moderate Risk,YELLOW,COM20
REAL-COM20-HIGH-01565,2026-09-19 16:29:37.695,137.52,22.94,0.4584,7.6467,4.05,19.8,High Risk,Moderate Risk,YELLOW,COM20
REAL-COM20-HIGH-01566,2026-09-19 16:29:37.896,139.48,22.76,0.4649,7.5867,4.03,19.9,High Risk,Moderate Risk,YELLOW,COM20
REAL-COM20-HIGH-01567,2026-09-19 16:29:38.095,139.67,22.68,0.4656,7.56,4.01,20.0,High Risk,Moderate Risk,YELLOW,COM20
REAL-COM20-HIGH-01568,2026-09-19 16:29:38.296,138.05,22.59,0.4602,7.53,4.0,20.0,High Risk,Moderate Risk,YELLOW,COM20
REAL-COM20-HIGH-01569,2026-09-19 16:29:38.495,138.53,22.59,0.4618,7.53,4.0,20.0,High Risk,Moderate Risk,YELLOW,COM20
REAL-COM20-HIGH-01570,2026-09-19 16:29:38.694,136.82,22.78,0.4561,7.5933,4.02,19.9,High Risk,Moderate Risk,YELLOW,COM20
REAL-COM20-HIGH-01571,2026-09-19 16:29:38.895,139.3,22.81,0.4643,7.6033,4.03,19.9,High Risk,Moderate Risk,YELLOW,COM20
REAL-COM20-HIGH-01572,2026-09-19 16:29:39.095,139.55,22.47,0.4652,7.49,3.98,20.1,High Risk,Moderate Risk,YELLOW,COM20
REAL-COM20-HIGH-01573,2026-09-19 16:29:39.296,137.38,22.82,0.4579,7.6067,4.03,19.9,High Risk,Moderate Risk,YELLOW,COM20
REAL-COM20-HIGH-01574,2026-09-19 16:29:39.496,138.05,22.94,0.4602,7.6467,4.05,19.8,High Risk,Moderate Risk,YELLOW,COM20
REAL-COM20-HIGH-01575,2026-09-19 16:29:39.695,139.85,22.9,0.4662,7.6333,4.05,19.8,High Risk,Moderate Risk,YELLOW,COM20
REAL-COM20-HIGH-01576,2026-09-19 16:29:39.895,140.17,22.58,0.4672,7.5267,4.0,20.0,High Risk,Moderate Risk,YELLOW,COM20
REAL-COM20-HIGH-01577,2026-09-19 16:29:40.095,139.45,22.69,0.4648,7.5633,4.01,19.9,High Risk,Moderate Risk,YELLOW,COM20
REAL-COM20-HIGH-01578,2026-09-19 16:29:40.296,139.23,22.76,0.4641,7.5867,4.03,19.9,High Risk,Moderate Risk,YELLOW,COM20
REAL-COM20-HIGH-01579,2026-09-19 16:29:40.495,139.37,22.58,0.4646,7.5267,4.0,20.0,High Risk,Moderate Risk,YELLOW,COM20
REAL-COM20-HIGH-01580,2026-09-19 16:29:40.694,139.4,22.61,0.4647,7.5367,4.0,20.0,High Risk,Moderate Risk,YELLOW,COM20
REAL-COM20-HIGH-01581,2026-09-19 16:29:40.895,139.49,22.49,0.465,7.4967,3.98,20.1,High Risk,Moderate Risk,YELLOW,COM20
REAL-COM20-HIGH-01582,2026-09-19 16:29:41.095,139.14,22.81,0.4638,7.6033,4.03,19.9,High Risk,Moderate Risk,YELLOW,COM20
REAL-COM20-HIGH-01583,2026-09-19 16:29:41.295,138.23,22.38,0.4608,7.46,3.96,20.2,High Risk,Moderate Risk,YELLOW,COM20
REAL-COM20-HIGH-01584,2026-09-19 16:29:41.496,137.59,22.75,0.4586,7.5833,4.02,19.9,High Risk,Moderate Risk,YELLOW,COM20
REAL-COM20-HIGH-01585,2026-09-19 16:29:41.694,138.5,22.69,0.4617,7.5633,4.01,19.9,High Risk,Moderate Risk,YELLOW,COM20
REAL-COM20-HIGH-01586,2026-09-19 16:29:41.895,135.78,22.88,0.4526,7.6267,4.04,19.8,High Risk,Moderate Risk,YELLOW,COM20
REAL-COM20-HIGH-01587,2026-09-19 16:29:42.095,140.67,22.7,0.4689,7.5667,4.02,19.9,High Risk,Moderate Risk,YELLOW,COM20
REAL-COM20-HIGH-01588,2026-09-19 16:29:42.296,139.78,22.61,0.4659,7.5367,4.0,20.0,High Risk,Moderate Risk,YELLOW,COM20
REAL-COM20-HIGH-01589,2026-09-19 16:29:42.495,138.57,26.62,0.4619,8.8733,4.67,17.6,High Risk,Moderate Risk,YELLOW,COM20
REAL-COM20-HIGH-01590,2026-09-19 16:29:42.696,138.42,25.57,0.4614,8.5233,4.49,18.2,High Risk,Moderate Risk,YELLOW,COM20
REAL-COM20-HIGH-01591,2026-09-19 16:29:42.895,138.34,27.21,0.4611,9.07,4.77,17.3,High Risk,Moderate Risk,YELLOW,COM20
REAL-COM20-HIGH-01592,2026-09-19 16:29:43.096,138.39,26.67,0.4613,8.89,4.68,17.6,High Risk,Moderate Risk,YELLOW,COM20
REAL-COM20-HIGH-01593,2026-09-19 16:29:43.295,137.55,26.56,0.4585,8.8533,4.66,17.7,High Risk,Moderate Risk,YELLOW,COM20
REAL-COM20-HIGH-01594,2026-09-19 16:29:43.495,140.39,27.02,0.468,9.0067,4.74,17.4,High Risk,Moderate Risk,YELLOW,COM20
REAL-COM20-HIGH-01595,2026-09-19 16:29:43.695,137.89,27.74,0.4596,9.2467,4.85,17.1,High Risk,Moderate Risk,YELLOW,COM20
REAL-COM20-HIGH-01596,2026-09-19 16:29:43.895,139.66,25.95,0.4655,8.65,4.56,18.0,High Risk,Moderate Risk,YELLOW,COM20
REAL-COM20-HIGH-01597,2026-09-19 16:29:44.095,137.14,26.15,0.4571,8.7167,4.59,17.9,High Risk,Moderate Risk,YELLOW,COM20
REAL-COM20-HIGH-01598,2026-09-19 16:29:44.294,139.38,25.67,0.4646,8.5567,4.51,18.1,High Risk,Moderate Risk,YELLOW,COM20
REAL-COM20-HIGH-01599,2026-09-19 16:29:44.495,139.78,25.33,0.4659,8.4433,4.45,18.3,High Risk,Moderate Risk,YELLOW,COM20
REAL-COM20-HIGH-01600,2026-09-19 16:29:44.695,137.8,25.02,0.4593,8.34,4.4,18.5,High Risk,Moderate Risk,YELLOW,COM20
REAL-COM20-HIGH-01601,2026-09-19 16:29:44.895,140.31,26.27,0.4677,8.7567,4.61,17.8,High Risk,Moderate Risk,YELLOW,COM20
REAL-COM20-HIGH-01602,2026-09-19 16:29:45.095,136.75,27.24,0.4558,9.08,4.77,17.3,High Risk,Moderate Risk,YELLOW,COM20
REAL-COM20-HIGH-01603,2026-09-19 16:29:45.294,139.4,26.78,0.4647,8.9267,4.7,17.6,High Risk,Moderate Risk,YELLOW,COM20
REAL-COM20-HIGH-01604,2026-09-19 16:29:45.495,139.53,26.73,0.4651,8.91,4.69,17.6,High Risk,Moderate Risk,YELLOW,COM20
REAL-COM20-HIGH-01605,2026-09-19 16:29:45.695,138.4,26.34,0.4613,8.78,4.62,17.8,High Risk,Moderate Risk,YELLOW,COM20
REAL-COM20-HIGH-01606,2026-09-19 16:29:45.896,138.25,25.97,0.4608,8.6567,4.56,18.0,High Risk,Moderate Risk,YELLOW,COM20
REAL-COM20-HIGH-01607,2026-09-19 16:29:46.095,140.26,26.62,0.4675,8.8733,4.67,17.6,High Risk,Moderate Risk,YELLOW,COM20
REAL-COM20-HIGH-01608,2026-09-19 16:29:46.296,137.61,27.07,0.4587,9.0233,4.74,17.4,High Risk,Moderate Risk,YELLOW,COM20
REAL-COM20-HIGH-01609,2026-09-19 16:29:46.496,138.61,26.85,0.462,8.95,4.71,17.5,High Risk,Moderate Risk,YELLOW,COM20
REAL-COM20-HIGH-01610,2026-09-19 16:29:46.696,138.41,26.93,0.4614,8.9767,4.72,17.5,High Risk,Moderate Risk,YELLOW,COM20
REAL-COM20-HIGH-01611,2026-09-19 16:29:46.895,136.17,28.17,0.4539,9.39,4.92,16.9,High Risk,Moderate Risk,YELLOW,COM20
REAL-COM20-HIGH-01612,2026-09-19 16:29:47.096,140.87,26.23,0.4696,8.7433,4.61,17.8,High Risk,Moderate Risk,YELLOW,COM20
REAL-COM20-HIGH-01613,2026-09-19 16:29:47.295,141.31,26.84,0.471,8.9467,4.71,17.5,High Risk,Moderate Risk,YELLOW,COM20
REAL-COM20-HIGH-01614,2026-09-19 16:29:47.495,139.65,26.5,0.4655,8.8333,4.65,17.7,High Risk,Moderate Risk,YELLOW,COM20
REAL-COM20-HIGH-01615,2026-09-19 16:29:47.695,138.18,27.26,0.4606,9.0867,4.77,17.3,High Risk,Moderate Risk,YELLOW,COM20
REAL-COM20-HIGH-01616,2026-09-19 16:29:47.895,138.91,26.93,0.463,8.9767,4.72,17.5,High Risk,Moderate Risk,YELLOW,COM20
REAL-COM20-HIGH-01617,2026-09-19 16:29:48.095,139.26,26.81,0.4642,8.9367,4.7,17.5,High Risk,Moderate Risk,YELLOW,COM20
REAL-COM20-HIGH-01618,2026-09-19 16:29:48.295,139.31,26.54,0.4644,8.8467,4.66,17.7,High Risk,Moderate Risk,YELLOW,COM20
REAL-COM20-HIGH-01619,2026-09-19 16:29:48.495,137.26,27.13,0.4575,9.0433,4.75,17.4,High Risk,Moderate Risk,YELLOW,COM20
REAL-COM20-HIGH-01620,2026-09-19 16:29:48.695,139.29,27.56,0.4643,9.1867,4.83,17.2,High Risk,Moderate Risk,YELLOW,COM20
REAL-COM20-HIGH-01621,2026-09-19 16:29:48.895,139.65,26.75,0.4655,8.9167,4.69,17.6,High Risk,Moderate Risk,YELLOW,COM20
REAL-COM20-HIGH-01622,2026-09-19 16:29:49.096,138.69,26.43,0.4623,8.81,4.64,17.7,High Risk,Moderate Risk,YELLOW,COM20
REAL-COM20-HIGH-01623,2026-09-19 16:29:49.295,139.32,27.1,0.4644,9.0333,4.75,17.4,High Risk,Moderate Risk,YELLOW,COM20
REAL-COM20-HIGH-01624,2026-09-19 16:29:49.496,138.31,26.43,0.461,8.81,4.64,17.7,High Risk,Moderate Risk,YELLOW,COM20
REAL-COM20-HIGH-01625,2026-09-19 16:29:49.695,137.47,26.94,0.4582,8.98,4.72,17.5,High Risk,Moderate Risk,YELLOW,COM20
REAL-COM20-HIGH-01626,2026-09-19 16:29:49.896,137.73,26.62,0.4591,8.8733,4.67,17.7,High Risk,Moderate Risk,YELLOW,COM20
REAL-COM20-HIGH-01627,2026-09-19 16:29:50.095,139.1,26.87,0.4637,8.9567,4.71,17.5,High Risk,Moderate Risk,YELLOW,COM20
REAL-COM20-HIGH-01628,2026-09-19 16:29:50.296,138.7,27.87,0.4623,9.29,4.88,17.0,High Risk,Moderate Risk,YELLOW,COM20
REAL-COM20-HIGH-01629,2026-09-19 16:29:50.495,138.35,27.35,0.4612,9.1167,4.79,17.3,High Risk,Moderate Risk,YELLOW,COM20
REAL-COM20-HIGH-01630,2026-09-19 16:29:50.695,139.18,27.4,0.4639,9.1333,4.8,17.2,High Risk,Moderate Risk,YELLOW,COM20
REAL-COM20-HIGH-01631,2026-09-19 16:29:50.895,138.02,27.23,0.4601,9.0767,4.77,17.3,High Risk,Moderate Risk,YELLOW,COM20
REAL-COM20-HIGH-01632,2026-09-19 16:29:51.094,138.07,26.89,0.4602,8.9633,4.71,17.5,High Risk,Moderate Risk,YELLOW,COM20
REAL-COM20-HIGH-01633,2026-09-19 16:29:51.296,138.38,27.15,0.4613,9.05,4.75,17.4,High Risk,Moderate Risk,YELLOW,COM20
REAL-COM20-HIGH-01634,2026-09-19 16:29:51.496,140.78,25.94,0.4693,8.6467,4.56,18.0,High Risk,Moderate Risk,YELLOW,COM20
REAL-COM20-HIGH-01635,2026-09-19 16:29:51.695,138.26,27.15,0.4609,9.05,4.76,17.4,High Risk,Moderate Risk,YELLOW,COM20
REAL-COM20-HIGH-01636,2026-09-19 16:29:51.895,137.06,26.89,0.4569,8.9633,4.71,17.5,High Risk,Moderate Risk,YELLOW,COM20
REAL-COM20-HIGH-01637,2026-09-19 16:29:52.095,138.81,27.67,0.4627,9.2233,4.84,17.1,High Risk,Moderate Risk,YELLOW,COM20
REAL-COM20-HIGH-01638,2026-09-19 16:29:52.296,140.57,26.82,0.4686,8.94,4.7,17.5,High Risk,Moderate Risk,YELLOW,COM20
REAL-COM20-HIGH-01639,2026-09-19 16:29:52.495,140.49,26.14,0.4683,8.7133,4.59,17.9,High Risk,Moderate Risk,YELLOW,COM20
REAL-COM20-HIGH-01640,2026-09-19 16:29:52.696,138.8,27.49,0.4627,9.1633,4.81,17.2,High Risk,Moderate Risk,YELLOW,COM20
REAL-COM20-HIGH-01641,2026-09-19 16:29:52.895,137.48,27.12,0.4583,9.04,4.75,17.4,High Risk,Moderate Risk,YELLOW,COM20
REAL-COM20-HIGH-01642,2026-09-19 16:29:53.096,137.08,26.61,0.4569,8.87,4.66,17.7,High Risk,Moderate Risk,YELLOW,COM20
REAL-COM20-HIGH-01643,2026-09-19 16:29:53.295,136.89,25.97,0.4563,8.6567,4.56,18.0,High Risk,Moderate Risk,YELLOW,COM20
REAL-COM20-HIGH-01644,2026-09-19 16:29:53.495,136.54,26.6,0.4551,8.8667,4.66,17.7,High Risk,Moderate Risk,YELLOW,COM20
REAL-COM20-HIGH-01645,2026-09-19 16:29:53.695,138.98,26.96,0.4633,8.9867,4.73,17.5,High Risk,Moderate Risk,YELLOW,COM20
REAL-COM20-HIGH-01646,2026-09-19 16:29:53.895,139.23,27.46,0.4641,9.1533,4.81,17.2,High Risk,Moderate Risk,YELLOW,COM20
REAL-COM20-HIGH-01647,2026-09-19 16:29:54.095,140.07,26.96,0.4669,8.9867,4.73,17.5,High Risk,Moderate Risk,YELLOW,COM20
REAL-COM20-HIGH-01648,2026-09-19 16:29:54.295,139.2,26.74,0.464,8.9133,4.69,17.6,High Risk,Moderate Risk,YELLOW,COM20
REAL-COM20-HIGH-01649,2026-09-19 16:29:54.495,137.63,26.91,0.4588,8.97,4.71,17.5,High Risk,Moderate Risk,YELLOW,COM20
REAL-COM20-HIGH-01650,2026-09-19 16:29:54.695,139.35,25.63,0.4645,8.5433,4.5,18.2,High Risk,Moderate Risk,YELLOW,COM20
REAL-COM20-HIGH-01651,2026-09-19 16:29:54.895,139.66,26.38,0.4655,8.7933,4.63,17.8,High Risk,Moderate Risk,YELLOW,COM20
REAL-COM20-HIGH-01652,2026-09-19 16:29:55.096,136.56,27.0,0.4552,9.0,4.73,17.5,High Risk,Moderate Risk,YELLOW,COM20
REAL-COM20-HIGH-01653,2026-09-19 16:29:55.295,139.33,26.14,0.4644,8.7133,4.59,17.9,High Risk,Moderate Risk,YELLOW,COM20
REAL-COM20-HIGH-01654,2026-09-19 16:29:55.495,139.55,25.55,0.4652,8.5167,4.49,18.2,High Risk,Moderate Risk,YELLOW,COM20
REAL-COM20-HIGH-01655,2026-09-19 16:29:55.695,139.5,25.78,0.465,8.5933,4.53,18.1,High Risk,Moderate Risk,YELLOW,COM20
REAL-COM20-HIGH-01656,2026-09-19 16:29:55.895,138.74,24.99,0.4625,8.33,4.4,18.5,High Risk,Moderate Risk,YELLOW,COM20
REAL-COM20-HIGH-01657,2026-09-19 16:29:56.095,139.19,25.32,0.464,8.44,4.45,18.3,High Risk,Moderate Risk,YELLOW,COM20
REAL-COM20-HIGH-01658,2026-09-19 16:29:56.296,138.92,26.4,0.4631,8.8,4.63,17.8,High Risk,Moderate Risk,YELLOW,COM20
REAL-COM20-HIGH-01659,2026-09-19 16:29:56.495,139.34,26.67,0.4645,8.89,4.68,17.6,High Risk,Moderate Risk,YELLOW,COM20
REAL-COM20-HIGH-01660,2026-09-19 16:29:56.695,138.16,27.7,0.4605,9.2333,4.85,17.1,High Risk,Moderate Risk,YELLOW,COM20
REAL-COM20-HIGH-01661,2026-09-19 16:29:56.895,139.38,27.4,0.4646,9.1333,4.8,17.2,High Risk,Moderate Risk,YELLOW,COM20
REAL-COM20-HIGH-01662,2026-09-19 16:29:57.095,137.62,26.84,0.4587,8.9467,4.7,17.5,High Risk,Moderate Risk,YELLOW,COM20
REAL-COM20-HIGH-01663,2026-09-19 16:29:57.295,138.83,27.58,0.4628,9.1933,4.83,17.2,High Risk,Moderate Risk,YELLOW,COM20
REAL-COM20-HIGH-01664,2026-09-19 16:29:57.495,138.36,27.93,0.4612,9.31,4.89,17.0,High Risk,Moderate Risk,YELLOW,COM20
REAL-COM20-HIGH-01665,2026-09-19 16:29:57.695,139.65,27.58,0.4655,9.1933,4.83,17.2,High Risk,Moderate Risk,YELLOW,COM20
REAL-COM20-HIGH-01666,2026-09-19 16:29:57.896,137.3,27.04,0.4577,9.0133,4.74,17.4,High Risk,Moderate Risk,YELLOW,COM20
REAL-COM20-HIGH-01667,2026-09-19 16:29:58.095,138.7,27.24,0.4623,9.08,4.77,17.3,High Risk,Moderate Risk,YELLOW,COM20
REAL-COM20-HIGH-01668,2026-09-19 16:29:58.296,136.81,27.22,0.456,9.0733,4.76,17.3,High Risk,Moderate Risk,YELLOW,COM20
REAL-COM20-HIGH-01669,2026-09-19 16:29:58.495,140.32,27.05,0.4677,9.0167,4.74,17.4,High Risk,Moderate Risk,YELLOW,COM20
REAL-COM20-HIGH-01670,2026-09-19 16:29:58.696,138.63,28.06,0.4621,9.3533,4.91,16.9,High Risk,Moderate Risk,YELLOW,COM20
REAL-COM20-HIGH-01671,2026-09-19 16:29:58.895,136.73,27.94,0.4558,9.3133,4.88,17.0,High Risk,Moderate Risk,YELLOW,COM20
REAL-COM20-HIGH-01672,2026-09-19 16:29:59.096,140.48,27.81,0.4683,9.27,4.87,17.0,High Risk,Moderate Risk,YELLOW,COM20
REAL-COM20-HIGH-01673,2026-09-19 16:29:59.295,138.06,27.54,0.4602,9.18,4.82,17.2,High Risk,Moderate Risk,YELLOW,COM20
REAL-COM20-HIGH-01674,2026-09-19 16:29:59.496,135.59,26.99,0.452,8.9967,4.72,17.5,High Risk,Moderate Risk,YELLOW,COM20
REAL-COM20-HIGH-01675,2026-09-19 16:29:59.695,140.16,27.8,0.4672,9.2667,4.87,17.0,High Risk,Moderate Risk,YELLOW,COM20
REAL-COM20-HIGH-01676,2026-09-19 16:29:59.895,140.75,27.33,0.4692,9.11,4.79,17.3,High Risk,Moderate Risk,YELLOW,COM20
REAL-COM20-HIGH-01677,2026-09-19 16:30:00.095,137.52,27.44,0.4584,9.1467,4.8,17.2,High Risk,Moderate Risk,YELLOW,COM20
REAL-COM20-HIGH-01678,2026-09-19 16:30:00.296,138.27,27.08,0.4609,9.0267,4.74,17.4,High Risk,Moderate Risk,YELLOW,COM20
REAL-COM20-HIGH-01679,2026-09-19 16:30:00.495,138.17,27.73,0.4606,9.2433,4.85,17.1,High Risk,Moderate Risk,YELLOW,COM20
REAL-COM20-HIGH-01680,2026-09-19 16:30:00.695,138.4,28.45,0.4613,9.4833,4.97,16.7,High Risk,Moderate Risk,YELLOW,COM20
REAL-COM20-HIGH-01681,2026-09-19 16:30:00.895,137.03,27.1,0.4568,9.0333,4.74,17.4,High Risk,Moderate Risk,YELLOW,COM20
REAL-COM20-HIGH-01682,2026-09-19 16:30:01.096,139.78,27.09,0.4659,9.03,4.75,17.4,High Risk,Moderate Risk,YELLOW,COM20
REAL-COM20-HIGH-01683,2026-09-19 16:30:01.295,137.61,27.32,0.4587,9.1067,4.78,17.3,High Risk,Moderate Risk,YELLOW,COM20
REAL-COM20-HIGH-01684,2026-09-19 16:30:01.496,139.72,27.2,0.4657,9.0667,4.77,17.3,High Risk,Moderate Risk,YELLOW,COM20
REAL-COM20-HIGH-01685,2026-09-19 16:30:01.695,137.62,28.53,0.4587,9.51,4.98,16.7,High Risk,Moderate Risk,YELLOW,COM20
REAL-COM20-HIGH-01686,2026-09-19 16:30:01.896,139.14,27.3,0.4638,9.1,4.78,17.3,High Risk,Moderate Risk,YELLOW,COM20
REAL-COM20-HIGH-01687,2026-09-19 16:30:02.095,136.91,27.09,0.4564,9.03,4.74,17.4,High Risk,Moderate Risk,YELLOW,COM20
REAL-COM20-HIGH-01688,2026-09-19 16:30:02.296,137.27,27.87,0.4576,9.29,4.87,17.0,High Risk,Moderate Risk,YELLOW,COM20
REAL-COM20-HIGH-01689,2026-09-19 16:30:02.495,137.96,27.4,0.4599,9.1333,4.8,17.3,High Risk,Moderate Risk,YELLOW,COM20
REAL-COM20-HIGH-01690,2026-09-19 16:30:02.696,141.16,27.29,0.4705,9.0967,4.78,17.3,High Risk,Moderate Risk,YELLOW,COM20
REAL-COM20-HIGH-01691,2026-09-19 16:30:02.895,138.94,27.5,0.4631,9.1667,4.82,17.2,High Risk,Moderate Risk,YELLOW,COM20
REAL-COM20-HIGH-01692,2026-09-19 16:30:03.095,138.29,27.12,0.461,9.04,4.75,17.4,High Risk,Moderate Risk,YELLOW,COM20
REAL-COM20-HIGH-01693,2026-09-19 16:30:03.295,140.92,26.94,0.4697,8.98,4.72,17.5,High Risk,Moderate Risk,YELLOW,COM20
REAL-COM20-HIGH-01694,2026-09-19 16:30:03.495,138.15,27.59,0.4605,9.1967,4.83,17.2,High Risk,Moderate Risk,YELLOW,COM20
REAL-COM20-HIGH-01695,2026-09-19 16:30:03.695,138.59,27.03,0.462,9.01,4.74,17.4,High Risk,Moderate Risk,YELLOW,COM20
REAL-COM20-HIGH-01696,2026-09-19 16:30:03.896,138.51,27.17,0.4617,9.0567,4.76,17.4,High Risk,Moderate Risk,YELLOW,COM20
REAL-COM20-HIGH-01697,2026-09-19 16:30:04.095,138.64,27.09,0.4621,9.03,4.75,17.4,High Risk,Moderate Risk,YELLOW,COM20
REAL-COM20-HIGH-01698,2026-09-19 16:30:04.295,137.3,26.99,0.4577,8.9967,4.73,17.5,High Risk,Moderate Risk,YELLOW,COM20
REAL-COM20-HIGH-01699,2026-09-19 16:30:04.495,138.89,27.58,0.463,9.1933,4.83,17.2,High Risk,Moderate Risk,YELLOW,COM20
REAL-COM20-HIGH-01700,2026-09-19 16:30:04.695,136.32,27.48,0.4544,9.16,4.81,17.2,High Risk,Moderate Risk,YELLOW,COM20
REAL-COM20-HIGH-01701,2026-09-19 16:30:04.895,139.09,27.73,0.4636,9.2433,4.85,17.1,High Risk,Moderate Risk,YELLOW,COM20
REAL-COM20-HIGH-01702,2026-09-19 16:30:05.095,136.61,27.26,0.4554,9.0867,4.77,17.3,High Risk,Moderate Risk,YELLOW,COM20
REAL-COM20-HIGH-01703,2026-09-19 16:30:05.295,138.53,26.76,0.4618,8.92,4.69,17.6,High Risk,Moderate Risk,YELLOW,COM20
REAL-COM20-HIGH-01704,2026-09-19 16:30:05.495,139.95,27.25,0.4665,9.0833,4.77,17.3,High Risk,Moderate Risk,YELLOW,COM20
REAL-COM20-HIGH-01705,2026-09-19 16:30:05.695,137.33,27.02,0.4578,9.0067,4.73,17.4,High Risk,Moderate Risk,YELLOW,COM20
REAL-COM20-HIGH-01706,2026-09-19 16:30:05.896,136.95,27.07,0.4565,9.0233,4.74,17.4,High Risk,Moderate Risk,YELLOW,COM20
REAL-COM20-HIGH-01707,2026-09-19 16:30:06.095,139.51,26.65,0.465,8.8833,4.67,17.6,High Risk,Moderate Risk,YELLOW,COM20
REAL-COM20-HIGH-01708,2026-09-19 16:30:06.296,138.91,27.2,0.463,9.0667,4.76,17.3,High Risk,Moderate Risk,YELLOW,COM20
REAL-COM20-HIGH-01709,2026-09-19 16:30:06.496,139.68,26.25,0.4656,8.75,4.61,17.8,High Risk,Moderate Risk,YELLOW,COM20
REAL-COM20-HIGH-01710,2026-09-19 16:30:06.695,137.62,26.98,0.4587,8.9933,4.73,17.5,High Risk,Moderate Risk,YELLOW,COM20
REAL-COM20-HIGH-01711,2026-09-19 16:30:06.895,139.35,27.48,0.4645,9.16,4.81,17.2,High Risk,Moderate Risk,YELLOW,COM20
REAL-COM20-HIGH-01712,2026-09-19 16:30:07.096,139.73,26.73,0.4658,8.91,4.69,17.6,High Risk,Moderate Risk,YELLOW,COM20
REAL-COM20-HIGH-01713,2026-09-19 16:30:07.295,138.21,27.1,0.4607,9.0333,4.75,17.4,High Risk,Moderate Risk,YELLOW,COM20
REAL-COM20-HIGH-01714,2026-09-19 16:30:07.495,137.63,26.19,0.4588,8.73,4.59,17.9,High Risk,Moderate Risk,YELLOW,COM20
REAL-COM20-HIGH-01715,2026-09-19 16:30:07.695,140.77,26.3,0.4692,8.7667,4.62,17.8,High Risk,Moderate Risk,YELLOW,COM20
REAL-COM20-HIGH-01716,2026-09-19 16:30:07.895,138.07,26.74,0.4602,8.9133,4.69,17.6,High Risk,Moderate Risk,YELLOW,COM20
REAL-COM20-HIGH-01717,2026-09-19 16:30:08.096,138.13,26.59,0.4604,8.8633,4.66,17.7,High Risk,Moderate Risk,YELLOW,COM20
REAL-COM20-HIGH-01718,2026-09-19 16:30:08.295,138.84,26.81,0.4628,8.9367,4.7,17.5,High Risk,Moderate Risk,YELLOW,COM20
REAL-COM20-HIGH-01719,2026-09-19 16:30:08.496,138.4,26.92,0.4613,8.9733,4.72,17.5,High Risk,Moderate Risk,YELLOW,COM20
REAL-COM20-HIGH-01720,2026-09-19 16:30:08.695,136.65,27.29,0.4555,9.0967,4.78,17.3,High Risk,Moderate Risk,YELLOW,COM20
REAL-COM20-HIGH-01721,2026-09-19 16:30:08.895,138.98,26.95,0.4633,8.9833,4.72,17.5,High Risk,Moderate Risk,YELLOW,COM20
REAL-COM20-HIGH-01722,2026-09-19 16:30:09.096,138.24,26.89,0.4608,8.9633,4.71,17.5,High Risk,Moderate Risk,YELLOW,COM20
REAL-COM20-HIGH-01723,2026-09-19 16:30:09.296,139.37,26.63,0.4646,8.8767,4.67,17.6,High Risk,Moderate Risk,YELLOW,COM20
REAL-COM20-HIGH-01724,2026-09-19 16:30:09.495,137.23,26.67,0.4574,8.89,4.67,17.6,High Risk,Moderate Risk,YELLOW,COM20
REAL-COM20-HIGH-01725,2026-09-19 16:30:09.695,141.04,26.53,0.4701,8.8433,4.66,17.7,High Risk,Moderate Risk,YELLOW,COM20
REAL-COM20-HIGH-01726,2026-09-19 16:30:09.895,139.61,26.72,0.4654,8.9067,4.69,17.6,High Risk,Moderate Risk,YELLOW,COM20
REAL-COM20-HIGH-01727,2026-09-19 16:30:10.096,140.06,26.66,0.4669,8.8867,4.68,17.6,High Risk,Moderate Risk,YELLOW,COM20
REAL-COM20-HIGH-01728,2026-09-19 16:30:10.296,138.26,26.57,0.4609,8.8567,4.66,17.7,High Risk,Moderate Risk,YELLOW,COM20
REAL-COM20-HIGH-01729,2026-09-19 16:30:10.495,137.83,26.24,0.4594,8.7467,4.6,17.8,High Risk,Moderate Risk,YELLOW,COM20
REAL-COM20-HIGH-01730,2026-09-19 16:30:10.695,137.61,26.75,0.4587,8.9167,4.69,17.6,High Risk,Moderate Risk,YELLOW,COM20
REAL-COM20-HIGH-01731,2026-09-19 16:30:10.896,138.21,26.98,0.4607,8.9933,4.73,17.5,High Risk,Moderate Risk,YELLOW,COM20
REAL-COM20-HIGH-01732,2026-09-19 16:30:11.095,138.18,26.61,0.4606,8.87,4.67,17.7,High Risk,Moderate Risk,YELLOW,COM20
REAL-COM20-HIGH-01733,2026-09-19 16:30:11.295,140.36,26.36,0.4679,8.7867,4.63,17.8,High Risk,Moderate Risk,YELLOW,COM20
REAL-COM20-HIGH-01734,2026-09-19 16:30:11.495,139.01,26.98,0.4634,8.9933,4.73,17.5,High Risk,Moderate Risk,YELLOW,COM20
REAL-COM20-HIGH-01735,2026-09-19 16:30:11.695,139.9,26.81,0.4663,8.9367,4.7,17.5,High Risk,Moderate Risk,YELLOW,COM20
REAL-COM20-HIGH-01736,2026-09-19 16:30:11.895,138.28,26.73,0.4609,8.91,4.69,17.6,High Risk,Moderate Risk,YELLOW,COM20
REAL-COM20-HIGH-01737,2026-09-19 16:30:12.096,140.1,26.67,0.467,8.89,4.68,17.6,High Risk,Moderate Risk,YELLOW,COM20
REAL-COM20-HIGH-01738,2026-09-19 16:30:12.296,137.13,26.44,0.4571,8.8133,4.63,17.7,High Risk,Moderate Risk,YELLOW,COM20
REAL-COM20-HIGH-01739,2026-09-19 16:30:12.495,139.51,26.5,0.465,8.8333,4.65,17.7,High Risk,Moderate Risk,YELLOW,COM20
REAL-COM20-HIGH-01740,2026-09-19 16:30:12.695,137.42,26.15,0.4581,8.7167,4.59,17.9,High Risk,Moderate Risk,YELLOW,COM20
REAL-COM20-HIGH-01741,2026-09-19 16:30:12.896,140.05,26.15,0.4668,8.7167,4.59,17.9,High Risk,Moderate Risk,YELLOW,COM20
REAL-COM20-HIGH-01742,2026-09-19 16:30:13.095,140.75,26.07,0.4692,8.69,4.58,17.9,High Risk,Moderate Risk,YELLOW,COM20
REAL-COM20-HIGH-01743,2026-09-19 16:30:13.295,138.34,27.07,0.4611,9.0233,4.74,17.4,High Risk,Moderate Risk,YELLOW,COM20
REAL-COM20-HIGH-01744,2026-09-19 16:30:13.495,137.92,27.41,0.4597,9.1367,4.8,17.2,High Risk,Moderate Risk,YELLOW,COM20
REAL-COM20-HIGH-01745,2026-09-19 16:30:13.695,139.26,26.46,0.4642,8.82,4.64,17.7,High Risk,Moderate Risk,YELLOW,COM20
REAL-COM20-HIGH-01746,2026-09-19 16:30:13.896,139.16,26.05,0.4639,8.6833,4.57,17.9,High Risk,Moderate Risk,YELLOW,COM20
REAL-COM20-HIGH-01747,2026-09-19 16:30:14.096,138.3,26.25,0.461,8.75,4.61,17.8,High Risk,Moderate Risk,YELLOW,COM20
REAL-COM20-HIGH-01748,2026-09-19 16:30:14.296,139.2,26.5,0.464,8.8333,4.65,17.7,High Risk,Moderate Risk,YELLOW,COM20
REAL-COM20-HIGH-01749,2026-09-19 16:30:14.496,138.1,25.81,0.4603,8.6033,4.53,18.1,High Risk,Moderate Risk,YELLOW,COM20
REAL-COM20-HIGH-01750,2026-09-19 16:30:14.696,138.95,26.53,0.4632,8.8433,4.65,17.7,High Risk,Moderate Risk,YELLOW,COM20
REAL-COM20-HIGH-01751,2026-09-19 16:30:14.896,137.22,26.38,0.4574,8.7933,4.62,17.8,High Risk,Moderate Risk,YELLOW,COM20
REAL-COM20-HIGH-01752,2026-09-19 16:30:15.095,136.8,26.3,0.456,8.7667,4.61,17.8,High Risk,Moderate Risk,YELLOW,COM20
REAL-COM20-HIGH-01753,2026-09-19 16:30:15.296,138.0,25.95,0.46,8.65,4.55,18.0,High Risk,Moderate Risk,YELLOW,COM20
REAL-COM20-HIGH-01754,2026-09-19 16:30:15.495,136.69,26.87,0.4556,8.9567,4.71,17.5,High Risk,Moderate Risk,YELLOW,COM20
REAL-COM20-HIGH-01755,2026-09-19 16:30:15.695,140.2,25.91,0.4673,8.6367,4.55,18.0,High Risk,Moderate Risk,YELLOW,COM20
REAL-COM20-HIGH-01756,2026-09-19 16:30:15.895,136.7,26.49,0.4557,8.83,4.64,17.7,High Risk,Moderate Risk,YELLOW,COM20
REAL-COM20-HIGH-01757,2026-09-19 16:30:16.095,137.39,27.01,0.458,9.0033,4.73,17.4,High Risk,Moderate Risk,YELLOW,COM20
REAL-COM20-HIGH-01758,2026-09-19 16:30:16.295,138.21,26.6,0.4607,8.8667,4.66,17.7,High Risk,Moderate Risk,YELLOW,COM20
REAL-COM20-HIGH-01759,2026-09-19 16:30:16.495,138.26,26.83,0.4609,8.9433,4.7,17.5,High Risk,Moderate Risk,YELLOW,COM20
REAL-COM20-HIGH-01760,2026-09-19 16:30:16.695,138.71,26.83,0.4624,8.9433,4.7,17.5,High Risk,Moderate Risk,YELLOW,COM20
REAL-COM20-HIGH-01761,2026-09-19 16:30:16.895,139.13,26.33,0.4638,8.7767,4.62,17.8,High Risk,Moderate Risk,YELLOW,COM20
REAL-COM20-HIGH-01762,2026-09-19 16:30:17.096,140.36,26.64,0.4679,8.88,4.67,17.6,High Risk,Moderate Risk,YELLOW,COM20
REAL-COM20-HIGH-01763,2026-09-19 16:30:17.295,139.81,27.3,0.466,9.1,4.78,17.3,High Risk,Moderate Risk,YELLOW,COM20
REAL-COM20-HIGH-01764,2026-09-19 16:30:17.495,139.83,26.69,0.4661,8.8967,4.68,17.6,High Risk,Moderate Risk,YELLOW,COM20
REAL-COM20-HIGH-01765,2026-09-19 16:30:17.695,139.38,27.84,0.4646,9.28,4.87,17.0,High Risk,Moderate Risk,YELLOW,COM20
REAL-COM20-HIGH-01766,2026-09-19 16:30:17.896,138.39,27.07,0.4613,9.0233,4.74,17.4,High Risk,Moderate Risk,YELLOW,COM20
REAL-COM20-HIGH-01767,2026-09-19 16:30:18.096,139.69,26.74,0.4656,8.9133,4.69,17.6,High Risk,Moderate Risk,YELLOW,COM20
REAL-COM20-HIGH-01768,2026-09-19 16:30:18.295,139.44,26.39,0.4648,8.7967,4.63,17.8,High Risk,Moderate Risk,YELLOW,COM20
REAL-COM20-HIGH-01769,2026-09-19 16:30:18.495,139.43,26.82,0.4648,8.94,4.7,17.5,High Risk,Moderate Risk,YELLOW,COM20
REAL-COM20-HIGH-01770,2026-09-19 16:30:18.695,136.31,26.29,0.4544,8.7633,4.61,17.8,High Risk,Moderate Risk,YELLOW,COM20
REAL-COM20-HIGH-01771,2026-09-19 16:30:18.895,139.42,26.24,0.4647,8.7467,4.61,17.8,High Risk,Moderate Risk,YELLOW,COM20
REAL-COM20-HIGH-01772,2026-09-19 16:30:19.095,139.19,26.15,0.464,8.7167,4.59,17.9,High Risk,Moderate Risk,YELLOW,COM20
REAL-COM20-HIGH-01773,2026-09-19 16:30:19.295,139.14,26.36,0.4638,8.7867,4.63,17.8,High Risk,Moderate Risk,YELLOW,COM20
REAL-COM20-HIGH-01774,2026-09-19 16:30:19.495,139.12,26.16,0.4637,8.72,4.59,17.9,High Risk,Moderate Risk,YELLOW,COM20
REAL-COM20-HIGH-01775,2026-09-19 16:30:19.695,139.57,27.34,0.4652,9.1133,4.79,17.3,High Risk,Moderate Risk,YELLOW,COM20
REAL-COM20-HIGH-01776,2026-09-19 16:30:19.895,136.82,26.39,0.4561,8.7967,4.63,17.8,High Risk,Moderate Risk,YELLOW,COM20
REAL-COM20-HIGH-01777,2026-09-19 16:30:20.096,138.18,27.55,0.4606,9.1833,4.82,17.2,High Risk,Moderate Risk,YELLOW,COM20
REAL-COM20-HIGH-01778,2026-09-19 16:30:20.295,137.41,26.88,0.458,8.96,4.71,17.5,High Risk,Moderate Risk,YELLOW,COM20
REAL-COM20-HIGH-01779,2026-09-19 16:30:20.496,138.7,26.07,0.4623,8.69,4.58,17.9,High Risk,Moderate Risk,YELLOW,COM20
REAL-COM20-HIGH-01780,2026-09-19 16:30:20.695,138.49,26.43,0.4616,8.81,4.64,17.7,High Risk,Moderate Risk,YELLOW,COM20
REAL-COM20-HIGH-01781,2026-09-19 16:30:20.896,138.07,25.97,0.4602,8.6567,4.56,18.0,High Risk,Moderate Risk,YELLOW,COM20
REAL-COM20-HIGH-01782,2026-09-19 16:30:21.095,140.33,26.7,0.4678,8.9,4.68,17.6,High Risk,Moderate Risk,YELLOW,COM20
REAL-COM20-HIGH-01783,2026-09-19 16:30:21.296,138.53,26.29,0.4618,8.7633,4.61,17.8,High Risk,Moderate Risk,YELLOW,COM20
REAL-COM20-HIGH-01784,2026-09-19 16:30:21.496,139.3,26.72,0.4643,8.9067,4.68,17.6,High Risk,Moderate Risk,YELLOW,COM20
REAL-COM20-HIGH-01785,2026-09-19 16:30:21.695,137.6,26.27,0.4587,8.7567,4.61,17.8,High Risk,Moderate Risk,YELLOW,COM20
REAL-COM20-HIGH-01786,2026-09-19 16:30:21.895,137.94,26.12,0.4598,8.7067,4.58,17.9,High Risk,Moderate Risk,YELLOW,COM20
REAL-COM20-HIGH-01787,2026-09-19 16:30:22.095,140.73,26.72,0.4691,8.9067,4.69,17.6,High Risk,Moderate Risk,YELLOW,COM20
REAL-COM20-HIGH-01788,2026-09-19 16:30:22.295,136.22,26.25,0.4541,8.75,4.6,17.9,High Risk,Moderate Risk,YELLOW,COM20
REAL-COM20-HIGH-01789,2026-09-19 16:30:22.496,137.27,25.93,0.4576,8.6433,4.55,18.0,High Risk,Moderate Risk,YELLOW,COM20
REAL-COM20-HIGH-01790,2026-09-19 16:30:22.696,138.94,26.01,0.4631,8.67,4.57,18.0,High Risk,Moderate Risk,YELLOW,COM20
REAL-COM20-HIGH-01791,2026-09-19 16:30:22.896,139.87,25.94,0.4662,8.6467,4.56,18.0,High Risk,Moderate Risk,YELLOW,COM20
REAL-COM20-HIGH-01792,2026-09-19 16:30:23.095,139.68,26.28,0.4656,8.76,4.61,17.8,High Risk,Moderate Risk,YELLOW,COM20
REAL-COM20-HIGH-01793,2026-09-19 16:30:23.296,137.09,26.27,0.457,8.7567,4.61,17.8,High Risk,Moderate Risk,YELLOW,COM20
REAL-COM20-HIGH-01794,2026-09-19 16:30:23.495,140.67,26.02,0.4689,8.6733,4.57,18.0,High Risk,Moderate Risk,YELLOW,COM20
REAL-COM20-HIGH-01795,2026-09-19 16:30:23.696,138.58,25.52,0.4619,8.5067,4.48,18.2,High Risk,Moderate Risk,YELLOW,COM20
REAL-COM20-HIGH-01796,2026-09-19 16:30:23.895,137.42,26.41,0.4581,8.8033,4.63,17.8,High Risk,Moderate Risk,YELLOW,COM20
REAL-COM20-HIGH-01797,2026-09-19 16:30:24.096,140.2,25.74,0.4673,8.58,4.52,18.1,High Risk,Moderate Risk,YELLOW,COM20
REAL-COM20-HIGH-01798,2026-09-19 16:30:24.296,138.92,25.88,0.4631,8.6267,4.54,18.0,High Risk,Moderate Risk,YELLOW,COM20
REAL-COM20-HIGH-01799,2026-09-19 16:30:24.496,141.33,25.56,0.4711,8.52,4.5,18.2,High Risk,Moderate Risk,YELLOW,COM20
REAL-COM20-HIGH-01800,2026-09-19 16:30:24.696,139.21,26.52,0.464,8.84,4.65,17.7,High Risk,Moderate Risk,YELLOW,COM20
REAL-COM20-HIGH-01801,2026-09-19 16:30:24.896,137.56,25.7,0.4585,8.5667,4.51,18.1,High Risk,Moderate Risk,YELLOW,COM20
REAL-COM20-HIGH-01802,2026-09-19 16:30:25.097,137.92,26.64,0.4597,8.88,4.67,17.6,High Risk,Moderate Risk,YELLOW,COM20
REAL-COM20-HIGH-01803,2026-09-19 16:30:25.296,136.56,25.77,0.4552,8.59,4.52,18.1,High Risk,Moderate Risk,YELLOW,COM20
REAL-COM20-HIGH-01804,2026-09-19 16:30:25.496,137.54,26.36,0.4585,8.7867,4.62,17.8,High Risk,Moderate Risk,YELLOW,COM20
REAL-COM20-HIGH-01805,2026-09-19 16:30:25.696,136.96,26.01,0.4565,8.67,4.56,18.0,High Risk,Moderate Risk,YELLOW,COM20
REAL-COM20-HIGH-01806,2026-09-19 16:30:25.895,138.1,26.4,0.4603,8.8,4.63,17.8,High Risk,Moderate Risk,YELLOW,COM20
REAL-COM20-HIGH-01807,2026-09-19 16:30:26.096,137.79,26.47,0.4593,8.8233,4.64,17.7,High Risk,Moderate Risk,YELLOW,COM20
REAL-COM20-HIGH-01808,2026-09-19 16:30:26.296,135.22,26.28,0.4507,8.76,4.61,17.8,High Risk,Moderate Risk,YELLOW,COM20
REAL-COM20-HIGH-01809,2026-09-19 16:30:26.496,139.75,25.88,0.4658,8.6267,4.55,18.0,High Risk,Moderate Risk,YELLOW,COM20
REAL-COM20-HIGH-01810,2026-09-19 16:30:26.696,136.58,25.56,0.4553,8.52,4.49,18.2,High Risk,Moderate Risk,YELLOW,COM20
REAL-COM20-HIGH-01811,2026-09-19 16:30:26.896,138.08,25.69,0.4603,8.5633,4.51,18.1,High Risk,Moderate Risk,YELLOW,COM20
REAL-COM20-HIGH-01812,2026-09-19 16:30:27.096,137.93,26.47,0.4598,8.8233,4.64,17.7,High Risk,Moderate Risk,YELLOW,COM20
REAL-COM20-HIGH-01813,2026-09-19 16:30:27.296,139.62,26.49,0.4654,8.83,4.65,17.7,High Risk,Moderate Risk,YELLOW,COM20
REAL-COM20-HIGH-01814,2026-09-19 16:30:27.496,137.15,26.04,0.4572,8.68,4.57,18.0,High Risk,Moderate Risk,YELLOW,COM20
REAL-COM20-HIGH-01815,2026-09-19 16:30:27.696,139.02,26.0,0.4634,8.6667,4.57,18.0,High Risk,Moderate Risk,YELLOW,COM20
REAL-COM20-HIGH-01816,2026-09-19 16:30:27.896,137.64,26.4,0.4588,8.8,4.63,17.8,High Risk,Moderate Risk,YELLOW,COM20
REAL-COM20-HIGH-01817,2026-09-19 16:30:28.096,137.4,25.85,0.458,8.6167,4.54,18.1,High Risk,Moderate Risk,YELLOW,COM20
REAL-COM20-HIGH-01818,2026-09-19 16:30:28.296,136.65,25.75,0.4555,8.5833,4.52,18.1,High Risk,Moderate Risk,YELLOW,COM20
REAL-COM20-HIGH-01819,2026-09-19 16:30:28.496,138.37,25.33,0.4612,8.4433,4.45,18.3,High Risk,Moderate Risk,YELLOW,COM20
REAL-COM20-HIGH-01820,2026-09-19 16:30:28.696,139.89,25.58,0.4663,8.5267,4.5,18.2,High Risk,Moderate Risk,YELLOW,COM20
REAL-COM20-HIGH-01821,2026-09-19 16:30:28.896,139.99,26.1,0.4666,8.7,4.58,17.9,High Risk,Moderate Risk,YELLOW,COM20
REAL-COM20-HIGH-01822,2026-09-19 16:30:29.096,136.13,25.94,0.4538,8.6467,4.55,18.0,High Risk,Moderate Risk,YELLOW,COM20
REAL-COM20-HIGH-01823,2026-09-19 16:30:29.296,137.58,26.16,0.4586,8.72,4.59,17.9,High Risk,Moderate Risk,YELLOW,COM20
REAL-COM20-HIGH-01824,2026-09-19 16:30:29.496,138.08,25.64,0.4603,8.5467,4.5,18.2,High Risk,Moderate Risk,YELLOW,COM20
REAL-COM20-HIGH-01825,2026-09-19 16:30:29.696,138.46,26.46,0.4615,8.82,4.64,17.7,High Risk,Moderate Risk,YELLOW,COM20
REAL-COM20-HIGH-01826,2026-09-19 16:30:29.896,139.17,26.25,0.4639,8.75,4.61,17.8,High Risk,Moderate Risk,YELLOW,COM20
REAL-COM20-HIGH-01827,2026-09-19 16:30:30.096,137.17,24.82,0.4572,8.2733,4.37,18.6,High Risk,Moderate Risk,YELLOW,COM20
REAL-COM20-HIGH-01828,2026-09-19 16:30:30.296,138.43,24.81,0.4614,8.27,4.37,18.6,High Risk,Moderate Risk,YELLOW,COM20
REAL-COM20-HIGH-01829,2026-09-19 16:30:30.496,138.57,26.27,0.4619,8.7567,4.61,17.8,High Risk,Moderate Risk,YELLOW,COM20
REAL-COM20-HIGH-01830,2026-09-19 16:30:30.696,135.92,25.61,0.4531,8.5367,4.49,18.2,High Risk,Moderate Risk,YELLOW,COM20
REAL-COM20-HIGH-01831,2026-09-19 16:30:30.896,138.49,26.17,0.4616,8.7233,4.59,17.9,High Risk,Moderate Risk,YELLOW,COM20
REAL-COM20-HIGH-01832,2026-09-19 16:30:31.096,138.64,25.93,0.4621,8.6433,4.55,18.0,High Risk,Moderate Risk,YELLOW,COM20
REAL-COM20-HIGH-01833,2026-09-19 16:30:31.296,139.35,26.05,0.4645,8.6833,4.57,17.9,High Risk,Moderate Risk,YELLOW,COM20
REAL-COM20-HIGH-01834,2026-09-19 16:30:31.496,136.57,25.31,0.4552,8.4367,4.45,18.4,High Risk,Moderate Risk,YELLOW,COM20
REAL-COM20-HIGH-01835,2026-09-19 16:30:31.696,138.86,25.78,0.4629,8.5933,4.53,18.1,High Risk,Moderate Risk,YELLOW,COM20
REAL-COM20-HIGH-01836,2026-09-19 16:30:31.896,137.39,25.57,0.458,8.5233,4.49,18.2,High Risk,Moderate Risk,YELLOW,COM20
REAL-COM20-HIGH-01837,2026-09-19 16:30:32.096,138.19,25.6,0.4606,8.5333,4.5,18.2,High Risk,Moderate Risk,YELLOW,COM20
REAL-COM20-HIGH-01838,2026-09-19 16:30:32.296,139.52,25.03,0.4651,8.3433,4.4,18.5,High Risk,Moderate Risk,YELLOW,COM20
REAL-COM20-HIGH-01839,2026-09-19 16:30:32.496,137.26,25.31,0.4575,8.4367,4.45,18.4,High Risk,Moderate Risk,YELLOW,COM20
REAL-COM20-HIGH-01840,2026-09-19 16:30:32.696,138.77,25.23,0.4626,8.41,4.44,18.4,High Risk,Moderate Risk,YELLOW,COM20
REAL-COM20-HIGH-01841,2026-09-19 16:30:32.896,138.88,24.95,0.4629,8.3167,4.39,18.6,High Risk,Moderate Risk,YELLOW,COM20
REAL-COM20-HIGH-01842,2026-09-19 16:30:33.096,136.93,24.88,0.4564,8.2933,4.37,18.6,High Risk,Moderate Risk,YELLOW,COM20
REAL-COM20-HIGH-01843,2026-09-19 16:30:33.296,136.25,25.72,0.4542,8.5733,4.51,18.1,High Risk,Moderate Risk,YELLOW,COM20
REAL-COM20-HIGH-01844,2026-09-19 16:30:33.496,138.73,24.92,0.4624,8.3067,4.38,18.6,High Risk,Moderate Risk,YELLOW,COM20
REAL-COM20-HIGH-01845,2026-09-19 16:30:33.695,138.86,25.24,0.4629,8.4133,4.44,18.4,High Risk,Moderate Risk,YELLOW,COM20
REAL-COM20-HIGH-01846,2026-09-19 16:30:33.896,138.52,25.16,0.4617,8.3867,4.42,18.4,High Risk,Moderate Risk,YELLOW,COM20
REAL-COM20-HIGH-01847,2026-09-19 16:30:34.096,138.47,25.24,0.4616,8.4133,4.44,18.4,High Risk,Moderate Risk,YELLOW,COM20
REAL-COM20-HIGH-01848,2026-09-19 16:30:34.296,140.76,25.9,0.4692,8.6333,4.55,18.0,High Risk,Moderate Risk,YELLOW,COM20
REAL-COM20-HIGH-01849,2026-09-19 16:30:34.496,138.06,24.94,0.4602,8.3133,4.39,18.6,High Risk,Moderate Risk,YELLOW,COM20
REAL-COM20-HIGH-01850,2026-09-19 16:30:34.696,137.72,25.56,0.4591,8.52,4.49,18.2,High Risk,Moderate Risk,YELLOW,COM20
REAL-COM20-HIGH-01851,2026-09-19 16:30:34.896,137.82,24.82,0.4594,8.2733,4.37,18.6,High Risk,Moderate Risk,YELLOW,COM20
REAL-COM20-HIGH-01852,2026-09-19 16:30:35.096,137.17,25.3,0.4572,8.4333,4.45,18.4,High Risk,Moderate Risk,YELLOW,COM20
REAL-COM20-HIGH-01853,2026-09-19 16:30:35.296,138.83,25.58,0.4628,8.5267,4.5,18.2,High Risk,Moderate Risk,YELLOW,COM20
REAL-COM20-HIGH-01854,2026-09-19 16:30:35.496,139.74,25.34,0.4658,8.4467,4.46,18.3,High Risk,Moderate Risk,YELLOW,COM20
REAL-COM20-HIGH-01855,2026-09-19 16:30:35.696,138.06,25.46,0.4602,8.4867,4.47,18.3,High Risk,Moderate Risk,YELLOW,COM20
REAL-COM20-HIGH-01856,2026-09-19 16:30:35.896,137.92,25.19,0.4597,8.3967,4.43,18.4,High Risk,Moderate Risk,YELLOW,COM20
REAL-COM20-HIGH-01857,2026-09-19 16:30:36.096,136.35,25.2,0.4545,8.4,4.43,18.4,High Risk,Moderate Risk,YELLOW,COM20
REAL-COM20-HIGH-01858,2026-09-19 16:30:36.296,137.79,25.99,0.4593,8.6633,4.56,18.0,High Risk,Moderate Risk,YELLOW,COM20
REAL-COM20-HIGH-01859,2026-09-19 16:30:36.496,139.68,26.07,0.4656,8.69,4.58,17.9,High Risk,Moderate Risk,YELLOW,COM20
REAL-COM20-HIGH-01860,2026-09-19 16:30:36.696,138.97,26.07,0.4632,8.69,4.58,17.9,High Risk,Moderate Risk,YELLOW,COM20
REAL-COM20-HIGH-01861,2026-09-19 16:30:36.896,137.58,25.3,0.4586,8.4333,4.45,18.4,High Risk,Moderate Risk,YELLOW,COM20
REAL-COM20-HIGH-01862,2026-09-19 16:30:37.096,139.31,25.88,0.4644,8.6267,4.54,18.0,High Risk,Moderate Risk,YELLOW,COM20
REAL-COM20-HIGH-01863,2026-09-19 16:30:37.296,139.08,26.54,0.4636,8.8467,4.66,17.7,High Risk,Moderate Risk,YELLOW,COM20
REAL-COM20-HIGH-01864,2026-09-19 16:30:37.496,138.5,26.31,0.4617,8.77,4.62,17.8,High Risk,Moderate Risk,YELLOW,COM20
REAL-COM20-HIGH-01865,2026-09-19 16:30:37.696,138.06,25.54,0.4602,8.5133,4.49,18.2,High Risk,Moderate Risk,YELLOW,COM20
REAL-COM20-HIGH-01866,2026-09-19 16:30:37.896,140.48,25.88,0.4683,8.6267,4.55,18.0,High Risk,Moderate Risk,YELLOW,COM20
REAL-COM20-HIGH-01867,2026-09-19 16:30:38.086,137.46,26.09,0.4582,8.6967,4.58,17.9,High Risk,Moderate Risk,YELLOW,COM20
REAL-COM20-HIGH-01868,2026-09-19 16:30:38.296,137.78,25.56,0.4593,8.52,4.49,18.2,High Risk,Moderate Risk,YELLOW,COM20
REAL-COM20-HIGH-01869,2026-09-19 16:30:38.496,137.23,25.61,0.4574,8.5367,4.5,18.2,High Risk,Moderate Risk,YELLOW,COM20
REAL-COM20-HIGH-01870,2026-09-19 16:30:38.695,139.16,25.92,0.4639,8.64,4.55,18.0,High Risk,Moderate Risk,YELLOW,COM20
REAL-COM20-HIGH-01871,2026-09-19 16:30:38.896,138.56,26.35,0.4619,8.7833,4.62,17.8,High Risk,Moderate Risk,YELLOW,COM20
REAL-COM20-HIGH-01872,2026-09-19 16:30:39.096,139.05,26.18,0.4635,8.7267,4.6,17.9,High Risk,Moderate Risk,YELLOW,COM20
REAL-COM20-HIGH-01873,2026-09-19 16:30:39.290,139.05,25.87,0.4635,8.6233,4.54,18.0,High Risk,Moderate Risk,YELLOW,COM20
REAL-COM20-HIGH-01874,2026-09-19 16:30:39.496,136.61,26.61,0.4554,8.87,4.66,17.7,High Risk,Moderate Risk,YELLOW,COM20
REAL-COM20-HIGH-01875,2026-09-19 16:30:39.696,137.63,25.34,0.4588,8.4467,4.45,18.3,High Risk,Moderate Risk,YELLOW,COM20
REAL-COM20-HIGH-01876,2026-09-19 16:30:39.896,137.2,26.0,0.4573,8.6667,4.56,18.0,High Risk,Moderate Risk,YELLOW,COM20
REAL-COM20-HIGH-01877,2026-09-19 16:30:40.096,137.04,25.6,0.4568,8.5333,4.5,18.2,High Risk,Moderate Risk,YELLOW,COM20
REAL-COM20-HIGH-01878,2026-09-19 16:30:40.293,136.29,25.99,0.4543,8.6633,4.56,18.0,High Risk,Moderate Risk,YELLOW,COM20
REAL-COM20-HIGH-01879,2026-09-19 16:30:40.496,137.17,26.13,0.4572,8.71,4.58,17.9,High Risk,Moderate Risk,YELLOW,COM20
REAL-COM20-HIGH-01880,2026-09-19 16:30:40.694,137.43,26.23,0.4581,8.7433,4.6,17.9,High Risk,Moderate Risk,YELLOW,COM20
REAL-COM20-HIGH-01881,2026-09-19 16:30:40.895,137.46,25.03,0.4582,8.3433,4.4,18.5,High Risk,Moderate Risk,YELLOW,COM20
REAL-COM20-HIGH-01882,2026-09-19 16:30:41.094,136.91,25.27,0.4564,8.4233,4.44,18.4,High Risk,Moderate Risk,YELLOW,COM20
REAL-COM20-HIGH-01883,2026-09-19 16:30:41.296,139.17,25.4,0.4639,8.4667,4.47,18.3,High Risk,Moderate Risk,YELLOW,COM20
REAL-COM20-HIGH-01884,2026-09-19 16:30:41.495,139.04,25.19,0.4635,8.3967,4.43,18.4,High Risk,Moderate Risk,YELLOW,COM20
REAL-COM20-HIGH-01885,2026-09-19 16:30:41.690,138.63,25.6,0.4621,8.5333,4.5,18.2,High Risk,Moderate Risk,YELLOW,COM20
REAL-COM20-HIGH-01886,2026-09-19 16:30:41.886,138.26,25.67,0.4609,8.5567,4.51,18.2,High Risk,Moderate Risk,YELLOW,COM20
REAL-COM20-HIGH-01887,2026-09-19 16:30:42.096,140.32,25.32,0.4677,8.44,4.45,18.3,High Risk,Moderate Risk,YELLOW,COM20
REAL-COM20-HIGH-01888,2026-09-19 16:30:42.296,138.43,26.27,0.4614,8.7567,4.61,17.8,High Risk,Moderate Risk,YELLOW,COM20
REAL-COM20-HIGH-01889,2026-09-19 16:30:42.496,137.68,26.07,0.4589,8.69,4.57,17.9,High Risk,Moderate Risk,YELLOW,COM20
REAL-COM20-HIGH-01890,2026-09-19 16:30:42.696,137.21,26.25,0.4574,8.75,4.6,17.8,High Risk,Moderate Risk,YELLOW,COM20
REAL-COM20-HIGH-01891,2026-09-19 16:30:42.896,136.43,25.99,0.4548,8.6633,4.56,18.0,High Risk,Moderate Risk,YELLOW,COM20
REAL-COM20-HIGH-01892,2026-09-19 16:30:43.096,139.83,25.02,0.4661,8.34,4.4,18.5,High Risk,Moderate Risk,YELLOW,COM20
REAL-COM20-HIGH-01893,2026-09-19 16:30:43.295,138.64,26.36,0.4621,8.7867,4.62,17.8,High Risk,Moderate Risk,YELLOW,COM20
REAL-COM20-HIGH-01894,2026-09-19 16:30:43.496,137.31,25.86,0.4577,8.62,4.54,18.1,High Risk,Moderate Risk,YELLOW,COM20
REAL-COM20-HIGH-01895,2026-09-19 16:30:43.696,138.17,24.98,0.4606,8.3267,4.39,18.5,High Risk,Moderate Risk,YELLOW,COM20
REAL-COM20-HIGH-01896,2026-09-19 16:30:43.896,136.82,25.63,0.4561,8.5433,4.5,18.2,High Risk,Moderate Risk,YELLOW,COM20
REAL-COM20-HIGH-01897,2026-09-19 16:30:44.096,138.32,25.72,0.4611,8.5733,4.52,18.1,High Risk,Moderate Risk,YELLOW,COM20
REAL-COM20-HIGH-01898,2026-09-19 16:30:44.296,140.27,24.88,0.4676,8.2933,4.38,18.6,High Risk,Moderate Risk,YELLOW,COM20
REAL-COM20-HIGH-01899,2026-09-19 16:30:44.496,140.22,25.12,0.4674,8.3733,4.42,18.5,High Risk,Moderate Risk,YELLOW,COM20
REAL-COM20-HIGH-01900,2026-09-19 16:30:44.696,139.96,24.71,0.4665,8.2367,4.35,18.7,High Risk,Moderate Risk,YELLOW,COM20
REAL-COM20-HIGH-01901,2026-09-19 16:30:44.896,136.61,25.19,0.4554,8.3967,4.43,18.4,High Risk,Moderate Risk,YELLOW,COM20
REAL-COM20-HIGH-01902,2026-09-19 16:30:45.096,138.35,24.74,0.4612,8.2467,4.35,18.7,High Risk,Moderate Risk,YELLOW,COM20
REAL-COM20-HIGH-01903,2026-09-19 16:30:45.295,137.75,24.77,0.4592,8.2567,4.36,18.7,High Risk,Moderate Risk,YELLOW,COM20
REAL-COM20-HIGH-01904,2026-09-19 16:30:45.486,136.46,24.6,0.4549,8.2,4.33,18.8,High Risk,Moderate Risk,YELLOW,COM20
REAL-COM20-HIGH-01905,2026-09-19 16:30:45.696,139.69,24.33,0.4656,8.11,4.29,18.9,High Risk,Moderate Risk,YELLOW,COM20
REAL-COM20-HIGH-01906,2026-09-19 16:30:45.895,138.68,24.5,0.4623,8.1667,4.31,18.8,High Risk,Moderate Risk,YELLOW,COM20
REAL-COM20-HIGH-01907,2026-09-19 16:30:46.086,139.85,24.32,0.4662,8.1067,4.29,18.9,High Risk,Moderate Risk,YELLOW,COM20
REAL-COM20-HIGH-01908,2026-09-19 16:30:46.296,139.28,24.7,0.4643,8.2333,4.35,18.7,High Risk,Moderate Risk,YELLOW,COM20
REAL-COM20-HIGH-01909,2026-09-19 16:30:46.496,139.9,24.91,0.4663,8.3033,4.38,18.6,High Risk,Moderate Risk,YELLOW,COM20
REAL-COM20-HIGH-01910,2026-09-19 16:30:46.695,138.88,24.68,0.4629,8.2267,4.34,18.7,High Risk,Moderate Risk,YELLOW,COM20
REAL-COM20-HIGH-01911,2026-09-19 16:30:46.896,137.93,24.94,0.4598,8.3133,4.39,18.6,High Risk,Moderate Risk,YELLOW,COM20
REAL-COM20-HIGH-01912,2026-09-19 16:30:47.096,140.56,24.74,0.4685,8.2467,4.36,18.7,High Risk,Moderate Risk,YELLOW,COM20
REAL-COM20-HIGH-01913,2026-09-19 16:30:47.296,136.5,24.8,0.455,8.2667,4.36,18.7,High Risk,Moderate Risk,YELLOW,COM20
REAL-COM20-HIGH-01914,2026-09-19 16:30:47.491,138.17,24.73,0.4606,8.2433,4.35,18.7,High Risk,Moderate Risk,YELLOW,COM20
REAL-COM20-HIGH-01915,2026-09-19 16:30:47.696,140.74,24.47,0.4691,8.1567,4.31,18.8,High Risk,Moderate Risk,YELLOW,COM20
REAL-COM20-HIGH-01916,2026-09-19 16:30:47.896,139.06,24.5,0.4635,8.1667,4.31,18.8,High Risk,Moderate Risk,YELLOW,COM20
REAL-COM20-HIGH-01917,2026-09-19 16:30:48.096,140.54,24.44,0.4685,8.1467,4.31,18.8,High Risk,Moderate Risk,YELLOW,COM20
REAL-COM20-HIGH-01918,2026-09-19 16:30:48.292,137.6,24.81,0.4587,8.27,4.36,18.6,High Risk,Moderate Risk,YELLOW,COM20
REAL-COM20-HIGH-01919,2026-09-19 16:30:48.486,139.3,24.49,0.4643,8.1633,4.31,18.8,High Risk,Moderate Risk,YELLOW,COM20
REAL-COM20-HIGH-01920,2026-09-19 16:30:48.686,138.25,25.24,0.4608,8.4133,4.44,18.4,High Risk,Moderate Risk,YELLOW,COM20
REAL-COM20-HIGH-01921,2026-09-19 16:30:48.896,137.8,24.78,0.4593,8.26,4.36,18.7,High Risk,Moderate Risk,YELLOW,COM20
REAL-COM20-HIGH-01922,2026-09-19 16:30:49.086,140.16,24.99,0.4672,8.33,4.4,18.5,High Risk,Moderate Risk,YELLOW,COM20
REAL-COM20-HIGH-01923,2026-09-19 16:30:49.294,137.21,25.42,0.4574,8.4733,4.46,18.3,High Risk,Moderate Risk,YELLOW,COM20
REAL-COM20-HIGH-01924,2026-09-19 16:30:49.496,139.28,24.92,0.4643,8.3067,4.39,18.6,High Risk,Moderate Risk,YELLOW,COM20
REAL-COM20-HIGH-01925,2026-09-19 16:30:49.696,136.98,24.97,0.4566,8.3233,4.39,18.6,High Risk,Moderate Risk,YELLOW,COM20
REAL-COM20-HIGH-01926,2026-09-19 16:30:49.896,138.17,25.75,0.4606,8.5833,4.52,18.1,High Risk,Moderate Risk,YELLOW,COM20
REAL-COM20-HIGH-01927,2026-09-19 16:30:50.095,138.45,25.42,0.4615,8.4733,4.47,18.3,High Risk,Moderate Risk,YELLOW,COM20
REAL-COM20-HIGH-01928,2026-09-19 16:30:50.296,138.01,26.21,0.46,8.7367,4.6,17.9,High Risk,Moderate Risk,YELLOW,COM20
REAL-COM20-HIGH-01929,2026-09-19 16:30:50.496,139.72,25.74,0.4657,8.58,4.52,18.1,High Risk,Moderate Risk,YELLOW,COM20
REAL-COM20-HIGH-01930,2026-09-19 16:30:50.695,139.39,24.93,0.4646,8.31,4.39,18.6,High Risk,Moderate Risk,YELLOW,COM20
REAL-COM20-HIGH-01931,2026-09-19 16:30:50.886,141.36,24.95,0.4712,8.3167,4.39,18.5,High Risk,Moderate Risk,YELLOW,COM20
REAL-COM20-HIGH-01932,2026-09-19 16:30:51.096,138.6,25.38,0.462,8.46,4.46,18.3,High Risk,Moderate Risk,YELLOW,COM20
REAL-COM20-HIGH-01933,2026-09-19 16:30:51.296,139.8,24.87,0.466,8.29,4.38,18.6,High Risk,Moderate Risk,YELLOW,COM20
REAL-COM20-HIGH-01934,2026-09-19 16:30:51.487,137.62,25.98,0.4587,8.66,4.56,18.0,High Risk,Moderate Risk,YELLOW,COM20
REAL-COM20-HIGH-01935,2026-09-19 16:30:51.695,138.13,25.57,0.4604,8.5233,4.49,18.2,High Risk,Moderate Risk,YELLOW,COM20
REAL-COM20-HIGH-01936,2026-09-19 16:30:51.896,139.16,25.11,0.4639,8.37,4.42,18.5,High Risk,Moderate Risk,YELLOW,COM20
REAL-COM20-HIGH-01937,2026-09-19 16:30:52.096,137.1,25.26,0.457,8.42,4.44,18.4,High Risk,Moderate Risk,YELLOW,COM20
REAL-COM20-HIGH-01938,2026-09-19 16:30:52.295,136.84,24.76,0.4561,8.2533,4.35,18.7,High Risk,Moderate Risk,YELLOW,COM20
REAL-COM20-HIGH-01939,2026-09-19 16:30:52.495,138.06,24.89,0.4602,8.2967,4.38,18.6,High Risk,Moderate Risk,YELLOW,COM20
REAL-COM20-HIGH-01940,2026-09-19 16:30:52.688,141.09,25.01,0.4703,8.3367,4.4,18.5,High Risk,Moderate Risk,YELLOW,COM20
REAL-COM20-HIGH-01941,2026-09-19 16:30:52.892,135.7,24.95,0.4523,8.3167,4.38,18.6,High Risk,Moderate Risk,YELLOW,COM20
REAL-COM20-HIGH-01942,2026-09-19 16:30:53.090,139.17,24.63,0.4639,8.21,4.34,18.7,High Risk,Moderate Risk,YELLOW,COM20
REAL-COM20-HIGH-01943,2026-09-19 16:30:53.295,137.64,24.64,0.4588,8.2133,4.34,18.7,High Risk,Moderate Risk,YELLOW,COM20
REAL-COM20-HIGH-01944,2026-09-19 16:30:53.495,137.7,24.77,0.459,8.2567,4.36,18.7,High Risk,Moderate Risk,YELLOW,COM20
REAL-COM20-HIGH-01945,2026-09-19 16:30:53.692,138.34,24.66,0.4611,8.22,4.34,18.7,High Risk,Moderate Risk,YELLOW,COM20
REAL-COM20-HIGH-01946,2026-09-19 16:30:53.891,138.19,24.73,0.4606,8.2433,4.35,18.7,High Risk,Moderate Risk,YELLOW,COM20
REAL-COM20-HIGH-01947,2026-09-19 16:30:54.092,137.35,24.95,0.4578,8.3167,4.39,18.6,High Risk,Moderate Risk,YELLOW,COM20
REAL-COM20-HIGH-01948,2026-09-19 16:30:54.293,138.58,24.72,0.4619,8.24,4.35,18.7,High Risk,Moderate Risk,YELLOW,COM20
REAL-COM20-HIGH-01949,2026-09-19 16:30:54.495,137.22,24.62,0.4574,8.2067,4.33,18.8,High Risk,Moderate Risk,YELLOW,COM20
REAL-COM20-HIGH-01950,2026-09-19 16:30:54.692,139.4,24.84,0.4647,8.28,4.37,18.6,High Risk,Moderate Risk,YELLOW,COM20
REAL-COM20-HIGH-01951,2026-09-19 16:30:54.892,139.14,24.6,0.4638,8.2,4.33,18.8,High Risk,Moderate Risk,YELLOW,COM20
REAL-COM20-HIGH-01952,2026-09-19 16:30:55.092,140.07,24.52,0.4669,8.1733,4.32,18.8,High Risk,Moderate Risk,YELLOW,COM20
REAL-COM20-HIGH-01953,2026-09-19 16:30:55.292,137.6,24.83,0.4587,8.2767,4.37,18.6,High Risk,Moderate Risk,YELLOW,COM20
REAL-COM20-HIGH-01954,2026-09-19 16:30:55.493,137.24,24.86,0.4575,8.2867,4.37,18.6,High Risk,Moderate Risk,YELLOW,COM20
REAL-COM20-HIGH-01955,2026-09-19 16:30:55.696,138.24,24.74,0.4608,8.2467,4.35,18.7,High Risk,Moderate Risk,YELLOW,COM20
REAL-COM20-HIGH-01956,2026-09-19 16:30:55.892,139.17,24.78,0.4639,8.26,4.36,18.7,High Risk,Moderate Risk,YELLOW,COM20
REAL-COM20-HIGH-01957,2026-09-19 16:30:56.092,139.93,24.86,0.4664,8.2867,4.38,18.6,High Risk,Moderate Risk,YELLOW,COM20
REAL-COM20-HIGH-01958,2026-09-19 16:30:56.296,140.19,24.49,0.4673,8.1633,4.32,18.8,High Risk,Moderate Risk,YELLOW,COM20
REAL-COM20-HIGH-01959,2026-09-19 16:30:56.496,138.33,24.68,0.4611,8.2267,4.34,18.7,High Risk,Moderate Risk,YELLOW,COM20
REAL-COM20-HIGH-01960,2026-09-19 16:30:56.696,138.21,24.43,0.4607,8.1433,4.3,18.9,High Risk,Moderate Risk,YELLOW,COM20
REAL-COM20-HIGH-01961,2026-09-19 16:30:56.896,139.19,24.77,0.464,8.2567,4.36,18.7,High Risk,Moderate Risk,YELLOW,COM20
REAL-COM20-HIGH-01962,2026-09-19 16:30:57.091,138.97,24.28,0.4632,8.0933,4.28,18.9,High Risk,Moderate Risk,YELLOW,COM20
REAL-COM20-HIGH-01963,2026-09-19 16:30:57.296,137.28,24.32,0.4576,8.1067,4.28,18.9,High Risk,Moderate Risk,YELLOW,COM20
REAL-COM20-HIGH-01964,2026-09-19 16:30:57.495,137.8,24.47,0.4593,8.1567,4.31,18.8,High Risk,Moderate Risk,YELLOW,COM20
REAL-COM20-HIGH-01965,2026-09-19 16:30:57.695,139.38,24.21,0.4646,8.07,4.27,19.0,High Risk,Moderate Risk,YELLOW,COM20
REAL-COM20-HIGH-01966,2026-09-19 16:30:57.896,138.19,24.4,0.4606,8.1333,4.3,18.9,High Risk,Moderate Risk,YELLOW,COM20
REAL-COM20-HIGH-01967,2026-09-19 16:30:58.096,136.85,24.55,0.4562,8.1833,4.32,18.8,High Risk,Moderate Risk,YELLOW,COM20
REAL-COM20-HIGH-01968,2026-09-19 16:30:58.296,138.71,24.17,0.4624,8.0567,4.26,19.0,High Risk,Moderate Risk,YELLOW,COM20
REAL-COM20-HIGH-01969,2026-09-19 16:30:58.496,139.11,24.07,0.4637,8.0233,4.24,19.1,High Risk,Moderate Risk,YELLOW,COM20
REAL-COM20-HIGH-01970,2026-09-19 16:30:58.696,136.54,24.21,0.4551,8.07,4.26,19.0,High Risk,Moderate Risk,YELLOW,COM20
REAL-COM20-HIGH-01971,2026-09-19 16:30:58.896,136.7,24.52,0.4557,8.1733,4.31,18.8,High Risk,Moderate Risk,YELLOW,COM20
REAL-COM20-HIGH-01972,2026-09-19 16:30:59.096,141.47,24.77,0.4716,8.2567,4.36,18.6,High Risk,Moderate Risk,YELLOW,COM20
REAL-COM20-HIGH-01973,2026-09-19 16:30:59.296,138.75,24.62,0.4625,8.2067,4.33,18.7,High Risk,Moderate Risk,YELLOW,COM20
REAL-COM20-HIGH-01974,2026-09-19 16:30:59.496,138.7,24.56,0.4623,8.1867,4.32,18.8,High Risk,Moderate Risk,YELLOW,COM20
REAL-COM20-HIGH-01975,2026-09-19 16:30:59.696,137.68,24.56,0.4589,8.1867,4.32,18.8,High Risk,Moderate Risk,YELLOW,COM20
REAL-COM20-HIGH-01976,2026-09-19 16:30:59.896,139.5,24.31,0.465,8.1033,4.28,18.9,High Risk,Moderate Risk,YELLOW,COM20
REAL-COM20-HIGH-01977,2026-09-19 16:31:00.096,137.49,24.46,0.4583,8.1533,4.31,18.8,High Risk,Moderate Risk,YELLOW,COM20
REAL-COM20-HIGH-01978,2026-09-19 16:31:00.292,138.74,24.52,0.4625,8.1733,4.32,18.8,High Risk,Moderate Risk,YELLOW,COM20
REAL-COM20-HIGH-01979,2026-09-19 16:31:00.495,139.9,24.86,0.4663,8.2867,4.38,18.6,High Risk,Moderate Risk,YELLOW,COM20
REAL-COM20-HIGH-01980,2026-09-19 16:31:00.696,137.87,24.84,0.4596,8.28,4.37,18.6,High Risk,Moderate Risk,YELLOW,COM20
REAL-COM20-HIGH-01981,2026-09-19 16:31:00.896,139.65,25.03,0.4655,8.3433,4.4,18.5,High Risk,Moderate Risk,YELLOW,COM20
REAL-COM20-HIGH-01982,2026-09-19 16:31:01.096,138.44,25.03,0.4615,8.3433,4.4,18.5,High Risk,Moderate Risk,YELLOW,COM20
REAL-COM20-HIGH-01983,2026-09-19 16:31:01.296,137.12,24.75,0.4571,8.25,4.35,18.7,High Risk,Moderate Risk,YELLOW,COM20
REAL-COM20-HIGH-01984,2026-09-19 16:31:01.496,139.02,24.89,0.4634,8.2967,4.38,18.6,High Risk,Moderate Risk,YELLOW,COM20
REAL-COM20-HIGH-01985,2026-09-19 16:31:01.696,138.52,25.33,0.4617,8.4433,4.45,18.3,High Risk,Moderate Risk,YELLOW,COM20
REAL-COM20-HIGH-01986,2026-09-19 16:31:01.896,137.74,25.09,0.4591,8.3633,4.41,18.5,High Risk,Moderate Risk,YELLOW,COM20
REAL-COM20-HIGH-01987,2026-09-19 16:31:02.096,139.7,25.02,0.4657,8.34,4.4,18.5,High Risk,Moderate Risk,YELLOW,COM20
REAL-COM20-HIGH-01988,2026-09-19 16:31:02.296,137.61,24.89,0.4587,8.2967,4.38,18.6,High Risk,Moderate Risk,YELLOW,COM20
REAL-COM20-HIGH-01989,2026-09-19 16:31:02.495,138.37,24.97,0.4612,8.3233,4.39,18.5,High Risk,Moderate Risk,YELLOW,COM20
REAL-COM20-HIGH-01990,2026-09-19 16:31:02.696,138.38,25.28,0.4613,8.4267,4.44,18.4,High Risk,Moderate Risk,YELLOW,COM20
REAL-COM20-HIGH-01991,2026-09-19 16:31:02.896,137.48,24.77,0.4583,8.2567,4.36,18.7,High Risk,Moderate Risk,YELLOW,COM20
REAL-COM20-HIGH-01992,2026-09-19 16:31:03.097,138.4,24.89,0.4613,8.2967,4.38,18.6,High Risk,Moderate Risk,YELLOW,COM20
REAL-COM20-HIGH-01993,2026-09-19 16:31:03.296,139.12,25.02,0.4637,8.34,4.4,18.5,High Risk,Moderate Risk,YELLOW,COM20
REAL-COM20-HIGH-01994,2026-09-19 16:31:03.496,138.63,24.92,0.4621,8.3067,4.39,18.6,High Risk,Moderate Risk,YELLOW,COM20
REAL-COM20-HIGH-01995,2026-09-19 16:31:03.696,138.62,24.95,0.4621,8.3167,4.39,18.6,High Risk,Moderate Risk,YELLOW,COM20
REAL-COM20-HIGH-01996,2026-09-19 16:31:03.895,136.99,25.15,0.4566,8.3833,4.42,18.5,High Risk,Moderate Risk,YELLOW,COM20
REAL-COM20-HIGH-01997,2026-09-19 16:31:04.095,138.48,24.97,0.4616,8.3233,4.39,18.5,High Risk,Moderate Risk,YELLOW,COM20
REAL-COM20-HIGH-01998,2026-09-19 16:31:04.295,137.87,24.88,0.4596,8.2933,4.38,18.6,High Risk,Moderate Risk,YELLOW,COM20
REAL-COM20-HIGH-01999,2026-09-19 16:31:04.496,140.58,25.47,0.4686,8.49,4.48,18.2,High Risk,Moderate Risk,YELLOW,COM20
REAL-COM20-HIGH-02000,2026-09-19 16:31:04.696,137.8,25.26,0.4593,8.42,4.44,18.4,High Risk,Moderate Risk,YELLOW,COM20
REAL-COM20-HIGH-02001,2026-09-19 16:31:04.896,138.19,25.02,0.4606,8.34,4.4,18.5,High Risk,Moderate Risk,YELLOW,COM20
REAL-COM20-HIGH-02002,2026-09-19 16:31:05.096,138.33,24.78,0.4611,8.26,4.36,18.7,High Risk,Moderate Risk,YELLOW,COM20
REAL-COM20-HIGH-02003,2026-09-19 16:31:05.296,139.82,24.97,0.4661,8.3233,4.4,18.5,High Risk,Moderate Risk,YELLOW,COM20
REAL-COM20-HIGH-02004,2026-09-19 16:31:05.496,136.13,24.82,0.4538,8.2733,4.36,18.6,High Risk,Moderate Risk,YELLOW,COM20
REAL-COM20-HIGH-02005,2026-09-19 16:31:05.696,138.29,24.9,0.461,8.3,4.38,18.6,High Risk,Moderate Risk,YELLOW,COM20
REAL-COM20-HIGH-02006,2026-09-19 16:31:05.896,139.97,24.95,0.4666,8.3167,4.39,18.5,High Risk,Moderate Risk,YELLOW,COM20
REAL-COM20-HIGH-02007,2026-09-19 16:31:06.096,139.47,24.91,0.4649,8.3033,4.38,18.6,High Risk,Moderate Risk,YELLOW,COM20
REAL-COM20-HIGH-02008,2026-09-19 16:31:06.296,137.36,24.76,0.4579,8.2533,4.36,18.7,High Risk,Moderate Risk,YELLOW,COM20
REAL-COM20-HIGH-02009,2026-09-19 16:31:06.495,138.96,24.8,0.4632,8.2667,4.36,18.6,High Risk,Moderate Risk,YELLOW,COM20
REAL-COM20-HIGH-02010,2026-09-19 16:31:06.692,138.92,24.86,0.4631,8.2867,4.38,18.6,High Risk,Moderate Risk,YELLOW,COM20
REAL-COM20-HIGH-02011,2026-09-19 16:31:06.886,138.94,24.87,0.4631,8.29,4.38,18.6,High Risk,Moderate Risk,YELLOW,COM20
