sample_id,timestamp,tds_mg_l,turbidity_ntu,r_tds,r_turb,ari,ass_score,ground_truth,ml_predicted_risk,led_indicator,com_port
REAL-COM20-LOW_-00001,2026-09-19 16:10:04.059,0.0,1.0,0.0,0.3333,0.1666,85.72,Low Risk,Low Risk,GREEN,COM20
REAL-COM20-LOW_-00002,2026-09-19 16:10:04.062,0.0,0.0,0.0,0.0,0.0,100.0,Low Risk,Low Risk,GREEN,COM20
REAL-COM20-LOW_-00003,2026-09-19 16:10:04.063,0.0,0.0,0.0,0.0,0.0,100.0,Low Risk,Low Risk,GREEN,COM20
REAL-COM20-LOW_-00004,2026-09-19 16:10:04.063,0.0,3.0,0.0,1.0,0.5,66.67,Low Risk,Moderate Risk,YELLOW,COM20
REAL-COM20-LOW_-00005,2026-09-19 16:10:04.064,0.0,40078000.0,0.0,13359333.3333,6679666.6667,0.0,Low Risk,High Risk,RED,COM20
REAL-COM20-LOW_-00006,2026-09-19 16:10:04.064,0.0,40080400.0,0.0,13360133.3333,6680066.6667,0.0,Low Risk,High Risk,RED,COM20
REAL-COM20-LOW_-00007,2026-09-19 16:10:04.065,0.0,40080404.0,0.0,13360134.6667,6680067.3333,0.0,Low Risk,High Risk,RED,COM20
REAL-COM20-LOW_-00008,2026-09-19 16:10:04.065,0.0,400805.0,0.0,133601.6667,66800.8334,0.0,Low Risk,High Risk,RED,COM20
REAL-COM20-LOW_-00009,2026-09-19 16:10:11.557,192.168,0.4,0.6406,0.1333,0.3869,72.1,Low Risk,Moderate Risk,YELLOW,COM20
REAL-COM20-LOW_-00010,2026-09-19 16:10:11.577,124.54,2.1,0.4151,0.7,0.56,64.2,Low Risk,Moderate Risk,YELLOW,COM20
REAL-COM20-LOW_-00011,2026-09-19 16:10:11.777,124.45,2.09,0.4148,0.6967,0.56,64.3,Low Risk,Moderate Risk,YELLOW,COM20
REAL-COM20-LOW_-00012,2026-09-19 16:10:11.977,124.92,2.08,0.4164,0.6933,0.55,64.3,Low Risk,Moderate Risk,YELLOW,COM20
REAL-COM20-LOW_-00013,2026-09-19 16:10:12.177,123.82,2.05,0.4127,0.6833,0.55,64.6,Low Risk,Moderate Risk,YELLOW,COM20
REAL-COM20-LOW_-00014,2026-09-19 16:10:12.375,124.18,2.1,0.4139,0.7,0.56,64.3,Low Risk,Moderate Risk,YELLOW,COM20
REAL-COM20-LOW_-00015,2026-09-19 16:10:12.575,124.12,2.13,0.4137,0.71,0.56,64.1,Low Risk,Moderate Risk,YELLOW,COM20
REAL-COM20-LOW_-00016,2026-09-19 16:10:12.774,124.42,2.05,0.4147,0.6833,0.55,64.6,Low Risk,Moderate Risk,YELLOW,COM20
REAL-COM20-LOW_-00017,2026-09-19 16:10:12.974,125.85,2.1,0.4195,0.7,0.56,64.1,Low Risk,Moderate Risk,YELLOW,COM20
REAL-COM20-LOW_-00018,2026-09-19 16:10:13.168,125.1,2.07,0.417,0.69,0.55,64.4,Low Risk,Moderate Risk,YELLOW,COM20
REAL-COM20-LOW_-00019,2026-09-19 16:10:13.377,125.69,2.08,0.419,0.6933,0.56,64.2,Low Risk,Moderate Risk,YELLOW,COM20
REAL-COM20-LOW_-00020,2026-09-19 16:10:13.571,125.19,2.08,0.4173,0.6933,0.56,64.3,Low Risk,Moderate Risk,YELLOW,COM20
REAL-COM20-LOW_-00021,2026-09-19 16:10:13.775,124.3,2.06,0.4143,0.6867,0.55,64.5,Low Risk,Moderate Risk,YELLOW,COM20
REAL-COM20-LOW_-00022,2026-09-19 16:10:13.972,127.17,2.1,0.4239,0.7,0.56,64.1,Low Risk,Moderate Risk,YELLOW,COM20
REAL-COM20-LOW_-00023,2026-09-19 16:10:14.176,123.92,2.05,0.4131,0.6833,0.55,64.6,Low Risk,Moderate Risk,YELLOW,COM20
REAL-COM20-LOW_-00024,2026-09-19 16:10:14.377,125.23,2.1,0.4174,0.7,0.56,64.2,Low Risk,Moderate Risk,YELLOW,COM20
REAL-COM20-LOW_-00025,2026-09-19 16:10:14.572,124.48,2.06,0.4149,0.6867,0.55,64.5,Low Risk,Moderate Risk,YELLOW,COM20
REAL-COM20-LOW_-00026,2026-09-19 16:10:14.774,125.32,2.08,0.4177,0.6933,0.56,64.3,Low Risk,Moderate Risk,YELLOW,COM20
REAL-COM20-LOW_-00027,2026-09-19 16:10:14.973,123.61,2.09,0.412,0.6967,0.55,64.4,Low Risk,Moderate Risk,YELLOW,COM20
REAL-COM20-LOW_-00028,2026-09-19 16:10:15.175,122.94,2.1,0.4098,0.7,0.56,64.3,Low Risk,Moderate Risk,YELLOW,COM20
REAL-COM20-LOW_-00029,2026-09-19 16:10:15.377,125.09,2.09,0.417,0.6967,0.56,64.3,Low Risk,Moderate Risk,YELLOW,COM20
REAL-COM20-LOW_-00030,2026-09-19 16:10:15.573,127.29,2.08,0.4243,0.6933,0.56,64.1,Low Risk,Moderate Risk,YELLOW,COM20
REAL-COM20-LOW_-00031,2026-09-19 16:10:15.776,124.82,2.1,0.4161,0.7,0.56,64.2,Low Risk,Moderate Risk,YELLOW,COM20
REAL-COM20-LOW_-00032,2026-09-19 16:10:15.977,124.81,2.09,0.416,0.6967,0.56,64.3,Low Risk,Moderate Risk,YELLOW,COM20
REAL-COM20-LOW_-00033,2026-09-19 16:10:16.173,122.81,2.08,0.4094,0.6933,0.55,64.4,Low Risk,Moderate Risk,YELLOW,COM20
REAL-COM20-LOW_-00034,2026-09-19 16:10:16.376,123.5,2.06,0.4117,0.6867,0.55,64.5,Low Risk,Moderate Risk,YELLOW,COM20
REAL-COM20-LOW_-00035,2026-09-19 16:10:16.575,123.57,2.1,0.4119,0.7,0.56,64.3,Low Risk,Moderate Risk,YELLOW,COM20
REAL-COM20-LOW_-00036,2026-09-19 16:10:16.776,125.24,2.13,0.4175,0.71,0.56,63.9,Low Risk,Moderate Risk,YELLOW,COM20
REAL-COM20-LOW_-00037,2026-09-19 16:10:16.977,123.19,2.12,0.4106,0.7067,0.56,64.1,Low Risk,Moderate Risk,YELLOW,COM20
REAL-COM20-LOW_-00038,2026-09-19 16:10:17.175,124.45,2.08,0.4148,0.6933,0.55,64.3,Low Risk,Moderate Risk,YELLOW,COM20
REAL-COM20-LOW_-00039,2026-09-19 16:10:17.377,124.71,2.09,0.4157,0.6967,0.56,64.3,Low Risk,Moderate Risk,YELLOW,COM20
REAL-COM20-LOW_-00040,2026-09-19 16:10:17.577,124.14,2.11,0.4138,0.7033,0.56,64.2,Low Risk,Moderate Risk,YELLOW,COM20
REAL-COM20-LOW_-00041,2026-09-19 16:10:17.776,124.61,2.1,0.4154,0.7,0.56,64.2,Low Risk,Moderate Risk,YELLOW,COM20
REAL-COM20-LOW_-00042,2026-09-19 16:10:17.976,124.65,2.07,0.4155,0.69,0.55,64.4,Low Risk,Moderate Risk,YELLOW,COM20
REAL-COM20-LOW_-00043,2026-09-19 16:10:18.177,126.17,2.09,0.4206,0.6967,0.56,64.2,Low Risk,Moderate Risk,YELLOW,COM20
REAL-COM20-LOW_-00044,2026-09-19 16:10:18.377,123.4,2.06,0.4113,0.6867,0.55,64.5,Low Risk,Moderate Risk,YELLOW,COM20
REAL-COM20-LOW_-00045,2026-09-19 16:10:18.577,124.7,2.11,0.4157,0.7033,0.56,64.1,Low Risk,Moderate Risk,YELLOW,COM20
REAL-COM20-LOW_-00046,2026-09-19 16:10:18.775,127.46,2.07,0.4249,0.69,0.56,64.2,Low Risk,Moderate Risk,YELLOW,COM20
REAL-COM20-LOW_-00047,2026-09-19 16:10:18.976,123.54,2.06,0.4118,0.6867,0.55,64.6,Low Risk,Moderate Risk,YELLOW,COM20
REAL-COM20-LOW_-00048,2026-09-19 16:10:19.177,124.85,2.04,0.4162,0.68,0.55,64.6,Low Risk,Moderate Risk,YELLOW,COM20
REAL-COM20-LOW_-00049,2026-09-19 16:10:19.377,125.35,2.07,0.4178,0.69,0.55,64.3,Low Risk,Moderate Risk,YELLOW,COM20
REAL-COM20-LOW_-00050,2026-09-19 16:10:19.577,124.33,2.08,0.4144,0.6933,0.55,64.4,Low Risk,Moderate Risk,YELLOW,COM20
REAL-COM20-LOW_-00051,2026-09-19 16:10:19.777,123.53,2.08,0.4118,0.6933,0.55,64.4,Low Risk,Moderate Risk,YELLOW,COM20
REAL-COM20-LOW_-00052,2026-09-19 16:10:19.977,124.76,2.04,0.4159,0.68,0.55,64.6,Low Risk,Moderate Risk,YELLOW,COM20
REAL-COM20-LOW_-00053,2026-09-19 16:10:20.177,122.78,2.15,0.4093,0.7167,0.56,64.0,Low Risk,Moderate Risk,YELLOW,COM20
REAL-COM20-LOW_-00054,2026-09-19 16:10:20.375,125.98,2.07,0.4199,0.69,0.56,64.3,Low Risk,Moderate Risk,YELLOW,COM20
REAL-COM20-LOW_-00055,2026-09-19 16:10:20.577,123.05,2.05,0.4102,0.6833,0.55,64.7,Low Risk,Moderate Risk,YELLOW,COM20
REAL-COM20-LOW_-00056,2026-09-19 16:10:20.776,123.24,2.06,0.4108,0.6867,0.55,64.6,Low Risk,Moderate Risk,YELLOW,COM20
REAL-COM20-LOW_-00057,2026-09-19 16:10:20.973,123.37,2.08,0.4112,0.6933,0.55,64.4,Low Risk,Moderate Risk,YELLOW,COM20
REAL-COM20-LOW_-00058,2026-09-19 16:10:21.171,125.33,2.07,0.4178,0.69,0.55,64.4,Low Risk,Moderate Risk,YELLOW,COM20
REAL-COM20-LOW_-00059,2026-09-19 16:10:21.373,125.6,2.05,0.4187,0.6833,0.55,64.5,Low Risk,Moderate Risk,YELLOW,COM20
REAL-COM20-LOW_-00060,2026-09-19 16:10:21.573,124.55,2.06,0.4152,0.6867,0.55,64.5,Low Risk,Moderate Risk,YELLOW,COM20
REAL-COM20-LOW_-00061,2026-09-19 16:10:21.773,124.14,2.06,0.4138,0.6867,0.55,64.5,Low Risk,Moderate Risk,YELLOW,COM20
REAL-COM20-LOW_-00062,2026-09-19 16:10:21.975,123.35,2.07,0.4112,0.69,0.55,64.5,Low Risk,Moderate Risk,YELLOW,COM20
REAL-COM20-LOW_-00063,2026-09-19 16:10:22.172,123.34,2.08,0.4111,0.6933,0.55,64.5,Low Risk,Moderate Risk,YELLOW,COM20
REAL-COM20-LOW_-00064,2026-09-19 16:10:22.376,123.85,2.07,0.4128,0.69,0.55,64.5,Low Risk,Moderate Risk,YELLOW,COM20
REAL-COM20-LOW_-00065,2026-09-19 16:10:22.576,125.6,2.07,0.4187,0.69,0.55,64.4,Low Risk,Moderate Risk,YELLOW,COM20
REAL-COM20-LOW_-00066,2026-09-19 16:10:22.772,125.1,2.04,0.417,0.68,0.55,64.6,Low Risk,Moderate Risk,YELLOW,COM20
REAL-COM20-LOW_-00067,2026-09-19 16:10:22.972,125.59,2.03,0.4186,0.6767,0.55,64.6,Low Risk,Moderate Risk,YELLOW,COM20
REAL-COM20-LOW_-00068,2026-09-19 16:10:23.172,123.0,2.08,0.41,0.6933,0.55,64.5,Low Risk,Moderate Risk,YELLOW,COM20
REAL-COM20-LOW_-00069,2026-09-19 16:10:23.373,125.49,2.06,0.4183,0.6867,0.55,64.4,Low Risk,Moderate Risk,YELLOW,COM20
REAL-COM20-LOW_-00070,2026-09-19 16:10:23.573,123.34,2.07,0.4111,0.69,0.55,64.5,Low Risk,Moderate Risk,YELLOW,COM20
REAL-COM20-LOW_-00071,2026-09-19 16:10:23.772,123.92,2.07,0.4131,0.69,0.55,64.5,Low Risk,Moderate Risk,YELLOW,COM20
REAL-COM20-LOW_-00072,2026-09-19 16:10:23.972,124.46,2.04,0.4149,0.68,0.55,64.6,Low Risk,Moderate Risk,YELLOW,COM20
REAL-COM20-LOW_-00073,2026-09-19 16:10:24.176,125.26,2.06,0.4175,0.6867,0.55,64.4,Low Risk,Moderate Risk,YELLOW,COM20
REAL-COM20-LOW_-00074,2026-09-19 16:10:24.373,124.12,2.07,0.4137,0.69,0.55,64.5,Low Risk,Moderate Risk,YELLOW,COM20
REAL-COM20-LOW_-00075,2026-09-19 16:10:24.577,124.11,2.1,0.4137,0.7,0.56,64.2,Low Risk,Moderate Risk,YELLOW,COM20
REAL-COM20-LOW_-00076,2026-09-19 16:10:24.773,124.29,2.09,0.4143,0.6967,0.56,64.3,Low Risk,Moderate Risk,YELLOW,COM20
REAL-COM20-LOW_-00077,2026-09-19 16:10:24.972,123.08,2.11,0.4103,0.7033,0.56,64.2,Low Risk,Moderate Risk,YELLOW,COM20
REAL-COM20-LOW_-00078,2026-09-19 16:10:25.174,123.64,2.08,0.4121,0.6933,0.55,64.4,Low Risk,Moderate Risk,YELLOW,COM20
REAL-COM20-LOW_-00079,2026-09-19 16:10:25.373,125.08,2.14,0.4169,0.7133,0.56,63.9,Low Risk,Moderate Risk,YELLOW,COM20
REAL-COM20-LOW_-00080,2026-09-19 16:10:25.573,123.11,2.13,0.4104,0.71,0.56,64.1,Low Risk,Moderate Risk,YELLOW,COM20
REAL-COM20-LOW_-00081,2026-09-19 16:10:25.775,124.99,2.09,0.4166,0.6967,0.56,64.2,Low Risk,Moderate Risk,YELLOW,COM20
REAL-COM20-LOW_-00082,2026-09-19 16:10:25.977,124.27,2.04,0.4142,0.68,0.55,64.7,Low Risk,Moderate Risk,YELLOW,COM20
REAL-COM20-LOW_-00083,2026-09-19 16:10:26.174,122.44,2.09,0.4081,0.6967,0.55,64.4,Low Risk,Moderate Risk,YELLOW,COM20
REAL-COM20-LOW_-00084,2026-09-19 16:10:26.375,123.15,2.08,0.4105,0.6933,0.55,64.4,Low Risk,Moderate Risk,YELLOW,COM20
REAL-COM20-LOW_-00085,2026-09-19 16:10:26.572,124.97,2.07,0.4166,0.69,0.55,64.4,Low Risk,Moderate Risk,YELLOW,COM20
REAL-COM20-LOW_-00086,2026-09-19 16:10:26.777,125.07,2.09,0.4169,0.6967,0.56,64.3,Low Risk,Moderate Risk,YELLOW,COM20
REAL-COM20-LOW_-00087,2026-09-19 16:10:26.978,122.92,2.09,0.4097,0.6967,0.55,64.4,Low Risk,Moderate Risk,YELLOW,COM20
REAL-COM20-LOW_-00088,2026-09-19 16:10:27.177,123.9,2.06,0.413,0.6867,0.55,64.6,Low Risk,Moderate Risk,YELLOW,COM20
REAL-COM20-LOW_-00089,2026-09-19 16:10:27.376,125.19,2.07,0.4173,0.69,0.55,64.4,Low Risk,Moderate Risk,YELLOW,COM20
REAL-COM20-LOW_-00090,2026-09-19 16:10:27.571,123.77,2.07,0.4126,0.69,0.55,64.5,Low Risk,Moderate Risk,YELLOW,COM20
REAL-COM20-LOW_-00091,2026-09-19 16:10:27.773,124.9,2.09,0.4163,0.6967,0.56,64.2,Low Risk,Moderate Risk,YELLOW,COM20
REAL-COM20-LOW_-00092,2026-09-19 16:10:27.976,125.16,2.09,0.4172,0.6967,0.56,64.2,Low Risk,Moderate Risk,YELLOW,COM20
REAL-COM20-LOW_-00093,2026-09-19 16:10:28.174,124.28,2.1,0.4143,0.7,0.56,64.2,Low Risk,Moderate Risk,YELLOW,COM20
REAL-COM20-LOW_-00094,2026-09-19 16:10:28.375,124.95,2.06,0.4165,0.6867,0.55,64.4,Low Risk,Moderate Risk,YELLOW,COM20
REAL-COM20-LOW_-00095,2026-09-19 16:10:28.577,124.76,2.05,0.4159,0.6833,0.55,64.6,Low Risk,Moderate Risk,YELLOW,COM20
REAL-COM20-LOW_-00096,2026-09-19 16:10:28.777,123.91,2.06,0.413,0.6867,0.55,64.6,Low Risk,Moderate Risk,YELLOW,COM20
REAL-COM20-LOW_-00097,2026-09-19 16:10:28.977,123.83,2.02,0.4128,0.6733,0.54,64.8,Low Risk,Moderate Risk,YELLOW,COM20
REAL-COM20-LOW_-00098,2026-09-19 16:10:29.172,125.38,2.07,0.4179,0.69,0.55,64.3,Low Risk,Moderate Risk,YELLOW,COM20
REAL-COM20-LOW_-00099,2026-09-19 16:10:29.373,125.13,2.05,0.4171,0.6833,0.55,64.5,Low Risk,Moderate Risk,YELLOW,COM20
REAL-COM20-LOW_-00100,2026-09-19 16:10:29.575,125.29,2.08,0.4176,0.6933,0.56,64.3,Low Risk,Moderate Risk,YELLOW,COM20
REAL-COM20-LOW_-00101,2026-09-19 16:10:29.777,124.72,2.07,0.4157,0.69,0.55,64.4,Low Risk,Moderate Risk,YELLOW,COM20
REAL-COM20-LOW_-00102,2026-09-19 16:10:29.973,124.88,2.06,0.4163,0.6867,0.55,64.5,Low Risk,Moderate Risk,YELLOW,COM20
REAL-COM20-LOW_-00103,2026-09-19 16:10:30.170,122.52,2.08,0.4084,0.6933,0.55,64.5,Low Risk,Moderate Risk,YELLOW,COM20
REAL-COM20-LOW_-00104,2026-09-19 16:10:30.370,125.12,2.07,0.4171,0.69,0.55,64.4,Low Risk,Moderate Risk,YELLOW,COM20
REAL-COM20-LOW_-00105,2026-09-19 16:10:30.571,125.14,2.1,0.4171,0.7,0.56,64.2,Low Risk,Moderate Risk,YELLOW,COM20
REAL-COM20-LOW_-00106,2026-09-19 16:10:30.772,125.11,2.07,0.417,0.69,0.55,64.4,Low Risk,Moderate Risk,YELLOW,COM20
REAL-COM20-LOW_-00107,2026-09-19 16:10:30.973,124.33,2.04,0.4144,0.68,0.55,64.7,Low Risk,Moderate Risk,YELLOW,COM20
REAL-COM20-LOW_-00108,2026-09-19 16:10:31.173,125.02,2.11,0.4167,0.7033,0.56,64.1,Low Risk,Moderate Risk,YELLOW,COM20
REAL-COM20-LOW_-00109,2026-09-19 16:10:31.377,124.27,2.09,0.4142,0.6967,0.56,64.3,Low Risk,Moderate Risk,YELLOW,COM20
REAL-COM20-LOW_-00110,2026-09-19 16:10:31.573,121.99,2.1,0.4066,0.7,0.55,64.4,Low Risk,Moderate Risk,YELLOW,COM20
REAL-COM20-LOW_-00111,2026-09-19 16:10:31.773,124.79,2.05,0.416,0.6833,0.55,64.5,Low Risk,Moderate Risk,YELLOW,COM20
REAL-COM20-LOW_-00112,2026-09-19 16:10:31.971,124.31,2.09,0.4144,0.6967,0.56,64.3,Low Risk,Moderate Risk,YELLOW,COM20
REAL-COM20-LOW_-00113,2026-09-19 16:10:32.177,125.28,2.07,0.4176,0.69,0.55,64.4,Low Risk,Moderate Risk,YELLOW,COM20
REAL-COM20-LOW_-00114,2026-09-19 16:10:32.371,124.63,2.09,0.4154,0.6967,0.56,64.3,Low Risk,Moderate Risk,YELLOW,COM20
REAL-COM20-LOW_-00115,2026-09-19 16:10:32.575,124.19,2.07,0.414,0.69,0.55,64.5,Low Risk,Moderate Risk,YELLOW,COM20
REAL-COM20-LOW_-00116,2026-09-19 16:10:32.771,125.35,2.06,0.4178,0.6867,0.55,64.4,Low Risk,Moderate Risk,YELLOW,COM20
REAL-COM20-LOW_-00117,2026-09-19 16:10:32.970,125.34,2.09,0.4178,0.6967,0.56,64.2,Low Risk,Moderate Risk,YELLOW,COM20
REAL-COM20-LOW_-00118,2026-09-19 16:10:33.167,124.92,2.08,0.4164,0.6933,0.55,64.3,Low Risk,Moderate Risk,YELLOW,COM20
REAL-COM20-LOW_-00119,2026-09-19 16:10:33.373,123.47,2.04,0.4116,0.68,0.55,64.7,Low Risk,Moderate Risk,YELLOW,COM20
REAL-COM20-LOW_-00120,2026-09-19 16:10:33.575,124.44,2.05,0.4148,0.6833,0.55,64.5,Low Risk,Moderate Risk,YELLOW,COM20
REAL-COM20-LOW_-00121,2026-09-19 16:10:33.772,126.32,2.1,0.4211,0.7,0.56,64.1,Low Risk,Moderate Risk,YELLOW,COM20
REAL-COM20-LOW_-00122,2026-09-19 16:10:33.970,124.62,2.13,0.4154,0.71,0.56,64.0,Low Risk,Moderate Risk,YELLOW,COM20
REAL-COM20-LOW_-00123,2026-09-19 16:10:34.175,123.8,2.06,0.4127,0.6867,0.55,64.5,Low Risk,Moderate Risk,YELLOW,COM20
REAL-COM20-LOW_-00124,2026-09-19 16:10:34.370,123.39,2.09,0.4113,0.6967,0.55,64.4,Low Risk,Moderate Risk,YELLOW,COM20
REAL-COM20-LOW_-00125,2026-09-19 16:10:34.571,124.53,2.05,0.4151,0.6833,0.55,64.5,Low Risk,Moderate Risk,YELLOW,COM20
REAL-COM20-LOW_-00126,2026-09-19 16:10:34.777,125.21,2.08,0.4174,0.6933,0.56,64.3,Low Risk,Moderate Risk,YELLOW,COM20
REAL-COM20-LOW_-00127,2026-09-19 16:10:34.973,125.71,2.07,0.419,0.69,0.55,64.3,Low Risk,Moderate Risk,YELLOW,COM20
REAL-COM20-LOW_-00128,2026-09-19 16:10:35.169,125.38,2.07,0.4179,0.69,0.55,64.4,Low Risk,Moderate Risk,YELLOW,COM20
REAL-COM20-LOW_-00129,2026-09-19 16:10:35.372,124.84,2.03,0.4161,0.6767,0.55,64.7,Low Risk,Moderate Risk,YELLOW,COM20
REAL-COM20-LOW_-00130,2026-09-19 16:10:35.573,125.88,2.02,0.4196,0.6733,0.55,64.6,Low Risk,Moderate Risk,YELLOW,COM20
REAL-COM20-LOW_-00131,2026-09-19 16:10:35.776,126.63,1.97,0.4221,0.6567,0.54,65.0,Low Risk,Moderate Risk,YELLOW,COM20
REAL-COM20-LOW_-00132,2026-09-19 16:10:35.969,125.76,2.01,0.4192,0.67,0.55,64.7,Low Risk,Moderate Risk,YELLOW,COM20
REAL-COM20-LOW_-00133,2026-09-19 16:10:36.177,123.74,1.95,0.4125,0.65,0.53,65.3,Low Risk,Moderate Risk,YELLOW,COM20
REAL-COM20-LOW_-00134,2026-09-19 16:10:36.377,124.94,1.96,0.4165,0.6533,0.53,65.2,Low Risk,Moderate Risk,YELLOW,COM20
REAL-COM20-LOW_-00135,2026-09-19 16:10:36.573,123.61,1.99,0.412,0.6633,0.54,65.0,Low Risk,Moderate Risk,YELLOW,COM20
REAL-COM20-LOW_-00136,2026-09-19 16:10:36.776,124.32,1.94,0.4144,0.6467,0.53,65.4,Low Risk,Moderate Risk,YELLOW,COM20
REAL-COM20-LOW_-00137,2026-09-19 16:10:36.977,124.04,2.01,0.4135,0.67,0.54,64.9,Low Risk,Moderate Risk,YELLOW,COM20
REAL-COM20-LOW_-00138,2026-09-19 16:10:37.173,124.03,1.89,0.4134,0.63,0.52,65.7,Low Risk,Moderate Risk,YELLOW,COM20
REAL-COM20-LOW_-00139,2026-09-19 16:10:37.373,125.14,1.91,0.4171,0.6367,0.53,65.5,Low Risk,Moderate Risk,YELLOW,COM20
REAL-COM20-LOW_-00140,2026-09-19 16:10:37.568,124.43,1.91,0.4148,0.6367,0.53,65.5,Low Risk,Moderate Risk,YELLOW,COM20
REAL-COM20-LOW_-00141,2026-09-19 16:10:37.774,125.12,1.93,0.4171,0.6433,0.53,65.3,Low Risk,Moderate Risk,YELLOW,COM20
REAL-COM20-LOW_-00142,2026-09-19 16:10:37.977,123.4,1.95,0.4113,0.65,0.53,65.3,Low Risk,Moderate Risk,YELLOW,COM20
REAL-COM20-LOW_-00143,2026-09-19 16:10:38.175,123.56,1.93,0.4119,0.6433,0.53,65.5,Low Risk,Moderate Risk,YELLOW,COM20
REAL-COM20-LOW_-00144,2026-09-19 16:10:38.371,126.01,1.97,0.42,0.6567,0.54,65.0,Low Risk,Moderate Risk,YELLOW,COM20
REAL-COM20-LOW_-00145,2026-09-19 16:10:38.576,127.67,1.98,0.4256,0.66,0.54,64.8,Low Risk,Moderate Risk,YELLOW,COM20
REAL-COM20-LOW_-00146,2026-09-19 16:10:38.775,123.47,1.95,0.4116,0.65,0.53,65.4,Low Risk,Moderate Risk,YELLOW,COM20
REAL-COM20-LOW_-00147,2026-09-19 16:10:38.977,125.12,1.96,0.4171,0.6533,0.53,65.2,Low Risk,Moderate Risk,YELLOW,COM20
REAL-COM20-LOW_-00148,2026-09-19 16:10:39.173,125.38,1.97,0.4179,0.6567,0.54,65.1,Low Risk,Moderate Risk,YELLOW,COM20
REAL-COM20-LOW_-00149,2026-09-19 16:10:39.372,125.19,1.92,0.4173,0.64,0.53,65.4,Low Risk,Moderate Risk,YELLOW,COM20
REAL-COM20-LOW_-00150,2026-09-19 16:10:39.573,124.83,1.88,0.4161,0.6267,0.52,65.7,Low Risk,Moderate Risk,YELLOW,COM20
REAL-COM20-LOW_-00151,2026-09-19 16:10:39.776,125.8,1.96,0.4193,0.6533,0.54,65.1,Low Risk,Moderate Risk,YELLOW,COM20
REAL-COM20-LOW_-00152,2026-09-19 16:10:39.972,124.31,1.94,0.4144,0.6467,0.53,65.3,Low Risk,Moderate Risk,YELLOW,COM20
REAL-COM20-LOW_-00153,2026-09-19 16:10:40.176,124.66,2.36,0.4155,0.7867,0.6,62.5,Low Risk,Moderate Risk,YELLOW,COM20
REAL-COM20-LOW_-00154,2026-09-19 16:10:40.377,125.29,2.32,0.4176,0.7733,0.6,62.7,Low Risk,Moderate Risk,YELLOW,COM20
REAL-COM20-LOW_-00155,2026-09-19 16:10:40.572,124.93,2.15,0.4164,0.7167,0.57,63.8,Low Risk,Moderate Risk,YELLOW,COM20
REAL-COM20-LOW_-00156,2026-09-19 16:10:40.776,125.98,2.16,0.4199,0.72,0.57,63.7,Low Risk,Moderate Risk,YELLOW,COM20
REAL-COM20-LOW_-00157,2026-09-19 16:10:40.967,125.22,2.19,0.4174,0.73,0.57,63.5,Low Risk,Moderate Risk,YELLOW,COM20
REAL-COM20-LOW_-00158,2026-09-19 16:10:41.173,123.46,2.07,0.4115,0.69,0.55,64.5,Low Risk,Moderate Risk,YELLOW,COM20
REAL-COM20-LOW_-00159,2026-09-19 16:10:41.373,125.45,2.21,0.4182,0.7367,0.58,63.4,Low Risk,Moderate Risk,YELLOW,COM20
REAL-COM20-LOW_-00160,2026-09-19 16:10:41.573,124.31,2.22,0.4144,0.74,0.58,63.4,Low Risk,Moderate Risk,YELLOW,COM20
REAL-COM20-LOW_-00161,2026-09-19 16:10:41.770,124.87,2.17,0.4162,0.7233,0.57,63.7,Low Risk,Moderate Risk,YELLOW,COM20
REAL-COM20-LOW_-00162,2026-09-19 16:10:41.972,124.88,2.24,0.4163,0.7467,0.58,63.2,Low Risk,Moderate Risk,YELLOW,COM20
REAL-COM20-LOW_-00163,2026-09-19 16:10:42.170,125.42,2.29,0.4181,0.7633,0.59,62.9,Low Risk,Moderate Risk,YELLOW,COM20
REAL-COM20-LOW_-00164,2026-09-19 16:10:42.373,123.45,2.3,0.4115,0.7667,0.59,62.9,Low Risk,Moderate Risk,YELLOW,COM20
REAL-COM20-LOW_-00165,2026-09-19 16:10:42.572,123.24,2.4,0.4108,0.8,0.61,62.3,Low Risk,Moderate Risk,YELLOW,COM20
REAL-COM20-LOW_-00166,2026-09-19 16:10:42.771,124.02,2.36,0.4134,0.7867,0.6,62.5,Low Risk,Moderate Risk,YELLOW,COM20
REAL-COM20-LOW_-00167,2026-09-19 16:10:42.976,123.17,2.25,0.4106,0.75,0.58,63.3,Low Risk,Moderate Risk,YELLOW,COM20
REAL-COM20-LOW_-00168,2026-09-19 16:10:43.174,125.16,2.23,0.4172,0.7433,0.58,63.3,Low Risk,Moderate Risk,YELLOW,COM20
REAL-COM20-LOW_-00169,2026-09-19 16:10:43.372,124.55,2.26,0.4152,0.7533,0.58,63.1,Low Risk,Moderate Risk,YELLOW,COM20
REAL-COM20-LOW_-00170,2026-09-19 16:10:43.577,127.36,2.23,0.4245,0.7433,0.58,63.1,Low Risk,Moderate Risk,YELLOW,COM20
REAL-COM20-LOW_-00171,2026-09-19 16:10:43.770,123.32,2.28,0.4111,0.76,0.59,63.1,Low Risk,Moderate Risk,YELLOW,COM20
REAL-COM20-LOW_-00172,2026-09-19 16:10:43.976,124.29,2.24,0.4143,0.7467,0.58,63.3,Low Risk,Moderate Risk,YELLOW,COM20
REAL-COM20-LOW_-00173,2026-09-19 16:10:44.173,124.46,2.2,0.4149,0.7333,0.57,63.5,Low Risk,Moderate Risk,YELLOW,COM20
REAL-COM20-LOW_-00174,2026-09-19 16:10:44.373,122.18,2.22,0.4073,0.74,0.57,63.6,Low Risk,Moderate Risk,YELLOW,COM20
REAL-COM20-LOW_-00175,2026-09-19 16:10:44.572,122.58,2.2,0.4086,0.7333,0.57,63.6,Low Risk,Moderate Risk,YELLOW,COM20
REAL-COM20-LOW_-00176,2026-09-19 16:10:44.770,122.86,2.16,0.4095,0.72,0.56,63.9,Low Risk,Moderate Risk,YELLOW,COM20
REAL-COM20-LOW_-00177,2026-09-19 16:10:44.973,123.05,2.17,0.4102,0.7233,0.57,63.8,Low Risk,Moderate Risk,YELLOW,COM20
REAL-COM20-LOW_-00178,2026-09-19 16:10:45.173,125.39,2.18,0.418,0.7267,0.57,63.6,Low Risk,Moderate Risk,YELLOW,COM20
REAL-COM20-LOW_-00179,2026-09-19 16:10:45.375,123.73,2.18,0.4124,0.7267,0.57,63.7,Low Risk,Moderate Risk,YELLOW,COM20
REAL-COM20-LOW_-00180,2026-09-19 16:10:45.573,125.06,2.23,0.4169,0.7433,0.58,63.3,Low Risk,Moderate Risk,YELLOW,COM20
REAL-COM20-LOW_-00181,2026-09-19 16:10:45.774,125.38,2.26,0.4179,0.7533,0.59,63.0,Low Risk,Moderate Risk,YELLOW,COM20
REAL-COM20-LOW_-00182,2026-09-19 16:10:45.973,122.64,2.16,0.4088,0.72,0.56,63.9,Low Risk,Moderate Risk,YELLOW,COM20
REAL-COM20-LOW_-00183,2026-09-19 16:10:46.176,125.47,2.18,0.4182,0.7267,0.57,63.6,Low Risk,Moderate Risk,YELLOW,COM20
REAL-COM20-LOW_-00184,2026-09-19 16:10:46.376,121.96,2.2,0.4065,0.7333,0.57,63.7,Low Risk,Moderate Risk,YELLOW,COM20
REAL-COM20-LOW_-00185,2026-09-19 16:10:46.576,121.72,2.16,0.4057,0.72,0.56,64.0,Low Risk,Moderate Risk,YELLOW,COM20
REAL-COM20-LOW_-00186,2026-09-19 16:10:46.772,125.1,2.16,0.417,0.72,0.57,63.8,Low Risk,Moderate Risk,YELLOW,COM20
REAL-COM20-LOW_-00187,2026-09-19 16:10:46.971,124.44,2.05,0.4148,0.6833,0.55,64.6,Low Risk,Moderate Risk,YELLOW,COM20
REAL-COM20-LOW_-00188,2026-09-19 16:10:47.175,124.57,2.12,0.4152,0.7067,0.56,64.1,Low Risk,Moderate Risk,YELLOW,COM20
REAL-COM20-LOW_-00189,2026-09-19 16:10:47.375,124.54,2.03,0.4151,0.6767,0.55,64.7,Low Risk,Moderate Risk,YELLOW,COM20
REAL-COM20-LOW_-00190,2026-09-19 16:10:47.574,122.3,2.05,0.4077,0.6833,0.55,64.7,Low Risk,Moderate Risk,YELLOW,COM20
REAL-COM20-LOW_-00191,2026-09-19 16:10:47.777,124.88,2.04,0.4163,0.68,0.55,64.6,Low Risk,Moderate Risk,YELLOW,COM20
REAL-COM20-LOW_-00192,2026-09-19 16:10:47.972,128.06,2.13,0.4269,0.71,0.57,63.7,Low Risk,Moderate Risk,YELLOW,COM20
REAL-COM20-LOW_-00193,2026-09-19 16:10:48.172,125.97,2.04,0.4199,0.68,0.55,64.5,Low Risk,Moderate Risk,YELLOW,COM20
REAL-COM20-LOW_-00194,2026-09-19 16:10:48.376,125.71,2.06,0.419,0.6867,0.55,64.4,Low Risk,Moderate Risk,YELLOW,COM20
REAL-COM20-LOW_-00195,2026-09-19 16:10:48.569,122.59,2.08,0.4086,0.6933,0.55,64.5,Low Risk,Moderate Risk,YELLOW,COM20
REAL-COM20-LOW_-00196,2026-09-19 16:10:48.774,124.28,2.03,0.4143,0.6767,0.55,64.7,Low Risk,Moderate Risk,YELLOW,COM20
REAL-COM20-LOW_-00197,2026-09-19 16:10:48.973,123.05,2.07,0.4102,0.69,0.55,64.5,Low Risk,Moderate Risk,YELLOW,COM20
REAL-COM20-LOW_-00198,2026-09-19 16:10:49.173,123.48,2.13,0.4116,0.71,0.56,64.1,Low Risk,Moderate Risk,YELLOW,COM20
REAL-COM20-LOW_-00199,2026-09-19 16:10:49.376,123.24,2.12,0.4108,0.7067,0.56,64.2,Low Risk,Moderate Risk,YELLOW,COM20
REAL-COM20-LOW_-00200,2026-09-19 16:10:49.573,125.14,2.06,0.4171,0.6867,0.55,64.4,Low Risk,Moderate Risk,YELLOW,COM20
REAL-COM20-LOW_-00201,2026-09-19 16:10:49.773,123.47,2.07,0.4116,0.69,0.55,64.5,Low Risk,Moderate Risk,YELLOW,COM20
REAL-COM20-LOW_-00202,2026-09-19 16:10:49.972,124.23,2.03,0.4141,0.6767,0.55,64.7,Low Risk,Moderate Risk,YELLOW,COM20
REAL-COM20-LOW_-00203,2026-09-19 16:10:50.175,124.43,2.07,0.4148,0.69,0.55,64.5,Low Risk,Moderate Risk,YELLOW,COM20
REAL-COM20-LOW_-00204,2026-09-19 16:10:50.369,124.86,2.1,0.4162,0.7,0.56,64.2,Low Risk,Moderate Risk,YELLOW,COM20
REAL-COM20-LOW_-00205,2026-09-19 16:10:50.572,122.95,2.08,0.4098,0.6933,0.55,64.5,Low Risk,Moderate Risk,YELLOW,COM20
REAL-COM20-LOW_-00206,2026-09-19 16:10:50.772,124.54,2.11,0.4151,0.7033,0.56,64.1,Low Risk,Moderate Risk,YELLOW,COM20
REAL-COM20-LOW_-00207,2026-09-19 16:10:50.977,125.5,2.14,0.4183,0.7133,0.57,63.9,Low Risk,Moderate Risk,YELLOW,COM20
REAL-COM20-LOW_-00208,2026-09-19 16:10:51.177,125.1,2.1,0.417,0.7,0.56,64.2,Low Risk,Moderate Risk,YELLOW,COM20
REAL-COM20-LOW_-00209,2026-09-19 16:10:51.378,122.83,2.06,0.4094,0.6867,0.55,64.6,Low Risk,Moderate Risk,YELLOW,COM20
REAL-COM20-LOW_-00210,2026-09-19 16:10:51.572,124.23,2.12,0.4141,0.7067,0.56,64.1,Low Risk,Moderate Risk,YELLOW,COM20
REAL-COM20-LOW_-00211,2026-09-19 16:10:51.771,123.83,2.21,0.4128,0.7367,0.58,63.5,Low Risk,Moderate Risk,YELLOW,COM20
REAL-COM20-LOW_-00212,2026-09-19 16:10:51.971,125.37,2.27,0.4179,0.7567,0.59,63.0,Low Risk,Moderate Risk,YELLOW,COM20
REAL-COM20-LOW_-00213,2026-09-19 16:10:52.173,123.01,2.28,0.41,0.76,0.59,63.1,Low Risk,Moderate Risk,YELLOW,COM20
REAL-COM20-LOW_-00214,2026-09-19 16:10:52.376,123.94,2.3,0.4131,0.7667,0.59,62.9,Low Risk,Moderate Risk,YELLOW,COM20
REAL-COM20-LOW_-00215,2026-09-19 16:10:52.569,124.18,2.31,0.4139,0.77,0.59,62.8,Low Risk,Moderate Risk,YELLOW,COM20
REAL-COM20-LOW_-00216,2026-09-19 16:10:52.773,125.41,2.33,0.418,0.7767,0.6,62.6,Low Risk,Moderate Risk,YELLOW,COM20
REAL-COM20-LOW_-00217,2026-09-19 16:10:52.975,123.41,2.32,0.4114,0.7733,0.59,62.8,Low Risk,Moderate Risk,YELLOW,COM20
REAL-COM20-LOW_-00218,2026-09-19 16:10:53.176,124.86,2.31,0.4162,0.77,0.59,62.8,Low Risk,Moderate Risk,YELLOW,COM20
REAL-COM20-LOW_-00219,2026-09-19 16:10:53.372,122.35,2.31,0.4078,0.77,0.59,62.9,Low Risk,Moderate Risk,YELLOW,COM20
REAL-COM20-LOW_-00220,2026-09-19 16:10:53.577,125.88,2.3,0.4196,0.7667,0.59,62.7,Low Risk,Moderate Risk,YELLOW,COM20
REAL-COM20-LOW_-00221,2026-09-19 16:10:53.777,124.54,2.33,0.4151,0.7767,0.6,62.7,Low Risk,Moderate Risk,YELLOW,COM20
REAL-COM20-LOW_-00222,2026-09-19 16:10:53.977,125.63,2.31,0.4188,0.77,0.59,62.7,Low Risk,Moderate Risk,YELLOW,COM20
REAL-COM20-LOW_-00223,2026-09-19 16:10:54.170,125.46,2.3,0.4182,0.7667,0.59,62.8,Low Risk,Moderate Risk,YELLOW,COM20
REAL-COM20-LOW_-00224,2026-09-19 16:10:54.370,125.52,2.29,0.4184,0.7633,0.59,62.9,Low Risk,Moderate Risk,YELLOW,COM20
REAL-COM20-LOW_-00225,2026-09-19 16:10:54.571,122.91,2.29,0.4097,0.7633,0.59,63.0,Low Risk,Moderate Risk,YELLOW,COM20
REAL-COM20-LOW_-00226,2026-09-19 16:10:54.772,123.22,2.29,0.4107,0.7633,0.59,63.0,Low Risk,Moderate Risk,YELLOW,COM20
REAL-COM20-LOW_-00227,2026-09-19 16:10:54.973,125.96,2.26,0.4199,0.7533,0.59,63.0,Low Risk,Moderate Risk,YELLOW,COM20
REAL-COM20-LOW_-00228,2026-09-19 16:10:55.176,123.69,2.32,0.4123,0.7733,0.59,62.8,Low Risk,Moderate Risk,YELLOW,COM20
REAL-COM20-LOW_-00229,2026-09-19 16:10:55.376,125.98,2.36,0.4199,0.7867,0.6,62.4,Low Risk,Moderate Risk,YELLOW,COM20
REAL-COM20-LOW_-00230,2026-09-19 16:10:55.577,122.75,2.28,0.4092,0.76,0.58,63.1,Low Risk,Moderate Risk,YELLOW,COM20
REAL-COM20-LOW_-00231,2026-09-19 16:10:55.776,123.87,2.27,0.4129,0.7567,0.59,63.1,Low Risk,Moderate Risk,YELLOW,COM20
REAL-COM20-LOW_-00232,2026-09-19 16:10:55.967,123.55,2.26,0.4118,0.7533,0.58,63.2,Low Risk,Moderate Risk,YELLOW,COM20
REAL-COM20-LOW_-00233,2026-09-19 16:10:56.172,123.57,2.27,0.4119,0.7567,0.58,63.1,Low Risk,Moderate Risk,YELLOW,COM20
REAL-COM20-LOW_-00234,2026-09-19 16:10:56.375,123.75,2.32,0.4125,0.7733,0.59,62.8,Low Risk,Moderate Risk,YELLOW,COM20
REAL-COM20-LOW_-00235,2026-09-19 16:10:56.572,124.08,2.31,0.4136,0.77,0.59,62.8,Low Risk,Moderate Risk,YELLOW,COM20
REAL-COM20-LOW_-00236,2026-09-19 16:10:56.773,126.32,2.32,0.4211,0.7733,0.6,62.6,Low Risk,Moderate Risk,YELLOW,COM20
REAL-COM20-LOW_-00237,2026-09-19 16:10:56.977,122.99,2.31,0.41,0.77,0.59,62.9,Low Risk,Moderate Risk,YELLOW,COM20
REAL-COM20-LOW_-00238,2026-09-19 16:10:57.170,122.83,2.31,0.4094,0.77,0.59,62.9,Low Risk,Moderate Risk,YELLOW,COM20
REAL-COM20-LOW_-00239,2026-09-19 16:10:57.375,124.88,2.3,0.4163,0.7667,0.59,62.8,Low Risk,Moderate Risk,YELLOW,COM20
REAL-COM20-LOW_-00240,2026-09-19 16:10:57.576,124.66,2.32,0.4155,0.7733,0.59,62.7,Low Risk,Moderate Risk,YELLOW,COM20
REAL-COM20-LOW_-00241,2026-09-19 16:10:57.777,125.59,2.31,0.4186,0.77,0.59,62.7,Low Risk,Moderate Risk,YELLOW,COM20
REAL-COM20-LOW_-00242,2026-09-19 16:10:57.977,125.09,2.35,0.417,0.7833,0.6,62.5,Low Risk,Moderate Risk,YELLOW,COM20
REAL-COM20-LOW_-00243,2026-09-19 16:10:58.172,124.28,2.3,0.4143,0.7667,0.59,62.9,Low Risk,Moderate Risk,YELLOW,COM20
REAL-COM20-LOW_-00244,2026-09-19 16:10:58.377,122.95,2.36,0.4098,0.7867,0.6,62.6,Low Risk,Moderate Risk,YELLOW,COM20
REAL-COM20-LOW_-00245,2026-09-19 16:10:58.575,122.86,2.32,0.4095,0.7733,0.59,62.8,Low Risk,Moderate Risk,YELLOW,COM20
REAL-COM20-LOW_-00246,2026-09-19 16:10:58.777,122.51,2.22,0.4084,0.74,0.57,63.5,Low Risk,Moderate Risk,YELLOW,COM20
REAL-COM20-LOW_-00247,2026-09-19 16:10:58.976,123.77,2.25,0.4126,0.75,0.58,63.2,Low Risk,Moderate Risk,YELLOW,COM20
REAL-COM20-LOW_-00248,2026-09-19 16:10:59.176,123.16,2.22,0.4105,0.74,0.57,63.5,Low Risk,Moderate Risk,YELLOW,COM20
REAL-COM20-LOW_-00249,2026-09-19 16:10:59.375,123.54,2.27,0.4118,0.7567,0.58,63.1,Low Risk,Moderate Risk,YELLOW,COM20
REAL-COM20-LOW_-00250,2026-09-19 16:10:59.575,123.47,2.21,0.4116,0.7367,0.57,63.5,Low Risk,Moderate Risk,YELLOW,COM20
REAL-COM20-LOW_-00251,2026-09-19 16:10:59.777,124.74,2.22,0.4158,0.74,0.58,63.4,Low Risk,Moderate Risk,YELLOW,COM20
REAL-COM20-LOW_-00252,2026-09-19 16:10:59.976,125.04,2.24,0.4168,0.7467,0.58,63.2,Low Risk,Moderate Risk,YELLOW,COM20
REAL-COM20-LOW_-00253,2026-09-19 16:11:00.177,123.89,2.24,0.413,0.7467,0.58,63.3,Low Risk,Moderate Risk,YELLOW,COM20
REAL-COM20-LOW_-00254,2026-09-19 16:11:00.377,124.8,2.2,0.416,0.7333,0.58,63.5,Low Risk,Moderate Risk,YELLOW,COM20
REAL-COM20-LOW_-00255,2026-09-19 16:11:00.567,125.36,2.24,0.4179,0.7467,0.58,63.2,Low Risk,Moderate Risk,YELLOW,COM20
REAL-COM20-LOW_-00256,2026-09-19 16:11:00.776,124.55,2.22,0.4152,0.74,0.58,63.4,Low Risk,Moderate Risk,YELLOW,COM20
REAL-COM20-LOW_-00257,2026-09-19 16:11:00.976,123.0,2.22,0.41,0.74,0.57,63.5,Low Risk,Moderate Risk,YELLOW,COM20
REAL-COM20-LOW_-00258,2026-09-19 16:11:01.176,124.93,2.23,0.4164,0.7433,0.58,63.3,Low Risk,Moderate Risk,YELLOW,COM20
REAL-COM20-LOW_-00259,2026-09-19 16:11:01.377,125.65,2.24,0.4188,0.7467,0.58,63.2,Low Risk,Moderate Risk,YELLOW,COM20
REAL-COM20-LOW_-00260,2026-09-19 16:11:01.574,123.67,2.22,0.4122,0.74,0.58,63.4,Low Risk,Moderate Risk,YELLOW,COM20
REAL-COM20-LOW_-00261,2026-09-19 16:11:01.777,126.91,2.21,0.423,0.7367,0.58,63.3,Low Risk,Moderate Risk,YELLOW,COM20
REAL-COM20-LOW_-00262,2026-09-19 16:11:01.975,123.27,2.29,0.4109,0.7633,0.59,63.0,Low Risk,Moderate Risk,YELLOW,COM20
REAL-COM20-LOW_-00263,2026-09-19 16:11:02.176,123.91,2.29,0.413,0.7633,0.59,63.0,Low Risk,Moderate Risk,YELLOW,COM20
REAL-COM20-LOW_-00264,2026-09-19 16:11:02.372,124.98,2.32,0.4166,0.7733,0.59,62.7,Low Risk,Moderate Risk,YELLOW,COM20
REAL-COM20-LOW_-00265,2026-09-19 16:11:02.572,124.07,2.29,0.4136,0.7633,0.59,63.0,Low Risk,Moderate Risk,YELLOW,COM20
REAL-COM20-LOW_-00266,2026-09-19 16:11:02.775,124.12,2.32,0.4137,0.7733,0.59,62.8,Low Risk,Moderate Risk,YELLOW,COM20
REAL-COM20-LOW_-00267,2026-09-19 16:11:02.977,124.94,2.28,0.4165,0.76,0.59,63.0,Low Risk,Moderate Risk,YELLOW,COM20
REAL-COM20-LOW_-00268,2026-09-19 16:11:03.176,125.64,2.32,0.4188,0.7733,0.6,62.6,Low Risk,Moderate Risk,YELLOW,COM20
REAL-COM20-LOW_-00269,2026-09-19 16:11:03.376,125.6,2.25,0.4187,0.75,0.58,63.1,Low Risk,Moderate Risk,YELLOW,COM20
REAL-COM20-LOW_-00270,2026-09-19 16:11:03.576,124.82,2.31,0.4161,0.77,0.59,62.8,Low Risk,Moderate Risk,YELLOW,COM20
REAL-COM20-LOW_-00271,2026-09-19 16:11:03.775,124.4,2.32,0.4147,0.7733,0.59,62.7,Low Risk,Moderate Risk,YELLOW,COM20
REAL-COM20-LOW_-00272,2026-09-19 16:11:03.973,125.26,2.3,0.4175,0.7667,0.59,62.8,Low Risk,Moderate Risk,YELLOW,COM20
REAL-COM20-LOW_-00273,2026-09-19 16:11:04.177,125.17,2.33,0.4172,0.7767,0.6,62.6,Low Risk,Moderate Risk,YELLOW,COM20
REAL-COM20-LOW_-00274,2026-09-19 16:11:04.376,124.21,2.3,0.414,0.7667,0.59,62.9,Low Risk,Moderate Risk,YELLOW,COM20
REAL-COM20-LOW_-00275,2026-09-19 16:11:04.576,123.25,2.27,0.4108,0.7567,0.58,63.2,Low Risk,Moderate Risk,YELLOW,COM20
REAL-COM20-LOW_-00276,2026-09-19 16:11:04.777,123.82,2.33,0.4127,0.7767,0.6,62.7,Low Risk,Moderate Risk,YELLOW,COM20
REAL-COM20-LOW_-00277,2026-09-19 16:11:04.977,124.72,2.2,0.4157,0.7333,0.58,63.5,Low Risk,Moderate Risk,YELLOW,COM20
REAL-COM20-LOW_-00278,2026-09-19 16:11:05.177,124.48,2.28,0.4149,0.76,0.59,63.0,Low Risk,Moderate Risk,YELLOW,COM20
REAL-COM20-LOW_-00279,2026-09-19 16:11:05.375,124.23,2.29,0.4141,0.7633,0.59,62.9,Low Risk,Moderate Risk,YELLOW,COM20
REAL-COM20-LOW_-00280,2026-09-19 16:11:05.576,125.66,2.28,0.4189,0.76,0.59,62.9,Low Risk,Moderate Risk,YELLOW,COM20
REAL-COM20-LOW_-00281,2026-09-19 16:11:05.773,124.48,2.25,0.4149,0.75,0.58,63.2,Low Risk,Moderate Risk,YELLOW,COM20
REAL-COM20-LOW_-00282,2026-09-19 16:11:05.976,123.49,2.34,0.4116,0.78,0.6,62.6,Low Risk,Moderate Risk,YELLOW,COM20
REAL-COM20-LOW_-00283,2026-09-19 16:11:06.177,124.13,2.28,0.4138,0.76,0.59,63.0,Low Risk,Moderate Risk,YELLOW,COM20
REAL-COM20-LOW_-00284,2026-09-19 16:11:06.377,125.29,2.2,0.4176,0.7333,0.58,63.5,Low Risk,Moderate Risk,YELLOW,COM20
REAL-COM20-LOW_-00285,2026-09-19 16:11:06.576,124.06,2.17,0.4135,0.7233,0.57,63.7,Low Risk,Moderate Risk,YELLOW,COM20
REAL-COM20-LOW_-00286,2026-09-19 16:11:06.776,123.2,2.27,0.4107,0.7567,0.58,63.1,Low Risk,Moderate Risk,YELLOW,COM20
REAL-COM20-LOW_-00287,2026-09-19 16:11:06.976,123.29,2.27,0.411,0.7567,0.58,63.2,Low Risk,Moderate Risk,YELLOW,COM20
REAL-COM20-LOW_-00288,2026-09-19 16:11:07.176,124.5,2.21,0.415,0.7367,0.58,63.5,Low Risk,Moderate Risk,YELLOW,COM20
REAL-COM20-LOW_-00289,2026-09-19 16:11:07.377,123.3,2.29,0.411,0.7633,0.59,63.0,Low Risk,Moderate Risk,YELLOW,COM20
REAL-COM20-LOW_-00290,2026-09-19 16:11:07.573,124.95,2.27,0.4165,0.7567,0.59,63.0,Low Risk,Moderate Risk,YELLOW,COM20
REAL-COM20-LOW_-00291,2026-09-19 16:11:07.776,123.11,2.26,0.4104,0.7533,0.58,63.2,Low Risk,Moderate Risk,YELLOW,COM20
REAL-COM20-LOW_-00292,2026-09-19 16:11:07.976,125.64,2.33,0.4188,0.7767,0.6,62.6,Low Risk,Moderate Risk,YELLOW,COM20
REAL-COM20-LOW_-00293,2026-09-19 16:11:08.176,124.27,2.25,0.4142,0.75,0.58,63.2,Low Risk,Moderate Risk,YELLOW,COM20
REAL-COM20-LOW_-00294,2026-09-19 16:11:08.374,122.77,2.25,0.4092,0.75,0.58,63.3,Low Risk,Moderate Risk,YELLOW,COM20
REAL-COM20-LOW_-00295,2026-09-19 16:11:08.575,125.11,2.27,0.417,0.7567,0.59,63.0,Low Risk,Moderate Risk,YELLOW,COM20
REAL-COM20-LOW_-00296,2026-09-19 16:11:08.777,124.11,2.26,0.4137,0.7533,0.58,63.2,Low Risk,Moderate Risk,YELLOW,COM20
REAL-COM20-LOW_-00297,2026-09-19 16:11:08.976,126.18,2.27,0.4206,0.7567,0.59,63.0,Low Risk,Moderate Risk,YELLOW,COM20
REAL-COM20-LOW_-00298,2026-09-19 16:11:09.174,124.51,2.27,0.415,0.7567,0.59,63.1,Low Risk,Moderate Risk,YELLOW,COM20
REAL-COM20-LOW_-00299,2026-09-19 16:11:09.377,126.7,2.28,0.4223,0.76,0.59,62.9,Low Risk,Moderate Risk,YELLOW,COM20
REAL-COM20-LOW_-00300,2026-09-19 16:11:09.572,123.35,2.26,0.4112,0.7533,0.58,63.2,Low Risk,Moderate Risk,YELLOW,COM20
REAL-COM20-LOW_-00301,2026-09-19 16:11:09.772,124.55,2.23,0.4152,0.7433,0.58,63.3,Low Risk,Moderate Risk,YELLOW,COM20
REAL-COM20-LOW_-00302,2026-09-19 16:11:09.972,124.83,2.22,0.4161,0.74,0.58,63.4,Low Risk,Moderate Risk,YELLOW,COM20
REAL-COM20-LOW_-00303,2026-09-19 16:11:10.175,123.11,2.28,0.4104,0.76,0.59,63.1,Low Risk,Moderate Risk,YELLOW,COM20
REAL-COM20-LOW_-00304,2026-09-19 16:11:10.377,123.89,2.22,0.413,0.74,0.58,63.5,Low Risk,Moderate Risk,YELLOW,COM20
REAL-COM20-LOW_-00305,2026-09-19 16:11:10.573,124.97,2.26,0.4166,0.7533,0.59,63.1,Low Risk,Moderate Risk,YELLOW,COM20
REAL-COM20-LOW_-00306,2026-09-19 16:11:10.777,122.51,2.28,0.4084,0.76,0.58,63.1,Low Risk,Moderate Risk,YELLOW,COM20
REAL-COM20-LOW_-00307,2026-09-19 16:11:10.976,123.92,2.27,0.4131,0.7567,0.59,63.1,Low Risk,Moderate Risk,YELLOW,COM20
REAL-COM20-LOW_-00308,2026-09-19 16:11:11.177,124.09,2.31,0.4136,0.77,0.59,62.8,Low Risk,Moderate Risk,YELLOW,COM20
REAL-COM20-LOW_-00309,2026-09-19 16:11:11.377,125.26,2.29,0.4175,0.7633,0.59,62.8,Low Risk,Moderate Risk,YELLOW,COM20
REAL-COM20-LOW_-00310,2026-09-19 16:11:11.573,125.84,2.26,0.4195,0.7533,0.59,63.0,Low Risk,Moderate Risk,YELLOW,COM20
REAL-COM20-LOW_-00311,2026-09-19 16:11:11.776,124.11,2.26,0.4137,0.7533,0.58,63.1,Low Risk,Moderate Risk,YELLOW,COM20
REAL-COM20-LOW_-00312,2026-09-19 16:11:11.976,123.65,2.28,0.4122,0.76,0.59,63.1,Low Risk,Moderate Risk,YELLOW,COM20
REAL-COM20-LOW_-00313,2026-09-19 16:11:12.176,123.47,2.3,0.4116,0.7667,0.59,63.0,Low Risk,Moderate Risk,YELLOW,COM20
REAL-COM20-LOW_-00314,2026-09-19 16:11:12.374,123.89,2.34,0.413,0.78,0.6,62.6,Low Risk,Moderate Risk,YELLOW,COM20
REAL-COM20-LOW_-00315,2026-09-19 16:11:12.574,122.36,2.33,0.4079,0.7767,0.59,62.8,Low Risk,Moderate Risk,YELLOW,COM20
REAL-COM20-LOW_-00316,2026-09-19 16:11:12.777,125.49,2.33,0.4183,0.7767,0.6,62.6,Low Risk,Moderate Risk,YELLOW,COM20
REAL-COM20-LOW_-00317,2026-09-19 16:11:12.976,125.48,2.33,0.4183,0.7767,0.6,62.6,Low Risk,Moderate Risk,YELLOW,COM20
REAL-COM20-LOW_-00318,2026-09-19 16:11:13.173,124.66,2.33,0.4155,0.7767,0.6,62.6,Low Risk,Moderate Risk,YELLOW,COM20
REAL-COM20-LOW_-00319,2026-09-19 16:11:13.375,125.17,2.3,0.4172,0.7667,0.59,62.8,Low Risk,Moderate Risk,YELLOW,COM20
REAL-COM20-LOW_-00320,2026-09-19 16:11:13.576,125.78,2.32,0.4193,0.7733,0.6,62.6,Low Risk,Moderate Risk,YELLOW,COM20
REAL-COM20-LOW_-00321,2026-09-19 16:11:13.774,124.19,2.31,0.414,0.77,0.59,62.8,Low Risk,Moderate Risk,YELLOW,COM20
REAL-COM20-LOW_-00322,2026-09-19 16:11:13.972,123.94,2.35,0.4131,0.7833,0.6,62.6,Low Risk,Moderate Risk,YELLOW,COM20
REAL-COM20-LOW_-00323,2026-09-19 16:11:14.176,122.94,2.36,0.4098,0.7867,0.6,62.6,Low Risk,Moderate Risk,YELLOW,COM20
REAL-COM20-LOW_-00324,2026-09-19 16:11:14.376,124.51,2.32,0.415,0.7733,0.59,62.7,Low Risk,Moderate Risk,YELLOW,COM20
REAL-COM20-LOW_-00325,2026-09-19 16:11:14.577,125.29,2.32,0.4176,0.7733,0.6,62.7,Low Risk,Moderate Risk,YELLOW,COM20
REAL-COM20-LOW_-00326,2026-09-19 16:11:14.776,124.38,2.28,0.4146,0.76,0.59,63.0,Low Risk,Moderate Risk,YELLOW,COM20
REAL-COM20-LOW_-00327,2026-09-19 16:11:14.972,122.9,2.29,0.4097,0.7633,0.59,63.0,Low Risk,Moderate Risk,YELLOW,COM20
REAL-COM20-LOW_-00328,2026-09-19 16:11:15.177,122.99,2.26,0.41,0.7533,0.58,63.2,Low Risk,Moderate Risk,YELLOW,COM20
REAL-COM20-LOW_-00329,2026-09-19 16:11:15.376,123.81,2.26,0.4127,0.7533,0.58,63.1,Low Risk,Moderate Risk,YELLOW,COM20
REAL-COM20-LOW_-00330,2026-09-19 16:11:15.576,123.61,2.3,0.412,0.7667,0.59,62.9,Low Risk,Moderate Risk,YELLOW,COM20
REAL-COM20-LOW_-00331,2026-09-19 16:11:15.776,126.13,2.31,0.4204,0.77,0.59,62.7,Low Risk,Moderate Risk,YELLOW,COM20
REAL-COM20-LOW_-00332,2026-09-19 16:11:15.973,123.94,2.34,0.4131,0.78,0.6,62.6,Low Risk,Moderate Risk,YELLOW,COM20
REAL-COM20-LOW_-00333,2026-09-19 16:11:16.173,124.93,2.18,0.4164,0.7267,0.57,63.7,Low Risk,Moderate Risk,YELLOW,COM20
REAL-COM20-LOW_-00334,2026-09-19 16:11:16.372,122.97,2.22,0.4099,0.74,0.58,63.5,Low Risk,Moderate Risk,YELLOW,COM20
REAL-COM20-LOW_-00335,2026-09-19 16:11:16.573,124.78,2.33,0.4159,0.7767,0.6,62.6,Low Risk,Moderate Risk,YELLOW,COM20
REAL-COM20-LOW_-00336,2026-09-19 16:11:16.772,124.73,2.28,0.4158,0.76,0.59,63.0,Low Risk,Moderate Risk,YELLOW,COM20
REAL-COM20-LOW_-00337,2026-09-19 16:11:16.973,124.11,2.26,0.4137,0.7533,0.58,63.2,Low Risk,Moderate Risk,YELLOW,COM20
REAL-COM20-LOW_-00338,2026-09-19 16:11:17.173,123.5,2.29,0.4117,0.7633,0.59,63.0,Low Risk,Moderate Risk,YELLOW,COM20
REAL-COM20-LOW_-00339,2026-09-19 16:11:17.373,124.64,2.27,0.4155,0.7567,0.59,63.1,Low Risk,Moderate Risk,YELLOW,COM20
REAL-COM20-LOW_-00340,2026-09-19 16:11:17.572,123.34,2.28,0.4111,0.76,0.59,63.1,Low Risk,Moderate Risk,YELLOW,COM20
REAL-COM20-LOW_-00341,2026-09-19 16:11:17.773,124.8,2.27,0.416,0.7567,0.59,63.0,Low Risk,Moderate Risk,YELLOW,COM20
REAL-COM20-LOW_-00342,2026-09-19 16:11:17.973,123.58,2.25,0.4119,0.75,0.58,63.2,Low Risk,Moderate Risk,YELLOW,COM20
REAL-COM20-LOW_-00343,2026-09-19 16:11:18.172,125.7,2.25,0.419,0.75,0.59,63.1,Low Risk,Moderate Risk,YELLOW,COM20
REAL-COM20-LOW_-00344,2026-09-19 16:11:18.373,124.65,2.25,0.4155,0.75,0.58,63.2,Low Risk,Moderate Risk,YELLOW,COM20
REAL-COM20-LOW_-00345,2026-09-19 16:11:18.572,122.38,2.31,0.4079,0.77,0.59,62.9,Low Risk,Moderate Risk,YELLOW,COM20
REAL-COM20-LOW_-00346,2026-09-19 16:11:18.776,125.15,1.84,0.4172,0.6133,0.51,66.0,Low Risk,Moderate Risk,YELLOW,COM20
REAL-COM20-LOW_-00347,2026-09-19 16:11:18.977,122.66,1.84,0.4089,0.6133,0.51,66.2,Low Risk,Moderate Risk,YELLOW,COM20
REAL-COM20-LOW_-00348,2026-09-19 16:11:19.170,125.29,2.3,0.4176,0.7667,0.59,62.8,Low Risk,Moderate Risk,YELLOW,COM20
REAL-COM20-LOW_-00349,2026-09-19 16:11:19.373,124.72,2.33,0.4157,0.7767,0.6,62.7,Low Risk,Moderate Risk,YELLOW,COM20
REAL-COM20-LOW_-00350,2026-09-19 16:11:19.571,124.15,2.36,0.4138,0.7867,0.6,62.5,Low Risk,Moderate Risk,YELLOW,COM20
REAL-COM20-LOW_-00351,2026-09-19 16:11:19.773,124.38,2.27,0.4146,0.7567,0.58,63.1,Low Risk,Moderate Risk,YELLOW,COM20
REAL-COM20-LOW_-00352,2026-09-19 16:11:19.972,124.67,1.82,0.4156,0.6067,0.51,66.2,Low Risk,Moderate Risk,YELLOW,COM20
REAL-COM20-LOW_-00353,2026-09-19 16:11:20.173,124.96,1.82,0.4165,0.6067,0.51,66.1,Low Risk,Moderate Risk,YELLOW,COM20
REAL-COM20-LOW_-00354,2026-09-19 16:11:20.373,126.03,1.83,0.4201,0.61,0.52,66.0,Low Risk,Moderate Risk,YELLOW,COM20
REAL-COM20-LOW_-00355,2026-09-19 16:11:20.575,124.64,1.83,0.4155,0.61,0.51,66.1,Low Risk,Moderate Risk,YELLOW,COM20
REAL-COM20-LOW_-00356,2026-09-19 16:11:20.774,123.28,1.88,0.4109,0.6267,0.52,65.8,Low Risk,Moderate Risk,YELLOW,COM20
REAL-COM20-LOW_-00357,2026-09-19 16:11:20.967,123.77,1.86,0.4126,0.62,0.52,65.9,Low Risk,Moderate Risk,YELLOW,COM20
REAL-COM20-LOW_-00358,2026-09-19 16:11:21.172,123.27,1.83,0.4109,0.61,0.51,66.2,Low Risk,Moderate Risk,YELLOW,COM20
REAL-COM20-LOW_-00359,2026-09-19 16:11:21.376,122.99,1.83,0.41,0.61,0.51,66.2,Low Risk,Moderate Risk,YELLOW,COM20
REAL-COM20-LOW_-00360,2026-09-19 16:11:21.576,124.97,1.83,0.4166,0.61,0.51,66.1,Low Risk,Moderate Risk,YELLOW,COM20
REAL-COM20-LOW_-00361,2026-09-19 16:11:21.772,122.44,1.87,0.4081,0.6233,0.52,66.0,Low Risk,Moderate Risk,YELLOW,COM20
REAL-COM20-LOW_-00362,2026-09-19 16:11:21.976,124.24,1.85,0.4141,0.6167,0.52,66.0,Low Risk,Moderate Risk,YELLOW,COM20
REAL-COM20-LOW_-00363,2026-09-19 16:11:22.176,122.69,1.87,0.409,0.6233,0.52,66.0,Low Risk,Moderate Risk,YELLOW,COM20
REAL-COM20-LOW_-00364,2026-09-19 16:11:22.375,125.23,1.87,0.4174,0.6233,0.52,65.8,Low Risk,Moderate Risk,YELLOW,COM20
REAL-COM20-LOW_-00365,2026-09-19 16:11:22.577,123.35,1.86,0.4112,0.62,0.52,66.0,Low Risk,Moderate Risk,YELLOW,COM20
REAL-COM20-LOW_-00366,2026-09-19 16:11:22.776,124.34,1.85,0.4145,0.6167,0.52,66.0,Low Risk,Moderate Risk,YELLOW,COM20
REAL-COM20-LOW_-00367,2026-09-19 16:11:22.973,122.31,1.83,0.4077,0.61,0.51,66.3,Low Risk,Moderate Risk,YELLOW,COM20
REAL-COM20-LOW_-00368,2026-09-19 16:11:23.176,122.94,1.83,0.4098,0.61,0.51,66.2,Low Risk,Moderate Risk,YELLOW,COM20
REAL-COM20-LOW_-00369,2026-09-19 16:11:23.375,124.64,1.83,0.4155,0.61,0.51,66.1,Low Risk,Moderate Risk,YELLOW,COM20
REAL-COM20-LOW_-00370,2026-09-19 16:11:23.576,123.87,1.82,0.4129,0.6067,0.51,66.2,Low Risk,Moderate Risk,YELLOW,COM20
REAL-COM20-LOW_-00371,2026-09-19 16:11:23.776,123.21,1.82,0.4107,0.6067,0.51,66.3,Low Risk,Moderate Risk,YELLOW,COM20
REAL-COM20-LOW_-00372,2026-09-19 16:11:23.976,124.46,1.84,0.4149,0.6133,0.51,66.1,Low Risk,Moderate Risk,YELLOW,COM20
REAL-COM20-LOW_-00373,2026-09-19 16:11:24.176,124.32,1.84,0.4144,0.6133,0.51,66.1,Low Risk,Moderate Risk,YELLOW,COM20
REAL-COM20-LOW_-00374,2026-09-19 16:11:24.376,121.85,1.84,0.4062,0.6133,0.51,66.2,Low Risk,Moderate Risk,YELLOW,COM20
REAL-COM20-LOW_-00375,2026-09-19 16:11:24.576,125.21,1.86,0.4174,0.62,0.52,65.9,Low Risk,Moderate Risk,YELLOW,COM20
REAL-COM20-LOW_-00376,2026-09-19 16:11:24.775,122.95,1.87,0.4098,0.6233,0.52,65.9,Low Risk,Moderate Risk,YELLOW,COM20
REAL-COM20-LOW_-00377,2026-09-19 16:11:24.976,122.9,1.86,0.4097,0.62,0.52,66.0,Low Risk,Moderate Risk,YELLOW,COM20
REAL-COM20-LOW_-00378,2026-09-19 16:11:25.175,124.03,1.92,0.4134,0.64,0.53,65.5,Low Risk,Moderate Risk,YELLOW,COM20
REAL-COM20-LOW_-00379,2026-09-19 16:11:25.372,124.45,1.87,0.4148,0.6233,0.52,65.8,Low Risk,Moderate Risk,YELLOW,COM20
REAL-COM20-LOW_-00380,2026-09-19 16:11:25.577,123.46,1.9,0.4115,0.6333,0.52,65.7,Low Risk,Moderate Risk,YELLOW,COM20
REAL-COM20-LOW_-00381,2026-09-19 16:11:25.777,124.61,1.88,0.4154,0.6267,0.52,65.7,Low Risk,Moderate Risk,YELLOW,COM20
REAL-COM20-LOW_-00382,2026-09-19 16:11:25.976,125.12,1.89,0.4171,0.63,0.52,65.7,Low Risk,Moderate Risk,YELLOW,COM20
REAL-COM20-LOW_-00383,2026-09-19 16:11:26.176,122.49,1.85,0.4083,0.6167,0.51,66.1,Low Risk,Moderate Risk,YELLOW,COM20
REAL-COM20-LOW_-00384,2026-09-19 16:11:26.377,123.65,1.85,0.4122,0.6167,0.51,66.1,Low Risk,Moderate Risk,YELLOW,COM20
REAL-COM20-LOW_-00385,2026-09-19 16:11:26.576,124.14,1.87,0.4138,0.6233,0.52,65.8,Low Risk,Moderate Risk,YELLOW,COM20
REAL-COM20-LOW_-00386,2026-09-19 16:11:26.775,123.22,1.87,0.4107,0.6233,0.52,65.9,Low Risk,Moderate Risk,YELLOW,COM20
REAL-COM20-LOW_-00387,2026-09-19 16:11:26.977,124.84,1.86,0.4161,0.62,0.52,65.9,Low Risk,Moderate Risk,YELLOW,COM20
REAL-COM20-LOW_-00388,2026-09-19 16:11:27.172,125.19,1.86,0.4173,0.62,0.52,65.8,Low Risk,Moderate Risk,YELLOW,COM20
REAL-COM20-LOW_-00389,2026-09-19 16:11:27.374,125.98,1.86,0.4199,0.62,0.52,65.8,Low Risk,Moderate Risk,YELLOW,COM20
REAL-COM20-LOW_-00390,2026-09-19 16:11:27.576,124.43,1.84,0.4148,0.6133,0.51,66.0,Low Risk,Moderate Risk,YELLOW,COM20
REAL-COM20-LOW_-00391,2026-09-19 16:11:27.775,125.58,1.85,0.4186,0.6167,0.52,65.9,Low Risk,Moderate Risk,YELLOW,COM20
REAL-COM20-LOW_-00392,2026-09-19 16:11:27.972,124.84,1.85,0.4161,0.6167,0.52,65.9,Low Risk,Moderate Risk,YELLOW,COM20
REAL-COM20-LOW_-00393,2026-09-19 16:11:28.177,123.76,1.86,0.4125,0.62,0.52,66.0,Low Risk,Moderate Risk,YELLOW,COM20
REAL-COM20-LOW_-00394,2026-09-19 16:11:28.375,125.26,1.85,0.4175,0.6167,0.52,65.9,Low Risk,Moderate Risk,YELLOW,COM20
REAL-COM20-LOW_-00395,2026-09-19 16:11:28.576,123.26,1.84,0.4109,0.6133,0.51,66.2,Low Risk,Moderate Risk,YELLOW,COM20
REAL-COM20-LOW_-00396,2026-09-19 16:11:28.777,123.34,1.86,0.4111,0.62,0.52,66.0,Low Risk,Moderate Risk,YELLOW,COM20
REAL-COM20-LOW_-00397,2026-09-19 16:11:28.973,123.78,1.87,0.4126,0.6233,0.52,65.9,Low Risk,Moderate Risk,YELLOW,COM20
REAL-COM20-LOW_-00398,2026-09-19 16:11:29.177,124.69,1.85,0.4156,0.6167,0.52,65.9,Low Risk,Moderate Risk,YELLOW,COM20
REAL-COM20-LOW_-00399,2026-09-19 16:11:29.376,122.16,1.91,0.4072,0.6367,0.52,65.7,Low Risk,Moderate Risk,YELLOW,COM20
REAL-COM20-LOW_-00400,2026-09-19 16:11:29.577,124.09,1.8,0.4136,0.6,0.51,66.4,Low Risk,Moderate Risk,YELLOW,COM20
REAL-COM20-LOW_-00401,2026-09-19 16:11:29.777,125.49,1.91,0.4183,0.6367,0.53,65.5,Low Risk,Moderate Risk,YELLOW,COM20
REAL-COM20-LOW_-00402,2026-09-19 16:11:29.976,122.33,1.91,0.4078,0.6367,0.52,65.7,Low Risk,Moderate Risk,YELLOW,COM20
REAL-COM20-LOW_-00403,2026-09-19 16:11:30.176,123.67,1.92,0.4122,0.64,0.53,65.5,Low Risk,Moderate Risk,YELLOW,COM20
REAL-COM20-LOW_-00404,2026-09-19 16:11:30.376,123.76,1.91,0.4125,0.6367,0.52,65.6,Low Risk,Moderate Risk,YELLOW,COM20
REAL-COM20-LOW_-00405,2026-09-19 16:11:30.576,125.08,1.9,0.4169,0.6333,0.53,65.6,Low Risk,Moderate Risk,YELLOW,COM20
REAL-COM20-LOW_-00406,2026-09-19 16:11:30.776,123.89,1.9,0.413,0.6333,0.52,65.6,Low Risk,Moderate Risk,YELLOW,COM20
REAL-COM20-LOW_-00407,2026-09-19 16:11:30.976,124.82,2.0,0.4161,0.6667,0.54,64.9,Low Risk,Moderate Risk,YELLOW,COM20
REAL-COM20-LOW_-00408,2026-09-19 16:11:31.177,123.0,1.91,0.41,0.6367,0.52,65.6,Low Risk,Moderate Risk,YELLOW,COM20
REAL-COM20-LOW_-00409,2026-09-19 16:11:31.376,125.21,1.92,0.4174,0.64,0.53,65.4,Low Risk,Moderate Risk,YELLOW,COM20
REAL-COM20-LOW_-00410,2026-09-19 16:11:31.576,124.7,1.92,0.4157,0.64,0.53,65.4,Low Risk,Moderate Risk,YELLOW,COM20
REAL-COM20-LOW_-00411,2026-09-19 16:11:31.775,123.32,1.93,0.4111,0.6433,0.53,65.5,Low Risk,Moderate Risk,YELLOW,COM20
REAL-COM20-LOW_-00412,2026-09-19 16:11:31.976,122.75,1.89,0.4092,0.63,0.52,65.8,Low Risk,Moderate Risk,YELLOW,COM20
REAL-COM20-LOW_-00413,2026-09-19 16:11:32.176,124.33,1.9,0.4144,0.6333,0.52,65.6,Low Risk,Moderate Risk,YELLOW,COM20
REAL-COM20-LOW_-00414,2026-09-19 16:11:32.376,124.3,1.96,0.4143,0.6533,0.53,65.2,Low Risk,Moderate Risk,YELLOW,COM20
REAL-COM20-LOW_-00415,2026-09-19 16:11:32.575,124.41,1.97,0.4147,0.6567,0.54,65.1,Low Risk,Moderate Risk,YELLOW,COM20
REAL-COM20-LOW_-00416,2026-09-19 16:11:32.776,122.62,1.96,0.4087,0.6533,0.53,65.3,Low Risk,Moderate Risk,YELLOW,COM20
REAL-COM20-LOW_-00417,2026-09-19 16:11:32.976,126.18,1.94,0.4206,0.6467,0.53,65.2,Low Risk,Moderate Risk,YELLOW,COM20
REAL-COM20-LOW_-00418,2026-09-19 16:11:33.177,123.63,1.94,0.4121,0.6467,0.53,65.4,Low Risk,Moderate Risk,YELLOW,COM20
REAL-COM20-LOW_-00419,2026-09-19 16:11:33.374,123.35,1.92,0.4112,0.64,0.53,65.5,Low Risk,Moderate Risk,YELLOW,COM20
REAL-COM20-LOW_-00420,2026-09-19 16:11:33.575,123.99,1.99,0.4133,0.6633,0.54,65.0,Low Risk,Moderate Risk,YELLOW,COM20
REAL-COM20-LOW_-00421,2026-09-19 16:11:33.775,125.35,1.98,0.4178,0.66,0.54,64.9,Low Risk,Moderate Risk,YELLOW,COM20
REAL-COM20-LOW_-00422,2026-09-19 16:11:33.977,124.82,1.92,0.4161,0.64,0.53,65.4,Low Risk,Moderate Risk,YELLOW,COM20
REAL-COM20-LOW_-00423,2026-09-19 16:11:34.176,124.83,1.9,0.4161,0.6333,0.53,65.6,Low Risk,Moderate Risk,YELLOW,COM20
REAL-COM20-LOW_-00424,2026-09-19 16:11:34.376,125.24,1.94,0.4175,0.6467,0.53,65.2,Low Risk,Moderate Risk,YELLOW,COM20
REAL-COM20-LOW_-00425,2026-09-19 16:11:34.576,123.45,1.95,0.4115,0.65,0.53,65.3,Low Risk,Moderate Risk,YELLOW,COM20
REAL-COM20-LOW_-00426,2026-09-19 16:11:34.776,124.36,1.92,0.4145,0.64,0.53,65.4,Low Risk,Moderate Risk,YELLOW,COM20
REAL-COM20-LOW_-00427,2026-09-19 16:11:34.977,122.96,1.89,0.4099,0.63,0.52,65.8,Low Risk,Moderate Risk,YELLOW,COM20
REAL-COM20-LOW_-00428,2026-09-19 16:11:35.171,124.36,1.8,0.4145,0.6,0.51,66.3,Low Risk,Moderate Risk,YELLOW,COM20
REAL-COM20-LOW_-00429,2026-09-19 16:11:35.376,124.35,1.94,0.4145,0.6467,0.53,65.3,Low Risk,Moderate Risk,YELLOW,COM20
REAL-COM20-LOW_-00430,2026-09-19 16:11:35.577,124.48,1.9,0.4149,0.6333,0.52,65.6,Low Risk,Moderate Risk,YELLOW,COM20
REAL-COM20-LOW_-00431,2026-09-19 16:11:35.776,125.23,1.87,0.4174,0.6233,0.52,65.8,Low Risk,Moderate Risk,YELLOW,COM20
REAL-COM20-LOW_-00432,2026-09-19 16:11:35.975,125.04,1.88,0.4168,0.6267,0.52,65.7,Low Risk,Moderate Risk,YELLOW,COM20
REAL-COM20-LOW_-00433,2026-09-19 16:11:36.176,123.4,1.88,0.4113,0.6267,0.52,65.9,Low Risk,Moderate Risk,YELLOW,COM20
REAL-COM20-LOW_-00434,2026-09-19 16:11:36.376,123.78,1.91,0.4126,0.6367,0.52,65.6,Low Risk,Moderate Risk,YELLOW,COM20
REAL-COM20-LOW_-00435,2026-09-19 16:11:36.577,124.25,1.91,0.4142,0.6367,0.52,65.6,Low Risk,Moderate Risk,YELLOW,COM20
REAL-COM20-LOW_-00436,2026-09-19 16:11:36.775,123.67,1.89,0.4122,0.63,0.52,65.8,Low Risk,Moderate Risk,YELLOW,COM20
REAL-COM20-LOW_-00437,2026-09-19 16:11:36.977,125.06,1.91,0.4169,0.6367,0.53,65.5,Low Risk,Moderate Risk,YELLOW,COM20
REAL-COM20-LOW_-00438,2026-09-19 16:11:37.176,122.49,1.93,0.4083,0.6433,0.53,65.5,Low Risk,Moderate Risk,YELLOW,COM20
REAL-COM20-LOW_-00439,2026-09-19 16:11:37.374,123.75,1.93,0.4125,0.6433,0.53,65.4,Low Risk,Moderate Risk,YELLOW,COM20
REAL-COM20-LOW_-00440,2026-09-19 16:11:37.576,123.98,1.92,0.4133,0.64,0.53,65.5,Low Risk,Moderate Risk,YELLOW,COM20
REAL-COM20-LOW_-00441,2026-09-19 16:11:37.777,121.57,1.95,0.4052,0.65,0.53,65.4,Low Risk,Moderate Risk,YELLOW,COM20
REAL-COM20-LOW_-00442,2026-09-19 16:11:37.975,124.28,1.94,0.4143,0.6467,0.53,65.3,Low Risk,Moderate Risk,YELLOW,COM20
REAL-COM20-LOW_-00443,2026-09-19 16:11:38.173,123.14,1.93,0.4105,0.6433,0.53,65.5,Low Risk,Moderate Risk,YELLOW,COM20
REAL-COM20-LOW_-00444,2026-09-19 16:11:38.377,123.63,1.96,0.4121,0.6533,0.53,65.2,Low Risk,Moderate Risk,YELLOW,COM20
REAL-COM20-LOW_-00445,2026-09-19 16:11:38.575,123.94,1.86,0.4131,0.62,0.52,65.9,Low Risk,Moderate Risk,YELLOW,COM20
REAL-COM20-LOW_-00446,2026-09-19 16:11:38.776,122.45,1.94,0.4082,0.6467,0.53,65.4,Low Risk,Moderate Risk,YELLOW,COM20
REAL-COM20-LOW_-00447,2026-09-19 16:11:38.977,123.05,1.87,0.4102,0.6233,0.52,65.9,Low Risk,Moderate Risk,YELLOW,COM20
REAL-COM20-LOW_-00448,2026-09-19 16:11:39.177,124.31,1.9,0.4144,0.6333,0.52,65.6,Low Risk,Moderate Risk,YELLOW,COM20
REAL-COM20-LOW_-00449,2026-09-19 16:11:39.377,122.92,1.88,0.4097,0.6267,0.52,65.9,Low Risk,Moderate Risk,YELLOW,COM20
REAL-COM20-LOW_-00450,2026-09-19 16:11:39.573,124.3,1.87,0.4143,0.6233,0.52,65.8,Low Risk,Moderate Risk,YELLOW,COM20
REAL-COM20-LOW_-00451,2026-09-19 16:11:39.777,123.62,1.88,0.4121,0.6267,0.52,65.8,Low Risk,Moderate Risk,YELLOW,COM20
REAL-COM20-LOW_-00452,2026-09-19 16:11:39.976,126.75,1.94,0.4225,0.6467,0.53,65.2,Low Risk,Moderate Risk,YELLOW,COM20
REAL-COM20-LOW_-00453,2026-09-19 16:11:40.176,125.39,1.95,0.418,0.65,0.53,65.2,Low Risk,Moderate Risk,YELLOW,COM20
REAL-COM20-LOW_-00454,2026-09-19 16:11:40.377,123.89,1.91,0.413,0.6367,0.52,65.6,Low Risk,Moderate Risk,YELLOW,COM20
REAL-COM20-LOW_-00455,2026-09-19 16:11:40.577,122.76,2.31,0.4092,0.77,0.59,62.9,Low Risk,Moderate Risk,YELLOW,COM20
REAL-COM20-LOW_-00456,2026-09-19 16:11:40.776,124.12,2.28,0.4137,0.76,0.59,63.0,Low Risk,Moderate Risk,YELLOW,COM20
REAL-COM20-LOW_-00457,2026-09-19 16:11:40.977,122.94,2542.01,0.4098,847.3367,423.87,0.2,Low Risk,Moderate Risk,YELLOW,COM20
REAL-COM20-LOW_-00458,2026-09-19 16:11:41.177,124.12,2938.79,0.4137,979.5967,490.01,0.2,Low Risk,Moderate Risk,YELLOW,COM20
REAL-COM20-LOW_-00459,2026-09-19 16:11:41.377,124.32,2901.4,0.4144,967.1333,483.77,0.2,Low Risk,Moderate Risk,YELLOW,COM20
REAL-COM20-LOW_-00460,2026-09-19 16:11:41.577,123.97,2890.59,0.4132,963.53,481.97,0.2,Low Risk,Moderate Risk,YELLOW,COM20
REAL-COM20-LOW_-00461,2026-09-19 16:11:41.777,125.24,2806.42,0.4175,935.4733,467.94,0.2,Low Risk,Moderate Risk,YELLOW,COM20
REAL-COM20-LOW_-00462,2026-09-19 16:11:41.977,123.51,2544.87,0.4117,848.29,424.35,0.2,Low Risk,Moderate Risk,YELLOW,COM20
REAL-COM20-LOW_-00463,2026-09-19 16:11:42.176,125.74,2523.71,0.4191,841.2367,420.83,0.2,Low Risk,Moderate Risk,YELLOW,COM20
REAL-COM20-LOW_-00464,2026-09-19 16:11:42.377,124.31,2537.63,0.4144,845.8767,423.15,0.2,Low Risk,Moderate Risk,YELLOW,COM20
REAL-COM20-LOW_-00465,2026-09-19 16:11:42.576,127.18,2534.25,0.4239,844.75,422.59,0.2,Low Risk,Moderate Risk,YELLOW,COM20
REAL-COM20-LOW_-00466,2026-09-19 16:11:42.777,126.1,2518.33,0.4203,839.4433,419.93,0.2,Low Risk,Moderate Risk,YELLOW,COM20
REAL-COM20-LOW_-00467,2026-09-19 16:11:42.975,126.13,2515.44,0.4204,838.48,419.45,0.2,Low Risk,Moderate Risk,YELLOW,COM20
REAL-COM20-LOW_-00468,2026-09-19 16:11:43.177,124.35,2533.86,0.4145,844.62,422.52,0.2,Low Risk,Moderate Risk,YELLOW,COM20
REAL-COM20-LOW_-00469,2026-09-19 16:11:43.376,126.06,2514.32,0.4202,838.1067,419.26,0.2,Low Risk,Moderate Risk,YELLOW,COM20
REAL-COM20-LOW_-00470,2026-09-19 16:11:43.576,126.76,2525.05,0.4225,841.6833,421.05,0.2,Low Risk,Moderate Risk,YELLOW,COM20
REAL-COM20-LOW_-00471,2026-09-19 16:11:43.775,126.14,2527.21,0.4205,842.4033,421.41,0.2,Low Risk,Moderate Risk,YELLOW,COM20
REAL-COM20-LOW_-00472,2026-09-19 16:11:43.976,125.36,2515.95,0.4179,838.65,419.53,0.2,Low Risk,Moderate Risk,YELLOW,COM20
REAL-COM20-LOW_-00473,2026-09-19 16:11:44.177,125.38,2530.66,0.4179,843.5533,421.99,0.2,Low Risk,Moderate Risk,YELLOW,COM20
REAL-COM20-LOW_-00474,2026-09-19 16:11:44.369,125.51,2531.87,0.4184,843.9567,422.19,0.2,Low Risk,Moderate Risk,YELLOW,COM20
REAL-COM20-LOW_-00475,2026-09-19 16:11:44.573,124.94,2524.42,0.4165,841.4733,420.94,0.2,Low Risk,Moderate Risk,YELLOW,COM20
REAL-COM20-LOW_-00476,2026-09-19 16:11:44.776,124.97,2496.58,0.4166,832.1933,416.3,0.2,Low Risk,Moderate Risk,YELLOW,COM20
REAL-COM20-LOW_-00477,2026-09-19 16:11:44.977,125.2,2509.66,0.4173,836.5533,418.48,0.2,Low Risk,Moderate Risk,YELLOW,COM20
REAL-COM20-LOW_-00478,2026-09-19 16:11:45.176,125.62,2504.65,0.4187,834.8833,417.65,0.2,Low Risk,Moderate Risk,YELLOW,COM20
REAL-COM20-LOW_-00479,2026-09-19 16:11:45.377,126.38,2518.73,0.4213,839.5767,420.0,0.2,Low Risk,Moderate Risk,YELLOW,COM20
REAL-COM20-LOW_-00480,2026-09-19 16:11:45.574,125.64,2517.66,0.4188,839.22,419.82,0.2,Low Risk,Moderate Risk,YELLOW,COM20
REAL-COM20-LOW_-00481,2026-09-19 16:11:45.774,125.21,2519.68,0.4174,839.8933,420.16,0.2,Low Risk,Moderate Risk,YELLOW,COM20
REAL-COM20-LOW_-00482,2026-09-19 16:11:45.977,125.06,2515.52,0.4169,838.5067,419.46,0.2,Low Risk,Moderate Risk,YELLOW,COM20
REAL-COM20-LOW_-00483,2026-09-19 16:11:46.177,125.73,2527.29,0.4191,842.43,421.42,0.2,Low Risk,Moderate Risk,YELLOW,COM20
REAL-COM20-LOW_-00484,2026-09-19 16:11:46.373,125.48,2496.01,0.4183,832.0033,416.21,0.2,Low Risk,Moderate Risk,YELLOW,COM20
REAL-COM20-LOW_-00485,2026-09-19 16:11:46.576,127.02,2515.36,0.4234,838.4533,419.44,0.2,Low Risk,Moderate Risk,YELLOW,COM20
REAL-COM20-LOW_-00486,2026-09-19 16:11:46.777,125.38,2492.56,0.4179,830.8533,415.64,0.2,Low Risk,Moderate Risk,YELLOW,COM20
REAL-COM20-LOW_-00487,2026-09-19 16:11:46.976,126.23,2500.3,0.4208,833.4333,416.93,0.2,Low Risk,Moderate Risk,YELLOW,COM20
REAL-COM20-LOW_-00488,2026-09-19 16:11:47.173,124.34,2518.29,0.4145,839.43,419.92,0.2,Low Risk,Moderate Risk,YELLOW,COM20
REAL-COM20-LOW_-00489,2026-09-19 16:11:47.377,124.19,2502.11,0.414,834.0367,417.23,0.2,Low Risk,Moderate Risk,YELLOW,COM20
REAL-COM20-LOW_-00490,2026-09-19 16:11:47.573,127.14,2510.98,0.4238,836.9933,418.71,0.2,Low Risk,Moderate Risk,YELLOW,COM20
REAL-COM20-LOW_-00491,2026-09-19 16:11:47.776,125.44,2502.27,0.4181,834.09,417.25,0.2,Low Risk,Moderate Risk,YELLOW,COM20
REAL-COM20-LOW_-00492,2026-09-19 16:11:47.976,126.46,2522.84,0.4215,840.9467,420.68,0.2,Low Risk,Moderate Risk,YELLOW,COM20
REAL-COM20-LOW_-00493,2026-09-19 16:11:48.177,125.21,2527.21,0.4174,842.4033,421.41,0.2,Low Risk,Moderate Risk,YELLOW,COM20
REAL-COM20-LOW_-00494,2026-09-19 16:11:48.375,124.53,2501.23,0.4151,833.7433,417.08,0.2,Low Risk,Moderate Risk,YELLOW,COM20
REAL-COM20-LOW_-00495,2026-09-19 16:11:48.576,125.96,2511.97,0.4199,837.3233,418.87,0.2,Low Risk,Moderate Risk,YELLOW,COM20
REAL-COM20-LOW_-00496,2026-09-19 16:11:48.777,125.62,2511.65,0.4187,837.2167,418.82,0.2,Low Risk,Moderate Risk,YELLOW,COM20
REAL-COM20-LOW_-00497,2026-09-19 16:11:48.976,126.58,2520.15,0.4219,840.05,420.24,0.2,Low Risk,Moderate Risk,YELLOW,COM20
REAL-COM20-LOW_-00498,2026-09-19 16:11:49.176,125.55,2512.89,0.4185,837.63,419.02,0.2,Low Risk,Moderate Risk,YELLOW,COM20
REAL-COM20-LOW_-00499,2026-09-19 16:11:49.376,125.33,2520.79,0.4178,840.2633,420.34,0.2,Low Risk,Moderate Risk,YELLOW,COM20
REAL-COM20-LOW_-00500,2026-09-19 16:11:49.574,124.39,2523.39,0.4146,841.13,420.77,0.2,Low Risk,Moderate Risk,YELLOW,COM20
REAL-COM20-LOW_-00501,2026-09-19 16:11:49.777,126.53,2527.29,0.4218,842.43,421.43,0.2,Low Risk,Moderate Risk,YELLOW,COM20
REAL-COM20-LOW_-00502,2026-09-19 16:11:49.977,126.84,2531.32,0.4228,843.7733,422.1,0.2,Low Risk,Moderate Risk,YELLOW,COM20
REAL-COM20-LOW_-00503,2026-09-19 16:11:50.177,126.42,2504.97,0.4214,834.99,417.71,0.2,Low Risk,Moderate Risk,YELLOW,COM20
REAL-COM20-LOW_-00504,2026-09-19 16:11:50.377,124.23,2508.94,0.4141,836.3133,418.36,0.2,Low Risk,Moderate Risk,YELLOW,COM20
REAL-COM20-LOW_-00505,2026-09-19 16:11:50.576,124.39,2517.06,0.4146,839.02,419.72,0.2,Low Risk,Moderate Risk,YELLOW,COM20
REAL-COM20-LOW_-00506,2026-09-19 16:11:50.775,126.89,2487.59,0.423,829.1967,414.81,0.2,Low Risk,Moderate Risk,YELLOW,COM20
REAL-COM20-LOW_-00507,2026-09-19 16:11:50.971,125.51,2515.79,0.4184,838.5967,419.51,0.2,Low Risk,Moderate Risk,YELLOW,COM20
REAL-COM20-LOW_-00508,2026-09-19 16:11:51.176,127.21,2453.12,0.424,817.7067,409.07,0.2,Low Risk,Moderate Risk,YELLOW,COM20
REAL-COM20-LOW_-00509,2026-09-19 16:11:51.372,126.86,2500.66,0.4229,833.5533,416.99,0.2,Low Risk,Moderate Risk,YELLOW,COM20
REAL-COM20-LOW_-00510,2026-09-19 16:11:51.577,123.77,2514.2,0.4126,838.0667,419.24,0.2,Low Risk,Moderate Risk,YELLOW,COM20
REAL-COM20-LOW_-00511,2026-09-19 16:11:51.776,123.9,2498.93,0.413,832.9767,416.69,0.2,Low Risk,Moderate Risk,YELLOW,COM20
REAL-COM20-LOW_-00512,2026-09-19 16:11:51.977,126.33,2516.07,0.4211,838.69,419.56,0.2,Low Risk,Moderate Risk,YELLOW,COM20
REAL-COM20-LOW_-00513,2026-09-19 16:11:52.176,124.75,2507.98,0.4158,835.9933,418.2,0.2,Low Risk,Moderate Risk,YELLOW,COM20
REAL-COM20-LOW_-00514,2026-09-19 16:11:52.373,124.71,2510.18,0.4157,836.7267,418.57,0.2,Low Risk,Moderate Risk,YELLOW,COM20
REAL-COM20-LOW_-00515,2026-09-19 16:11:52.576,124.51,2514.24,0.415,838.08,419.25,0.2,Low Risk,Moderate Risk,YELLOW,COM20
REAL-COM20-LOW_-00516,2026-09-19 16:11:52.777,124.45,2508.9,0.4148,836.3,418.36,0.2,Low Risk,Moderate Risk,YELLOW,COM20
REAL-COM20-LOW_-00517,2026-09-19 16:11:52.977,125.38,2499.69,0.4179,833.23,416.82,0.2,Low Risk,Moderate Risk,YELLOW,COM20
REAL-COM20-LOW_-00518,2026-09-19 16:11:53.176,125.59,2504.49,0.4186,834.83,417.62,0.2,Low Risk,Moderate Risk,YELLOW,COM20
REAL-COM20-LOW_-00519,2026-09-19 16:11:53.376,125.17,2498.32,0.4172,832.7733,416.6,0.2,Low Risk,Moderate Risk,YELLOW,COM20
REAL-COM20-LOW_-00520,2026-09-19 16:11:53.577,125.76,2496.13,0.4192,832.0433,416.23,0.2,Low Risk,Moderate Risk,YELLOW,COM20
REAL-COM20-LOW_-00521,2026-09-19 16:11:53.772,127.0,2507.22,0.4233,835.74,418.08,0.2,Low Risk,Moderate Risk,YELLOW,COM20
REAL-COM20-LOW_-00522,2026-09-19 16:11:53.977,125.12,2506.37,0.4171,835.4567,417.94,0.2,Low Risk,Moderate Risk,YELLOW,COM20
REAL-COM20-LOW_-00523,2026-09-19 16:11:54.177,127.49,2490.85,0.425,830.2833,415.35,0.2,Low Risk,Moderate Risk,YELLOW,COM20
REAL-COM20-LOW_-00524,2026-09-19 16:11:54.373,126.96,2491.46,0.4232,830.4867,415.46,0.2,Low Risk,Moderate Risk,YELLOW,COM20
REAL-COM20-LOW_-00525,2026-09-19 16:11:54.577,124.0,2489.47,0.4133,829.8233,415.12,0.2,Low Risk,Moderate Risk,YELLOW,COM20
REAL-COM20-LOW_-00526,2026-09-19 16:11:54.776,125.0,2508.7,0.4167,836.2333,418.32,0.2,Low Risk,Moderate Risk,YELLOW,COM20
REAL-COM20-LOW_-00527,2026-09-19 16:11:54.976,124.26,2485.38,0.4142,828.46,414.44,0.2,Low Risk,Moderate Risk,YELLOW,COM20
REAL-COM20-LOW_-00528,2026-09-19 16:11:55.174,123.91,2477.82,0.413,825.94,413.18,0.2,Low Risk,Moderate Risk,YELLOW,COM20
REAL-COM20-LOW_-00529,2026-09-19 16:11:55.368,126.37,2487.14,0.4212,829.0467,414.73,0.2,Low Risk,Moderate Risk,YELLOW,COM20
REAL-COM20-LOW_-00530,2026-09-19 16:11:55.576,124.41,2492.6,0.4147,830.8667,415.64,0.2,Low Risk,Moderate Risk,YELLOW,COM20
REAL-COM20-LOW_-00531,2026-09-19 16:11:55.777,124.35,2497.83,0.4145,832.61,416.51,0.2,Low Risk,Moderate Risk,YELLOW,COM20
REAL-COM20-LOW_-00532,2026-09-19 16:11:55.977,123.68,2510.5,0.4123,836.8333,418.62,0.2,Low Risk,Moderate Risk,YELLOW,COM20
REAL-COM20-LOW_-00533,2026-09-19 16:11:56.177,125.48,2505.93,0.4183,835.31,417.86,0.2,Low Risk,Moderate Risk,YELLOW,COM20
REAL-COM20-LOW_-00534,2026-09-19 16:11:56.377,124.47,2508.46,0.4149,836.1533,418.28,0.2,Low Risk,Moderate Risk,YELLOW,COM20
REAL-COM20-LOW_-00535,2026-09-19 16:11:56.575,124.37,2574.87,0.4146,858.29,429.35,0.2,Low Risk,Moderate Risk,YELLOW,COM20
REAL-COM20-LOW_-00536,2026-09-19 16:11:56.777,125.22,2566.37,0.4174,855.4567,427.94,0.2,Low Risk,Moderate Risk,YELLOW,COM20
REAL-COM20-LOW_-00537,2026-09-19 16:11:56.972,126.62,2562.26,0.4221,854.0867,427.26,0.2,Low Risk,Moderate Risk,YELLOW,COM20
REAL-COM20-LOW_-00538,2026-09-19 16:11:57.177,124.84,2557.11,0.4161,852.37,426.39,0.2,Low Risk,Moderate Risk,YELLOW,COM20
REAL-COM20-LOW_-00539,2026-09-19 16:11:57.375,124.83,2559.58,0.4161,853.1933,426.8,0.2,Low Risk,Moderate Risk,YELLOW,COM20
REAL-COM20-LOW_-00540,2026-09-19 16:11:57.576,124.42,2549.71,0.4147,849.9033,425.16,0.2,Low Risk,Moderate Risk,YELLOW,COM20
REAL-COM20-LOW_-00541,2026-09-19 16:11:57.777,125.21,2545.13,0.4174,848.3767,424.4,0.2,Low Risk,Moderate Risk,YELLOW,COM20
REAL-COM20-LOW_-00542,2026-09-19 16:11:57.976,125.05,2557.38,0.4168,852.46,426.44,0.2,Low Risk,Moderate Risk,YELLOW,COM20
REAL-COM20-LOW_-00543,2026-09-19 16:11:58.176,126.25,2560.45,0.4208,853.4833,426.95,0.2,Low Risk,Moderate Risk,YELLOW,COM20
REAL-COM20-LOW_-00544,2026-09-19 16:11:58.376,126.11,2541.31,0.4204,847.1033,423.76,0.2,Low Risk,Moderate Risk,YELLOW,COM20
REAL-COM20-LOW_-00545,2026-09-19 16:11:58.577,125.9,2545.21,0.4197,848.4033,424.41,0.2,Low Risk,Moderate Risk,YELLOW,COM20
REAL-COM20-LOW_-00546,2026-09-19 16:11:58.774,125.24,2546.4,0.4175,848.8,424.61,0.2,Low Risk,Moderate Risk,YELLOW,COM20
REAL-COM20-LOW_-00547,2026-09-19 16:11:58.975,124.71,2562.15,0.4157,854.05,427.23,0.2,Low Risk,Moderate Risk,YELLOW,COM20
REAL-COM20-LOW_-00548,2026-09-19 16:11:59.175,125.59,2539.3,0.4186,846.4333,423.43,0.2,Low Risk,Moderate Risk,YELLOW,COM20
REAL-COM20-LOW_-00549,2026-09-19 16:11:59.376,123.75,2516.15,0.4125,838.7167,419.56,0.2,Low Risk,Moderate Risk,YELLOW,COM20
REAL-COM20-LOW_-00550,2026-09-19 16:11:59.573,124.22,2541.2,0.4141,847.0667,423.74,0.2,Low Risk,Moderate Risk,YELLOW,COM20
REAL-COM20-LOW_-00551,2026-09-19 16:11:59.775,125.19,2553.8,0.4173,851.2667,425.84,0.2,Low Risk,Moderate Risk,YELLOW,COM20
REAL-COM20-LOW_-00552,2026-09-19 16:11:59.976,125.6,2552.5,0.4187,850.8333,425.63,0.2,Low Risk,Moderate Risk,YELLOW,COM20
REAL-COM20-LOW_-00553,2026-09-19 16:12:00.177,123.32,2564.3,0.4111,854.7667,427.59,0.2,Low Risk,Moderate Risk,YELLOW,COM20
REAL-COM20-LOW_-00554,2026-09-19 16:12:00.373,124.32,2541.35,0.4144,847.1167,423.77,0.2,Low Risk,Moderate Risk,YELLOW,COM20
REAL-COM20-LOW_-00555,2026-09-19 16:12:00.573,123.22,2556.43,0.4107,852.1433,426.28,0.2,Low Risk,Moderate Risk,YELLOW,COM20
REAL-COM20-LOW_-00556,2026-09-19 16:12:00.777,124.68,2539.34,0.4156,846.4467,423.43,0.2,Low Risk,Moderate Risk,YELLOW,COM20
REAL-COM20-LOW_-00557,2026-09-19 16:12:00.977,124.71,2540.42,0.4157,846.8067,423.61,0.2,Low Risk,Moderate Risk,YELLOW,COM20
REAL-COM20-LOW_-00558,2026-09-19 16:12:01.177,124.62,2534.09,0.4154,844.6967,422.56,0.2,Low Risk,Moderate Risk,YELLOW,COM20
REAL-COM20-LOW_-00559,2026-09-19 16:12:01.377,125.38,2528.93,0.4179,842.9767,421.7,0.2,Low Risk,Moderate Risk,YELLOW,COM20
REAL-COM20-LOW_-00560,2026-09-19 16:12:01.576,125.19,2543.52,0.4173,847.84,424.13,0.2,Low Risk,Moderate Risk,YELLOW,COM20
REAL-COM20-LOW_-00561,2026-09-19 16:12:01.777,125.81,2525.83,0.4194,841.9433,421.18,0.2,Low Risk,Moderate Risk,YELLOW,COM20
REAL-COM20-LOW_-00562,2026-09-19 16:12:01.976,125.77,2532.81,0.4192,844.27,422.34,0.2,Low Risk,Moderate Risk,YELLOW,COM20
REAL-COM20-LOW_-00563,2026-09-19 16:12:02.177,124.85,2528.54,0.4162,842.8467,421.63,0.2,Low Risk,Moderate Risk,YELLOW,COM20
REAL-COM20-LOW_-00564,2026-09-19 16:12:02.376,125.82,2532.02,0.4194,844.0067,422.21,0.2,Low Risk,Moderate Risk,YELLOW,COM20
REAL-COM20-LOW_-00565,2026-09-19 16:12:02.576,125.74,2541.08,0.4191,847.0267,423.72,0.2,Low Risk,Moderate Risk,YELLOW,COM20
REAL-COM20-LOW_-00566,2026-09-19 16:12:02.777,123.63,2520.98,0.4121,840.3267,420.37,0.2,Low Risk,Moderate Risk,YELLOW,COM20
REAL-COM20-LOW_-00567,2026-09-19 16:12:02.977,124.3,2504.85,0.4143,834.95,417.68,0.2,Low Risk,Moderate Risk,YELLOW,COM20
REAL-COM20-LOW_-00568,2026-09-19 16:12:03.172,125.41,2534.25,0.418,844.75,422.58,0.2,Low Risk,Moderate Risk,YELLOW,COM20
REAL-COM20-LOW_-00569,2026-09-19 16:12:03.373,125.54,2530.23,0.4185,843.41,421.91,0.2,Low Risk,Moderate Risk,YELLOW,COM20
REAL-COM20-LOW_-00570,2026-09-19 16:12:03.571,126.78,2511.25,0.4226,837.0833,418.75,0.2,Low Risk,Moderate Risk,YELLOW,COM20
REAL-COM20-LOW_-00571,2026-09-19 16:12:03.771,127.27,2511.33,0.4242,837.11,418.77,0.2,Low Risk,Moderate Risk,YELLOW,COM20
REAL-COM20-LOW_-00572,2026-09-19 16:12:03.977,124.96,2514.92,0.4165,838.3067,419.36,0.2,Low Risk,Moderate Risk,YELLOW,COM20
REAL-COM20-LOW_-00573,2026-09-19 16:12:04.177,126.34,2521.93,0.4211,840.6433,420.53,0.2,Low Risk,Moderate Risk,YELLOW,COM20
REAL-COM20-LOW_-00574,2026-09-19 16:12:04.378,124.66,2528.82,0.4155,842.94,421.68,0.2,Low Risk,Moderate Risk,YELLOW,COM20
REAL-COM20-LOW_-00575,2026-09-19 16:12:04.573,125.16,2533.16,0.4172,844.3867,422.4,0.2,Low Risk,Moderate Risk,YELLOW,COM20
REAL-COM20-LOW_-00576,2026-09-19 16:12:04.777,124.55,2523.47,0.4152,841.1567,420.79,0.2,Low Risk,Moderate Risk,YELLOW,COM20
REAL-COM20-LOW_-00577,2026-09-19 16:12:04.977,124.45,2527.13,0.4148,842.3767,421.4,0.2,Low Risk,Moderate Risk,YELLOW,COM20
REAL-COM20-LOW_-00578,2026-09-19 16:12:05.176,126.15,2525.87,0.4205,841.9567,421.19,0.2,Low Risk,Moderate Risk,YELLOW,COM20
REAL-COM20-LOW_-00579,2026-09-19 16:12:05.375,124.29,2530.93,0.4143,843.6433,422.03,0.2,Low Risk,Moderate Risk,YELLOW,COM20
REAL-COM20-LOW_-00580,2026-09-19 16:12:05.576,125.8,2513.05,0.4193,837.6833,419.05,0.2,Low Risk,Moderate Risk,YELLOW,COM20
REAL-COM20-LOW_-00581,2026-09-19 16:12:05.777,126.26,2518.53,0.4209,839.51,419.97,0.2,Low Risk,Moderate Risk,YELLOW,COM20
REAL-COM20-LOW_-00582,2026-09-19 16:12:05.975,124.3,2529.13,0.4143,843.0433,421.73,0.2,Low Risk,Moderate Risk,YELLOW,COM20
REAL-COM20-LOW_-00583,2026-09-19 16:12:06.176,124.74,2517.14,0.4158,839.0467,419.73,0.2,Low Risk,Moderate Risk,YELLOW,COM20
REAL-COM20-LOW_-00584,2026-09-19 16:12:06.377,123.38,2539.57,0.4113,846.5233,423.47,0.2,Low Risk,Moderate Risk,YELLOW,COM20
REAL-COM20-LOW_-00585,2026-09-19 16:12:06.577,122.75,2521.77,0.4092,840.59,420.5,0.2,Low Risk,Moderate Risk,YELLOW,COM20
REAL-COM20-LOW_-00586,2026-09-19 16:12:06.772,124.71,2530.34,0.4157,843.4467,421.93,0.2,Low Risk,Moderate Risk,YELLOW,COM20
REAL-COM20-LOW_-00587,2026-09-19 16:12:06.973,127.14,2510.42,0.4238,836.8067,418.61,0.2,Low Risk,Moderate Risk,YELLOW,COM20
REAL-COM20-LOW_-00588,2026-09-19 16:12:07.176,127.67,2524.81,0.4256,841.6033,421.01,0.2,Low Risk,Moderate Risk,YELLOW,COM20
REAL-COM20-LOW_-00589,2026-09-19 16:12:07.376,126.37,2536.35,0.4212,845.45,422.94,0.2,Low Risk,Moderate Risk,YELLOW,COM20
REAL-COM20-LOW_-00590,2026-09-19 16:12:07.577,125.48,2518.97,0.4183,839.6567,420.04,0.2,Low Risk,Moderate Risk,YELLOW,COM20
REAL-COM20-LOW_-00591,2026-09-19 16:12:07.776,125.82,2501.91,0.4194,833.97,417.19,0.2,Low Risk,Moderate Risk,YELLOW,COM20
REAL-COM20-LOW_-00592,2026-09-19 16:12:07.977,125.97,2511.02,0.4199,837.0067,418.71,0.2,Low Risk,Moderate Risk,YELLOW,COM20
REAL-COM20-LOW_-00593,2026-09-19 16:12:08.174,125.25,2517.26,0.4175,839.0867,419.75,0.2,Low Risk,Moderate Risk,YELLOW,COM20
REAL-COM20-LOW_-00594,2026-09-19 16:12:08.377,125.74,2524.38,0.4191,841.46,420.94,0.2,Low Risk,Moderate Risk,YELLOW,COM20
REAL-COM20-LOW_-00595,2026-09-19 16:12:08.577,125.81,2511.93,0.4194,837.31,418.87,0.2,Low Risk,Moderate Risk,YELLOW,COM20
REAL-COM20-LOW_-00596,2026-09-19 16:12:08.777,126.13,2508.26,0.4204,836.0867,418.25,0.2,Low Risk,Moderate Risk,YELLOW,COM20
REAL-COM20-LOW_-00597,2026-09-19 16:12:08.976,126.43,2521.66,0.4214,840.5533,420.49,0.2,Low Risk,Moderate Risk,YELLOW,COM20
REAL-COM20-LOW_-00598,2026-09-19 16:12:09.175,124.63,2518.73,0.4154,839.5767,420.0,0.2,Low Risk,Moderate Risk,YELLOW,COM20
REAL-COM20-LOW_-00599,2026-09-19 16:12:09.374,126.88,2512.25,0.4229,837.4167,418.92,0.2,Low Risk,Moderate Risk,YELLOW,COM20
REAL-COM20-LOW_-00600,2026-09-19 16:12:09.576,125.26,2527.05,0.4175,842.35,421.38,0.2,Low Risk,Moderate Risk,YELLOW,COM20
REAL-COM20-LOW_-00601,2026-09-19 16:12:09.775,124.45,2513.69,0.4148,837.8967,419.16,0.2,Low Risk,Moderate Risk,YELLOW,COM20
REAL-COM20-LOW_-00602,2026-09-19 16:12:09.976,125.28,2493.17,0.4176,831.0567,415.74,0.2,Low Risk,Moderate Risk,YELLOW,COM20
REAL-COM20-LOW_-00603,2026-09-19 16:12:10.177,123.76,2499.17,0.4125,833.0567,416.73,0.2,Low Risk,Moderate Risk,YELLOW,COM20
REAL-COM20-LOW_-00604,2026-09-19 16:12:10.376,124.56,2502.96,0.4152,834.32,417.37,0.2,Low Risk,Moderate Risk,YELLOW,COM20
REAL-COM20-LOW_-00605,2026-09-19 16:12:10.576,125.83,2518.41,0.4194,839.47,419.95,0.2,Low Risk,Moderate Risk,YELLOW,COM20
REAL-COM20-LOW_-00606,2026-09-19 16:12:10.776,124.37,2493.78,0.4146,831.26,415.84,0.2,Low Risk,Moderate Risk,YELLOW,COM20
REAL-COM20-LOW_-00607,2026-09-19 16:12:10.977,128.31,2499.45,0.4277,833.15,416.79,0.2,Low Risk,Moderate Risk,YELLOW,COM20
REAL-COM20-LOW_-00608,2026-09-19 16:12:11.177,125.88,2503.2,0.4196,834.4,417.41,0.2,Low Risk,Moderate Risk,YELLOW,COM20
REAL-COM20-LOW_-00609,2026-09-19 16:12:11.376,125.53,2522.72,0.4184,840.9067,420.66,0.2,Low Risk,Moderate Risk,YELLOW,COM20
REAL-COM20-LOW_-00610,2026-09-19 16:12:11.576,124.89,2511.33,0.4163,837.11,418.76,0.2,Low Risk,Moderate Risk,YELLOW,COM20
REAL-COM20-LOW_-00611,2026-09-19 16:12:11.777,124.39,2486.89,0.4146,828.9633,414.69,0.2,Low Risk,Moderate Risk,YELLOW,COM20
REAL-COM20-LOW_-00612,2026-09-19 16:12:11.977,125.27,2492.72,0.4176,830.9067,415.66,0.2,Low Risk,Moderate Risk,YELLOW,COM20
REAL-COM20-LOW_-00613,2026-09-19 16:12:12.173,124.24,2452.02,0.4141,817.34,408.88,0.2,Low Risk,Moderate Risk,YELLOW,COM20
REAL-COM20-LOW_-00614,2026-09-19 16:12:12.377,125.31,2506.77,0.4177,835.59,418.0,0.2,Low Risk,Moderate Risk,YELLOW,COM20
REAL-COM20-LOW_-00615,2026-09-19 16:12:12.577,127.21,2475.63,0.424,825.21,412.82,0.2,Low Risk,Moderate Risk,YELLOW,COM20
REAL-COM20-LOW_-00616,2026-09-19 16:12:12.771,126.78,2507.9,0.4226,835.9667,418.19,0.2,Low Risk,Moderate Risk,YELLOW,COM20
REAL-COM20-LOW_-00617,2026-09-19 16:12:12.976,125.76,2502.88,0.4192,834.2933,417.36,0.2,Low Risk,Moderate Risk,YELLOW,COM20
REAL-COM20-LOW_-00618,2026-09-19 16:12:13.177,126.65,2507.9,0.4222,835.9667,418.19,0.2,Low Risk,Moderate Risk,YELLOW,COM20
REAL-COM20-LOW_-00619,2026-09-19 16:12:13.377,125.2,2480.45,0.4173,826.8167,413.62,0.2,Low Risk,Moderate Risk,YELLOW,COM20
REAL-COM20-LOW_-00620,2026-09-19 16:12:13.575,125.06,2500.66,0.4169,833.5533,416.99,0.2,Low Risk,Moderate Risk,YELLOW,COM20
REAL-COM20-LOW_-00621,2026-09-19 16:12:13.773,125.59,2495.73,0.4186,831.91,416.16,0.2,Low Risk,Moderate Risk,YELLOW,COM20
REAL-COM20-LOW_-00622,2026-09-19 16:12:13.971,126.82,2490.65,0.4227,830.2167,415.32,0.2,Low Risk,Moderate Risk,YELLOW,COM20
REAL-COM20-LOW_-00623,2026-09-19 16:12:14.176,125.21,2490.57,0.4174,830.19,415.3,0.2,Low Risk,Moderate Risk,YELLOW,COM20
REAL-COM20-LOW_-00624,2026-09-19 16:12:14.373,126.29,2480.13,0.421,826.71,413.56,0.2,Low Risk,Moderate Risk,YELLOW,COM20
REAL-COM20-LOW_-00625,2026-09-19 16:12:14.577,124.98,2486.98,0.4166,828.9933,414.7,0.2,Low Risk,Moderate Risk,YELLOW,COM20
REAL-COM20-LOW_-00626,2026-09-19 16:12:14.776,127.33,2500.58,0.4244,833.5267,416.98,0.2,Low Risk,Moderate Risk,YELLOW,COM20
REAL-COM20-LOW_-00627,2026-09-19 16:12:14.976,125.11,2489.26,0.417,829.7533,415.09,0.2,Low Risk,Moderate Risk,YELLOW,COM20
REAL-COM20-LOW_-00628,2026-09-19 16:12:15.177,126.82,2494.47,0.4227,831.49,415.96,0.2,Low Risk,Moderate Risk,YELLOW,COM20
REAL-COM20-LOW_-00629,2026-09-19 16:12:15.376,125.13,2503.16,0.4171,834.3867,417.4,0.2,Low Risk,Moderate Risk,YELLOW,COM20
REAL-COM20-LOW_-00630,2026-09-19 16:12:15.576,124.39,2499.33,0.4146,833.11,416.76,0.2,Low Risk,Moderate Risk,YELLOW,COM20
REAL-COM20-LOW_-00631,2026-09-19 16:12:15.777,126.55,2491.87,0.4218,830.6233,415.52,0.2,Low Risk,Moderate Risk,YELLOW,COM20
REAL-COM20-LOW_-00632,2026-09-19 16:12:15.977,125.8,2478.02,0.4193,826.0067,413.21,0.2,Low Risk,Moderate Risk,YELLOW,COM20
REAL-COM20-LOW_-00633,2026-09-19 16:12:16.177,126.46,2480.33,0.4215,826.7767,413.6,0.2,Low Risk,Moderate Risk,YELLOW,COM20
REAL-COM20-LOW_-00634,2026-09-19 16:12:16.377,125.88,2463.87,0.4196,821.29,410.85,0.2,Low Risk,Moderate Risk,YELLOW,COM20
REAL-COM20-LOW_-00635,2026-09-19 16:12:16.577,125.3,2500.06,0.4177,833.3533,416.88,0.2,Low Risk,Moderate Risk,YELLOW,COM20
REAL-COM20-LOW_-00636,2026-09-19 16:12:16.776,126.37,2487.47,0.4212,829.1567,414.79,0.2,Low Risk,Moderate Risk,YELLOW,COM20
REAL-COM20-LOW_-00637,2026-09-19 16:12:16.977,125.58,2487.92,0.4186,829.3067,414.86,0.2,Low Risk,Moderate Risk,YELLOW,COM20
REAL-COM20-LOW_-00638,2026-09-19 16:12:17.171,124.63,2494.63,0.4154,831.5433,415.98,0.2,Low Risk,Moderate Risk,YELLOW,COM20
REAL-COM20-LOW_-00639,2026-09-19 16:12:17.368,126.38,2489.06,0.4213,829.6867,415.05,0.2,Low Risk,Moderate Risk,YELLOW,COM20
REAL-COM20-LOW_-00640,2026-09-19 16:12:17.575,126.01,2489.63,0.42,829.8767,415.15,0.2,Low Risk,Moderate Risk,YELLOW,COM20
REAL-COM20-LOW_-00641,2026-09-19 16:12:17.777,124.69,2497.35,0.4156,832.45,416.43,0.2,Low Risk,Moderate Risk,YELLOW,COM20
REAL-COM20-LOW_-00642,2026-09-19 16:12:17.972,124.75,2493.7,0.4158,831.2333,415.82,0.2,Low Risk,Moderate Risk,YELLOW,COM20
REAL-COM20-LOW_-00643,2026-09-19 16:12:18.176,125.32,2498.36,0.4177,832.7867,416.6,0.2,Low Risk,Moderate Risk,YELLOW,COM20
REAL-COM20-LOW_-00644,2026-09-19 16:12:18.377,126.01,2478.64,0.42,826.2133,413.32,0.2,Low Risk,Moderate Risk,YELLOW,COM20
REAL-COM20-LOW_-00645,2026-09-19 16:12:18.575,125.35,2481.89,0.4178,827.2967,413.86,0.2,Low Risk,Moderate Risk,YELLOW,COM20
REAL-COM20-LOW_-00646,2026-09-19 16:12:18.777,123.91,2492.2,0.413,830.7333,415.57,0.2,Low Risk,Moderate Risk,YELLOW,COM20
REAL-COM20-LOW_-00647,2026-09-19 16:12:18.972,125.74,2490.69,0.4191,830.23,415.32,0.2,Low Risk,Moderate Risk,YELLOW,COM20
REAL-COM20-LOW_-00648,2026-09-19 16:12:19.174,125.93,2489.14,0.4198,829.7133,415.07,0.2,Low Risk,Moderate Risk,YELLOW,COM20
REAL-COM20-LOW_-00649,2026-09-19 16:12:19.375,124.72,2492.52,0.4157,830.84,415.63,0.2,Low Risk,Moderate Risk,YELLOW,COM20
REAL-COM20-LOW_-00650,2026-09-19 16:12:19.573,124.72,2492.32,0.4157,830.7733,415.59,0.2,Low Risk,Moderate Risk,YELLOW,COM20
REAL-COM20-LOW_-00651,2026-09-19 16:12:19.777,126.1,2493.05,0.4203,831.0167,415.72,0.2,Low Risk,Moderate Risk,YELLOW,COM20
REAL-COM20-LOW_-00652,2026-09-19 16:12:19.976,125.34,2472.69,0.4178,824.23,412.32,0.2,Low Risk,Moderate Risk,YELLOW,COM20
REAL-COM20-LOW_-00653,2026-09-19 16:12:20.175,125.35,2491.54,0.4178,830.5133,415.47,0.2,Low Risk,Moderate Risk,YELLOW,COM20
REAL-COM20-LOW_-00654,2026-09-19 16:12:20.376,125.43,2479.96,0.4181,826.6533,413.54,0.2,Low Risk,Moderate Risk,YELLOW,COM20
REAL-COM20-LOW_-00655,2026-09-19 16:12:20.573,124.86,2446.6,0.4162,815.5333,407.97,0.2,Low Risk,Moderate Risk,YELLOW,COM20
REAL-COM20-LOW_-00656,2026-09-19 16:12:20.776,126.87,2461.9,0.4229,820.6333,410.53,0.2,Low Risk,Moderate Risk,YELLOW,COM20
REAL-COM20-LOW_-00657,2026-09-19 16:12:20.972,127.48,2493.78,0.4249,831.26,415.84,0.2,Low Risk,Moderate Risk,YELLOW,COM20
REAL-COM20-LOW_-00658,2026-09-19 16:12:21.175,125.26,2467.5,0.4175,822.5,411.46,0.2,Low Risk,Moderate Risk,YELLOW,COM20
REAL-COM20-LOW_-00659,2026-09-19 16:12:21.374,126.24,2487.1,0.4208,829.0333,414.73,0.2,Low Risk,Moderate Risk,YELLOW,COM20
REAL-COM20-LOW_-00660,2026-09-19 16:12:21.575,126.33,2471.28,0.4211,823.76,412.09,0.2,Low Risk,Moderate Risk,YELLOW,COM20
REAL-COM20-LOW_-00661,2026-09-19 16:12:21.774,124.54,2497.11,0.4151,832.37,416.39,0.2,Low Risk,Moderate Risk,YELLOW,COM20
REAL-COM20-LOW_-00662,2026-09-19 16:12:21.976,127.02,2470.58,0.4234,823.5267,411.97,0.2,Low Risk,Moderate Risk,YELLOW,COM20
REAL-COM20-LOW_-00663,2026-09-19 16:12:22.177,125.63,2466.04,0.4188,822.0133,411.22,0.2,Low Risk,Moderate Risk,YELLOW,COM20
REAL-COM20-LOW_-00664,2026-09-19 16:12:22.371,124.84,2465.79,0.4161,821.93,411.17,0.2,Low Risk,Moderate Risk,YELLOW,COM20
REAL-COM20-LOW_-00665,2026-09-19 16:12:22.569,124.75,2476.21,0.4158,825.4033,412.91,0.2,Low Risk,Moderate Risk,YELLOW,COM20
REAL-COM20-LOW_-00666,2026-09-19 16:12:22.775,125.93,2476.29,0.4198,825.43,412.93,0.2,Low Risk,Moderate Risk,YELLOW,COM20
REAL-COM20-LOW_-00667,2026-09-19 16:12:22.972,126.44,2482.14,0.4215,827.38,413.9,0.2,Low Risk,Moderate Risk,YELLOW,COM20
REAL-COM20-LOW_-00668,2026-09-19 16:12:23.176,126.08,2478.48,0.4203,826.16,413.29,0.2,Low Risk,Moderate Risk,YELLOW,COM20
REAL-COM20-LOW_-00669,2026-09-19 16:12:23.375,126.59,2480.66,0.422,826.8867,413.65,0.2,Low Risk,Moderate Risk,YELLOW,COM20
REAL-COM20-LOW_-00670,2026-09-19 16:12:23.577,126.48,2480.58,0.4216,826.86,413.64,0.2,Low Risk,Moderate Risk,YELLOW,COM20
REAL-COM20-LOW_-00671,2026-09-19 16:12:23.776,126.5,2472.11,0.4217,824.0367,412.23,0.2,Low Risk,Moderate Risk,YELLOW,COM20
REAL-COM20-LOW_-00672,2026-09-19 16:12:23.972,124.18,2488.69,0.4139,829.5633,414.99,0.2,Low Risk,Moderate Risk,YELLOW,COM20
REAL-COM20-LOW_-00673,2026-09-19 16:12:24.175,126.09,2472.4,0.4203,824.1333,412.28,0.2,Low Risk,Moderate Risk,YELLOW,COM20
REAL-COM20-LOW_-00674,2026-09-19 16:12:24.375,125.7,2474.6,0.419,824.8667,412.64,0.2,Low Risk,Moderate Risk,YELLOW,COM20
REAL-COM20-LOW_-00675,2026-09-19 16:12:24.577,125.8,2478.56,0.4193,826.1867,413.3,0.2,Low Risk,Moderate Risk,YELLOW,COM20
REAL-COM20-LOW_-00676,2026-09-19 16:12:24.776,124.78,2454.05,0.4159,818.0167,409.22,0.2,Low Risk,Moderate Risk,YELLOW,COM20
REAL-COM20-LOW_-00677,2026-09-19 16:12:24.977,125.92,2441.67,0.4197,813.89,407.15,0.2,Low Risk,Moderate Risk,YELLOW,COM20
REAL-COM20-LOW_-00678,2026-09-19 16:12:25.176,122.09,2488.28,0.407,829.4267,414.92,0.2,Low Risk,Moderate Risk,YELLOW,COM20
REAL-COM20-LOW_-00679,2026-09-19 16:12:25.376,125.71,2506.21,0.419,835.4033,417.91,0.2,Low Risk,Moderate Risk,YELLOW,COM20
REAL-COM20-LOW_-00680,2026-09-19 16:12:25.576,124.36,2478.93,0.4145,826.31,413.36,0.2,Low Risk,Moderate Risk,YELLOW,COM20
REAL-COM20-LOW_-00681,2026-09-19 16:12:25.775,124.75,2467.42,0.4158,822.4733,411.44,0.2,Low Risk,Moderate Risk,YELLOW,COM20
REAL-COM20-LOW_-00682,2026-09-19 16:12:25.975,125.61,2493.25,0.4187,831.0833,415.75,0.2,Low Risk,Moderate Risk,YELLOW,COM20
REAL-COM20-LOW_-00683,2026-09-19 16:12:26.176,124.79,2490.36,0.416,830.12,415.27,0.2,Low Risk,Moderate Risk,YELLOW,COM20
REAL-COM20-LOW_-00684,2026-09-19 16:12:26.375,123.73,2483.54,0.4124,827.8467,414.13,0.2,Low Risk,Moderate Risk,YELLOW,COM20
REAL-COM20-LOW_-00685,2026-09-19 16:12:26.576,125.75,2486.08,0.4192,828.6933,414.56,0.2,Low Risk,Moderate Risk,YELLOW,COM20
REAL-COM20-LOW_-00686,2026-09-19 16:12:26.777,124.39,2470.83,0.4146,823.61,412.01,0.2,Low Risk,Moderate Risk,YELLOW,COM20
REAL-COM20-LOW_-00687,2026-09-19 16:12:26.974,126.39,2493.46,0.4213,831.1533,415.79,0.2,Low Risk,Moderate Risk,YELLOW,COM20
REAL-COM20-LOW_-00688,2026-09-19 16:12:27.174,125.46,2479.34,0.4182,826.4467,413.43,0.2,Low Risk,Moderate Risk,YELLOW,COM20
REAL-COM20-LOW_-00689,2026-09-19 16:12:27.377,125.0,2469.16,0.4167,823.0533,411.74,0.2,Low Risk,Moderate Risk,YELLOW,COM20
REAL-COM20-LOW_-00690,2026-09-19 16:12:27.577,122.44,2474.76,0.4081,824.92,412.66,0.2,Low Risk,Moderate Risk,YELLOW,COM20
REAL-COM20-LOW_-00691,2026-09-19 16:12:27.776,124.57,2489.18,0.4152,829.7267,415.07,0.2,Low Risk,Moderate Risk,YELLOW,COM20
REAL-COM20-LOW_-00692,2026-09-19 16:12:27.977,124.76,2478.64,0.4159,826.2133,413.32,0.2,Low Risk,Moderate Risk,YELLOW,COM20
REAL-COM20-LOW_-00693,2026-09-19 16:12:28.177,126.72,2492.77,0.4224,830.9233,415.67,0.2,Low Risk,Moderate Risk,YELLOW,COM20
REAL-COM20-LOW_-00694,2026-09-19 16:12:28.375,124.47,2480.08,0.4149,826.6933,413.55,0.2,Low Risk,Moderate Risk,YELLOW,COM20
REAL-COM20-LOW_-00695,2026-09-19 16:12:28.572,123.43,2457.92,0.4114,819.3067,409.86,0.2,Low Risk,Moderate Risk,YELLOW,COM20
REAL-COM20-LOW_-00696,2026-09-19 16:12:28.773,125.57,2466.83,0.4186,822.2767,411.35,0.2,Low Risk,Moderate Risk,YELLOW,COM20
REAL-COM20-LOW_-00697,2026-09-19 16:12:28.973,125.37,2463.37,0.4179,821.1233,410.77,0.2,Low Risk,Moderate Risk,YELLOW,COM20
REAL-COM20-LOW_-00698,2026-09-19 16:12:29.176,125.49,2433.11,0.4183,811.0367,405.73,0.2,Low Risk,Moderate Risk,YELLOW,COM20
REAL-COM20-LOW_-00699,2026-09-19 16:12:29.372,124.72,2467.62,0.4157,822.54,411.48,0.2,Low Risk,Moderate Risk,YELLOW,COM20
REAL-COM20-LOW_-00700,2026-09-19 16:12:29.571,126.79,2466.42,0.4226,822.14,411.28,0.2,Low Risk,Moderate Risk,YELLOW,COM20
REAL-COM20-LOW_-00701,2026-09-19 16:12:29.777,124.91,2462.53,0.4164,820.8433,410.63,0.2,Low Risk,Moderate Risk,YELLOW,COM20
REAL-COM20-LOW_-00702,2026-09-19 16:12:29.967,125.28,2464.96,0.4176,821.6533,411.03,0.2,Low Risk,Moderate Risk,YELLOW,COM20
REAL-COM20-LOW_-00703,2026-09-19 16:12:30.169,127.28,2477.12,0.4243,825.7067,413.07,0.2,Low Risk,Moderate Risk,YELLOW,COM20
REAL-COM20-LOW_-00704,2026-09-19 16:12:30.377,125.32,2469.41,0.4177,823.1367,411.78,0.2,Low Risk,Moderate Risk,YELLOW,COM20
REAL-COM20-LOW_-00705,2026-09-19 16:12:30.575,126.26,2485.83,0.4209,828.61,414.52,0.2,Low Risk,Moderate Risk,YELLOW,COM20
REAL-COM20-LOW_-00706,2026-09-19 16:12:30.775,126.86,2475.55,0.4229,825.1833,412.8,0.2,Low Risk,Moderate Risk,YELLOW,COM20
REAL-COM20-LOW_-00707,2026-09-19 16:12:30.975,124.9,2484.97,0.4163,828.3233,414.37,0.2,Low Risk,Moderate Risk,YELLOW,COM20
REAL-COM20-LOW_-00708,2026-09-19 16:12:31.171,123.85,2476.91,0.4128,825.6367,413.02,0.2,Low Risk,Moderate Risk,YELLOW,COM20
REAL-COM20-LOW_-00709,2026-09-19 16:12:31.375,125.41,2499.25,0.418,833.0833,416.75,0.2,Low Risk,Moderate Risk,YELLOW,COM20
REAL-COM20-LOW_-00710,2026-09-19 16:12:31.567,125.05,2475.3,0.4168,825.1,412.76,0.2,Low Risk,Moderate Risk,YELLOW,COM20
REAL-COM20-LOW_-00711,2026-09-19 16:12:31.772,124.96,2493.82,0.4165,831.2733,415.85,0.2,Low Risk,Moderate Risk,YELLOW,COM20
REAL-COM20-LOW_-00712,2026-09-19 16:12:31.972,124.21,2474.51,0.414,824.8367,412.63,0.2,Low Risk,Moderate Risk,YELLOW,COM20
REAL-COM20-LOW_-00713,2026-09-19 16:12:32.173,126.03,2475.51,0.4201,825.17,412.79,0.2,Low Risk,Moderate Risk,YELLOW,COM20
REAL-COM20-LOW_-00714,2026-09-19 16:12:32.376,125.89,2458.8,0.4196,819.6,410.01,0.2,Low Risk,Moderate Risk,YELLOW,COM20
REAL-COM20-LOW_-00715,2026-09-19 16:12:32.575,126.32,2480.7,0.4211,826.9,413.66,0.2,Low Risk,Moderate Risk,YELLOW,COM20
REAL-COM20-LOW_-00716,2026-09-19 16:12:32.773,126.33,2478.27,0.4211,826.09,413.26,0.2,Low Risk,Moderate Risk,YELLOW,COM20
REAL-COM20-LOW_-00717,2026-09-19 16:12:32.972,124.46,2481.4,0.4149,827.1333,413.77,0.2,Low Risk,Moderate Risk,YELLOW,COM20
REAL-COM20-LOW_-00718,2026-09-19 16:12:33.173,125.5,2473.69,0.4183,824.5633,412.49,0.2,Low Risk,Moderate Risk,YELLOW,COM20
REAL-COM20-LOW_-00719,2026-09-19 16:12:33.374,124.8,2459.81,0.416,819.9367,410.18,0.2,Low Risk,Moderate Risk,YELLOW,COM20
REAL-COM20-LOW_-00720,2026-09-19 16:12:33.575,126.32,2457.04,0.4211,819.0133,409.72,0.2,Low Risk,Moderate Risk,YELLOW,COM20
REAL-COM20-LOW_-00721,2026-09-19 16:12:33.777,125.53,2467.21,0.4184,822.4033,411.41,0.2,Low Risk,Moderate Risk,YELLOW,COM20
REAL-COM20-LOW_-00722,2026-09-19 16:12:33.972,124.26,2472.69,0.4142,824.23,412.32,0.2,Low Risk,Moderate Risk,YELLOW,COM20
REAL-COM20-LOW_-00723,2026-09-19 16:12:34.174,125.46,2477.08,0.4182,825.6933,413.06,0.2,Low Risk,Moderate Risk,YELLOW,COM20
REAL-COM20-LOW_-00724,2026-09-19 16:12:34.376,125.63,2472.15,0.4188,824.05,412.23,0.2,Low Risk,Moderate Risk,YELLOW,COM20
REAL-COM20-LOW_-00725,2026-09-19 16:12:34.576,126.99,2475.59,0.4233,825.1967,412.81,0.2,Low Risk,Moderate Risk,YELLOW,COM20
REAL-COM20-LOW_-00726,2026-09-19 16:12:34.775,126.08,2487.59,0.4203,829.1967,414.81,0.2,Low Risk,Moderate Risk,YELLOW,COM20
REAL-COM20-LOW_-00727,2026-09-19 16:12:34.970,126.17,2475.38,0.4206,825.1267,412.77,0.2,Low Risk,Moderate Risk,YELLOW,COM20
REAL-COM20-LOW_-00728,2026-09-19 16:12:35.177,124.36,2474.18,0.4145,824.7267,412.57,0.2,Low Risk,Moderate Risk,YELLOW,COM20
REAL-COM20-LOW_-00729,2026-09-19 16:12:35.374,126.66,2495.16,0.4222,831.72,416.07,0.2,Low Risk,Moderate Risk,YELLOW,COM20
REAL-COM20-LOW_-00730,2026-09-19 16:12:35.577,126.63,2479.14,0.4221,826.38,413.4,0.2,Low Risk,Moderate Risk,YELLOW,COM20
REAL-COM20-LOW_-00731,2026-09-19 16:12:35.776,125.04,2478.23,0.4168,826.0767,413.25,0.2,Low Risk,Moderate Risk,YELLOW,COM20
REAL-COM20-LOW_-00732,2026-09-19 16:12:35.977,125.96,2483.33,0.4199,827.7767,414.1,0.2,Low Risk,Moderate Risk,YELLOW,COM20
REAL-COM20-LOW_-00733,2026-09-19 16:12:36.177,125.17,2475.42,0.4172,825.14,412.78,0.2,Low Risk,Moderate Risk,YELLOW,COM20
REAL-COM20-LOW_-00734,2026-09-19 16:12:36.376,125.56,2479.76,0.4185,826.5867,413.5,0.2,Low Risk,Moderate Risk,YELLOW,COM20
REAL-COM20-LOW_-00735,2026-09-19 16:12:36.574,123.63,2469.7,0.4121,823.2333,411.82,0.2,Low Risk,Moderate Risk,YELLOW,COM20
REAL-COM20-LOW_-00736,2026-09-19 16:12:36.771,125.33,2478.19,0.4178,826.0633,413.24,0.2,Low Risk,Moderate Risk,YELLOW,COM20
REAL-COM20-LOW_-00737,2026-09-19 16:12:36.970,126.11,2458.84,0.4204,819.6133,410.02,0.2,Low Risk,Moderate Risk,YELLOW,COM20
REAL-COM20-LOW_-00738,2026-09-19 16:12:37.176,125.3,2470.74,0.4177,823.58,412.0,0.2,Low Risk,Moderate Risk,YELLOW,COM20
REAL-COM20-LOW_-00739,2026-09-19 16:12:37.377,124.36,2462.11,0.4145,820.7033,410.56,0.2,Low Risk,Moderate Risk,YELLOW,COM20
REAL-COM20-LOW_-00740,2026-09-19 16:12:37.577,128.07,2437.82,0.4269,812.6067,406.52,0.2,Low Risk,Moderate Risk,YELLOW,COM20
REAL-COM20-LOW_-00741,2026-09-19 16:12:37.767,124.79,2450.88,0.416,816.96,408.69,0.2,Low Risk,Moderate Risk,YELLOW,COM20
REAL-COM20-LOW_-00742,2026-09-19 16:12:37.976,123.42,2462.62,0.4114,820.8733,410.64,0.2,Low Risk,Moderate Risk,YELLOW,COM20
REAL-COM20-LOW_-00743,2026-09-19 16:12:38.177,124.9,2471.66,0.4163,823.8867,412.15,0.2,Low Risk,Moderate Risk,YELLOW,COM20
REAL-COM20-LOW_-00744,2026-09-19 16:12:38.371,124.46,2462.24,0.4149,820.7467,410.58,0.2,Low Risk,Moderate Risk,YELLOW,COM20
REAL-COM20-LOW_-00745,2026-09-19 16:12:38.575,124.07,2455.77,0.4136,818.59,409.5,0.2,Low Risk,Moderate Risk,YELLOW,COM20
REAL-COM20-LOW_-00746,2026-09-19 16:12:38.776,125.34,2443.58,0.4178,814.5267,407.47,0.2,Low Risk,Moderate Risk,YELLOW,COM20
REAL-COM20-LOW_-00747,2026-09-19 16:12:38.977,125.35,2456.07,0.4178,818.69,409.55,0.2,Low Risk,Moderate Risk,YELLOW,COM20
REAL-COM20-LOW_-00748,2026-09-19 16:12:39.172,124.78,2450.5,0.4159,816.8333,408.62,0.2,Low Risk,Moderate Risk,YELLOW,COM20
REAL-COM20-LOW_-00749,2026-09-19 16:12:39.375,127.33,2460.65,0.4244,820.2167,410.32,0.2,Low Risk,Moderate Risk,YELLOW,COM20
REAL-COM20-LOW_-00750,2026-09-19 16:12:39.575,126.27,2458.21,0.4209,819.4033,409.91,0.2,Low Risk,Moderate Risk,YELLOW,COM20
REAL-COM20-LOW_-00751,2026-09-19 16:12:39.772,124.42,2463.91,0.4147,821.3033,410.86,0.2,Low Risk,Moderate Risk,YELLOW,COM20
REAL-COM20-LOW_-00752,2026-09-19 16:12:39.973,126.45,2449.19,0.4215,816.3967,408.41,0.2,Low Risk,Moderate Risk,YELLOW,COM20
REAL-COM20-LOW_-00753,2026-09-19 16:12:40.173,127.29,2459.18,0.4243,819.7267,410.08,0.2,Low Risk,Moderate Risk,YELLOW,COM20
REAL-COM20-LOW_-00754,2026-09-19 16:12:40.372,126.22,2466.17,0.4207,822.0567,411.24,0.2,Low Risk,Moderate Risk,YELLOW,COM20
REAL-COM20-LOW_-00755,2026-09-19 16:12:40.577,125.19,2463.41,0.4173,821.1367,410.78,0.2,Low Risk,Moderate Risk,YELLOW,COM20
REAL-COM20-LOW_-00756,2026-09-19 16:12:40.771,125.93,2457.16,0.4198,819.0533,409.74,0.2,Low Risk,Moderate Risk,YELLOW,COM20
REAL-COM20-LOW_-00757,2026-09-19 16:12:40.972,125.8,2477.57,0.4193,825.8567,413.14,0.2,Low Risk,Moderate Risk,YELLOW,COM20
REAL-COM20-LOW_-00758,2026-09-19 16:12:41.177,125.71,2472.32,0.419,824.1067,412.26,0.2,Low Risk,Moderate Risk,YELLOW,COM20
REAL-COM20-LOW_-00759,2026-09-19 16:12:41.376,124.85,2483.13,0.4162,827.71,414.06,0.2,Low Risk,Moderate Risk,YELLOW,COM20
REAL-COM20-LOW_-00760,2026-09-19 16:12:41.572,124.26,2473.44,0.4142,824.48,412.45,0.2,Low Risk,Moderate Risk,YELLOW,COM20
REAL-COM20-LOW_-00761,2026-09-19 16:12:41.773,125.29,2456.49,0.4176,818.83,409.62,0.2,Low Risk,Moderate Risk,YELLOW,COM20
REAL-COM20-LOW_-00762,2026-09-19 16:12:41.975,126.85,2461.82,0.4228,820.6067,410.51,0.2,Low Risk,Moderate Risk,YELLOW,COM20
REAL-COM20-LOW_-00763,2026-09-19 16:12:42.169,127.05,2474.97,0.4235,824.99,412.71,0.2,Low Risk,Moderate Risk,YELLOW,COM20
REAL-COM20-LOW_-00764,2026-09-19 16:12:42.372,122.3,2476.0,0.4077,825.3333,412.87,0.2,Low Risk,Moderate Risk,YELLOW,COM20
REAL-COM20-LOW_-00765,2026-09-19 16:12:42.575,125.82,2486.2,0.4194,828.7333,414.58,0.2,Low Risk,Moderate Risk,YELLOW,COM20
REAL-COM20-LOW_-00766,2026-09-19 16:12:42.777,124.73,2458.59,0.4158,819.53,409.97,0.2,Low Risk,Moderate Risk,YELLOW,COM20
REAL-COM20-LOW_-00767,2026-09-19 16:12:42.974,126.04,2473.27,0.4201,824.4233,412.42,0.2,Low Risk,Moderate Risk,YELLOW,COM20
REAL-COM20-LOW_-00768,2026-09-19 16:12:43.170,126.41,2465.87,0.4214,821.9567,411.19,0.2,Low Risk,Moderate Risk,YELLOW,COM20
REAL-COM20-LOW_-00769,2026-09-19 16:12:43.375,124.06,2468.83,0.4135,822.9433,411.68,0.2,Low Risk,Moderate Risk,YELLOW,COM20
REAL-COM20-LOW_-00770,2026-09-19 16:12:43.577,125.9,2477.41,0.4197,825.8033,413.11,0.2,Low Risk,Moderate Risk,YELLOW,COM20
REAL-COM20-LOW_-00771,2026-09-19 16:12:43.773,125.97,2478.85,0.4199,826.2833,413.35,0.2,Low Risk,Moderate Risk,YELLOW,COM20
REAL-COM20-LOW_-00772,2026-09-19 16:12:43.976,125.12,2482.43,0.4171,827.4767,413.95,0.2,Low Risk,Moderate Risk,YELLOW,COM20
REAL-COM20-LOW_-00773,2026-09-19 16:12:44.176,124.84,2458.26,0.4161,819.42,409.92,0.2,Low Risk,Moderate Risk,YELLOW,COM20
REAL-COM20-LOW_-00774,2026-09-19 16:12:44.376,125.27,2473.27,0.4176,824.4233,412.42,0.2,Low Risk,Moderate Risk,YELLOW,COM20
REAL-COM20-LOW_-00775,2026-09-19 16:12:44.574,122.93,2461.95,0.4098,820.65,410.53,0.2,Low Risk,Moderate Risk,YELLOW,COM20
REAL-COM20-LOW_-00776,2026-09-19 16:12:44.777,123.63,2454.97,0.4121,818.3233,409.37,0.2,Low Risk,Moderate Risk,YELLOW,COM20
REAL-COM20-LOW_-00777,2026-09-19 16:12:44.973,124.82,2482.35,0.4161,827.45,413.93,0.2,Low Risk,Moderate Risk,YELLOW,COM20
REAL-COM20-LOW_-00778,2026-09-19 16:12:45.177,125.16,2473.11,0.4172,824.37,412.39,0.2,Low Risk,Moderate Risk,YELLOW,COM20
REAL-COM20-LOW_-00779,2026-09-19 16:12:45.377,126.64,2474.97,0.4221,824.99,412.71,0.2,Low Risk,Moderate Risk,YELLOW,COM20
REAL-COM20-LOW_-00780,2026-09-19 16:12:45.575,126.0,2488.98,0.42,829.66,415.04,0.2,Low Risk,Moderate Risk,YELLOW,COM20
REAL-COM20-LOW_-00781,2026-09-19 16:12:45.768,124.42,2470.78,0.4147,823.5933,412.0,0.2,Low Risk,Moderate Risk,YELLOW,COM20
REAL-COM20-LOW_-00782,2026-09-19 16:12:45.974,124.66,2475.84,0.4155,825.28,412.85,0.2,Low Risk,Moderate Risk,YELLOW,COM20
REAL-COM20-LOW_-00783,2026-09-19 16:12:46.170,126.25,2461.82,0.4208,820.6067,410.51,0.2,Low Risk,Moderate Risk,YELLOW,COM20
REAL-COM20-LOW_-00784,2026-09-19 16:12:46.375,125.4,2464.91,0.418,821.6367,411.03,0.2,Low Risk,Moderate Risk,YELLOW,COM20
REAL-COM20-LOW_-00785,2026-09-19 16:12:46.577,124.59,2474.27,0.4153,824.7567,412.59,0.2,Low Risk,Moderate Risk,YELLOW,COM20
REAL-COM20-LOW_-00786,2026-09-19 16:12:46.777,125.17,2489.02,0.4172,829.6733,415.04,0.2,Low Risk,Moderate Risk,YELLOW,COM20
REAL-COM20-LOW_-00787,2026-09-19 16:12:46.976,124.85,2475.34,0.4162,825.1133,412.76,0.2,Low Risk,Moderate Risk,YELLOW,COM20
REAL-COM20-LOW_-00788,2026-09-19 16:12:47.173,127.35,2474.39,0.4245,824.7967,412.61,0.2,Low Risk,Moderate Risk,YELLOW,COM20
REAL-COM20-LOW_-00789,2026-09-19 16:12:47.374,123.31,2491.83,0.411,830.61,415.51,0.2,Low Risk,Moderate Risk,YELLOW,COM20
REAL-COM20-LOW_-00790,2026-09-19 16:12:47.574,125.49,2474.43,0.4183,824.81,412.61,0.2,Low Risk,Moderate Risk,YELLOW,COM20
REAL-COM20-LOW_-00791,2026-09-19 16:12:47.774,125.9,2482.92,0.4197,827.64,414.03,0.2,Low Risk,Moderate Risk,YELLOW,COM20
REAL-COM20-LOW_-00792,2026-09-19 16:12:47.975,126.18,2460.1,0.4206,820.0333,410.23,0.2,Low Risk,Moderate Risk,YELLOW,COM20
REAL-COM20-LOW_-00793,2026-09-19 16:12:48.177,124.7,2474.39,0.4157,824.7967,412.61,0.2,Low Risk,Moderate Risk,YELLOW,COM20
REAL-COM20-LOW_-00794,2026-09-19 16:12:48.376,124.31,2482.26,0.4144,827.42,413.92,0.2,Low Risk,Moderate Risk,YELLOW,COM20
REAL-COM20-LOW_-00795,2026-09-19 16:12:48.567,125.64,2488.08,0.4188,829.36,414.89,0.2,Low Risk,Moderate Risk,YELLOW,COM20
REAL-COM20-LOW_-00796,2026-09-19 16:12:48.774,126.61,2485.26,0.422,828.42,414.42,0.2,Low Risk,Moderate Risk,YELLOW,COM20
REAL-COM20-LOW_-00797,2026-09-19 16:12:48.972,125.39,2486.36,0.418,828.7867,414.6,0.2,Low Risk,Moderate Risk,YELLOW,COM20
REAL-COM20-LOW_-00798,2026-09-19 16:12:49.172,124.52,2477.78,0.4151,825.9267,413.17,0.2,Low Risk,Moderate Risk,YELLOW,COM20
REAL-COM20-LOW_-00799,2026-09-19 16:12:49.373,126.2,2468.58,0.4207,822.86,411.64,0.2,Low Risk,Moderate Risk,YELLOW,COM20
REAL-COM20-LOW_-00800,2026-09-19 16:12:49.571,124.9,2477.41,0.4163,825.8033,413.11,0.2,Low Risk,Moderate Risk,YELLOW,COM20
REAL-COM20-LOW_-00801,2026-09-19 16:12:49.767,125.74,2463.54,0.4191,821.18,410.8,0.2,Low Risk,Moderate Risk,YELLOW,COM20
REAL-COM20-LOW_-00802,2026-09-19 16:12:49.972,125.32,2466.5,0.4177,822.1667,411.29,0.2,Low Risk,Moderate Risk,YELLOW,COM20
REAL-COM20-LOW_-00803,2026-09-19 16:12:50.173,124.59,2476.91,0.4153,825.6367,413.03,0.2,Low Risk,Moderate Risk,YELLOW,COM20
REAL-COM20-LOW_-00804,2026-09-19 16:12:50.372,127.66,2462.82,0.4255,820.94,410.68,0.2,Low Risk,Moderate Risk,YELLOW,COM20
REAL-COM20-LOW_-00805,2026-09-19 16:12:50.575,125.24,2460.27,0.4175,820.09,410.25,0.2,Low Risk,Moderate Risk,YELLOW,COM20
REAL-COM20-LOW_-00806,2026-09-19 16:12:50.775,125.09,2451.51,0.417,817.17,408.79,0.2,Low Risk,Moderate Risk,YELLOW,COM20
REAL-COM20-LOW_-00807,2026-09-19 16:12:50.976,125.18,2458.26,0.4173,819.42,409.92,0.2,Low Risk,Moderate Risk,YELLOW,COM20
REAL-COM20-LOW_-00808,2026-09-19 16:12:51.177,127.17,2450.8,0.4239,816.9333,408.68,0.2,Low Risk,Moderate Risk,YELLOW,COM20
REAL-COM20-LOW_-00809,2026-09-19 16:12:51.367,125.2,2474.72,0.4173,824.9067,412.66,0.2,Low Risk,Moderate Risk,YELLOW,COM20
REAL-COM20-LOW_-00810,2026-09-19 16:12:51.571,123.7,2452.02,0.4123,817.34,408.88,0.2,Low Risk,Moderate Risk,YELLOW,COM20
REAL-COM20-LOW_-00811,2026-09-19 16:12:51.774,124.57,2469.25,0.4152,823.0833,411.75,0.2,Low Risk,Moderate Risk,YELLOW,COM20
REAL-COM20-LOW_-00812,2026-09-19 16:12:51.971,127.01,2464.79,0.4234,821.5967,411.01,0.2,Low Risk,Moderate Risk,YELLOW,COM20
REAL-COM20-LOW_-00813,2026-09-19 16:12:52.176,126.36,2469.62,0.4212,823.2067,411.81,0.2,Low Risk,Moderate Risk,YELLOW,COM20
REAL-COM20-LOW_-00814,2026-09-19 16:12:52.374,126.11,2464.71,0.4204,821.57,410.99,0.2,Low Risk,Moderate Risk,YELLOW,COM20
REAL-COM20-LOW_-00815,2026-09-19 16:12:52.571,124.11,2471.28,0.4137,823.76,412.09,0.2,Low Risk,Moderate Risk,YELLOW,COM20
REAL-COM20-LOW_-00816,2026-09-19 16:12:52.771,124.35,2469.37,0.4145,823.1233,411.77,0.2,Low Risk,Moderate Risk,YELLOW,COM20
REAL-COM20-LOW_-00817,2026-09-19 16:12:52.973,126.68,2469.62,0.4223,823.2067,411.81,0.2,Low Risk,Moderate Risk,YELLOW,COM20
REAL-COM20-LOW_-00818,2026-09-19 16:12:53.177,124.82,2476.79,0.4161,825.5967,413.01,0.2,Low Risk,Moderate Risk,YELLOW,COM20
REAL-COM20-LOW_-00819,2026-09-19 16:12:53.374,125.41,2477.24,0.418,825.7467,413.08,0.2,Low Risk,Moderate Risk,YELLOW,COM20
REAL-COM20-LOW_-00820,2026-09-19 16:12:53.575,125.54,2484.64,0.4185,828.2133,414.32,0.2,Low Risk,Moderate Risk,YELLOW,COM20
REAL-COM20-LOW_-00821,2026-09-19 16:12:53.773,125.04,2481.89,0.4168,827.2967,413.86,0.2,Low Risk,Moderate Risk,YELLOW,COM20
REAL-COM20-LOW_-00822,2026-09-19 16:12:53.976,127.65,2480.33,0.4255,826.7767,413.6,0.2,Low Risk,Moderate Risk,YELLOW,COM20
REAL-COM20-LOW_-00823,2026-09-19 16:12:54.172,123.89,2470.95,0.413,823.65,412.03,0.2,Low Risk,Moderate Risk,YELLOW,COM20
REAL-COM20-LOW_-00824,2026-09-19 16:12:54.377,123.86,2469.41,0.4129,823.1367,411.78,0.2,Low Risk,Moderate Risk,YELLOW,COM20
REAL-COM20-LOW_-00825,2026-09-19 16:12:54.572,124.98,2473.69,0.4166,824.5633,412.49,0.2,Low Risk,Moderate Risk,YELLOW,COM20
REAL-COM20-LOW_-00826,2026-09-19 16:12:54.772,125.13,2467.08,0.4171,822.36,411.39,0.2,Low Risk,Moderate Risk,YELLOW,COM20
REAL-COM20-LOW_-00827,2026-09-19 16:12:54.977,125.61,2462.28,0.4187,820.76,410.59,0.2,Low Risk,Moderate Risk,YELLOW,COM20
REAL-COM20-LOW_-00828,2026-09-19 16:12:55.177,126.71,2473.27,0.4224,824.4233,412.42,0.2,Low Risk,Moderate Risk,YELLOW,COM20
REAL-COM20-LOW_-00829,2026-09-19 16:12:55.377,124.3,2485.01,0.4143,828.3367,414.38,0.2,Low Risk,Moderate Risk,YELLOW,COM20
REAL-COM20-LOW_-00830,2026-09-19 16:12:55.575,123.69,2469.95,0.4123,823.3167,411.87,0.2,Low Risk,Moderate Risk,YELLOW,COM20
REAL-COM20-LOW_-00831,2026-09-19 16:12:55.767,126.42,2497.31,0.4214,832.4367,416.43,0.2,Low Risk,Moderate Risk,YELLOW,COM20
REAL-COM20-LOW_-00832,2026-09-19 16:12:55.972,127.19,2476.13,0.424,825.3767,412.9,0.2,Low Risk,Moderate Risk,YELLOW,COM20
REAL-COM20-LOW_-00833,2026-09-19 16:12:56.172,124.32,2477.82,0.4144,825.94,413.18,0.2,Low Risk,Moderate Risk,YELLOW,COM20
REAL-COM20-LOW_-00834,2026-09-19 16:12:56.374,125.17,2462.7,0.4172,820.9,410.66,0.2,Low Risk,Moderate Risk,YELLOW,COM20
REAL-COM20-LOW_-00835,2026-09-19 16:12:56.572,125.72,2471.53,0.4191,823.8433,412.13,0.2,Low Risk,Moderate Risk,YELLOW,COM20
REAL-COM20-LOW_-00836,2026-09-19 16:12:56.773,125.72,2481.52,0.4191,827.1733,413.8,0.2,Low Risk,Moderate Risk,YELLOW,COM20
REAL-COM20-LOW_-00837,2026-09-19 16:12:56.973,125.27,2419.8,0.4176,806.6,403.51,0.2,Low Risk,Moderate Risk,YELLOW,COM20
REAL-COM20-LOW_-00838,2026-09-19 16:12:57.172,126.19,2456.62,0.4206,818.8733,409.65,0.2,Low Risk,Moderate Risk,YELLOW,COM20
REAL-COM20-LOW_-00839,2026-09-19 16:12:57.376,124.42,2471.12,0.4147,823.7067,412.06,0.2,Low Risk,Moderate Risk,YELLOW,COM20
REAL-COM20-LOW_-00840,2026-09-19 16:12:57.576,125.94,2476.33,0.4198,825.4433,412.93,0.2,Low Risk,Moderate Risk,YELLOW,COM20
REAL-COM20-LOW_-00841,2026-09-19 16:12:57.768,125.13,2473.02,0.4171,824.34,412.38,0.2,Low Risk,Moderate Risk,YELLOW,COM20
REAL-COM20-LOW_-00842,2026-09-19 16:12:57.975,125.37,2474.51,0.4179,824.8367,412.63,0.2,Low Risk,Moderate Risk,YELLOW,COM20
REAL-COM20-LOW_-00843,2026-09-19 16:12:58.174,124.27,2458.97,0.4142,819.6567,410.04,0.2,Low Risk,Moderate Risk,YELLOW,COM20
REAL-COM20-LOW_-00844,2026-09-19 16:12:58.372,123.25,2469.87,0.4108,823.29,411.85,0.2,Low Risk,Moderate Risk,YELLOW,COM20
REAL-COM20-LOW_-00845,2026-09-19 16:12:58.575,126.43,2482.72,0.4214,827.5733,414.0,0.2,Low Risk,Moderate Risk,YELLOW,COM20
REAL-COM20-LOW_-00846,2026-09-19 16:12:58.772,123.61,2476.33,0.412,825.4433,412.93,0.2,Low Risk,Moderate Risk,YELLOW,COM20
REAL-COM20-LOW_-00847,2026-09-19 16:12:58.974,124.05,2471.7,0.4135,823.9,412.16,0.2,Low Risk,Moderate Risk,YELLOW,COM20
REAL-COM20-LOW_-00848,2026-09-19 16:12:59.172,124.79,2491.22,0.416,830.4067,415.41,0.2,Low Risk,Moderate Risk,YELLOW,COM20
REAL-COM20-LOW_-00849,2026-09-19 16:12:59.375,125.86,2491.67,0.4195,830.5567,415.49,0.2,Low Risk,Moderate Risk,YELLOW,COM20
REAL-COM20-LOW_-00850,2026-09-19 16:12:59.569,123.81,2482.59,0.4127,827.53,413.97,0.2,Low Risk,Moderate Risk,YELLOW,COM20
REAL-COM20-LOW_-00851,2026-09-19 16:12:59.771,126.96,2473.06,0.4232,824.3533,412.39,0.2,Low Risk,Moderate Risk,YELLOW,COM20
REAL-COM20-LOW_-00852,2026-09-19 16:12:59.975,127.1,2484.19,0.4237,828.0633,414.24,0.2,Low Risk,Moderate Risk,YELLOW,COM20
REAL-COM20-LOW_-00853,2026-09-19 16:13:00.174,125.79,2495.85,0.4193,831.95,416.18,0.2,Low Risk,Moderate Risk,YELLOW,COM20
REAL-COM20-LOW_-00854,2026-09-19 16:13:00.376,125.75,2489.14,0.4192,829.7133,415.07,0.2,Low Risk,Moderate Risk,YELLOW,COM20
REAL-COM20-LOW_-00855,2026-09-19 16:13:00.572,126.18,2495.49,0.4206,831.83,416.12,0.2,Low Risk,Moderate Risk,YELLOW,COM20
REAL-COM20-LOW_-00856,2026-09-19 16:13:00.777,125.15,2496.98,0.4172,832.3267,416.37,0.2,Low Risk,Moderate Risk,YELLOW,COM20
REAL-COM20-LOW_-00857,2026-09-19 16:13:00.975,126.22,2475.59,0.4207,825.1967,412.81,0.2,Low Risk,Moderate Risk,YELLOW,COM20
REAL-COM20-LOW_-00858,2026-09-19 16:13:01.176,127.29,2487.22,0.4243,829.0733,414.75,0.2,Low Risk,Moderate Risk,YELLOW,COM20
REAL-COM20-LOW_-00859,2026-09-19 16:13:01.377,125.62,2485.99,0.4187,828.6633,414.54,0.2,Low Risk,Moderate Risk,YELLOW,COM20
REAL-COM20-LOW_-00860,2026-09-19 16:13:01.576,126.1,2481.81,0.4203,827.27,413.85,0.2,Low Risk,Moderate Risk,YELLOW,COM20
REAL-COM20-LOW_-00861,2026-09-19 16:13:01.774,127.38,2488.16,0.4246,829.3867,414.91,0.2,Low Risk,Moderate Risk,YELLOW,COM20
REAL-COM20-LOW_-00862,2026-09-19 16:13:01.977,122.89,2494.96,0.4096,831.6533,416.03,0.2,Low Risk,Moderate Risk,YELLOW,COM20
REAL-COM20-LOW_-00863,2026-09-19 16:13:02.176,126.28,2490.97,0.4209,830.3233,415.37,0.2,Low Risk,Moderate Risk,YELLOW,COM20
REAL-COM20-LOW_-00864,2026-09-19 16:13:02.376,126.94,2492.03,0.4231,830.6767,415.55,0.2,Low Risk,Moderate Risk,YELLOW,COM20
REAL-COM20-LOW_-00865,2026-09-19 16:13:02.575,124.44,2498.76,0.4148,832.92,416.67,0.2,Low Risk,Moderate Risk,YELLOW,COM20
REAL-COM20-LOW_-00866,2026-09-19 16:13:02.777,124.65,2494.27,0.4155,831.4233,415.92,0.2,Low Risk,Moderate Risk,YELLOW,COM20
REAL-COM20-LOW_-00867,2026-09-19 16:13:02.975,127.14,2483.5,0.4238,827.8333,414.13,0.2,Low Risk,Moderate Risk,YELLOW,COM20
REAL-COM20-LOW_-00868,2026-09-19 16:13:03.176,125.29,2490.04,0.4176,830.0133,415.22,0.2,Low Risk,Moderate Risk,YELLOW,COM20
REAL-COM20-LOW_-00869,2026-09-19 16:13:03.377,126.23,2479.92,0.4208,826.64,413.53,0.2,Low Risk,Moderate Risk,YELLOW,COM20
REAL-COM20-LOW_-00870,2026-09-19 16:13:03.572,125.03,2504.89,0.4168,834.9633,417.69,0.2,Low Risk,Moderate Risk,YELLOW,COM20
REAL-COM20-LOW_-00871,2026-09-19 16:13:03.774,125.87,2497.63,0.4196,832.5433,416.48,0.2,Low Risk,Moderate Risk,YELLOW,COM20
REAL-COM20-LOW_-00872,2026-09-19 16:13:03.977,125.55,2486.28,0.4185,828.76,414.59,0.2,Low Risk,Moderate Risk,YELLOW,COM20
REAL-COM20-LOW_-00873,2026-09-19 16:13:04.174,126.62,2489.26,0.4221,829.7533,415.09,0.2,Low Risk,Moderate Risk,YELLOW,COM20
REAL-COM20-LOW_-00874,2026-09-19 16:13:04.377,126.49,2490.81,0.4216,830.27,415.35,0.2,Low Risk,Moderate Risk,YELLOW,COM20
REAL-COM20-LOW_-00875,2026-09-19 16:13:04.576,124.19,2500.66,0.414,833.5533,416.98,0.2,Low Risk,Moderate Risk,YELLOW,COM20
REAL-COM20-LOW_-00876,2026-09-19 16:13:04.770,125.14,2497.43,0.4171,832.4767,416.45,0.2,Low Risk,Moderate Risk,YELLOW,COM20
REAL-COM20-LOW_-00877,2026-09-19 16:13:04.977,125.75,2504.85,0.4192,834.95,417.68,0.2,Low Risk,Moderate Risk,YELLOW,COM20
REAL-COM20-LOW_-00878,2026-09-19 16:13:05.172,125.8,2498.97,0.4193,832.99,416.7,0.2,Low Risk,Moderate Risk,YELLOW,COM20
REAL-COM20-LOW_-00879,2026-09-19 16:13:05.373,125.98,2506.65,0.4199,835.55,417.99,0.2,Low Risk,Moderate Risk,YELLOW,COM20
REAL-COM20-LOW_-00880,2026-09-19 16:13:05.576,125.59,2508.5,0.4186,836.1667,418.29,0.2,Low Risk,Moderate Risk,YELLOW,COM20
REAL-COM20-LOW_-00881,2026-09-19 16:13:05.775,124.35,2507.42,0.4145,835.8067,418.11,0.2,Low Risk,Moderate Risk,YELLOW,COM20
REAL-COM20-LOW_-00882,2026-09-19 16:13:05.976,125.94,2493.78,0.4198,831.26,415.84,0.2,Low Risk,Moderate Risk,YELLOW,COM20
REAL-COM20-LOW_-00883,2026-09-19 16:13:06.175,125.33,2509.98,0.4178,836.66,418.54,0.2,Low Risk,Moderate Risk,YELLOW,COM20
REAL-COM20-LOW_-00884,2026-09-19 16:13:06.374,123.84,2493.86,0.4128,831.2867,415.85,0.2,Low Risk,Moderate Risk,YELLOW,COM20
REAL-COM20-LOW_-00885,2026-09-19 16:13:06.572,124.46,2512.33,0.4149,837.4433,418.93,0.2,Low Risk,Moderate Risk,YELLOW,COM20
REAL-COM20-LOW_-00886,2026-09-19 16:13:06.772,124.56,2488.45,0.4152,829.4833,414.95,0.2,Low Risk,Moderate Risk,YELLOW,COM20
REAL-COM20-LOW_-00887,2026-09-19 16:13:06.969,124.76,2518.65,0.4159,839.55,419.98,0.2,Low Risk,Moderate Risk,YELLOW,COM20
REAL-COM20-LOW_-00888,2026-09-19 16:13:07.170,124.44,2510.66,0.4148,836.8867,418.65,0.2,Low Risk,Moderate Risk,YELLOW,COM20
REAL-COM20-LOW_-00889,2026-09-19 16:13:07.375,125.42,2519.17,0.4181,839.7233,420.07,0.2,Low Risk,Moderate Risk,YELLOW,COM20
REAL-COM20-LOW_-00890,2026-09-19 16:13:07.571,126.24,2493.9,0.4208,831.3,415.86,0.2,Low Risk,Moderate Risk,YELLOW,COM20
REAL-COM20-LOW_-00891,2026-09-19 16:13:07.775,124.48,2503.28,0.4149,834.4267,417.42,0.2,Low Risk,Moderate Risk,YELLOW,COM20
REAL-COM20-LOW_-00892,2026-09-19 16:13:07.972,125.51,2503.36,0.4184,834.4533,417.44,0.2,Low Risk,Moderate Risk,YELLOW,COM20
REAL-COM20-LOW_-00893,2026-09-19 16:13:08.177,126.32,2515.52,0.4211,838.5067,419.46,0.2,Low Risk,Moderate Risk,YELLOW,COM20
REAL-COM20-LOW_-00894,2026-09-19 16:13:08.376,125.48,2504.21,0.4183,834.7367,417.58,0.2,Low Risk,Moderate Risk,YELLOW,COM20
REAL-COM20-LOW_-00895,2026-09-19 16:13:08.572,124.81,2506.25,0.416,835.4167,417.92,0.2,Low Risk,Moderate Risk,YELLOW,COM20
REAL-COM20-LOW_-00896,2026-09-19 16:13:08.773,127.59,2514.84,0.4253,838.28,419.35,0.2,Low Risk,Moderate Risk,YELLOW,COM20
REAL-COM20-LOW_-00897,2026-09-19 16:13:08.968,125.72,2508.1,0.4191,836.0333,418.23,0.2,Low Risk,Moderate Risk,YELLOW,COM20
REAL-COM20-LOW_-00898,2026-09-19 16:13:09.176,126.07,2515.79,0.4202,838.5967,419.51,0.2,Low Risk,Moderate Risk,YELLOW,COM20
REAL-COM20-LOW_-00899,2026-09-19 16:13:09.376,125.13,2495.49,0.4171,831.83,416.12,0.2,Low Risk,Moderate Risk,YELLOW,COM20
REAL-COM20-LOW_-00900,2026-09-19 16:13:09.572,123.65,2517.82,0.4122,839.2733,419.84,0.2,Low Risk,Moderate Risk,YELLOW,COM20
REAL-COM20-LOW_-00901,2026-09-19 16:13:09.777,126.01,2513.65,0.42,837.8833,419.15,0.2,Low Risk,Moderate Risk,YELLOW,COM20
REAL-COM20-LOW_-00902,2026-09-19 16:13:09.972,126.29,2513.01,0.421,837.67,419.05,0.2,Low Risk,Moderate Risk,YELLOW,COM20
REAL-COM20-LOW_-00903,2026-09-19 16:13:10.174,124.52,2505.65,0.4151,835.2167,417.82,0.2,Low Risk,Moderate Risk,YELLOW,COM20
REAL-COM20-LOW_-00904,2026-09-19 16:13:10.376,123.94,2511.85,0.4131,837.2833,418.85,0.2,Low Risk,Moderate Risk,YELLOW,COM20
REAL-COM20-LOW_-00905,2026-09-19 16:13:10.570,124.97,2518.02,0.4166,839.34,419.88,0.2,Low Risk,Moderate Risk,YELLOW,COM20
REAL-COM20-LOW_-00906,2026-09-19 16:13:10.768,126.48,2501.43,0.4216,833.81,417.12,0.2,Low Risk,Moderate Risk,YELLOW,COM20
REAL-COM20-LOW_-00907,2026-09-19 16:13:10.977,125.66,2513.49,0.4189,837.83,419.12,0.2,Low Risk,Moderate Risk,YELLOW,COM20
REAL-COM20-LOW_-00908,2026-09-19 16:13:11.174,124.96,2502.52,0.4165,834.1733,417.29,0.2,Low Risk,Moderate Risk,YELLOW,COM20
REAL-COM20-LOW_-00909,2026-09-19 16:13:11.376,125.31,2516.03,0.4177,838.6767,419.55,0.2,Low Risk,Moderate Risk,YELLOW,COM20
REAL-COM20-LOW_-00910,2026-09-19 16:13:11.575,124.69,2515.4,0.4156,838.4667,419.44,0.2,Low Risk,Moderate Risk,YELLOW,COM20
REAL-COM20-LOW_-00911,2026-09-19 16:13:11.776,125.21,2492.6,0.4174,830.8667,415.64,0.2,Low Risk,Moderate Risk,YELLOW,COM20
REAL-COM20-LOW_-00912,2026-09-19 16:13:11.975,125.8,2478.44,0.4193,826.1467,413.28,0.2,Low Risk,Moderate Risk,YELLOW,COM20
REAL-COM20-LOW_-00913,2026-09-19 16:13:12.177,124.04,2506.94,0.4135,835.6467,418.03,0.2,Low Risk,Moderate Risk,YELLOW,COM20
REAL-COM20-LOW_-00914,2026-09-19 16:13:12.377,125.18,2490.16,0.4173,830.0533,415.24,0.2,Low Risk,Moderate Risk,YELLOW,COM20
REAL-COM20-LOW_-00915,2026-09-19 16:13:12.574,126.3,2518.02,0.421,839.34,419.88,0.2,Low Risk,Moderate Risk,YELLOW,COM20
REAL-COM20-LOW_-00916,2026-09-19 16:13:12.776,125.94,2510.94,0.4198,836.98,418.7,0.2,Low Risk,Moderate Risk,YELLOW,COM20
REAL-COM20-LOW_-00917,2026-09-19 16:13:12.976,125.58,2502.96,0.4186,834.32,417.37,0.2,Low Risk,Moderate Risk,YELLOW,COM20
REAL-COM20-LOW_-00918,2026-09-19 16:13:13.176,124.99,2509.3,0.4166,836.4333,418.42,0.2,Low Risk,Moderate Risk,YELLOW,COM20
REAL-COM20-LOW_-00919,2026-09-19 16:13:13.376,126.14,2504.81,0.4205,834.9367,417.68,0.2,Low Risk,Moderate Risk,YELLOW,COM20
REAL-COM20-LOW_-00920,2026-09-19 16:13:13.567,124.82,2512.57,0.4161,837.5233,418.97,0.2,Low Risk,Moderate Risk,YELLOW,COM20
REAL-COM20-LOW_-00921,2026-09-19 16:13:13.775,124.48,2500.94,0.4149,833.6467,417.03,0.2,Low Risk,Moderate Risk,YELLOW,COM20
REAL-COM20-LOW_-00922,2026-09-19 16:13:13.975,124.08,2503.36,0.4136,834.4533,417.43,0.2,Low Risk,Moderate Risk,YELLOW,COM20
REAL-COM20-LOW_-00923,2026-09-19 16:13:14.172,126.44,2479.51,0.4215,826.5033,413.46,0.2,Low Risk,Moderate Risk,YELLOW,COM20
REAL-COM20-LOW_-00924,2026-09-19 16:13:14.375,123.63,2499.77,0.4121,833.2567,416.84,0.2,Low Risk,Moderate Risk,YELLOW,COM20
REAL-COM20-LOW_-00925,2026-09-19 16:13:14.576,125.67,2498.36,0.4189,832.7867,416.6,0.2,Low Risk,Moderate Risk,YELLOW,COM20
REAL-COM20-LOW_-00926,2026-09-19 16:13:14.776,126.35,2516.35,0.4212,838.7833,419.6,0.2,Low Risk,Moderate Risk,YELLOW,COM20
REAL-COM20-LOW_-00927,2026-09-19 16:13:14.976,126.52,2504.61,0.4217,834.87,417.65,0.2,Low Risk,Moderate Risk,YELLOW,COM20
REAL-COM20-LOW_-00928,2026-09-19 16:13:15.175,124.22,2503.8,0.4141,834.6,417.51,0.2,Low Risk,Moderate Risk,YELLOW,COM20
REAL-COM20-LOW_-00929,2026-09-19 16:13:15.374,124.6,2479.8,0.4153,826.6,413.51,0.2,Low Risk,Moderate Risk,YELLOW,COM20
REAL-COM20-LOW_-00930,2026-09-19 16:13:15.573,126.4,2500.26,0.4213,833.42,416.92,0.2,Low Risk,Moderate Risk,YELLOW,COM20
REAL-COM20-LOW_-00931,2026-09-19 16:13:15.776,124.99,2513.05,0.4166,837.6833,419.05,0.2,Low Risk,Moderate Risk,YELLOW,COM20
REAL-COM20-LOW_-00932,2026-09-19 16:13:15.971,125.64,2493.5,0.4188,831.1667,415.79,0.2,Low Risk,Moderate Risk,YELLOW,COM20
REAL-COM20-LOW_-00933,2026-09-19 16:13:16.176,125.99,2495.2,0.42,831.7333,416.08,0.2,Low Risk,Moderate Risk,YELLOW,COM20
REAL-COM20-LOW_-00934,2026-09-19 16:13:16.370,125.88,2519.28,0.4196,839.76,420.09,0.2,Low Risk,Moderate Risk,YELLOW,COM20
REAL-COM20-LOW_-00935,2026-09-19 16:13:16.576,125.68,2513.45,0.4189,837.8167,419.12,0.2,Low Risk,Moderate Risk,YELLOW,COM20
REAL-COM20-LOW_-00936,2026-09-19 16:13:16.773,124.41,2519.64,0.4147,839.88,420.15,0.2,Low Risk,Moderate Risk,YELLOW,COM20
REAL-COM20-LOW_-00937,2026-09-19 16:13:16.971,126.19,2519.32,0.4206,839.7733,420.1,0.2,Low Risk,Moderate Risk,YELLOW,COM20
REAL-COM20-LOW_-00938,2026-09-19 16:13:17.174,125.66,2521.97,0.4189,840.6567,420.54,0.2,Low Risk,Moderate Risk,YELLOW,COM20
REAL-COM20-LOW_-00939,2026-09-19 16:13:17.372,126.14,2503.64,0.4205,834.5467,417.48,0.2,Low Risk,Moderate Risk,YELLOW,COM20
REAL-COM20-LOW_-00940,2026-09-19 16:13:17.576,123.74,2496.13,0.4125,832.0433,416.23,0.2,Low Risk,Moderate Risk,YELLOW,COM20
REAL-COM20-LOW_-00941,2026-09-19 16:13:17.775,126.93,2512.77,0.4231,837.59,419.01,0.2,Low Risk,Moderate Risk,YELLOW,COM20
REAL-COM20-LOW_-00942,2026-09-19 16:13:17.972,124.82,2499.9,0.4161,833.3,416.86,0.2,Low Risk,Moderate Risk,YELLOW,COM20
REAL-COM20-LOW_-00943,2026-09-19 16:13:18.176,125.8,2509.06,0.4193,836.3533,418.39,0.2,Low Risk,Moderate Risk,YELLOW,COM20
REAL-COM20-LOW_-00944,2026-09-19 16:13:18.367,124.58,2506.65,0.4153,835.55,417.98,0.2,Low Risk,Moderate Risk,YELLOW,COM20
REAL-COM20-LOW_-00945,2026-09-19 16:13:18.575,125.62,2499.69,0.4187,833.23,416.82,0.2,Low Risk,Moderate Risk,YELLOW,COM20
REAL-COM20-LOW_-00946,2026-09-19 16:13:18.775,124.65,2505.57,0.4155,835.19,417.8,0.2,Low Risk,Moderate Risk,YELLOW,COM20
REAL-COM20-LOW_-00947,2026-09-19 16:13:18.975,126.12,2524.18,0.4204,841.3933,420.91,0.2,Low Risk,Moderate Risk,YELLOW,COM20
REAL-COM20-LOW_-00948,2026-09-19 16:13:19.173,125.56,2523.04,0.4185,841.0133,420.72,0.2,Low Risk,Moderate Risk,YELLOW,COM20
REAL-COM20-LOW_-00949,2026-09-19 16:13:19.372,126.96,2520.27,0.4232,840.09,420.26,0.2,Low Risk,Moderate Risk,YELLOW,COM20
REAL-COM20-LOW_-00950,2026-09-19 16:13:19.572,125.74,2516.63,0.4191,838.8767,419.65,0.2,Low Risk,Moderate Risk,YELLOW,COM20
REAL-COM20-LOW_-00951,2026-09-19 16:13:19.774,125.57,2522.6,0.4186,840.8667,420.64,0.2,Low Risk,Moderate Risk,YELLOW,COM20
REAL-COM20-LOW_-00952,2026-09-19 16:13:19.976,126.02,2497.11,0.4201,832.37,416.39,0.2,Low Risk,Moderate Risk,YELLOW,COM20
REAL-COM20-LOW_-00953,2026-09-19 16:13:20.176,126.14,2507.3,0.4205,835.7667,418.09,0.2,Low Risk,Moderate Risk,YELLOW,COM20
REAL-COM20-LOW_-00954,2026-09-19 16:13:20.376,126.41,2486.24,0.4214,828.7467,414.58,0.2,Low Risk,Moderate Risk,YELLOW,COM20
REAL-COM20-LOW_-00955,2026-09-19 16:13:20.575,127.19,2502.88,0.424,834.2933,417.36,0.2,Low Risk,Moderate Risk,YELLOW,COM20
REAL-COM20-LOW_-00956,2026-09-19 16:13:20.777,126.18,2511.29,0.4206,837.0967,418.76,0.2,Low Risk,Moderate Risk,YELLOW,COM20
REAL-COM20-LOW_-00957,2026-09-19 16:13:20.970,125.42,2512.13,0.4181,837.3767,418.9,0.2,Low Risk,Moderate Risk,YELLOW,COM20
REAL-COM20-LOW_-00958,2026-09-19 16:13:21.175,124.72,2510.46,0.4157,836.82,418.62,0.2,Low Risk,Moderate Risk,YELLOW,COM20
REAL-COM20-LOW_-00959,2026-09-19 16:13:21.375,124.33,2525.52,0.4144,841.84,421.13,0.2,Low Risk,Moderate Risk,YELLOW,COM20
REAL-COM20-LOW_-00960,2026-09-19 16:13:21.572,126.28,2515.6,0.4209,838.5333,419.48,0.2,Low Risk,Moderate Risk,YELLOW,COM20
REAL-COM20-LOW_-00961,2026-09-19 16:13:21.774,126.29,2499.05,0.421,833.0167,416.72,0.2,Low Risk,Moderate Risk,YELLOW,COM20
REAL-COM20-LOW_-00962,2026-09-19 16:13:21.971,125.8,2504.0,0.4193,834.6667,417.54,0.2,Low Risk,Moderate Risk,YELLOW,COM20
REAL-COM20-LOW_-00963,2026-09-19 16:13:22.172,125.05,2513.73,0.4168,837.91,419.16,0.2,Low Risk,Moderate Risk,YELLOW,COM20
REAL-COM20-LOW_-00964,2026-09-19 16:13:22.375,125.57,2519.56,0.4186,839.8533,420.14,0.2,Low Risk,Moderate Risk,YELLOW,COM20
REAL-COM20-LOW_-00965,2026-09-19 16:13:22.574,125.24,2505.09,0.4175,835.03,417.72,0.2,Low Risk,Moderate Risk,YELLOW,COM20
REAL-COM20-LOW_-00966,2026-09-19 16:13:22.774,125.31,2470.12,0.4177,823.3733,411.9,0.2,Low Risk,Moderate Risk,YELLOW,COM20
REAL-COM20-LOW_-00967,2026-09-19 16:13:22.975,127.49,2494.02,0.425,831.34,415.88,0.2,Low Risk,Moderate Risk,YELLOW,COM20
REAL-COM20-LOW_-00968,2026-09-19 16:13:23.175,127.36,2511.97,0.4245,837.3233,418.87,0.2,Low Risk,Moderate Risk,YELLOW,COM20
REAL-COM20-LOW_-00969,2026-09-19 16:13:23.376,126.7,2506.94,0.4223,835.6467,418.03,0.2,Low Risk,Moderate Risk,YELLOW,COM20
REAL-COM20-LOW_-00970,2026-09-19 16:13:23.577,125.18,2512.29,0.4173,837.43,418.92,0.2,Low Risk,Moderate Risk,YELLOW,COM20
REAL-COM20-LOW_-00971,2026-09-19 16:13:23.767,124.25,2502.52,0.4142,834.1733,417.29,0.2,Low Risk,Moderate Risk,YELLOW,COM20
REAL-COM20-LOW_-00972,2026-09-19 16:13:23.971,126.02,2523.23,0.4201,841.0767,420.75,0.2,Low Risk,Moderate Risk,YELLOW,COM20
REAL-COM20-LOW_-00973,2026-09-19 16:13:24.177,124.9,2511.17,0.4163,837.0567,418.74,0.2,Low Risk,Moderate Risk,YELLOW,COM20
REAL-COM20-LOW_-00974,2026-09-19 16:13:24.371,125.26,2523.71,0.4175,841.2367,420.83,0.2,Low Risk,Moderate Risk,YELLOW,COM20
REAL-COM20-LOW_-00975,2026-09-19 16:13:24.572,124.53,2482.88,0.4151,827.6267,414.02,0.2,Low Risk,Moderate Risk,YELLOW,COM20
REAL-COM20-LOW_-00976,2026-09-19 16:13:24.773,123.6,2503.96,0.412,834.6533,417.53,0.2,Low Risk,Moderate Risk,YELLOW,COM20
REAL-COM20-LOW_-00977,2026-09-19 16:13:24.977,125.12,2513.65,0.4171,837.8833,419.15,0.2,Low Risk,Moderate Risk,YELLOW,COM20
REAL-COM20-LOW_-00978,2026-09-19 16:13:25.177,125.59,2527.72,0.4186,842.5733,421.5,0.2,Low Risk,Moderate Risk,YELLOW,COM20
REAL-COM20-LOW_-00979,2026-09-19 16:13:25.366,124.26,2517.06,0.4142,839.02,419.72,0.2,Low Risk,Moderate Risk,YELLOW,COM20
REAL-COM20-LOW_-00980,2026-09-19 16:13:25.575,127.18,2515.6,0.4239,838.5333,419.48,0.2,Low Risk,Moderate Risk,YELLOW,COM20
REAL-COM20-LOW_-00981,2026-09-19 16:13:25.775,125.3,2514.72,0.4177,838.24,419.33,0.2,Low Risk,Moderate Risk,YELLOW,COM20
REAL-COM20-LOW_-00982,2026-09-19 16:13:25.974,126.34,2518.93,0.4211,839.6433,420.03,0.2,Low Risk,Moderate Risk,YELLOW,COM20
REAL-COM20-LOW_-00983,2026-09-19 16:13:26.172,126.18,2518.65,0.4206,839.55,419.99,0.2,Low Risk,Moderate Risk,YELLOW,COM20
REAL-COM20-LOW_-00984,2026-09-19 16:13:26.373,124.99,2502.84,0.4166,834.28,417.35,0.2,Low Risk,Moderate Risk,YELLOW,COM20
REAL-COM20-LOW_-00985,2026-09-19 16:13:26.577,126.69,2493.58,0.4223,831.1933,415.81,0.2,Low Risk,Moderate Risk,YELLOW,COM20
REAL-COM20-LOW_-00986,2026-09-19 16:13:26.776,127.07,2510.22,0.4236,836.74,418.58,0.2,Low Risk,Moderate Risk,YELLOW,COM20
REAL-COM20-LOW_-00987,2026-09-19 16:13:26.972,123.53,2502.72,0.4118,834.24,417.33,0.2,Low Risk,Moderate Risk,YELLOW,COM20
REAL-COM20-LOW_-00988,2026-09-19 16:13:27.172,125.99,2514.76,0.42,838.2533,419.34,0.2,Low Risk,Moderate Risk,YELLOW,COM20
REAL-COM20-LOW_-00989,2026-09-19 16:13:27.372,126.24,2503.8,0.4208,834.6,417.51,0.2,Low Risk,Moderate Risk,YELLOW,COM20
REAL-COM20-LOW_-00990,2026-09-19 16:13:27.572,128.08,2492.89,0.4269,830.9633,415.69,0.2,Low Risk,Moderate Risk,YELLOW,COM20
REAL-COM20-LOW_-00991,2026-09-19 16:13:27.773,125.75,2506.41,0.4192,835.47,417.95,0.2,Low Risk,Moderate Risk,YELLOW,COM20
REAL-COM20-LOW_-00992,2026-09-19 16:13:27.975,123.67,2501.31,0.4122,833.77,417.09,0.2,Low Risk,Moderate Risk,YELLOW,COM20
REAL-COM20-LOW_-00993,2026-09-19 16:13:28.174,126.42,2518.21,0.4214,839.4033,419.91,0.2,Low Risk,Moderate Risk,YELLOW,COM20
REAL-COM20-LOW_-00994,2026-09-19 16:13:28.373,125.63,2509.7,0.4188,836.5667,418.49,0.2,Low Risk,Moderate Risk,YELLOW,COM20
REAL-COM20-LOW_-00995,2026-09-19 16:13:28.575,126.23,2497.59,0.4208,832.53,416.48,0.2,Low Risk,Moderate Risk,YELLOW,COM20
REAL-COM20-LOW_-00996,2026-09-19 16:13:28.776,124.87,2494.35,0.4162,831.45,415.93,0.2,Low Risk,Moderate Risk,YELLOW,COM20
REAL-COM20-LOW_-00997,2026-09-19 16:13:28.972,123.19,2479.76,0.4106,826.5867,413.5,0.2,Low Risk,Moderate Risk,YELLOW,COM20
REAL-COM20-LOW_-00998,2026-09-19 16:13:29.173,125.93,2507.06,0.4198,835.6867,418.05,0.2,Low Risk,Moderate Risk,YELLOW,COM20
REAL-COM20-LOW_-00999,2026-09-19 16:13:29.377,124.96,2493.46,0.4165,831.1533,415.78,0.2,Low Risk,Moderate Risk,YELLOW,COM20
REAL-COM20-LOW_-01000,2026-09-19 16:13:29.577,126.06,2505.09,0.4202,835.03,417.73,0.2,Low Risk,Moderate Risk,YELLOW,COM20
REAL-COM20-LOW_-01001,2026-09-19 16:13:29.776,126.23,2505.41,0.4208,835.1367,417.78,0.2,Low Risk,Moderate Risk,YELLOW,COM20
REAL-COM20-LOW_-01002,2026-09-19 16:13:29.972,124.79,2499.69,0.416,833.23,416.82,0.2,Low Risk,Moderate Risk,YELLOW,COM20
REAL-COM20-LOW_-01003,2026-09-19 16:13:30.175,123.15,2498.16,0.4105,832.72,416.56,0.2,Low Risk,Moderate Risk,YELLOW,COM20
REAL-COM20-LOW_-01004,2026-09-19 16:13:30.375,125.24,2510.38,0.4175,836.7933,418.6,0.2,Low Risk,Moderate Risk,YELLOW,COM20
REAL-COM20-LOW_-01005,2026-09-19 16:13:30.571,124.53,2501.39,0.4151,833.7967,417.11,0.2,Low Risk,Moderate Risk,YELLOW,COM20
REAL-COM20-LOW_-01006,2026-09-19 16:13:30.772,125.98,2507.82,0.4199,835.94,418.18,0.2,Low Risk,Moderate Risk,YELLOW,COM20
REAL-COM20-LOW_-01007,2026-09-19 16:13:30.973,124.99,2506.77,0.4166,835.59,418.0,0.2,Low Risk,Moderate Risk,YELLOW,COM20
REAL-COM20-LOW_-01008,2026-09-19 16:13:31.176,125.69,2507.9,0.419,835.9667,418.19,0.2,Low Risk,Moderate Risk,YELLOW,COM20
REAL-COM20-LOW_-01009,2026-09-19 16:13:31.376,127.26,2506.41,0.4242,835.47,417.95,0.2,Low Risk,Moderate Risk,YELLOW,COM20
REAL-COM20-LOW_-01010,2026-09-19 16:13:31.573,126.17,2499.69,0.4206,833.23,416.83,0.2,Low Risk,Moderate Risk,YELLOW,COM20
REAL-COM20-LOW_-01011,2026-09-19 16:13:31.776,126.32,2499.94,0.4211,833.3133,416.87,0.2,Low Risk,Moderate Risk,YELLOW,COM20
REAL-COM20-LOW_-01012,2026-09-19 16:13:31.975,126.36,2505.69,0.4212,835.23,417.83,0.2,Low Risk,Moderate Risk,YELLOW,COM20
REAL-COM20-LOW_-01013,2026-09-19 16:13:32.173,124.12,2505.17,0.4137,835.0567,417.74,0.2,Low Risk,Moderate Risk,YELLOW,COM20
REAL-COM20-LOW_-01014,2026-09-19 16:13:32.375,123.83,2519.32,0.4128,839.7733,420.09,0.2,Low Risk,Moderate Risk,YELLOW,COM20
REAL-COM20-LOW_-01015,2026-09-19 16:13:32.574,125.56,2514.0,0.4185,838.0,419.21,0.2,Low Risk,Moderate Risk,YELLOW,COM20
REAL-COM20-LOW_-01016,2026-09-19 16:13:32.776,123.98,2499.65,0.4133,833.2167,416.82,0.2,Low Risk,Moderate Risk,YELLOW,COM20
REAL-COM20-LOW_-01017,2026-09-19 16:13:32.976,124.97,2505.81,0.4166,835.27,417.84,0.2,Low Risk,Moderate Risk,YELLOW,COM20
REAL-COM20-LOW_-01018,2026-09-19 16:13:33.177,122.92,2484.15,0.4097,828.05,414.23,0.2,Low Risk,Moderate Risk,YELLOW,COM20
REAL-COM20-LOW_-01019,2026-09-19 16:13:33.374,125.89,2504.93,0.4196,834.9767,417.7,0.2,Low Risk,Moderate Risk,YELLOW,COM20
REAL-COM20-LOW_-01020,2026-09-19 16:13:33.576,126.46,2494.43,0.4215,831.4767,415.95,0.2,Low Risk,Moderate Risk,YELLOW,COM20
REAL-COM20-LOW_-01021,2026-09-19 16:13:33.775,126.31,2493.66,0.421,831.22,415.82,0.2,Low Risk,Moderate Risk,YELLOW,COM20
REAL-COM20-LOW_-01022,2026-09-19 16:13:33.976,124.58,2493.7,0.4153,831.2333,415.82,0.2,Low Risk,Moderate Risk,YELLOW,COM20
REAL-COM20-LOW_-01023,2026-09-19 16:13:34.176,126.16,2502.23,0.4205,834.0767,417.25,0.2,Low Risk,Moderate Risk,YELLOW,COM20
REAL-COM20-LOW_-01024,2026-09-19 16:13:34.373,125.9,2505.77,0.4197,835.2567,417.84,0.2,Low Risk,Moderate Risk,YELLOW,COM20
REAL-COM20-LOW_-01025,2026-09-19 16:13:34.577,127.2,2501.23,0.424,833.7433,417.08,0.2,Low Risk,Moderate Risk,YELLOW,COM20
REAL-COM20-LOW_-01026,2026-09-19 16:13:34.775,124.98,2510.9,0.4166,836.9667,418.69,0.2,Low Risk,Moderate Risk,YELLOW,COM20
REAL-COM20-LOW_-01027,2026-09-19 16:13:34.976,125.47,2501.47,0.4182,833.8233,417.12,0.2,Low Risk,Moderate Risk,YELLOW,COM20
REAL-COM20-LOW_-01028,2026-09-19 16:13:35.171,125.55,2511.02,0.4185,837.0067,418.71,0.2,Low Risk,Moderate Risk,YELLOW,COM20
REAL-COM20-LOW_-01029,2026-09-19 16:13:35.375,125.72,2508.1,0.4191,836.0333,418.23,0.2,Low Risk,Moderate Risk,YELLOW,COM20
REAL-COM20-LOW_-01030,2026-09-19 16:13:35.575,125.96,2502.4,0.4199,834.1333,417.28,0.2,Low Risk,Moderate Risk,YELLOW,COM20
REAL-COM20-LOW_-01031,2026-09-19 16:13:35.776,123.56,2511.77,0.4119,837.2567,418.83,0.2,Low Risk,Moderate Risk,YELLOW,COM20
REAL-COM20-LOW_-01032,2026-09-19 16:13:35.976,124.91,2503.6,0.4164,834.5333,417.48,0.2,Low Risk,Moderate Risk,YELLOW,COM20
REAL-COM20-LOW_-01033,2026-09-19 16:13:36.174,123.57,2512.65,0.4119,837.55,418.98,0.2,Low Risk,Moderate Risk,YELLOW,COM20
REAL-COM20-LOW_-01034,2026-09-19 16:13:36.375,125.84,2504.65,0.4195,834.8833,417.65,0.2,Low Risk,Moderate Risk,YELLOW,COM20
REAL-COM20-LOW_-01035,2026-09-19 16:13:36.575,125.8,2501.99,0.4193,833.9967,417.21,0.2,Low Risk,Moderate Risk,YELLOW,COM20
REAL-COM20-LOW_-01036,2026-09-19 16:13:36.769,125.1,2530.58,0.417,843.5267,421.97,0.2,Low Risk,Moderate Risk,YELLOW,COM20
REAL-COM20-LOW_-01037,2026-09-19 16:13:36.976,124.47,2512.17,0.4149,837.39,418.9,0.2,Low Risk,Moderate Risk,YELLOW,COM20
REAL-COM20-LOW_-01038,2026-09-19 16:13:37.176,124.61,2517.78,0.4154,839.26,419.84,0.2,Low Risk,Moderate Risk,YELLOW,COM20
REAL-COM20-LOW_-01039,2026-09-19 16:13:37.376,123.81,2514.6,0.4127,838.2,419.31,0.2,Low Risk,Moderate Risk,YELLOW,COM20
REAL-COM20-LOW_-01040,2026-09-19 16:13:37.573,125.03,2486.49,0.4168,828.83,414.62,0.2,Low Risk,Moderate Risk,YELLOW,COM20
REAL-COM20-LOW_-01041,2026-09-19 16:13:37.776,125.23,2518.25,0.4174,839.4167,419.92,0.2,Low Risk,Moderate Risk,YELLOW,COM20
REAL-COM20-LOW_-01042,2026-09-19 16:13:37.976,124.1,2524.57,0.4137,841.5233,420.97,0.2,Low Risk,Moderate Risk,YELLOW,COM20
REAL-COM20-LOW_-01043,2026-09-19 16:13:38.173,126.92,2529.21,0.4231,843.07,421.75,0.2,Low Risk,Moderate Risk,YELLOW,COM20
REAL-COM20-LOW_-01044,2026-09-19 16:13:38.374,123.74,2516.55,0.4125,838.85,419.63,0.2,Low Risk,Moderate Risk,YELLOW,COM20
REAL-COM20-LOW_-01045,2026-09-19 16:13:38.575,127.12,2520.35,0.4237,840.1167,420.27,0.2,Low Risk,Moderate Risk,YELLOW,COM20
REAL-COM20-LOW_-01046,2026-09-19 16:13:38.775,126.46,2506.98,0.4215,835.66,418.04,0.2,Low Risk,Moderate Risk,YELLOW,COM20
REAL-COM20-LOW_-01047,2026-09-19 16:13:38.975,126.1,2523.94,0.4203,841.3133,420.87,0.2,Low Risk,Moderate Risk,YELLOW,COM20
REAL-COM20-LOW_-01048,2026-09-19 16:13:39.176,125.92,2510.5,0.4197,836.8333,418.63,0.2,Low Risk,Moderate Risk,YELLOW,COM20
REAL-COM20-LOW_-01049,2026-09-19 16:13:39.376,122.56,2514.48,0.4085,838.16,419.28,0.2,Low Risk,Moderate Risk,YELLOW,COM20
REAL-COM20-LOW_-01050,2026-09-19 16:13:39.572,123.92,2536.89,0.4131,845.63,423.02,0.2,Low Risk,Moderate Risk,YELLOW,COM20
REAL-COM20-LOW_-01051,2026-09-19 16:13:39.776,124.36,2533.23,0.4145,844.41,422.41,0.2,Low Risk,Moderate Risk,YELLOW,COM20
REAL-COM20-LOW_-01052,2026-09-19 16:13:39.975,125.55,2522.92,0.4185,840.9733,420.7,0.2,Low Risk,Moderate Risk,YELLOW,COM20
REAL-COM20-LOW_-01053,2026-09-19 16:13:40.176,124.92,2502.96,0.4164,834.32,417.37,0.2,Low Risk,Moderate Risk,YELLOW,COM20
REAL-COM20-LOW_-01054,2026-09-19 16:13:40.372,125.66,2520.67,0.4189,840.2233,420.32,0.2,Low Risk,Moderate Risk,YELLOW,COM20
REAL-COM20-LOW_-01055,2026-09-19 16:13:40.574,123.47,2503.04,0.4116,834.3467,417.38,0.2,Low Risk,Moderate Risk,YELLOW,COM20
REAL-COM20-LOW_-01056,2026-09-19 16:13:40.777,125.87,2506.41,0.4196,835.47,417.95,0.2,Low Risk,Moderate Risk,YELLOW,COM20
REAL-COM20-LOW_-01057,2026-09-19 16:13:40.977,124.92,2520.19,0.4164,840.0633,420.24,0.2,Low Risk,Moderate Risk,YELLOW,COM20
REAL-COM20-LOW_-01058,2026-09-19 16:13:41.173,125.94,2512.49,0.4198,837.4967,418.96,0.2,Low Risk,Moderate Risk,YELLOW,COM20
REAL-COM20-LOW_-01059,2026-09-19 16:13:41.376,124.57,2516.79,0.4152,838.93,419.67,0.2,Low Risk,Moderate Risk,YELLOW,COM20
REAL-COM20-LOW_-01060,2026-09-19 16:13:41.576,126.67,2497.11,0.4222,832.37,416.4,0.2,Low Risk,Moderate Risk,YELLOW,COM20
REAL-COM20-LOW_-01061,2026-09-19 16:13:41.772,126.28,2502.64,0.4209,834.2133,417.32,0.2,Low Risk,Moderate Risk,YELLOW,COM20
REAL-COM20-LOW_-01062,2026-09-19 16:13:41.970,125.11,2489.63,0.417,829.8767,415.15,0.2,Low Risk,Moderate Risk,YELLOW,COM20
REAL-COM20-LOW_-01063,2026-09-19 16:13:42.167,124.9,2508.26,0.4163,836.0867,418.25,0.2,Low Risk,Moderate Risk,YELLOW,COM20
REAL-COM20-LOW_-01064,2026-09-19 16:13:42.371,123.56,2501.83,0.4119,833.9433,417.18,0.2,Low Risk,Moderate Risk,YELLOW,COM20
REAL-COM20-LOW_-01065,2026-09-19 16:13:42.573,124.61,2499.61,0.4154,833.2033,416.81,0.2,Low Risk,Moderate Risk,YELLOW,COM20
REAL-COM20-LOW_-01066,2026-09-19 16:13:42.775,125.78,2521.18,0.4193,840.3933,420.41,0.2,Low Risk,Moderate Risk,YELLOW,COM20
REAL-COM20-LOW_-01067,2026-09-19 16:13:42.975,126.4,2520.71,0.4213,840.2367,420.33,0.2,Low Risk,Moderate Risk,YELLOW,COM20
REAL-COM20-LOW_-01068,2026-09-19 16:13:43.173,125.17,2508.74,0.4172,836.2467,418.33,0.2,Low Risk,Moderate Risk,YELLOW,COM20
REAL-COM20-LOW_-01069,2026-09-19 16:13:43.373,126.68,2525.91,0.4223,841.97,421.2,0.2,Low Risk,Moderate Risk,YELLOW,COM20
REAL-COM20-LOW_-01070,2026-09-19 16:13:43.569,125.36,2557.68,0.4179,852.56,426.49,0.2,Low Risk,Moderate Risk,YELLOW,COM20
REAL-COM20-LOW_-01071,2026-09-19 16:13:43.776,124.13,2532.88,0.4138,844.2933,422.35,0.2,Low Risk,Moderate Risk,YELLOW,COM20
REAL-COM20-LOW_-01072,2026-09-19 16:13:43.973,124.83,2541.66,0.4161,847.22,423.82,0.2,Low Risk,Moderate Risk,YELLOW,COM20
REAL-COM20-LOW_-01073,2026-09-19 16:13:44.172,125.14,2548.17,0.4171,849.39,424.9,0.2,Low Risk,Moderate Risk,YELLOW,COM20
REAL-COM20-LOW_-01074,2026-09-19 16:13:44.376,124.94,2543.28,0.4165,847.76,424.09,0.2,Low Risk,Moderate Risk,YELLOW,COM20
REAL-COM20-LOW_-01075,2026-09-19 16:13:44.575,126.49,2538.18,0.4216,846.06,423.24,0.2,Low Risk,Moderate Risk,YELLOW,COM20
REAL-COM20-LOW_-01076,2026-09-19 16:13:44.772,126.12,2538.14,0.4204,846.0467,423.23,0.2,Low Risk,Moderate Risk,YELLOW,COM20
REAL-COM20-LOW_-01077,2026-09-19 16:13:44.976,126.21,2550.51,0.4207,850.17,425.3,0.2,Low Risk,Moderate Risk,YELLOW,COM20
REAL-COM20-LOW_-01078,2026-09-19 16:13:45.176,123.11,2561.02,0.4104,853.6733,427.04,0.2,Low Risk,Moderate Risk,YELLOW,COM20
REAL-COM20-LOW_-01079,2026-09-19 16:13:45.372,125.01,2545.33,0.4167,848.4433,424.43,0.2,Low Risk,Moderate Risk,YELLOW,COM20
REAL-COM20-LOW_-01080,2026-09-19 16:13:45.576,125.9,2556.27,0.4197,852.09,426.26,0.2,Low Risk,Moderate Risk,YELLOW,COM20
REAL-COM20-LOW_-01081,2026-09-19 16:13:45.773,124.8,2552.16,0.416,850.72,425.57,0.2,Low Risk,Moderate Risk,YELLOW,COM20
REAL-COM20-LOW_-01082,2026-09-19 16:13:45.976,126.41,2541.39,0.4214,847.13,423.78,0.2,Low Risk,Moderate Risk,YELLOW,COM20
REAL-COM20-LOW_-01083,2026-09-19 16:13:46.175,125.94,2565.09,0.4198,855.03,427.73,0.2,Low Risk,Moderate Risk,YELLOW,COM20
REAL-COM20-LOW_-01084,2026-09-19 16:13:46.376,125.27,2554.83,0.4176,851.61,426.01,0.2,Low Risk,Moderate Risk,YELLOW,COM20
REAL-COM20-LOW_-01085,2026-09-19 16:13:46.572,125.18,2539.07,0.4173,846.3567,423.39,0.2,Low Risk,Moderate Risk,YELLOW,COM20
REAL-COM20-LOW_-01086,2026-09-19 16:13:46.774,125.05,2543.21,0.4168,847.7367,424.08,0.2,Low Risk,Moderate Risk,YELLOW,COM20
REAL-COM20-LOW_-01087,2026-09-19 16:13:46.977,125.13,2558.86,0.4171,852.9533,426.68,0.2,Low Risk,Moderate Risk,YELLOW,COM20
REAL-COM20-LOW_-01088,2026-09-19 16:13:47.172,125.63,2571.29,0.4188,857.0967,428.76,0.2,Low Risk,Moderate Risk,YELLOW,COM20
REAL-COM20-LOW_-01089,2026-09-19 16:13:47.373,126.03,2548.06,0.4201,849.3533,424.89,0.2,Low Risk,Moderate Risk,YELLOW,COM20
REAL-COM20-LOW_-01090,2026-09-19 16:13:47.575,126.49,2551.51,0.4216,850.5033,425.46,0.2,Low Risk,Moderate Risk,YELLOW,COM20
REAL-COM20-LOW_-01091,2026-09-19 16:13:47.772,124.79,2555.97,0.416,851.99,426.2,0.2,Low Risk,Moderate Risk,YELLOW,COM20
REAL-COM20-LOW_-01092,2026-09-19 16:13:47.975,124.19,2566.56,0.414,855.52,427.97,0.2,Low Risk,Moderate Risk,YELLOW,COM20
REAL-COM20-LOW_-01093,2026-09-19 16:13:48.176,124.89,2554.48,0.4163,851.4933,425.96,0.2,Low Risk,Moderate Risk,YELLOW,COM20
REAL-COM20-LOW_-01094,2026-09-19 16:13:48.377,123.97,2571.03,0.4132,857.01,428.71,0.2,Low Risk,Moderate Risk,YELLOW,COM20
REAL-COM20-LOW_-01095,2026-09-19 16:13:48.576,124.81,2558.17,0.416,852.7233,426.57,0.2,Low Risk,Moderate Risk,YELLOW,COM20
REAL-COM20-LOW_-01096,2026-09-19 16:13:48.775,122.49,2558.97,0.4083,852.99,426.7,0.2,Low Risk,Moderate Risk,YELLOW,COM20
REAL-COM20-LOW_-01097,2026-09-19 16:13:48.976,127.12,2566.56,0.4237,855.52,427.97,0.2,Low Risk,Moderate Risk,YELLOW,COM20
REAL-COM20-LOW_-01098,2026-09-19 16:13:49.177,123.35,2578.1,0.4112,859.3667,429.89,0.2,Low Risk,Moderate Risk,YELLOW,COM20
REAL-COM20-LOW_-01099,2026-09-19 16:13:49.376,123.71,2560.22,0.4124,853.4067,426.91,0.2,Low Risk,Moderate Risk,YELLOW,COM20
REAL-COM20-LOW_-01100,2026-09-19 16:13:49.576,125.8,2563.93,0.4193,854.6433,427.53,0.2,Low Risk,Moderate Risk,YELLOW,COM20
REAL-COM20-LOW_-01101,2026-09-19 16:13:49.776,125.58,2562.53,0.4186,854.1767,427.3,0.2,Low Risk,Moderate Risk,YELLOW,COM20
REAL-COM20-LOW_-01102,2026-09-19 16:13:49.976,125.11,2561.81,0.417,853.9367,427.18,0.2,Low Risk,Moderate Risk,YELLOW,COM20
REAL-COM20-LOW_-01103,2026-09-19 16:13:50.176,124.46,2555.44,0.4149,851.8133,426.11,0.2,Low Risk,Moderate Risk,YELLOW,COM20
REAL-COM20-LOW_-01104,2026-09-19 16:13:50.377,125.68,2564.53,0.4189,854.8433,427.63,0.2,Low Risk,Moderate Risk,YELLOW,COM20
REAL-COM20-LOW_-01105,2026-09-19 16:13:50.575,145.32,2568.48,0.4844,856.16,428.32,0.2,Low Risk,Moderate Risk,YELLOW,COM20
REAL-COM20-LOW_-01106,2026-09-19 16:13:50.776,140.27,2560.64,0.4676,853.5467,427.01,0.2,Low Risk,Moderate Risk,YELLOW,COM20
REAL-COM20-LOW_-01107,2026-09-19 16:13:50.967,141.05,2564.3,0.4702,854.7667,427.62,0.2,Low Risk,Moderate Risk,YELLOW,COM20
REAL-COM20-LOW_-01108,2026-09-19 16:13:51.176,138.36,2500.98,0.4612,833.66,417.06,0.2,Low Risk,Moderate Risk,YELLOW,COM20
REAL-COM20-LOW_-01109,2026-09-19 16:13:51.375,0.32,2502.64,0.0011,834.2133,417.11,0.2,Low Risk,Moderate Risk,YELLOW,COM20
REAL-COM20-LOW_-01110,2026-09-19 16:13:51.577,0.16,2491.71,0.0005,830.57,415.28,0.2,Low Risk,Moderate Risk,YELLOW,COM20
REAL-COM20-LOW_-01111,2026-09-19 16:13:51.777,0.05,2487.88,0.0002,829.2933,414.65,0.2,Low Risk,Moderate Risk,YELLOW,COM20
REAL-COM20-LOW_-01112,2026-09-19 16:13:51.976,0.01,2521.97,0.0,840.6567,420.33,0.2,Low Risk,Moderate Risk,YELLOW,COM20
REAL-COM20-LOW_-01113,2026-09-19 16:13:52.168,0.5,2496.38,0.0017,832.1267,416.06,0.2,Low Risk,Moderate Risk,YELLOW,COM20
REAL-COM20-LOW_-01114,2026-09-19 16:13:52.376,58.91,2491.06,0.1964,830.3533,415.27,0.2,Low Risk,Moderate Risk,YELLOW,COM20
REAL-COM20-LOW_-01115,2026-09-19 16:13:52.573,56.5,2496.94,0.1883,832.3133,416.25,0.2,Low Risk,Moderate Risk,YELLOW,COM20
REAL-COM20-LOW_-01116,2026-09-19 16:13:52.772,62.48,2493.7,0.2083,831.2333,415.72,0.2,Low Risk,Moderate Risk,YELLOW,COM20
REAL-COM20-LOW_-01117,2026-09-19 16:13:52.972,0.0,2446.13,0.0,815.3767,407.69,0.2,Low Risk,Moderate Risk,YELLOW,COM20
REAL-COM20-LOW_-01118,2026-09-19 16:13:53.168,0.0,2476.83,0.0,825.61,412.8,0.2,Low Risk,Moderate Risk,YELLOW,COM20
REAL-COM20-LOW_-01119,2026-09-19 16:13:53.373,0.0,2549.48,0.0,849.8267,424.91,0.2,Low Risk,Moderate Risk,YELLOW,COM20
REAL-COM20-LOW_-01120,2026-09-19 16:13:53.572,0.0,2355.91,0.0,785.3033,392.65,0.3,Low Risk,Moderate Risk,YELLOW,COM20
REAL-COM20-LOW_-01121,2026-09-19 16:13:53.772,0.0,1995.36,0.0,665.12,332.56,0.3,Low Risk,Moderate Risk,YELLOW,COM20
REAL-COM20-LOW_-01122,2026-09-19 16:13:53.973,0.0,2018.64,0.0,672.88,336.44,0.3,Low Risk,Moderate Risk,YELLOW,COM20
REAL-COM20-LOW_-01123,2026-09-19 16:13:54.172,0.0,1996.27,0.0,665.4233,332.71,0.3,Low Risk,Moderate Risk,YELLOW,COM20
REAL-COM20-LOW_-01124,2026-09-19 16:13:54.371,0.0,1932.86,0.0,644.2867,322.14,0.3,Low Risk,Moderate Risk,YELLOW,COM20
REAL-COM20-LOW_-01125,2026-09-19 16:13:54.575,0.0,2021.57,0.0,673.8567,336.93,0.3,Low Risk,Moderate Risk,YELLOW,COM20
REAL-COM20-LOW_-01126,2026-09-19 16:13:54.771,0.0,2067.52,0.0,689.1733,344.59,0.3,Low Risk,Moderate Risk,YELLOW,COM20
REAL-COM20-LOW_-01127,2026-09-19 16:13:54.977,0.0,2081.93,0.0,693.9767,346.99,0.3,Low Risk,Moderate Risk,YELLOW,COM20
REAL-COM20-LOW_-01128,2026-09-19 16:13:55.172,0.0,2122.96,0.0,707.6533,353.83,0.3,Low Risk,Moderate Risk,YELLOW,COM20
REAL-COM20-LOW_-01129,2026-09-19 16:13:55.374,0.0,2149.71,0.0,716.57,358.28,0.3,Low Risk,Moderate Risk,YELLOW,COM20
REAL-COM20-LOW_-01130,2026-09-19 16:13:55.572,0.0,2135.41,0.0,711.8033,355.9,0.3,Low Risk,Moderate Risk,YELLOW,COM20
REAL-COM20-LOW_-01131,2026-09-19 16:13:55.777,0.0,2139.64,0.0,713.2133,356.61,0.3,Low Risk,Moderate Risk,YELLOW,COM20
REAL-COM20-LOW_-01132,2026-09-19 16:13:55.973,0.0,2245.31,0.0,748.4367,374.22,0.3,Low Risk,Moderate Risk,YELLOW,COM20
REAL-COM20-LOW_-01133,2026-09-19 16:13:56.170,0.0,2276.09,0.0,758.6967,379.35,0.3,Low Risk,Moderate Risk,YELLOW,COM20
REAL-COM20-LOW_-01134,2026-09-19 16:13:56.375,0.0,2218.63,0.0,739.5433,369.77,0.3,Low Risk,Moderate Risk,YELLOW,COM20
REAL-COM20-LOW_-01135,2026-09-19 16:13:56.576,0.0,2142.97,0.0,714.3233,357.16,0.3,Low Risk,Moderate Risk,YELLOW,COM20
REAL-COM20-LOW_-01136,2026-09-19 16:13:56.773,0.06,2098.73,0.0002,699.5767,349.79,0.3,Low Risk,Moderate Risk,YELLOW,COM20
REAL-COM20-LOW_-01137,2026-09-19 16:13:56.972,0.0,2098.94,0.0,699.6467,349.82,0.3,Low Risk,Moderate Risk,YELLOW,COM20
REAL-COM20-LOW_-01138,2026-09-19 16:13:57.177,0.0,2231.88,0.0,743.96,371.98,0.3,Low Risk,Moderate Risk,YELLOW,COM20
REAL-COM20-LOW_-01139,2026-09-19 16:13:57.372,0.0,2214.44,0.0,738.1467,369.07,0.3,Low Risk,Moderate Risk,YELLOW,COM20
REAL-COM20-LOW_-01140,2026-09-19 16:13:57.572,0.0,2248.58,0.0,749.5267,374.76,0.3,Low Risk,Moderate Risk,YELLOW,COM20
REAL-COM20-LOW_-01141,2026-09-19 16:13:57.770,0.0,2223.41,0.0,741.1367,370.57,0.3,Low Risk,Moderate Risk,YELLOW,COM20
REAL-COM20-LOW_-01142,2026-09-19 16:13:57.976,0.0,2342.43,0.0,780.81,390.4,0.3,Low Risk,Moderate Risk,YELLOW,COM20
REAL-COM20-LOW_-01143,2026-09-19 16:13:58.171,0.0,2293.07,0.0,764.3567,382.18,0.3,Low Risk,Moderate Risk,YELLOW,COM20
REAL-COM20-LOW_-01144,2026-09-19 16:13:58.376,0.0,2398.4,0.0,799.4667,399.73,0.2,Low Risk,Moderate Risk,YELLOW,COM20
REAL-COM20-LOW_-01145,2026-09-19 16:13:58.574,0.0,2453.2,0.0,817.7333,408.87,0.2,Low Risk,Moderate Risk,YELLOW,COM20
REAL-COM20-LOW_-01146,2026-09-19 16:13:58.773,0.0,2407.39,0.0,802.4633,401.23,0.2,Low Risk,Moderate Risk,YELLOW,COM20
REAL-COM20-LOW_-01147,2026-09-19 16:13:58.973,0.0,2372.37,0.0,790.79,395.4,0.3,Low Risk,Moderate Risk,YELLOW,COM20
REAL-COM20-LOW_-01148,2026-09-19 16:13:59.174,0.0,2270.07,0.0,756.69,378.34,0.3,Low Risk,Moderate Risk,YELLOW,COM20
REAL-COM20-LOW_-01149,2026-09-19 16:13:59.375,0.0,2313.06,0.0,771.02,385.51,0.3,Low Risk,Moderate Risk,YELLOW,COM20
REAL-COM20-LOW_-01150,2026-09-19 16:13:59.567,0.0,2350.03,0.0,783.3433,391.67,0.3,Low Risk,Moderate Risk,YELLOW,COM20
REAL-COM20-LOW_-01151,2026-09-19 16:13:59.772,0.0,2192.36,0.0,730.7867,365.39,0.3,Low Risk,Moderate Risk,YELLOW,COM20
REAL-COM20-LOW_-01152,2026-09-19 16:13:59.972,0.0,2328.01,0.0,776.0033,388.0,0.3,Low Risk,Moderate Risk,YELLOW,COM20
REAL-COM20-LOW_-01153,2026-09-19 16:14:00.170,0.0,2359.24,0.0,786.4133,393.21,0.3,Low Risk,Moderate Risk,YELLOW,COM20
REAL-COM20-LOW_-01154,2026-09-19 16:14:00.376,0.0,2257.35,0.0,752.45,376.22,0.3,Low Risk,Moderate Risk,YELLOW,COM20
REAL-COM20-LOW_-01155,2026-09-19 16:14:00.573,0.0,2200.85,0.0,733.6167,366.81,0.3,Low Risk,Moderate Risk,YELLOW,COM20
REAL-COM20-LOW_-01156,2026-09-19 16:14:00.772,0.0,2213.28,0.0,737.76,368.88,0.3,Low Risk,Moderate Risk,YELLOW,COM20
REAL-COM20-LOW_-01157,2026-09-19 16:14:00.975,0.18,2282.82,0.0006,760.94,380.47,0.3,Low Risk,Moderate Risk,YELLOW,COM20
REAL-COM20-LOW_-01158,2026-09-19 16:14:01.175,0.0,2260.29,0.0,753.43,376.72,0.3,Low Risk,Moderate Risk,YELLOW,COM20
REAL-COM20-LOW_-01159,2026-09-19 16:14:01.375,0.0,2238.41,0.0,746.1367,373.07,0.3,Low Risk,Moderate Risk,YELLOW,COM20
REAL-COM20-LOW_-01160,2026-09-19 16:14:01.572,0.0,2306.57,0.0,768.8567,384.43,0.3,Low Risk,Moderate Risk,YELLOW,COM20
REAL-COM20-LOW_-01161,2026-09-19 16:14:01.772,0.0,2238.26,0.0,746.0867,373.04,0.3,Low Risk,Moderate Risk,YELLOW,COM20
REAL-COM20-LOW_-01162,2026-09-19 16:14:01.976,0.45,2289.71,0.0015,763.2367,381.62,0.3,Low Risk,Moderate Risk,YELLOW,COM20
REAL-COM20-LOW_-01163,2026-09-19 16:14:02.176,0.01,2215.15,0.0,738.3833,369.19,0.3,Low Risk,Moderate Risk,YELLOW,COM20
REAL-COM20-LOW_-01164,2026-09-19 16:14:02.367,0.0,2261.22,0.0,753.74,376.87,0.3,Low Risk,Moderate Risk,YELLOW,COM20
REAL-COM20-LOW_-01165,2026-09-19 16:14:02.573,0.0,2244.42,0.0,748.14,374.07,0.3,Low Risk,Moderate Risk,YELLOW,COM20
REAL-COM20-LOW_-01166,2026-09-19 16:14:02.774,0.0,2231.73,0.0,743.91,371.95,0.3,Low Risk,Moderate Risk,YELLOW,COM20
REAL-COM20-LOW_-01167,2026-09-19 16:14:02.972,0.0,2227.02,0.0,742.34,371.17,0.3,Low Risk,Moderate Risk,YELLOW,COM20
REAL-COM20-LOW_-01168,2026-09-19 16:14:03.176,0.0,2239.16,0.0,746.3867,373.19,0.3,Low Risk,Moderate Risk,YELLOW,COM20
REAL-COM20-LOW_-01169,2026-09-19 16:14:03.376,0.0,2194.77,0.0,731.59,365.79,0.3,Low Risk,Moderate Risk,YELLOW,COM20
REAL-COM20-LOW_-01170,2026-09-19 16:14:03.575,0.0,2219.08,0.0,739.6933,369.85,0.3,Low Risk,Moderate Risk,YELLOW,COM20
REAL-COM20-LOW_-01171,2026-09-19 16:14:03.772,0.0,2231.48,0.0,743.8267,371.91,0.3,Low Risk,Moderate Risk,YELLOW,COM20
REAL-COM20-LOW_-01172,2026-09-19 16:14:03.973,0.0,2228.98,0.0,742.9933,371.5,0.3,Low Risk,Moderate Risk,YELLOW,COM20
REAL-COM20-LOW_-01173,2026-09-19 16:14:04.171,0.0,2218.48,0.0,739.4933,369.75,0.3,Low Risk,Moderate Risk,YELLOW,COM20
REAL-COM20-LOW_-01174,2026-09-19 16:14:04.372,0.0,2211.46,0.0,737.1533,368.58,0.3,Low Risk,Moderate Risk,YELLOW,COM20
REAL-COM20-LOW_-01175,2026-09-19 16:14:04.572,0.15,2232.63,0.0005,744.21,372.1,0.3,Low Risk,Moderate Risk,YELLOW,COM20
REAL-COM20-LOW_-01176,2026-09-19 16:14:04.772,0.0,2193.18,0.0,731.06,365.53,0.3,Low Risk,Moderate Risk,YELLOW,COM20
REAL-COM20-LOW_-01177,2026-09-19 16:14:04.976,0.0,2230.68,0.0,743.56,371.78,0.3,Low Risk,Moderate Risk,YELLOW,COM20
REAL-COM20-LOW_-01178,2026-09-19 16:14:05.176,0.0,2222.71,0.0,740.9033,370.45,0.3,Low Risk,Moderate Risk,YELLOW,COM20
REAL-COM20-LOW_-01179,2026-09-19 16:14:05.377,0.0,2243.62,0.0,747.8733,373.94,0.3,Low Risk,Moderate Risk,YELLOW,COM20
REAL-COM20-LOW_-01180,2026-09-19 16:14:05.576,0.01,2223.61,0.0,741.2033,370.6,0.3,Low Risk,Moderate Risk,YELLOW,COM20
REAL-COM20-LOW_-01181,2026-09-19 16:14:05.775,0.14,2222.1,0.0005,740.7,370.35,0.3,Low Risk,Moderate Risk,YELLOW,COM20
REAL-COM20-LOW_-01182,2026-09-19 16:14:05.976,0.0,2220.04,0.0,740.0133,370.01,0.3,Low Risk,Moderate Risk,YELLOW,COM20
