sample_id,timestamp,tds_mg_l,turbidity_ntu,r_tds,r_turb,ari,ass_score,ground_truth,ml_predicted_risk,led_indicator,com_port
REAL-COM20-LOW_-00001,2026-09-19 16:19:58.919,0.0,1.0,0.0,0.3333,0.1666,85.72,Low Risk,Low Risk,GREEN,COM20
REAL-COM20-LOW_-00002,2026-09-19 16:19:58.919,0.0,0.0,0.0,0.0,0.0,100.0,Low Risk,Low Risk,GREEN,COM20
REAL-COM20-LOW_-00003,2026-09-19 16:19:58.919,0.0,0.0,0.0,0.0,0.0,100.0,Low Risk,Low Risk,GREEN,COM20
REAL-COM20-LOW_-00004,2026-09-19 16:19:58.919,0.0,3.0,0.0,1.0,0.5,66.67,Low Risk,Moderate Risk,YELLOW,COM20
REAL-COM20-LOW_-00005,2026-09-19 16:19:58.919,0.0,40078000.0,0.0,13359333.3333,6679666.6667,0.0,Low Risk,High Risk,RED,COM20
REAL-COM20-LOW_-00006,2026-09-19 16:19:58.919,0.0,40080400.0,0.0,13360133.3333,6680066.6667,0.0,Low Risk,High Risk,RED,COM20
REAL-COM20-LOW_-00007,2026-09-19 16:19:58.919,0.0,40080404.0,0.0,13360134.6667,6680067.3333,0.0,Low Risk,High Risk,RED,COM20
REAL-COM20-LOW_-00008,2026-09-19 16:19:58.919,0.0,400805.0,0.0,133601.6667,66800.8334,0.0,Low Risk,High Risk,RED,COM20
REAL-COM20-LOW_-00009,2026-09-19 16:20:06.478,192.168,0.4,0.6406,0.1333,0.3869,72.1,Low Risk,Moderate Risk,YELLOW,COM20
REAL-COM20-LOW_-00010,2026-09-19 16:20:06.497,118.86,15.76,0.3962,5.2533,2.82,26.1,Low Risk,Moderate Risk,YELLOW,COM20
REAL-COM20-LOW_-00011,2026-09-19 16:20:06.693,118.9,15.94,0.3963,5.3133,2.86,25.9,Low Risk,Moderate Risk,YELLOW,COM20
REAL-COM20-LOW_-00012,2026-09-19 16:20:06.899,117.36,15.76,0.3912,5.2533,2.82,26.2,Low Risk,Moderate Risk,YELLOW,COM20
REAL-COM20-LOW_-00013,2026-09-19 16:20:07.096,118.42,15.84,0.3947,5.28,2.84,26.1,Low Risk,Moderate Risk,YELLOW,COM20
REAL-COM20-LOW_-00014,2026-09-19 16:20:07.295,119.01,15.49,0.3967,5.1633,2.78,26.5,Low Risk,Moderate Risk,YELLOW,COM20
REAL-COM20-LOW_-00015,2026-09-19 16:20:07.491,117.74,15.8,0.3925,5.2667,2.83,26.1,Low Risk,Moderate Risk,YELLOW,COM20
REAL-COM20-LOW_-00016,2026-09-19 16:20:07.692,117.06,15.67,0.3902,5.2233,2.81,26.3,Low Risk,Moderate Risk,YELLOW,COM20
REAL-COM20-LOW_-00017,2026-09-19 16:20:07.892,117.73,15.56,0.3924,5.1867,2.79,26.4,Low Risk,Moderate Risk,YELLOW,COM20
REAL-COM20-LOW_-00018,2026-09-19 16:20:08.093,118.82,15.53,0.3961,5.1767,2.79,26.4,Low Risk,Moderate Risk,YELLOW,COM20
REAL-COM20-LOW_-00019,2026-09-19 16:20:08.291,116.72,15.52,0.3891,5.1733,2.78,26.4,Low Risk,Moderate Risk,YELLOW,COM20
REAL-COM20-LOW_-00020,2026-09-19 16:20:08.492,118.99,15.3,0.3966,5.1,2.75,26.7,Low Risk,Moderate Risk,YELLOW,COM20
REAL-COM20-LOW_-00021,2026-09-19 16:20:08.690,118.04,15.68,0.3935,5.2267,2.81,26.2,Low Risk,Moderate Risk,YELLOW,COM20
REAL-COM20-LOW_-00022,2026-09-19 16:20:08.891,116.82,15.93,0.3894,5.31,2.85,26.0,Low Risk,Moderate Risk,YELLOW,COM20
REAL-COM20-LOW_-00023,2026-09-19 16:20:09.090,116.48,15.57,0.3883,5.19,2.79,26.4,Low Risk,Moderate Risk,YELLOW,COM20
REAL-COM20-LOW_-00024,2026-09-19 16:20:09.299,116.85,15.44,0.3895,5.1467,2.77,26.5,Low Risk,Moderate Risk,YELLOW,COM20
REAL-COM20-LOW_-00025,2026-09-19 16:20:09.494,117.47,15.46,0.3916,5.1533,2.77,26.5,Low Risk,Moderate Risk,YELLOW,COM20
REAL-COM20-LOW_-00026,2026-09-19 16:20:09.692,119.5,15.59,0.3983,5.1967,2.8,26.3,Low Risk,Moderate Risk,YELLOW,COM20
REAL-COM20-LOW_-00027,2026-09-19 16:20:09.899,119.73,15.53,0.3991,5.1767,2.79,26.4,Low Risk,Moderate Risk,YELLOW,COM20
REAL-COM20-LOW_-00028,2026-09-19 16:20:10.094,118.21,15.67,0.394,5.2233,2.81,26.3,Low Risk,Moderate Risk,YELLOW,COM20
REAL-COM20-LOW_-00029,2026-09-19 16:20:10.291,117.33,15.54,0.3911,5.18,2.79,26.4,Low Risk,Moderate Risk,YELLOW,COM20
REAL-COM20-LOW_-00030,2026-09-19 16:20:10.498,117.64,15.6,0.3921,5.2,2.8,26.3,Low Risk,Moderate Risk,YELLOW,COM20
REAL-COM20-LOW_-00031,2026-09-19 16:20:10.698,120.75,15.36,0.4025,5.12,2.76,26.6,Low Risk,Moderate Risk,YELLOW,COM20
REAL-COM20-LOW_-00032,2026-09-19 16:20:10.892,117.38,15.4,0.3913,5.1333,2.76,26.6,Low Risk,Moderate Risk,YELLOW,COM20
REAL-COM20-LOW_-00033,2026-09-19 16:20:11.091,118.5,15.5,0.395,5.1667,2.78,26.5,Low Risk,Moderate Risk,YELLOW,COM20
REAL-COM20-LOW_-00034,2026-09-19 16:20:11.297,118.99,15.68,0.3966,5.2267,2.81,26.2,Low Risk,Moderate Risk,YELLOW,COM20
REAL-COM20-LOW_-00035,2026-09-19 16:20:11.492,118.15,15.56,0.3938,5.1867,2.79,26.4,Low Risk,Moderate Risk,YELLOW,COM20
REAL-COM20-LOW_-00036,2026-09-19 16:20:11.690,118.94,15.7,0.3965,5.2333,2.82,26.2,Low Risk,Moderate Risk,YELLOW,COM20
REAL-COM20-LOW_-00037,2026-09-19 16:20:11.892,116.12,15.78,0.3871,5.26,2.82,26.1,Low Risk,Moderate Risk,YELLOW,COM20
REAL-COM20-LOW_-00038,2026-09-19 16:20:12.093,119.49,15.55,0.3983,5.1833,2.79,26.4,Low Risk,Moderate Risk,YELLOW,COM20
REAL-COM20-LOW_-00039,2026-09-19 16:20:12.298,117.88,15.49,0.3929,5.1633,2.78,26.5,Low Risk,Moderate Risk,YELLOW,COM20
REAL-COM20-LOW_-00040,2026-09-19 16:20:12.499,117.89,15.58,0.393,5.1933,2.79,26.4,Low Risk,Moderate Risk,YELLOW,COM20
REAL-COM20-LOW_-00041,2026-09-19 16:20:12.697,116.96,15.24,0.3899,5.08,2.73,26.8,Low Risk,Moderate Risk,YELLOW,COM20
REAL-COM20-LOW_-00042,2026-09-19 16:20:12.895,118.25,15.57,0.3942,5.19,2.79,26.4,Low Risk,Moderate Risk,YELLOW,COM20
REAL-COM20-LOW_-00043,2026-09-19 16:20:13.094,116.0,15.63,0.3867,5.21,2.8,26.3,Low Risk,Moderate Risk,YELLOW,COM20
REAL-COM20-LOW_-00044,2026-09-19 16:20:13.299,118.25,15.52,0.3942,5.1733,2.78,26.4,Low Risk,Moderate Risk,YELLOW,COM20
REAL-COM20-LOW_-00045,2026-09-19 16:20:13.499,117.17,15.3,0.3906,5.1,2.75,26.7,Low Risk,Moderate Risk,YELLOW,COM20
REAL-COM20-LOW_-00046,2026-09-19 16:20:13.694,116.83,15.57,0.3894,5.19,2.79,26.4,Low Risk,Moderate Risk,YELLOW,COM20
REAL-COM20-LOW_-00047,2026-09-19 16:20:13.897,117.65,15.52,0.3922,5.1733,2.78,26.4,Low Risk,Moderate Risk,YELLOW,COM20
REAL-COM20-LOW_-00048,2026-09-19 16:20:14.099,118.75,15.4,0.3958,5.1333,2.76,26.6,Low Risk,Moderate Risk,YELLOW,COM20
REAL-COM20-LOW_-00049,2026-09-19 16:20:14.290,115.38,15.57,0.3846,5.19,2.79,26.4,Low Risk,Moderate Risk,YELLOW,COM20
REAL-COM20-LOW_-00050,2026-09-19 16:20:14.492,119.35,15.61,0.3978,5.2033,2.8,26.3,Low Risk,Moderate Risk,YELLOW,COM20
REAL-COM20-LOW_-00051,2026-09-19 16:20:14.694,117.44,15.64,0.3915,5.2133,2.8,26.3,Low Risk,Moderate Risk,YELLOW,COM20
REAL-COM20-LOW_-00052,2026-09-19 16:20:14.899,117.99,15.33,0.3933,5.11,2.75,26.7,Low Risk,Moderate Risk,YELLOW,COM20
REAL-COM20-LOW_-00053,2026-09-19 16:20:15.094,119.59,15.66,0.3986,5.22,2.81,26.2,Low Risk,Moderate Risk,YELLOW,COM20
REAL-COM20-LOW_-00054,2026-09-19 16:20:15.290,118.99,15.72,0.3966,5.24,2.82,26.2,Low Risk,Moderate Risk,YELLOW,COM20
REAL-COM20-LOW_-00055,2026-09-19 16:20:15.495,114.79,15.29,0.3826,5.0967,2.74,26.7,Low Risk,Moderate Risk,YELLOW,COM20
REAL-COM20-LOW_-00056,2026-09-19 16:20:15.690,118.82,15.56,0.3961,5.1867,2.79,26.4,Low Risk,Moderate Risk,YELLOW,COM20
REAL-COM20-LOW_-00057,2026-09-19 16:20:15.891,117.57,15.5,0.3919,5.1667,2.78,26.5,Low Risk,Moderate Risk,YELLOW,COM20
REAL-COM20-LOW_-00058,2026-09-19 16:20:16.091,116.44,16.05,0.3881,5.35,2.87,25.8,Low Risk,Moderate Risk,YELLOW,COM20
REAL-COM20-LOW_-00059,2026-09-19 16:20:16.299,118.21,15.3,0.394,5.1,2.75,26.7,Low Risk,Moderate Risk,YELLOW,COM20
REAL-COM20-LOW_-00060,2026-09-19 16:20:16.493,117.38,15.48,0.3913,5.16,2.78,26.5,Low Risk,Moderate Risk,YELLOW,COM20
REAL-COM20-LOW_-00061,2026-09-19 16:20:16.699,118.73,15.53,0.3958,5.1767,2.79,26.4,Low Risk,Moderate Risk,YELLOW,COM20
REAL-COM20-LOW_-00062,2026-09-19 16:20:16.893,117.14,15.29,0.3905,5.0967,2.74,26.7,Low Risk,Moderate Risk,YELLOW,COM20
REAL-COM20-LOW_-00063,2026-09-19 16:20:17.099,116.13,15.55,0.3871,5.1833,2.79,26.4,Low Risk,Moderate Risk,YELLOW,COM20
REAL-COM20-LOW_-00064,2026-09-19 16:20:17.292,118.5,15.3,0.395,5.1,2.75,26.7,Low Risk,Moderate Risk,YELLOW,COM20
REAL-COM20-LOW_-00065,2026-09-19 16:20:17.490,117.75,15.62,0.3925,5.2067,2.8,26.3,Low Risk,Moderate Risk,YELLOW,COM20
REAL-COM20-LOW_-00066,2026-09-19 16:20:17.690,118.14,15.35,0.3938,5.1167,2.76,26.6,Low Risk,Moderate Risk,YELLOW,COM20
REAL-COM20-LOW_-00067,2026-09-19 16:20:17.898,118.45,15.4,0.3948,5.1333,2.76,26.6,Low Risk,Moderate Risk,YELLOW,COM20
REAL-COM20-LOW_-00068,2026-09-19 16:20:18.098,117.73,15.29,0.3924,5.0967,2.74,26.7,Low Risk,Moderate Risk,YELLOW,COM20
REAL-COM20-LOW_-00069,2026-09-19 16:20:18.298,117.23,15.48,0.3908,5.16,2.78,26.5,Low Risk,Moderate Risk,YELLOW,COM20
REAL-COM20-LOW_-00070,2026-09-19 16:20:18.495,116.8,15.28,0.3893,5.0933,2.74,26.7,Low Risk,Moderate Risk,YELLOW,COM20
REAL-COM20-LOW_-00071,2026-09-19 16:20:18.699,118.62,15.54,0.3954,5.18,2.79,26.4,Low Risk,Moderate Risk,YELLOW,COM20
REAL-COM20-LOW_-00072,2026-09-19 16:20:18.891,118.03,15.58,0.3934,5.1933,2.79,26.4,Low Risk,Moderate Risk,YELLOW,COM20
REAL-COM20-LOW_-00073,2026-09-19 16:20:19.095,119.5,15.39,0.3983,5.13,2.76,26.6,Low Risk,Moderate Risk,YELLOW,COM20
REAL-COM20-LOW_-00074,2026-09-19 16:20:19.298,118.52,15.51,0.3951,5.17,2.78,26.4,Low Risk,Moderate Risk,YELLOW,COM20
REAL-COM20-LOW_-00075,2026-09-19 16:20:19.499,115.16,15.48,0.3839,5.16,2.77,26.5,Low Risk,Moderate Risk,YELLOW,COM20
REAL-COM20-LOW_-00076,2026-09-19 16:20:19.698,117.85,15.33,0.3928,5.11,2.75,26.7,Low Risk,Moderate Risk,YELLOW,COM20
REAL-COM20-LOW_-00077,2026-09-19 16:20:19.891,118.51,15.43,0.395,5.1433,2.77,26.5,Low Risk,Moderate Risk,YELLOW,COM20
REAL-COM20-LOW_-00078,2026-09-19 16:20:20.091,115.83,15.12,0.3861,5.04,2.71,26.9,Low Risk,Moderate Risk,YELLOW,COM20
REAL-COM20-LOW_-00079,2026-09-19 16:20:20.299,117.87,15.77,0.3929,5.2567,2.83,26.1,Low Risk,Moderate Risk,YELLOW,COM20
REAL-COM20-LOW_-00080,2026-09-19 16:20:20.496,118.8,15.36,0.396,5.12,2.76,26.6,Low Risk,Moderate Risk,YELLOW,COM20
REAL-COM20-LOW_-00081,2026-09-19 16:20:20.693,119.3,15.42,0.3977,5.14,2.77,26.5,Low Risk,Moderate Risk,YELLOW,COM20
REAL-COM20-LOW_-00082,2026-09-19 16:20:20.890,118.43,15.46,0.3948,5.1533,2.77,26.5,Low Risk,Moderate Risk,YELLOW,COM20
REAL-COM20-LOW_-00083,2026-09-19 16:20:21.099,118.17,15.44,0.3939,5.1467,2.77,26.5,Low Risk,Moderate Risk,YELLOW,COM20
REAL-COM20-LOW_-00084,2026-09-19 16:20:21.298,119.78,15.39,0.3993,5.13,2.76,26.6,Low Risk,Moderate Risk,YELLOW,COM20
REAL-COM20-LOW_-00085,2026-09-19 16:20:21.491,117.75,15.44,0.3925,5.1467,2.77,26.5,Low Risk,Moderate Risk,YELLOW,COM20
REAL-COM20-LOW_-00086,2026-09-19 16:20:21.690,117.64,15.54,0.3921,5.18,2.79,26.4,Low Risk,Moderate Risk,YELLOW,COM20
REAL-COM20-LOW_-00087,2026-09-19 16:20:21.890,116.43,15.45,0.3881,5.15,2.77,26.5,Low Risk,Moderate Risk,YELLOW,COM20
REAL-COM20-LOW_-00088,2026-09-19 16:20:22.091,116.72,15.32,0.3891,5.1067,2.75,26.7,Low Risk,Moderate Risk,YELLOW,COM20
REAL-COM20-LOW_-00089,2026-09-19 16:20:22.291,115.91,15.47,0.3864,5.1567,2.77,26.5,Low Risk,Moderate Risk,YELLOW,COM20
REAL-COM20-LOW_-00090,2026-09-19 16:20:22.499,117.55,15.44,0.3918,5.1467,2.77,26.5,Low Risk,Moderate Risk,YELLOW,COM20
REAL-COM20-LOW_-00091,2026-09-19 16:20:22.699,116.79,15.5,0.3893,5.1667,2.78,26.5,Low Risk,Moderate Risk,YELLOW,COM20
REAL-COM20-LOW_-00092,2026-09-19 16:20:22.894,117.72,15.34,0.3924,5.1133,2.75,26.7,Low Risk,Moderate Risk,YELLOW,COM20
REAL-COM20-LOW_-00093,2026-09-19 16:20:23.091,118.6,15.18,0.3953,5.06,2.73,26.8,Low Risk,Moderate Risk,YELLOW,COM20
REAL-COM20-LOW_-00094,2026-09-19 16:20:23.297,117.98,15.42,0.3933,5.14,2.77,26.5,Low Risk,Moderate Risk,YELLOW,COM20
REAL-COM20-LOW_-00095,2026-09-19 16:20:23.491,119.03,15.35,0.3968,5.1167,2.76,26.6,Low Risk,Moderate Risk,YELLOW,COM20
REAL-COM20-LOW_-00096,2026-09-19 16:20:23.690,116.87,15.32,0.3896,5.1067,2.75,26.7,Low Risk,Moderate Risk,YELLOW,COM20
REAL-COM20-LOW_-00097,2026-09-19 16:20:23.891,118.99,15.44,0.3966,5.1467,2.77,26.5,Low Risk,Moderate Risk,YELLOW,COM20
REAL-COM20-LOW_-00098,2026-09-19 16:20:24.090,115.08,15.39,0.3836,5.13,2.76,26.6,Low Risk,Moderate Risk,YELLOW,COM20
REAL-COM20-LOW_-00099,2026-09-19 16:20:24.291,119.64,15.29,0.3988,5.0967,2.75,26.7,Low Risk,Moderate Risk,YELLOW,COM20
REAL-COM20-LOW_-00100,2026-09-19 16:20:24.491,118.8,15.61,0.396,5.2033,2.8,26.3,Low Risk,Moderate Risk,YELLOW,COM20
REAL-COM20-LOW_-00101,2026-09-19 16:20:24.695,117.05,15.63,0.3902,5.21,2.8,26.3,Low Risk,Moderate Risk,YELLOW,COM20
REAL-COM20-LOW_-00102,2026-09-19 16:20:24.891,117.36,15.52,0.3912,5.1733,2.78,26.4,Low Risk,Moderate Risk,YELLOW,COM20
REAL-COM20-LOW_-00103,2026-09-19 16:20:25.091,118.97,15.28,0.3966,5.0933,2.74,26.7,Low Risk,Moderate Risk,YELLOW,COM20
REAL-COM20-LOW_-00104,2026-09-19 16:20:25.291,116.65,15.34,0.3888,5.1133,2.75,26.7,Low Risk,Moderate Risk,YELLOW,COM20
REAL-COM20-LOW_-00105,2026-09-19 16:20:25.491,118.72,15.2,0.3957,5.0667,2.73,26.8,Low Risk,Moderate Risk,YELLOW,COM20
REAL-COM20-LOW_-00106,2026-09-19 16:20:25.699,116.84,15.31,0.3895,5.1033,2.75,26.7,Low Risk,Moderate Risk,YELLOW,COM20
REAL-COM20-LOW_-00107,2026-09-19 16:20:25.899,114.48,15.36,0.3816,5.12,2.75,26.7,Low Risk,Moderate Risk,YELLOW,COM20
REAL-COM20-LOW_-00108,2026-09-19 16:20:26.090,117.94,15.3,0.3931,5.1,2.75,26.7,Low Risk,Moderate Risk,YELLOW,COM20
REAL-COM20-LOW_-00109,2026-09-19 16:20:26.295,117.22,15.4,0.3907,5.1333,2.76,26.6,Low Risk,Moderate Risk,YELLOW,COM20
REAL-COM20-LOW_-00110,2026-09-19 16:20:26.495,116.75,15.39,0.3892,5.13,2.76,26.6,Low Risk,Moderate Risk,YELLOW,COM20
REAL-COM20-LOW_-00111,2026-09-19 16:20:26.697,118.52,15.3,0.3951,5.1,2.75,26.7,Low Risk,Moderate Risk,YELLOW,COM20
REAL-COM20-LOW_-00112,2026-09-19 16:20:26.890,118.97,15.29,0.3966,5.0967,2.75,26.7,Low Risk,Moderate Risk,YELLOW,COM20
REAL-COM20-LOW_-00113,2026-09-19 16:20:27.099,117.75,15.31,0.3925,5.1033,2.75,26.7,Low Risk,Moderate Risk,YELLOW,COM20
REAL-COM20-LOW_-00114,2026-09-19 16:20:27.290,118.43,15.3,0.3948,5.1,2.75,26.7,Low Risk,Moderate Risk,YELLOW,COM20
REAL-COM20-LOW_-00115,2026-09-19 16:20:27.491,116.94,15.43,0.3898,5.1433,2.77,26.6,Low Risk,Moderate Risk,YELLOW,COM20
REAL-COM20-LOW_-00116,2026-09-19 16:20:27.692,117.68,15.29,0.3923,5.0967,2.74,26.7,Low Risk,Moderate Risk,YELLOW,COM20
REAL-COM20-LOW_-00117,2026-09-19 16:20:27.896,117.36,15.09,0.3912,5.03,2.71,26.9,Low Risk,Moderate Risk,YELLOW,COM20
REAL-COM20-LOW_-00118,2026-09-19 16:20:28.098,119.34,15.25,0.3978,5.0833,2.74,26.7,Low Risk,Moderate Risk,YELLOW,COM20
REAL-COM20-LOW_-00119,2026-09-19 16:20:28.291,116.68,15.41,0.3889,5.1367,2.76,26.6,Low Risk,Moderate Risk,YELLOW,COM20
REAL-COM20-LOW_-00120,2026-09-19 16:20:28.491,117.27,15.24,0.3909,5.08,2.74,26.8,Low Risk,Moderate Risk,YELLOW,COM20
REAL-COM20-LOW_-00121,2026-09-19 16:20:28.691,116.37,15.16,0.3879,5.0533,2.72,26.9,Low Risk,Moderate Risk,YELLOW,COM20
REAL-COM20-LOW_-00122,2026-09-19 16:20:28.892,117.51,15.39,0.3917,5.13,2.76,26.6,Low Risk,Moderate Risk,YELLOW,COM20
REAL-COM20-LOW_-00123,2026-09-19 16:20:29.091,116.55,15.22,0.3885,5.0733,2.73,26.8,Low Risk,Moderate Risk,YELLOW,COM20
REAL-COM20-LOW_-00124,2026-09-19 16:20:29.291,117.34,15.45,0.3911,5.15,2.77,26.5,Low Risk,Moderate Risk,YELLOW,COM20
REAL-COM20-LOW_-00125,2026-09-19 16:20:29.491,117.93,15.17,0.3931,5.0567,2.72,26.8,Low Risk,Moderate Risk,YELLOW,COM20
REAL-COM20-LOW_-00126,2026-09-19 16:20:29.691,118.4,14.98,0.3947,4.9933,2.69,27.1,Low Risk,Moderate Risk,YELLOW,COM20
REAL-COM20-LOW_-00127,2026-09-19 16:20:29.898,116.87,15.0,0.3896,5.0,2.69,27.1,Low Risk,Moderate Risk,YELLOW,COM20
REAL-COM20-LOW_-00128,2026-09-19 16:20:30.093,117.4,15.23,0.3913,5.0767,2.73,26.8,Low Risk,Moderate Risk,YELLOW,COM20
REAL-COM20-LOW_-00129,2026-09-19 16:20:30.293,117.59,15.35,0.392,5.1167,2.76,26.6,Low Risk,Moderate Risk,YELLOW,COM20
REAL-COM20-LOW_-00130,2026-09-19 16:20:30.490,117.2,15.42,0.3907,5.14,2.76,26.6,Low Risk,Moderate Risk,YELLOW,COM20
REAL-COM20-LOW_-00131,2026-09-19 16:20:30.691,114.37,15.24,0.3812,5.08,2.73,26.8,Low Risk,Moderate Risk,YELLOW,COM20
REAL-COM20-LOW_-00132,2026-09-19 16:20:30.897,119.43,15.34,0.3981,5.1133,2.76,26.6,Low Risk,Moderate Risk,YELLOW,COM20
REAL-COM20-LOW_-00133,2026-09-19 16:20:31.091,121.19,15.33,0.404,5.11,2.76,26.6,Low Risk,Moderate Risk,YELLOW,COM20
REAL-COM20-LOW_-00134,2026-09-19 16:20:31.292,115.34,15.27,0.3845,5.09,2.74,26.8,Low Risk,Moderate Risk,YELLOW,COM20
REAL-COM20-LOW_-00135,2026-09-19 16:20:31.490,117.82,15.07,0.3927,5.0233,2.71,27.0,Low Risk,Moderate Risk,YELLOW,COM20
REAL-COM20-LOW_-00136,2026-09-19 16:20:31.699,114.51,15.24,0.3817,5.08,2.73,26.8,Low Risk,Moderate Risk,YELLOW,COM20
REAL-COM20-LOW_-00137,2026-09-19 16:20:31.893,116.59,15.32,0.3886,5.1067,2.75,26.7,Low Risk,Moderate Risk,YELLOW,COM20
REAL-COM20-LOW_-00138,2026-09-19 16:20:32.092,118.49,15.4,0.395,5.1333,2.76,26.6,Low Risk,Moderate Risk,YELLOW,COM20
REAL-COM20-LOW_-00139,2026-09-19 16:20:32.291,116.15,15.36,0.3872,5.12,2.75,26.6,Low Risk,Moderate Risk,YELLOW,COM20
REAL-COM20-LOW_-00140,2026-09-19 16:20:32.495,115.78,15.01,0.3859,5.0033,2.7,27.1,Low Risk,Moderate Risk,YELLOW,COM20
REAL-COM20-LOW_-00141,2026-09-19 16:20:32.691,115.06,15.48,0.3835,5.16,2.77,26.5,Low Risk,Moderate Risk,YELLOW,COM20
REAL-COM20-LOW_-00142,2026-09-19 16:20:32.891,117.09,15.01,0.3903,5.0033,2.7,27.0,Low Risk,Moderate Risk,YELLOW,COM20
REAL-COM20-LOW_-00143,2026-09-19 16:20:33.093,119.86,15.29,0.3995,5.0967,2.75,26.7,Low Risk,Moderate Risk,YELLOW,COM20
REAL-COM20-LOW_-00144,2026-09-19 16:20:33.292,117.28,15.62,0.3909,5.2067,2.8,26.3,Low Risk,Moderate Risk,YELLOW,COM20
REAL-COM20-LOW_-00145,2026-09-19 16:20:33.499,117.11,15.31,0.3904,5.1033,2.75,26.7,Low Risk,Moderate Risk,YELLOW,COM20
REAL-COM20-LOW_-00146,2026-09-19 16:20:33.694,116.36,15.34,0.3879,5.1133,2.75,26.7,Low Risk,Moderate Risk,YELLOW,COM20
REAL-COM20-LOW_-00147,2026-09-19 16:20:33.894,119.01,15.16,0.3967,5.0533,2.72,26.8,Low Risk,Moderate Risk,YELLOW,COM20
REAL-COM20-LOW_-00148,2026-09-19 16:20:34.095,119.24,15.27,0.3975,5.09,2.74,26.7,Low Risk,Moderate Risk,YELLOW,COM20
REAL-COM20-LOW_-00149,2026-09-19 16:20:34.295,115.22,15.02,0.3841,5.0067,2.69,27.1,Low Risk,Moderate Risk,YELLOW,COM20
REAL-COM20-LOW_-00150,2026-09-19 16:20:34.496,114.19,15.19,0.3806,5.0633,2.72,26.9,Low Risk,Moderate Risk,YELLOW,COM20
REAL-COM20-LOW_-00151,2026-09-19 16:20:34.696,117.37,15.24,0.3912,5.08,2.73,26.8,Low Risk,Moderate Risk,YELLOW,COM20
REAL-COM20-LOW_-00152,2026-09-19 16:20:34.897,116.68,15.22,0.3889,5.0733,2.73,26.8,Low Risk,Moderate Risk,YELLOW,COM20
REAL-COM20-LOW_-00153,2026-09-19 16:20:35.098,118.13,15.33,0.3938,5.11,2.75,26.6,Low Risk,Moderate Risk,YELLOW,COM20
REAL-COM20-LOW_-00154,2026-09-19 16:20:35.298,115.26,15.21,0.3842,5.07,2.73,26.8,Low Risk,Moderate Risk,YELLOW,COM20
REAL-COM20-LOW_-00155,2026-09-19 16:20:35.498,116.57,15.15,0.3886,5.05,2.72,26.9,Low Risk,Moderate Risk,YELLOW,COM20
REAL-COM20-LOW_-00156,2026-09-19 16:20:35.698,116.98,15.15,0.3899,5.05,2.72,26.9,Low Risk,Moderate Risk,YELLOW,COM20
REAL-COM20-LOW_-00157,2026-09-19 16:20:35.899,115.98,15.27,0.3866,5.09,2.74,26.8,Low Risk,Moderate Risk,YELLOW,COM20
REAL-COM20-LOW_-00158,2026-09-19 16:20:36.099,118.35,15.27,0.3945,5.09,2.74,26.7,Low Risk,Moderate Risk,YELLOW,COM20
REAL-COM20-LOW_-00159,2026-09-19 16:20:36.293,117.04,15.04,0.3901,5.0133,2.7,27.0,Low Risk,Moderate Risk,YELLOW,COM20
REAL-COM20-LOW_-00160,2026-09-19 16:20:36.491,116.14,15.27,0.3871,5.09,2.74,26.7,Low Risk,Moderate Risk,YELLOW,COM20
REAL-COM20-LOW_-00161,2026-09-19 16:20:36.692,114.86,15.4,0.3829,5.1333,2.76,26.6,Low Risk,Moderate Risk,YELLOW,COM20
REAL-COM20-LOW_-00162,2026-09-19 16:20:36.892,117.05,15.35,0.3902,5.1167,2.75,26.6,Low Risk,Moderate Risk,YELLOW,COM20
REAL-COM20-LOW_-00163,2026-09-19 16:20:37.093,116.48,15.09,0.3883,5.03,2.71,27.0,Low Risk,Moderate Risk,YELLOW,COM20
REAL-COM20-LOW_-00164,2026-09-19 16:20:37.296,117.62,15.47,0.3921,5.1567,2.77,26.5,Low Risk,Moderate Risk,YELLOW,COM20
REAL-COM20-LOW_-00165,2026-09-19 16:20:37.491,118.56,15.42,0.3952,5.14,2.77,26.5,Low Risk,Moderate Risk,YELLOW,COM20
REAL-COM20-LOW_-00166,2026-09-19 16:20:37.696,118.23,15.36,0.3941,5.12,2.76,26.6,Low Risk,Moderate Risk,YELLOW,COM20
REAL-COM20-LOW_-00167,2026-09-19 16:20:37.891,118.04,15.01,0.3935,5.0033,2.7,27.0,Low Risk,Moderate Risk,YELLOW,COM20
REAL-COM20-LOW_-00168,2026-09-19 16:20:38.091,117.31,15.1,0.391,5.0333,2.71,26.9,Low Risk,Moderate Risk,YELLOW,COM20
REAL-COM20-LOW_-00169,2026-09-19 16:20:38.296,115.47,15.24,0.3849,5.08,2.73,26.8,Low Risk,Moderate Risk,YELLOW,COM20
REAL-COM20-LOW_-00170,2026-09-19 16:20:38.491,115.12,15.11,0.3837,5.0367,2.71,27.0,Low Risk,Moderate Risk,YELLOW,COM20
REAL-COM20-LOW_-00171,2026-09-19 16:20:38.696,118.2,15.12,0.394,5.04,2.72,26.9,Low Risk,Moderate Risk,YELLOW,COM20
REAL-COM20-LOW_-00172,2026-09-19 16:20:38.897,116.76,15.03,0.3892,5.01,2.7,27.0,Low Risk,Moderate Risk,YELLOW,COM20
REAL-COM20-LOW_-00173,2026-09-19 16:20:39.093,117.66,15.16,0.3922,5.0533,2.72,26.9,Low Risk,Moderate Risk,YELLOW,COM20
REAL-COM20-LOW_-00174,2026-09-19 16:20:39.299,115.83,15.05,0.3861,5.0167,2.7,27.0,Low Risk,Moderate Risk,YELLOW,COM20
REAL-COM20-LOW_-00175,2026-09-19 16:20:39.495,115.43,15.24,0.3848,5.08,2.73,26.8,Low Risk,Moderate Risk,YELLOW,COM20
REAL-COM20-LOW_-00176,2026-09-19 16:20:39.696,117.46,14.99,0.3915,4.9967,2.69,27.1,Low Risk,Moderate Risk,YELLOW,COM20
REAL-COM20-LOW_-00177,2026-09-19 16:20:39.891,115.29,15.14,0.3843,5.0467,2.71,26.9,Low Risk,Moderate Risk,YELLOW,COM20
REAL-COM20-LOW_-00178,2026-09-19 16:20:40.091,119.71,15.08,0.399,5.0267,2.71,26.9,Low Risk,Moderate Risk,YELLOW,COM20
REAL-COM20-LOW_-00179,2026-09-19 16:20:40.292,116.5,15.08,0.3883,5.0267,2.71,27.0,Low Risk,Moderate Risk,YELLOW,COM20
REAL-COM20-LOW_-00180,2026-09-19 16:20:40.491,116.82,15.23,0.3894,5.0767,2.73,26.8,Low Risk,Moderate Risk,YELLOW,COM20
REAL-COM20-LOW_-00181,2026-09-19 16:20:40.696,117.45,15.2,0.3915,5.0667,2.73,26.8,Low Risk,Moderate Risk,YELLOW,COM20
REAL-COM20-LOW_-00182,2026-09-19 16:20:40.892,117.1,15.12,0.3903,5.04,2.71,26.9,Low Risk,Moderate Risk,YELLOW,COM20
REAL-COM20-LOW_-00183,2026-09-19 16:20:41.091,116.24,15.21,0.3875,5.07,2.73,26.8,Low Risk,Moderate Risk,YELLOW,COM20
REAL-COM20-LOW_-00184,2026-09-19 16:20:41.292,116.14,15.11,0.3871,5.0367,2.71,26.9,Low Risk,Moderate Risk,YELLOW,COM20
REAL-COM20-LOW_-00185,2026-09-19 16:20:41.493,117.65,15.02,0.3922,5.0067,2.7,27.0,Low Risk,Moderate Risk,YELLOW,COM20
REAL-COM20-LOW_-00186,2026-09-19 16:20:41.697,117.38,15.13,0.3913,5.0433,2.72,26.9,Low Risk,Moderate Risk,YELLOW,COM20
REAL-COM20-LOW_-00187,2026-09-19 16:20:41.891,116.25,15.01,0.3875,5.0033,2.7,27.1,Low Risk,Moderate Risk,YELLOW,COM20
REAL-COM20-LOW_-00188,2026-09-19 16:20:42.093,118.52,15.32,0.3951,5.1067,2.75,26.7,Low Risk,Moderate Risk,YELLOW,COM20
REAL-COM20-LOW_-00189,2026-09-19 16:20:42.291,117.47,15.52,0.3916,5.1733,2.78,26.4,Low Risk,Moderate Risk,YELLOW,COM20
REAL-COM20-LOW_-00190,2026-09-19 16:20:42.493,118.38,15.09,0.3946,5.03,2.71,26.9,Low Risk,Moderate Risk,YELLOW,COM20
REAL-COM20-LOW_-00191,2026-09-19 16:20:42.693,116.66,15.38,0.3889,5.1267,2.76,26.6,Low Risk,Moderate Risk,YELLOW,COM20
REAL-COM20-LOW_-00192,2026-09-19 16:20:42.891,117.15,15.31,0.3905,5.1033,2.75,26.7,Low Risk,Moderate Risk,YELLOW,COM20
REAL-COM20-LOW_-00193,2026-09-19 16:20:43.091,115.32,15.32,0.3844,5.1067,2.75,26.7,Low Risk,Moderate Risk,YELLOW,COM20
REAL-COM20-LOW_-00194,2026-09-19 16:20:43.292,115.57,15.07,0.3852,5.0233,2.7,27.0,Low Risk,Moderate Risk,YELLOW,COM20
REAL-COM20-LOW_-00195,2026-09-19 16:20:43.491,115.54,15.15,0.3851,5.05,2.72,26.9,Low Risk,Moderate Risk,YELLOW,COM20
REAL-COM20-LOW_-00196,2026-09-19 16:20:43.699,115.53,15.12,0.3851,5.04,2.71,26.9,Low Risk,Moderate Risk,YELLOW,COM20
REAL-COM20-LOW_-00197,2026-09-19 16:20:43.899,116.55,15.18,0.3885,5.06,2.72,26.9,Low Risk,Moderate Risk,YELLOW,COM20
REAL-COM20-LOW_-00198,2026-09-19 16:20:44.092,115.7,15.31,0.3857,5.1033,2.74,26.7,Low Risk,Moderate Risk,YELLOW,COM20
REAL-COM20-LOW_-00199,2026-09-19 16:20:44.294,117.18,15.04,0.3906,5.0133,2.7,27.0,Low Risk,Moderate Risk,YELLOW,COM20
REAL-COM20-LOW_-00200,2026-09-19 16:20:44.491,116.22,15.3,0.3874,5.1,2.74,26.7,Low Risk,Moderate Risk,YELLOW,COM20
REAL-COM20-LOW_-00201,2026-09-19 16:20:44.691,117.22,15.08,0.3907,5.0267,2.71,27.0,Low Risk,Moderate Risk,YELLOW,COM20
REAL-COM20-LOW_-00202,2026-09-19 16:20:44.891,116.62,15.24,0.3887,5.08,2.73,26.8,Low Risk,Moderate Risk,YELLOW,COM20
REAL-COM20-LOW_-00203,2026-09-19 16:20:45.091,115.26,15.15,0.3842,5.05,2.72,26.9,Low Risk,Moderate Risk,YELLOW,COM20
REAL-COM20-LOW_-00204,2026-09-19 16:20:45.291,118.79,15.27,0.396,5.09,2.74,26.7,Low Risk,Moderate Risk,YELLOW,COM20
REAL-COM20-LOW_-00205,2026-09-19 16:20:45.491,117.88,15.22,0.3929,5.0733,2.73,26.8,Low Risk,Moderate Risk,YELLOW,COM20
REAL-COM20-LOW_-00206,2026-09-19 16:20:45.698,116.93,15.2,0.3898,5.0667,2.73,26.8,Low Risk,Moderate Risk,YELLOW,COM20
REAL-COM20-LOW_-00207,2026-09-19 16:20:45.891,116.54,15.41,0.3885,5.1367,2.76,26.6,Low Risk,Moderate Risk,YELLOW,COM20
REAL-COM20-LOW_-00208,2026-09-19 16:20:46.093,117.1,14.97,0.3903,4.99,2.69,27.1,Low Risk,Moderate Risk,YELLOW,COM20
REAL-COM20-LOW_-00209,2026-09-19 16:20:46.297,114.93,15.04,0.3831,5.0133,2.7,27.0,Low Risk,Moderate Risk,YELLOW,COM20
REAL-COM20-LOW_-00210,2026-09-19 16:20:46.493,115.02,15.25,0.3834,5.0833,2.73,26.8,Low Risk,Moderate Risk,YELLOW,COM20
REAL-COM20-LOW_-00211,2026-09-19 16:20:46.692,113.93,15.19,0.3798,5.0633,2.72,26.9,Low Risk,Moderate Risk,YELLOW,COM20
REAL-COM20-LOW_-00212,2026-09-19 16:20:46.892,116.58,15.26,0.3886,5.0867,2.74,26.8,Low Risk,Moderate Risk,YELLOW,COM20
REAL-COM20-LOW_-00213,2026-09-19 16:20:47.092,117.69,14.89,0.3923,4.9633,2.68,27.2,Low Risk,Moderate Risk,YELLOW,COM20
REAL-COM20-LOW_-00214,2026-09-19 16:20:47.294,117.17,15.42,0.3906,5.14,2.77,26.6,Low Risk,Moderate Risk,YELLOW,COM20
REAL-COM20-LOW_-00215,2026-09-19 16:20:47.492,117.46,15.22,0.3915,5.0733,2.73,26.8,Low Risk,Moderate Risk,YELLOW,COM20
REAL-COM20-LOW_-00216,2026-09-19 16:20:47.691,114.74,15.16,0.3825,5.0533,2.72,26.9,Low Risk,Moderate Risk,YELLOW,COM20
REAL-COM20-LOW_-00217,2026-09-19 16:20:47.891,113.87,14.78,0.3796,4.9267,2.65,27.4,Low Risk,Moderate Risk,YELLOW,COM20
REAL-COM20-LOW_-00218,2026-09-19 16:20:48.091,115.65,14.98,0.3855,4.9933,2.69,27.1,Low Risk,Moderate Risk,YELLOW,COM20
REAL-COM20-LOW_-00219,2026-09-19 16:20:48.292,116.62,15.24,0.3887,5.08,2.73,26.8,Low Risk,Moderate Risk,YELLOW,COM20
REAL-COM20-LOW_-00220,2026-09-19 16:20:48.491,115.8,14.99,0.386,4.9967,2.69,27.1,Low Risk,Moderate Risk,YELLOW,COM20
REAL-COM20-LOW_-00221,2026-09-19 16:20:48.691,117.24,15.23,0.3908,5.0767,2.73,26.8,Low Risk,Moderate Risk,YELLOW,COM20
REAL-COM20-LOW_-00222,2026-09-19 16:20:48.896,117.12,15.31,0.3904,5.1033,2.75,26.7,Low Risk,Moderate Risk,YELLOW,COM20
REAL-COM20-LOW_-00223,2026-09-19 16:20:49.094,115.49,15.43,0.385,5.1433,2.76,26.6,Low Risk,Moderate Risk,YELLOW,COM20
REAL-COM20-LOW_-00224,2026-09-19 16:20:49.295,116.78,15.1,0.3893,5.0333,2.71,26.9,Low Risk,Moderate Risk,YELLOW,COM20
REAL-COM20-LOW_-00225,2026-09-19 16:20:49.492,116.31,15.08,0.3877,5.0267,2.71,27.0,Low Risk,Moderate Risk,YELLOW,COM20
REAL-COM20-LOW_-00226,2026-09-19 16:20:49.691,113.39,15.32,0.378,5.1067,2.74,26.7,Low Risk,Moderate Risk,YELLOW,COM20
REAL-COM20-LOW_-00227,2026-09-19 16:20:49.891,112.83,15.14,0.3761,5.0467,2.71,26.9,Low Risk,Moderate Risk,YELLOW,COM20
REAL-COM20-LOW_-00228,2026-09-19 16:20:50.093,115.05,15.12,0.3835,5.04,2.71,26.9,Low Risk,Moderate Risk,YELLOW,COM20
REAL-COM20-LOW_-00229,2026-09-19 16:20:50.291,115.77,15.52,0.3859,5.1733,2.78,26.5,Low Risk,Moderate Risk,YELLOW,COM20
REAL-COM20-LOW_-00230,2026-09-19 16:20:50.491,114.08,14.98,0.3803,4.9933,2.69,27.1,Low Risk,Moderate Risk,YELLOW,COM20
REAL-COM20-LOW_-00231,2026-09-19 16:20:50.691,114.63,15.02,0.3821,5.0067,2.69,27.1,Low Risk,Moderate Risk,YELLOW,COM20
REAL-COM20-LOW_-00232,2026-09-19 16:20:50.892,117.38,15.44,0.3913,5.1467,2.77,26.5,Low Risk,Moderate Risk,YELLOW,COM20
REAL-COM20-LOW_-00233,2026-09-19 16:20:51.094,116.04,15.13,0.3868,5.0433,2.72,26.9,Low Risk,Moderate Risk,YELLOW,COM20
REAL-COM20-LOW_-00234,2026-09-19 16:20:51.294,115.23,15.03,0.3841,5.01,2.7,27.0,Low Risk,Moderate Risk,YELLOW,COM20
REAL-COM20-LOW_-00235,2026-09-19 16:20:51.491,115.18,15.2,0.3839,5.0667,2.72,26.8,Low Risk,Moderate Risk,YELLOW,COM20
REAL-COM20-LOW_-00236,2026-09-19 16:20:51.693,117.02,15.13,0.3901,5.0433,2.72,26.9,Low Risk,Moderate Risk,YELLOW,COM20
REAL-COM20-LOW_-00237,2026-09-19 16:20:51.892,113.68,15.28,0.3789,5.0933,2.74,26.8,Low Risk,Moderate Risk,YELLOW,COM20
REAL-COM20-LOW_-00238,2026-09-19 16:20:52.099,116.59,15.09,0.3886,5.03,2.71,27.0,Low Risk,Moderate Risk,YELLOW,COM20
REAL-COM20-LOW_-00239,2026-09-19 16:20:52.291,115.13,15.08,0.3838,5.0267,2.7,27.0,Low Risk,Moderate Risk,YELLOW,COM20
REAL-COM20-LOW_-00240,2026-09-19 16:20:52.492,115.73,15.04,0.3858,5.0133,2.7,27.0,Low Risk,Moderate Risk,YELLOW,COM20
REAL-COM20-LOW_-00241,2026-09-19 16:20:52.691,115.49,15.24,0.385,5.08,2.73,26.8,Low Risk,Moderate Risk,YELLOW,COM20
REAL-COM20-LOW_-00242,2026-09-19 16:20:52.891,117.15,15.33,0.3905,5.11,2.75,26.7,Low Risk,Moderate Risk,YELLOW,COM20
REAL-COM20-LOW_-00243,2026-09-19 16:20:53.098,116.55,14.95,0.3885,4.9833,2.69,27.1,Low Risk,Moderate Risk,YELLOW,COM20
REAL-COM20-LOW_-00244,2026-09-19 16:20:53.299,114.4,15.23,0.3813,5.0767,2.73,26.8,Low Risk,Moderate Risk,YELLOW,COM20
REAL-COM20-LOW_-00245,2026-09-19 16:20:53.491,115.7,15.04,0.3857,5.0133,2.7,27.0,Low Risk,Moderate Risk,YELLOW,COM20
REAL-COM20-LOW_-00246,2026-09-19 16:20:53.696,116.57,15.01,0.3886,5.0033,2.7,27.1,Low Risk,Moderate Risk,YELLOW,COM20
REAL-COM20-LOW_-00247,2026-09-19 16:20:53.892,116.72,15.07,0.3891,5.0233,2.71,27.0,Low Risk,Moderate Risk,YELLOW,COM20
REAL-COM20-LOW_-00248,2026-09-19 16:20:54.093,114.9,15.46,0.383,5.1533,2.77,26.5,Low Risk,Moderate Risk,YELLOW,COM20
REAL-COM20-LOW_-00249,2026-09-19 16:20:54.291,114.49,15.32,0.3816,5.1067,2.74,26.7,Low Risk,Moderate Risk,YELLOW,COM20
REAL-COM20-LOW_-00250,2026-09-19 16:20:54.492,116.57,15.36,0.3886,5.12,2.76,26.6,Low Risk,Moderate Risk,YELLOW,COM20
REAL-COM20-LOW_-00251,2026-09-19 16:20:54.691,114.9,15.14,0.383,5.0467,2.71,26.9,Low Risk,Moderate Risk,YELLOW,COM20
REAL-COM20-LOW_-00252,2026-09-19 16:20:54.893,114.81,15.32,0.3827,5.1067,2.74,26.7,Low Risk,Moderate Risk,YELLOW,COM20
REAL-COM20-LOW_-00253,2026-09-19 16:20:55.093,115.88,15.19,0.3863,5.0633,2.72,26.9,Low Risk,Moderate Risk,YELLOW,COM20
REAL-COM20-LOW_-00254,2026-09-19 16:20:55.297,117.68,14.98,0.3923,4.9933,2.69,27.1,Low Risk,Moderate Risk,YELLOW,COM20
REAL-COM20-LOW_-00255,2026-09-19 16:20:55.494,113.68,15.13,0.3789,5.0433,2.71,26.9,Low Risk,Moderate Risk,YELLOW,COM20
REAL-COM20-LOW_-00256,2026-09-19 16:20:55.694,116.32,15.63,0.3877,5.21,2.8,26.3,Low Risk,Moderate Risk,YELLOW,COM20
REAL-COM20-LOW_-00257,2026-09-19 16:20:55.894,117.88,15.33,0.3929,5.11,2.75,26.7,Low Risk,Moderate Risk,YELLOW,COM20
REAL-COM20-LOW_-00258,2026-09-19 16:20:56.095,117.92,15.16,0.3931,5.0533,2.72,26.9,Low Risk,Moderate Risk,YELLOW,COM20
REAL-COM20-LOW_-00259,2026-09-19 16:20:56.296,114.98,15.18,0.3833,5.06,2.72,26.9,Low Risk,Moderate Risk,YELLOW,COM20
REAL-COM20-LOW_-00260,2026-09-19 16:20:56.496,113.13,15.09,0.3771,5.03,2.7,27.0,Low Risk,Moderate Risk,YELLOW,COM20
REAL-COM20-LOW_-00261,2026-09-19 16:20:56.696,113.68,15.05,0.3789,5.0167,2.7,27.0,Low Risk,Moderate Risk,YELLOW,COM20
REAL-COM20-LOW_-00262,2026-09-19 16:20:56.897,115.59,15.14,0.3853,5.0467,2.72,26.9,Low Risk,Moderate Risk,YELLOW,COM20
REAL-COM20-LOW_-00263,2026-09-19 16:20:57.098,114.19,15.16,0.3806,5.0533,2.72,26.9,Low Risk,Moderate Risk,YELLOW,COM20
REAL-COM20-LOW_-00264,2026-09-19 16:20:57.293,115.36,15.18,0.3845,5.06,2.72,26.9,Low Risk,Moderate Risk,YELLOW,COM20
REAL-COM20-LOW_-00265,2026-09-19 16:20:57.493,114.85,15.24,0.3828,5.08,2.73,26.8,Low Risk,Moderate Risk,YELLOW,COM20
REAL-COM20-LOW_-00266,2026-09-19 16:20:57.691,115.82,14.9,0.3861,4.9667,2.68,27.2,Low Risk,Moderate Risk,YELLOW,COM20
REAL-COM20-LOW_-00267,2026-09-19 16:20:57.891,113.19,15.16,0.3773,5.0533,2.72,26.9,Low Risk,Moderate Risk,YELLOW,COM20
REAL-COM20-LOW_-00268,2026-09-19 16:20:58.093,114.4,15.2,0.3813,5.0667,2.72,26.9,Low Risk,Moderate Risk,YELLOW,COM20
REAL-COM20-LOW_-00269,2026-09-19 16:20:58.291,115.58,14.96,0.3853,4.9867,2.69,27.1,Low Risk,Moderate Risk,YELLOW,COM20
REAL-COM20-LOW_-00270,2026-09-19 16:20:58.491,117.43,14.79,0.3914,4.93,2.66,27.3,Low Risk,Moderate Risk,YELLOW,COM20
REAL-COM20-LOW_-00271,2026-09-19 16:20:58.696,117.6,15.22,0.392,5.0733,2.73,26.8,Low Risk,Moderate Risk,YELLOW,COM20
REAL-COM20-LOW_-00272,2026-09-19 16:20:58.897,118.38,15.24,0.3946,5.08,2.74,26.8,Low Risk,Moderate Risk,YELLOW,COM20
REAL-COM20-LOW_-00273,2026-09-19 16:20:59.091,117.04,14.98,0.3901,4.9933,2.69,27.1,Low Risk,Moderate Risk,YELLOW,COM20
REAL-COM20-LOW_-00274,2026-09-19 16:20:59.291,114.87,14.87,0.3829,4.9567,2.67,27.3,Low Risk,Moderate Risk,YELLOW,COM20
REAL-COM20-LOW_-00275,2026-09-19 16:20:59.491,114.15,14.98,0.3805,4.9933,2.69,27.1,Low Risk,Moderate Risk,YELLOW,COM20
REAL-COM20-LOW_-00276,2026-09-19 16:20:59.691,116.58,15.21,0.3886,5.07,2.73,26.8,Low Risk,Moderate Risk,YELLOW,COM20
REAL-COM20-LOW_-00277,2026-09-19 16:20:59.892,115.87,14.91,0.3862,4.97,2.68,27.2,Low Risk,Moderate Risk,YELLOW,COM20
REAL-COM20-LOW_-00278,2026-09-19 16:21:00.091,116.18,15.4,0.3873,5.1333,2.76,26.6,Low Risk,Moderate Risk,YELLOW,COM20
REAL-COM20-LOW_-00279,2026-09-19 16:21:00.293,114.96,14.95,0.3832,4.9833,2.68,27.2,Low Risk,Moderate Risk,YELLOW,COM20
REAL-COM20-LOW_-00280,2026-09-19 16:21:00.494,115.57,14.85,0.3852,4.95,2.67,27.3,Low Risk,Moderate Risk,YELLOW,COM20
REAL-COM20-LOW_-00281,2026-09-19 16:21:00.694,115.09,14.88,0.3836,4.96,2.67,27.2,Low Risk,Moderate Risk,YELLOW,COM20
REAL-COM20-LOW_-00282,2026-09-19 16:21:00.892,113.97,15.06,0.3799,5.02,2.7,27.0,Low Risk,Moderate Risk,YELLOW,COM20
REAL-COM20-LOW_-00283,2026-09-19 16:21:01.097,114.55,14.99,0.3818,4.9967,2.69,27.1,Low Risk,Moderate Risk,YELLOW,COM20
REAL-COM20-LOW_-00284,2026-09-19 16:21:01.292,116.47,15.31,0.3882,5.1033,2.75,26.7,Low Risk,Moderate Risk,YELLOW,COM20
REAL-COM20-LOW_-00285,2026-09-19 16:21:01.492,112.83,15.02,0.3761,5.0067,2.69,27.1,Low Risk,Moderate Risk,YELLOW,COM20
REAL-COM20-LOW_-00286,2026-09-19 16:21:01.693,115.02,15.12,0.3834,5.04,2.71,26.9,Low Risk,Moderate Risk,YELLOW,COM20
REAL-COM20-LOW_-00287,2026-09-19 16:21:01.892,114.45,15.08,0.3815,5.0267,2.7,27.0,Low Risk,Moderate Risk,YELLOW,COM20
REAL-COM20-LOW_-00288,2026-09-19 16:21:02.098,116.19,15.01,0.3873,5.0033,2.7,27.1,Low Risk,Moderate Risk,YELLOW,COM20
REAL-COM20-LOW_-00289,2026-09-19 16:21:02.294,119.24,15.17,0.3975,5.0567,2.73,26.8,Low Risk,Moderate Risk,YELLOW,COM20
REAL-COM20-LOW_-00290,2026-09-19 16:21:02.492,116.92,15.36,0.3897,5.12,2.76,26.6,Low Risk,Moderate Risk,YELLOW,COM20
REAL-COM20-LOW_-00291,2026-09-19 16:21:02.693,115.22,15.04,0.3841,5.0133,2.7,27.0,Low Risk,Moderate Risk,YELLOW,COM20
REAL-COM20-LOW_-00292,2026-09-19 16:21:02.893,116.44,15.43,0.3881,5.1433,2.77,26.6,Low Risk,Moderate Risk,YELLOW,COM20
REAL-COM20-LOW_-00293,2026-09-19 16:21:03.098,114.94,15.03,0.3831,5.01,2.7,27.1,Low Risk,Moderate Risk,YELLOW,COM20
REAL-COM20-LOW_-00294,2026-09-19 16:21:03.297,115.12,15.08,0.3837,5.0267,2.71,27.0,Low Risk,Moderate Risk,YELLOW,COM20
REAL-COM20-LOW_-00295,2026-09-19 16:21:03.499,114.06,15.18,0.3802,5.06,2.72,26.9,Low Risk,Moderate Risk,YELLOW,COM20
REAL-COM20-LOW_-00296,2026-09-19 16:21:03.697,117.4,15.3,0.3913,5.1,2.75,26.7,Low Risk,Moderate Risk,YELLOW,COM20
REAL-COM20-LOW_-00297,2026-09-19 16:21:03.891,113.78,15.15,0.3793,5.05,2.71,26.9,Low Risk,Moderate Risk,YELLOW,COM20
REAL-COM20-LOW_-00298,2026-09-19 16:21:04.092,113.76,15.46,0.3792,5.1533,2.77,26.5,Low Risk,Moderate Risk,YELLOW,COM20
REAL-COM20-LOW_-00299,2026-09-19 16:21:04.298,116.98,15.09,0.3899,5.03,2.71,27.0,Low Risk,Moderate Risk,YELLOW,COM20
REAL-COM20-LOW_-00300,2026-09-19 16:21:04.494,116.24,15.35,0.3875,5.1167,2.75,26.7,Low Risk,Moderate Risk,YELLOW,COM20
REAL-COM20-LOW_-00301,2026-09-19 16:21:04.695,116.4,15.06,0.388,5.02,2.7,27.0,Low Risk,Moderate Risk,YELLOW,COM20
REAL-COM20-LOW_-00302,2026-09-19 16:21:04.899,116.8,15.04,0.3893,5.0133,2.7,27.0,Low Risk,Moderate Risk,YELLOW,COM20
REAL-COM20-LOW_-00303,2026-09-19 16:21:05.097,114.23,15.05,0.3808,5.0167,2.7,27.0,Low Risk,Moderate Risk,YELLOW,COM20
REAL-COM20-LOW_-00304,2026-09-19 16:21:05.297,115.13,15.24,0.3838,5.08,2.73,26.8,Low Risk,Moderate Risk,YELLOW,COM20
REAL-COM20-LOW_-00305,2026-09-19 16:21:05.498,115.07,14.98,0.3836,4.9933,2.69,27.1,Low Risk,Moderate Risk,YELLOW,COM20
REAL-COM20-LOW_-00306,2026-09-19 16:21:05.696,114.16,15.15,0.3805,5.05,2.71,26.9,Low Risk,Moderate Risk,YELLOW,COM20
REAL-COM20-LOW_-00307,2026-09-19 16:21:05.892,115.06,15.18,0.3835,5.06,2.72,26.9,Low Risk,Moderate Risk,YELLOW,COM20
REAL-COM20-LOW_-00308,2026-09-19 16:21:06.094,114.37,15.18,0.3812,5.06,2.72,26.9,Low Risk,Moderate Risk,YELLOW,COM20
REAL-COM20-LOW_-00309,2026-09-19 16:21:06.297,115.6,15.17,0.3853,5.0567,2.72,26.9,Low Risk,Moderate Risk,YELLOW,COM20
REAL-COM20-LOW_-00310,2026-09-19 16:21:06.499,115.07,15.11,0.3836,5.0367,2.71,27.0,Low Risk,Moderate Risk,YELLOW,COM20
REAL-COM20-LOW_-00311,2026-09-19 16:21:06.696,117.35,15.18,0.3912,5.06,2.73,26.8,Low Risk,Moderate Risk,YELLOW,COM20
REAL-COM20-LOW_-00312,2026-09-19 16:21:06.898,116.92,15.03,0.3897,5.01,2.7,27.0,Low Risk,Moderate Risk,YELLOW,COM20
REAL-COM20-LOW_-00313,2026-09-19 16:21:07.098,116.06,14.87,0.3869,4.9567,2.67,27.2,Low Risk,Moderate Risk,YELLOW,COM20
REAL-COM20-LOW_-00314,2026-09-19 16:21:07.298,116.42,15.29,0.3881,5.0967,2.74,26.7,Low Risk,Moderate Risk,YELLOW,COM20
REAL-COM20-LOW_-00315,2026-09-19 16:21:07.496,117.14,15.06,0.3905,5.02,2.7,27.0,Low Risk,Moderate Risk,YELLOW,COM20
REAL-COM20-LOW_-00316,2026-09-19 16:21:07.697,115.2,15.03,0.384,5.01,2.7,27.1,Low Risk,Moderate Risk,YELLOW,COM20
REAL-COM20-LOW_-00317,2026-09-19 16:21:07.892,115.85,15.2,0.3862,5.0667,2.73,26.8,Low Risk,Moderate Risk,YELLOW,COM20
REAL-COM20-LOW_-00318,2026-09-19 16:21:08.099,116.12,15.36,0.3871,5.12,2.75,26.6,Low Risk,Moderate Risk,YELLOW,COM20
REAL-COM20-LOW_-00319,2026-09-19 16:21:08.297,119.35,14.9,0.3978,4.9667,2.68,27.2,Low Risk,Moderate Risk,YELLOW,COM20
REAL-COM20-LOW_-00320,2026-09-19 16:21:08.499,117.13,15.05,0.3904,5.0167,2.7,27.0,Low Risk,Moderate Risk,YELLOW,COM20
REAL-COM20-LOW_-00321,2026-09-19 16:21:08.697,117.44,15.21,0.3915,5.07,2.73,26.8,Low Risk,Moderate Risk,YELLOW,COM20
REAL-COM20-LOW_-00322,2026-09-19 16:21:08.892,116.45,15.19,0.3882,5.0633,2.73,26.8,Low Risk,Moderate Risk,YELLOW,COM20
REAL-COM20-LOW_-00323,2026-09-19 16:21:09.092,112.88,15.29,0.3763,5.0967,2.74,26.8,Low Risk,Moderate Risk,YELLOW,COM20
REAL-COM20-LOW_-00324,2026-09-19 16:21:09.296,113.48,15.02,0.3783,5.0067,2.69,27.1,Low Risk,Moderate Risk,YELLOW,COM20
REAL-COM20-LOW_-00325,2026-09-19 16:21:09.498,114.19,14.94,0.3806,4.98,2.68,27.2,Low Risk,Moderate Risk,YELLOW,COM20
REAL-COM20-LOW_-00326,2026-09-19 16:21:09.697,115.28,15.32,0.3843,5.1067,2.74,26.7,Low Risk,Moderate Risk,YELLOW,COM20
REAL-COM20-LOW_-00327,2026-09-19 16:21:09.892,118.9,15.24,0.3963,5.08,2.74,26.8,Low Risk,Moderate Risk,YELLOW,COM20
REAL-COM20-LOW_-00328,2026-09-19 16:21:10.092,116.67,15.23,0.3889,5.0767,2.73,26.8,Low Risk,Moderate Risk,YELLOW,COM20
REAL-COM20-LOW_-00329,2026-09-19 16:21:10.293,114.6,14.97,0.382,4.99,2.69,27.1,Low Risk,Moderate Risk,YELLOW,COM20
REAL-COM20-LOW_-00330,2026-09-19 16:21:10.497,117.21,14.93,0.3907,4.9767,2.68,27.1,Low Risk,Moderate Risk,YELLOW,COM20
REAL-COM20-LOW_-00331,2026-09-19 16:21:10.698,114.35,15.01,0.3812,5.0033,2.69,27.1,Low Risk,Moderate Risk,YELLOW,COM20
REAL-COM20-LOW_-00332,2026-09-19 16:21:10.892,113.82,15.28,0.3794,5.0933,2.74,26.8,Low Risk,Moderate Risk,YELLOW,COM20
REAL-COM20-LOW_-00333,2026-09-19 16:21:11.091,114.95,15.19,0.3832,5.0633,2.72,26.9,Low Risk,Moderate Risk,YELLOW,COM20
REAL-COM20-LOW_-00334,2026-09-19 16:21:11.292,116.41,15.04,0.388,5.0133,2.7,27.0,Low Risk,Moderate Risk,YELLOW,COM20
REAL-COM20-LOW_-00335,2026-09-19 16:21:11.493,114.74,15.51,0.3825,5.17,2.78,26.5,Low Risk,Moderate Risk,YELLOW,COM20
REAL-COM20-LOW_-00336,2026-09-19 16:21:11.698,115.34,15.26,0.3845,5.0867,2.74,26.8,Low Risk,Moderate Risk,YELLOW,COM20
REAL-COM20-LOW_-00337,2026-09-19 16:21:11.891,115.38,15.19,0.3846,5.0633,2.72,26.9,Low Risk,Moderate Risk,YELLOW,COM20
REAL-COM20-LOW_-00338,2026-09-19 16:21:12.091,115.73,15.07,0.3858,5.0233,2.7,27.0,Low Risk,Moderate Risk,YELLOW,COM20
REAL-COM20-LOW_-00339,2026-09-19 16:21:12.292,113.8,15.18,0.3793,5.06,2.72,26.9,Low Risk,Moderate Risk,YELLOW,COM20
REAL-COM20-LOW_-00340,2026-09-19 16:21:12.495,116.89,15.13,0.3896,5.0433,2.72,26.9,Low Risk,Moderate Risk,YELLOW,COM20
REAL-COM20-LOW_-00341,2026-09-19 16:21:12.698,116.55,15.19,0.3885,5.0633,2.73,26.8,Low Risk,Moderate Risk,YELLOW,COM20
REAL-COM20-LOW_-00342,2026-09-19 16:21:12.892,114.54,15.1,0.3818,5.0333,2.71,27.0,Low Risk,Moderate Risk,YELLOW,COM20
REAL-COM20-LOW_-00343,2026-09-19 16:21:13.099,116.05,15.15,0.3868,5.05,2.72,26.9,Low Risk,Moderate Risk,YELLOW,COM20
REAL-COM20-LOW_-00344,2026-09-19 16:21:13.292,116.62,15.22,0.3887,5.0733,2.73,26.8,Low Risk,Moderate Risk,YELLOW,COM20
REAL-COM20-LOW_-00345,2026-09-19 16:21:13.493,115.59,15.23,0.3853,5.0767,2.73,26.8,Low Risk,Moderate Risk,YELLOW,COM20
REAL-COM20-LOW_-00346,2026-09-19 16:21:13.699,114.66,15.06,0.3822,5.02,2.7,27.0,Low Risk,Moderate Risk,YELLOW,COM20
REAL-COM20-LOW_-00347,2026-09-19 16:21:13.892,114.55,15.21,0.3818,5.07,2.73,26.8,Low Risk,Moderate Risk,YELLOW,COM20
REAL-COM20-LOW_-00348,2026-09-19 16:21:14.092,115.98,15.19,0.3866,5.0633,2.72,26.8,Low Risk,Moderate Risk,YELLOW,COM20
REAL-COM20-LOW_-00349,2026-09-19 16:21:14.294,116.4,15.19,0.388,5.0633,2.73,26.8,Low Risk,Moderate Risk,YELLOW,COM20
REAL-COM20-LOW_-00350,2026-09-19 16:21:14.492,116.51,14.93,0.3884,4.9767,2.68,27.2,Low Risk,Moderate Risk,YELLOW,COM20
REAL-COM20-LOW_-00351,2026-09-19 16:21:14.693,117.45,15.05,0.3915,5.0167,2.7,27.0,Low Risk,Moderate Risk,YELLOW,COM20
REAL-COM20-LOW_-00352,2026-09-19 16:21:14.899,116.59,15.02,0.3886,5.0067,2.7,27.0,Low Risk,Moderate Risk,YELLOW,COM20
REAL-COM20-LOW_-00353,2026-09-19 16:21:15.092,116.01,15.33,0.3867,5.11,2.75,26.7,Low Risk,Moderate Risk,YELLOW,COM20
REAL-COM20-LOW_-00354,2026-09-19 16:21:15.293,115.34,15.24,0.3845,5.08,2.73,26.8,Low Risk,Moderate Risk,YELLOW,COM20
REAL-COM20-LOW_-00355,2026-09-19 16:21:15.492,114.0,15.17,0.38,5.0567,2.72,26.9,Low Risk,Moderate Risk,YELLOW,COM20
REAL-COM20-LOW_-00356,2026-09-19 16:21:15.697,114.69,15.35,0.3823,5.1167,2.75,26.7,Low Risk,Moderate Risk,YELLOW,COM20
REAL-COM20-LOW_-00357,2026-09-19 16:21:15.892,115.55,15.3,0.3852,5.1,2.74,26.7,Low Risk,Moderate Risk,YELLOW,COM20
REAL-COM20-LOW_-00358,2026-09-19 16:21:16.092,114.64,15.24,0.3821,5.08,2.73,26.8,Low Risk,Moderate Risk,YELLOW,COM20
REAL-COM20-LOW_-00359,2026-09-19 16:21:16.298,114.33,15.03,0.3811,5.01,2.7,27.1,Low Risk,Moderate Risk,YELLOW,COM20
REAL-COM20-LOW_-00360,2026-09-19 16:21:16.498,117.52,15.22,0.3917,5.0733,2.73,26.8,Low Risk,Moderate Risk,YELLOW,COM20
REAL-COM20-LOW_-00361,2026-09-19 16:21:16.692,112.89,15.31,0.3763,5.1033,2.74,26.7,Low Risk,Moderate Risk,YELLOW,COM20
REAL-COM20-LOW_-00362,2026-09-19 16:21:16.892,114.04,15.09,0.3801,5.03,2.7,27.0,Low Risk,Moderate Risk,YELLOW,COM20
REAL-COM20-LOW_-00363,2026-09-19 16:21:17.092,116.67,15.31,0.3889,5.1033,2.75,26.7,Low Risk,Moderate Risk,YELLOW,COM20
REAL-COM20-LOW_-00364,2026-09-19 16:21:17.297,114.37,14.99,0.3812,4.9967,2.69,27.1,Low Risk,Moderate Risk,YELLOW,COM20
REAL-COM20-LOW_-00365,2026-09-19 16:21:17.497,116.62,14.93,0.3887,4.9767,2.68,27.1,Low Risk,Moderate Risk,YELLOW,COM20
REAL-COM20-LOW_-00366,2026-09-19 16:21:17.696,115.88,15.07,0.3863,5.0233,2.7,27.0,Low Risk,Moderate Risk,YELLOW,COM20
REAL-COM20-LOW_-00367,2026-09-19 16:21:17.893,114.55,15.05,0.3818,5.0167,2.7,27.0,Low Risk,Moderate Risk,YELLOW,COM20
REAL-COM20-LOW_-00368,2026-09-19 16:21:18.096,117.9,15.12,0.393,5.04,2.72,26.9,Low Risk,Moderate Risk,YELLOW,COM20
REAL-COM20-LOW_-00369,2026-09-19 16:21:18.292,115.84,15.02,0.3861,5.0067,2.7,27.0,Low Risk,Moderate Risk,YELLOW,COM20
REAL-COM20-LOW_-00370,2026-09-19 16:21:18.491,117.83,15.17,0.3928,5.0567,2.73,26.8,Low Risk,Moderate Risk,YELLOW,COM20
REAL-COM20-LOW_-00371,2026-09-19 16:21:18.695,115.24,15.14,0.3841,5.0467,2.72,26.9,Low Risk,Moderate Risk,YELLOW,COM20
REAL-COM20-LOW_-00372,2026-09-19 16:21:18.898,117.04,15.24,0.3901,5.08,2.74,26.8,Low Risk,Moderate Risk,YELLOW,COM20
REAL-COM20-LOW_-00373,2026-09-19 16:21:19.098,115.83,15.0,0.3861,5.0,2.69,27.1,Low Risk,Moderate Risk,YELLOW,COM20
REAL-COM20-LOW_-00374,2026-09-19 16:21:19.296,112.22,15.12,0.3741,5.04,2.71,27.0,Low Risk,Moderate Risk,YELLOW,COM20
REAL-COM20-LOW_-00375,2026-09-19 16:21:19.493,114.8,15.31,0.3827,5.1033,2.74,26.7,Low Risk,Moderate Risk,YELLOW,COM20
REAL-COM20-LOW_-00376,2026-09-19 16:21:19.698,113.78,15.0,0.3793,5.0,2.69,27.1,Low Risk,Moderate Risk,YELLOW,COM20
REAL-COM20-LOW_-00377,2026-09-19 16:21:19.897,115.46,15.14,0.3849,5.0467,2.72,26.9,Low Risk,Moderate Risk,YELLOW,COM20
REAL-COM20-LOW_-00378,2026-09-19 16:21:20.098,116.38,15.33,0.3879,5.11,2.75,26.7,Low Risk,Moderate Risk,YELLOW,COM20
REAL-COM20-LOW_-00379,2026-09-19 16:21:20.298,115.42,14.95,0.3847,4.9833,2.68,27.1,Low Risk,Moderate Risk,YELLOW,COM20
REAL-COM20-LOW_-00380,2026-09-19 16:21:20.492,115.97,15.05,0.3866,5.0167,2.7,27.0,Low Risk,Moderate Risk,YELLOW,COM20
REAL-COM20-LOW_-00381,2026-09-19 16:21:20.698,115.24,15.24,0.3841,5.08,2.73,26.8,Low Risk,Moderate Risk,YELLOW,COM20
REAL-COM20-LOW_-00382,2026-09-19 16:21:20.892,116.7,15.27,0.389,5.09,2.74,26.7,Low Risk,Moderate Risk,YELLOW,COM20
REAL-COM20-LOW_-00383,2026-09-19 16:21:21.094,117.04,15.19,0.3901,5.0633,2.73,26.8,Low Risk,Moderate Risk,YELLOW,COM20
REAL-COM20-LOW_-00384,2026-09-19 16:21:21.292,114.65,15.02,0.3822,5.0067,2.69,27.1,Low Risk,Moderate Risk,YELLOW,COM20
REAL-COM20-LOW_-00385,2026-09-19 16:21:21.493,115.38,15.27,0.3846,5.09,2.74,26.8,Low Risk,Moderate Risk,YELLOW,COM20
REAL-COM20-LOW_-00386,2026-09-19 16:21:21.697,115.52,15.16,0.3851,5.0533,2.72,26.9,Low Risk,Moderate Risk,YELLOW,COM20
REAL-COM20-LOW_-00387,2026-09-19 16:21:21.892,117.23,15.32,0.3908,5.1067,2.75,26.7,Low Risk,Moderate Risk,YELLOW,COM20
REAL-COM20-LOW_-00388,2026-09-19 16:21:22.093,113.59,14.95,0.3786,4.9833,2.68,27.2,Low Risk,Moderate Risk,YELLOW,COM20
REAL-COM20-LOW_-00389,2026-09-19 16:21:22.297,114.94,15.14,0.3831,5.0467,2.72,26.9,Low Risk,Moderate Risk,YELLOW,COM20
REAL-COM20-LOW_-00390,2026-09-19 16:21:22.492,116.32,15.06,0.3877,5.02,2.7,27.0,Low Risk,Moderate Risk,YELLOW,COM20
REAL-COM20-LOW_-00391,2026-09-19 16:21:22.697,114.81,14.99,0.3827,4.9967,2.69,27.1,Low Risk,Moderate Risk,YELLOW,COM20
REAL-COM20-LOW_-00392,2026-09-19 16:21:22.892,115.63,15.02,0.3854,5.0067,2.7,27.1,Low Risk,Moderate Risk,YELLOW,COM20
REAL-COM20-LOW_-00393,2026-09-19 16:21:23.093,115.34,15.22,0.3845,5.0733,2.73,26.8,Low Risk,Moderate Risk,YELLOW,COM20
REAL-COM20-LOW_-00394,2026-09-19 16:21:23.298,113.5,15.04,0.3783,5.0133,2.7,27.1,Low Risk,Moderate Risk,YELLOW,COM20
REAL-COM20-LOW_-00395,2026-09-19 16:21:23.493,117.38,15.03,0.3913,5.01,2.7,27.0,Low Risk,Moderate Risk,YELLOW,COM20
REAL-COM20-LOW_-00396,2026-09-19 16:21:23.697,112.76,15.17,0.3759,5.0567,2.72,26.9,Low Risk,Moderate Risk,YELLOW,COM20
REAL-COM20-LOW_-00397,2026-09-19 16:21:23.892,116.18,15.05,0.3873,5.0167,2.7,27.0,Low Risk,Moderate Risk,YELLOW,COM20
REAL-COM20-LOW_-00398,2026-09-19 16:21:24.098,116.04,15.2,0.3868,5.0667,2.73,26.8,Low Risk,Moderate Risk,YELLOW,COM20
REAL-COM20-LOW_-00399,2026-09-19 16:21:24.292,114.62,15.18,0.3821,5.06,2.72,26.9,Low Risk,Moderate Risk,YELLOW,COM20
REAL-COM20-LOW_-00400,2026-09-19 16:21:24.492,116.06,15.21,0.3869,5.07,2.73,26.8,Low Risk,Moderate Risk,YELLOW,COM20
REAL-COM20-LOW_-00401,2026-09-19 16:21:24.697,116.9,15.09,0.3897,5.03,2.71,27.0,Low Risk,Moderate Risk,YELLOW,COM20
REAL-COM20-LOW_-00402,2026-09-19 16:21:24.892,115.18,15.37,0.3839,5.1233,2.75,26.6,Low Risk,Moderate Risk,YELLOW,COM20
REAL-COM20-LOW_-00403,2026-09-19 16:21:25.098,116.63,14.97,0.3888,4.99,2.69,27.1,Low Risk,Moderate Risk,YELLOW,COM20
REAL-COM20-LOW_-00404,2026-09-19 16:21:25.299,113.9,15.2,0.3797,5.0667,2.72,26.9,Low Risk,Moderate Risk,YELLOW,COM20
REAL-COM20-LOW_-00405,2026-09-19 16:21:25.493,115.82,15.21,0.3861,5.07,2.73,26.8,Low Risk,Moderate Risk,YELLOW,COM20
REAL-COM20-LOW_-00406,2026-09-19 16:21:25.697,114.82,15.17,0.3827,5.0567,2.72,26.9,Low Risk,Moderate Risk,YELLOW,COM20
REAL-COM20-LOW_-00407,2026-09-19 16:21:25.892,113.93,15.14,0.3798,5.0467,2.71,26.9,Low Risk,Moderate Risk,YELLOW,COM20
REAL-COM20-LOW_-00408,2026-09-19 16:21:26.099,115.07,15.04,0.3836,5.0133,2.7,27.0,Low Risk,Moderate Risk,YELLOW,COM20
REAL-COM20-LOW_-00409,2026-09-19 16:21:26.293,115.64,15.05,0.3855,5.0167,2.7,27.0,Low Risk,Moderate Risk,YELLOW,COM20
REAL-COM20-LOW_-00410,2026-09-19 16:21:26.492,116.77,15.02,0.3892,5.0067,2.7,27.0,Low Risk,Moderate Risk,YELLOW,COM20
REAL-COM20-LOW_-00411,2026-09-19 16:21:26.692,115.26,15.01,0.3842,5.0033,2.69,27.1,Low Risk,Moderate Risk,YELLOW,COM20
REAL-COM20-LOW_-00412,2026-09-19 16:21:26.892,114.83,15.07,0.3828,5.0233,2.7,27.0,Low Risk,Moderate Risk,YELLOW,COM20
REAL-COM20-LOW_-00413,2026-09-19 16:21:27.093,114.88,14.99,0.3829,4.9967,2.69,27.1,Low Risk,Moderate Risk,YELLOW,COM20
REAL-COM20-LOW_-00414,2026-09-19 16:21:27.298,116.97,15.09,0.3899,5.03,2.71,27.0,Low Risk,Moderate Risk,YELLOW,COM20
REAL-COM20-LOW_-00415,2026-09-19 16:21:27.493,117.98,15.27,0.3933,5.09,2.74,26.7,Low Risk,Moderate Risk,YELLOW,COM20
REAL-COM20-LOW_-00416,2026-09-19 16:21:27.695,114.14,15.2,0.3805,5.0667,2.72,26.9,Low Risk,Moderate Risk,YELLOW,COM20
REAL-COM20-LOW_-00417,2026-09-19 16:21:27.895,115.01,14.87,0.3834,4.9567,2.67,27.3,Low Risk,Moderate Risk,YELLOW,COM20
REAL-COM20-LOW_-00418,2026-09-19 16:21:28.095,115.36,14.92,0.3845,4.9733,2.68,27.2,Low Risk,Moderate Risk,YELLOW,COM20
REAL-COM20-LOW_-00419,2026-09-19 16:21:28.295,114.23,14.99,0.3808,4.9967,2.69,27.1,Low Risk,Moderate Risk,YELLOW,COM20
REAL-COM20-LOW_-00420,2026-09-19 16:21:28.495,112.11,15.27,0.3737,5.09,2.73,26.8,Low Risk,Moderate Risk,YELLOW,COM20
REAL-COM20-LOW_-00421,2026-09-19 16:21:28.696,115.08,14.97,0.3836,4.99,2.69,27.1,Low Risk,Moderate Risk,YELLOW,COM20
REAL-COM20-LOW_-00422,2026-09-19 16:21:28.896,116.93,15.12,0.3898,5.04,2.71,26.9,Low Risk,Moderate Risk,YELLOW,COM20
REAL-COM20-LOW_-00423,2026-09-19 16:21:29.097,112.72,15.21,0.3757,5.07,2.72,26.9,Low Risk,Moderate Risk,YELLOW,COM20
REAL-COM20-LOW_-00424,2026-09-19 16:21:29.297,115.04,15.13,0.3835,5.0433,2.71,26.9,Low Risk,Moderate Risk,YELLOW,COM20
REAL-COM20-LOW_-00425,2026-09-19 16:21:29.497,115.64,15.17,0.3855,5.0567,2.72,26.9,Low Risk,Moderate Risk,YELLOW,COM20
REAL-COM20-LOW_-00426,2026-09-19 16:21:29.690,115.34,15.1,0.3845,5.0333,2.71,27.0,Low Risk,Moderate Risk,YELLOW,COM20
REAL-COM20-LOW_-00427,2026-09-19 16:21:29.898,114.4,14.98,0.3813,4.9933,2.69,27.1,Low Risk,Moderate Risk,YELLOW,COM20
REAL-COM20-LOW_-00428,2026-09-19 16:21:30.098,114.3,15.29,0.381,5.0967,2.74,26.8,Low Risk,Moderate Risk,YELLOW,COM20
REAL-COM20-LOW_-00429,2026-09-19 16:21:30.298,111.86,15.31,0.3729,5.1033,2.74,26.8,Low Risk,Moderate Risk,YELLOW,COM20
REAL-COM20-LOW_-00430,2026-09-19 16:21:30.492,114.81,15.13,0.3827,5.0433,2.71,26.9,Low Risk,Moderate Risk,YELLOW,COM20
REAL-COM20-LOW_-00431,2026-09-19 16:21:30.695,117.82,15.27,0.3927,5.09,2.74,26.7,Low Risk,Moderate Risk,YELLOW,COM20
REAL-COM20-LOW_-00432,2026-09-19 16:21:30.898,112.86,15.2,0.3762,5.0667,2.72,26.9,Low Risk,Moderate Risk,YELLOW,COM20
REAL-COM20-LOW_-00433,2026-09-19 16:21:31.097,116.92,15.12,0.3897,5.04,2.71,26.9,Low Risk,Moderate Risk,YELLOW,COM20
REAL-COM20-LOW_-00434,2026-09-19 16:21:31.297,114.79,15.23,0.3826,5.0767,2.73,26.8,Low Risk,Moderate Risk,YELLOW,COM20
REAL-COM20-LOW_-00435,2026-09-19 16:21:31.497,113.79,15.28,0.3793,5.0933,2.74,26.8,Low Risk,Moderate Risk,YELLOW,COM20
REAL-COM20-LOW_-00436,2026-09-19 16:21:31.697,114.45,15.02,0.3815,5.0067,2.69,27.1,Low Risk,Moderate Risk,YELLOW,COM20
REAL-COM20-LOW_-00437,2026-09-19 16:21:31.897,115.15,15.19,0.3838,5.0633,2.72,26.9,Low Risk,Moderate Risk,YELLOW,COM20
REAL-COM20-LOW_-00438,2026-09-19 16:21:32.097,115.78,15.17,0.3859,5.0567,2.72,26.9,Low Risk,Moderate Risk,YELLOW,COM20
REAL-COM20-LOW_-00439,2026-09-19 16:21:32.297,115.16,15.16,0.3839,5.0533,2.72,26.9,Low Risk,Moderate Risk,YELLOW,COM20
REAL-COM20-LOW_-00440,2026-09-19 16:21:32.497,115.54,15.07,0.3851,5.0233,2.7,27.0,Low Risk,Moderate Risk,YELLOW,COM20
REAL-COM20-LOW_-00441,2026-09-19 16:21:32.697,118.27,15.23,0.3942,5.0767,2.74,26.8,Low Risk,Moderate Risk,YELLOW,COM20
REAL-COM20-LOW_-00442,2026-09-19 16:21:32.897,117.38,15.42,0.3913,5.14,2.76,26.6,Low Risk,Moderate Risk,YELLOW,COM20
REAL-COM20-LOW_-00443,2026-09-19 16:21:33.097,113.33,15.23,0.3778,5.0767,2.73,26.8,Low Risk,Moderate Risk,YELLOW,COM20
REAL-COM20-LOW_-00444,2026-09-19 16:21:33.297,118.22,15.44,0.3941,5.1467,2.77,26.5,Low Risk,Moderate Risk,YELLOW,COM20
REAL-COM20-LOW_-00445,2026-09-19 16:21:33.498,116.97,15.09,0.3899,5.03,2.71,27.0,Low Risk,Moderate Risk,YELLOW,COM20
REAL-COM20-LOW_-00446,2026-09-19 16:21:33.697,116.71,15.27,0.389,5.09,2.74,26.7,Low Risk,Moderate Risk,YELLOW,COM20
REAL-COM20-LOW_-00447,2026-09-19 16:21:33.898,113.64,15.16,0.3788,5.0533,2.72,26.9,Low Risk,Moderate Risk,YELLOW,COM20
REAL-COM20-LOW_-00448,2026-09-19 16:21:34.097,115.39,14.93,0.3846,4.9767,2.68,27.2,Low Risk,Moderate Risk,YELLOW,COM20
REAL-COM20-LOW_-00449,2026-09-19 16:21:34.297,115.2,15.15,0.384,5.05,2.72,26.9,Low Risk,Moderate Risk,YELLOW,COM20
REAL-COM20-LOW_-00450,2026-09-19 16:21:34.498,115.82,15.36,0.3861,5.12,2.75,26.6,Low Risk,Moderate Risk,YELLOW,COM20
REAL-COM20-LOW_-00451,2026-09-19 16:21:34.698,115.67,15.19,0.3856,5.0633,2.72,26.8,Low Risk,Moderate Risk,YELLOW,COM20
REAL-COM20-LOW_-00452,2026-09-19 16:21:34.897,115.92,14.94,0.3864,4.98,2.68,27.2,Low Risk,Moderate Risk,YELLOW,COM20
REAL-COM20-LOW_-00453,2026-09-19 16:21:35.097,114.37,15.21,0.3812,5.07,2.73,26.8,Low Risk,Moderate Risk,YELLOW,COM20
REAL-COM20-LOW_-00454,2026-09-19 16:21:35.297,113.19,15.07,0.3773,5.0233,2.7,27.0,Low Risk,Moderate Risk,YELLOW,COM20
REAL-COM20-LOW_-00455,2026-09-19 16:21:35.498,114.93,15.13,0.3831,5.0433,2.71,26.9,Low Risk,Moderate Risk,YELLOW,COM20
REAL-COM20-LOW_-00456,2026-09-19 16:21:35.697,115.15,14.97,0.3838,4.99,2.69,27.1,Low Risk,Moderate Risk,YELLOW,COM20
REAL-COM20-LOW_-00457,2026-09-19 16:21:35.897,115.96,15.28,0.3865,5.0933,2.74,26.7,Low Risk,Moderate Risk,YELLOW,COM20
REAL-COM20-LOW_-00458,2026-09-19 16:21:36.097,115.01,15.08,0.3834,5.0267,2.7,27.0,Low Risk,Moderate Risk,YELLOW,COM20
REAL-COM20-LOW_-00459,2026-09-19 16:21:36.298,116.08,15.17,0.3869,5.0567,2.72,26.9,Low Risk,Moderate Risk,YELLOW,COM20
REAL-COM20-LOW_-00460,2026-09-19 16:21:36.498,114.25,15.08,0.3808,5.0267,2.7,27.0,Low Risk,Moderate Risk,YELLOW,COM20
REAL-COM20-LOW_-00461,2026-09-19 16:21:36.697,115.75,15.04,0.3858,5.0133,2.7,27.0,Low Risk,Moderate Risk,YELLOW,COM20
REAL-COM20-LOW_-00462,2026-09-19 16:21:36.897,115.53,14.94,0.3851,4.98,2.68,27.2,Low Risk,Moderate Risk,YELLOW,COM20
REAL-COM20-LOW_-00463,2026-09-19 16:21:37.098,117.31,15.35,0.391,5.1167,2.75,26.6,Low Risk,Moderate Risk,YELLOW,COM20
REAL-COM20-LOW_-00464,2026-09-19 16:21:37.297,114.4,15.35,0.3813,5.1167,2.75,26.7,Low Risk,Moderate Risk,YELLOW,COM20
REAL-COM20-LOW_-00465,2026-09-19 16:21:37.497,115.08,15.11,0.3836,5.0367,2.71,27.0,Low Risk,Moderate Risk,YELLOW,COM20
REAL-COM20-LOW_-00466,2026-09-19 16:21:37.697,116.21,15.15,0.3874,5.05,2.72,26.9,Low Risk,Moderate Risk,YELLOW,COM20
REAL-COM20-LOW_-00467,2026-09-19 16:21:37.897,117.25,14.87,0.3908,4.9567,2.67,27.2,Low Risk,Moderate Risk,YELLOW,COM20
REAL-COM20-LOW_-00468,2026-09-19 16:21:38.098,114.74,14.91,0.3825,4.97,2.68,27.2,Low Risk,Moderate Risk,YELLOW,COM20
REAL-COM20-LOW_-00469,2026-09-19 16:21:38.298,115.76,14.93,0.3859,4.9767,2.68,27.2,Low Risk,Moderate Risk,YELLOW,COM20
REAL-COM20-LOW_-00470,2026-09-19 16:21:38.497,116.22,14.8,0.3874,4.9333,2.66,27.3,Low Risk,Moderate Risk,YELLOW,COM20
REAL-COM20-LOW_-00471,2026-09-19 16:21:38.698,115.94,15.06,0.3865,5.02,2.7,27.0,Low Risk,Moderate Risk,YELLOW,COM20
REAL-COM20-LOW_-00472,2026-09-19 16:21:38.897,116.59,15.05,0.3886,5.0167,2.7,27.0,Low Risk,Moderate Risk,YELLOW,COM20
REAL-COM20-LOW_-00473,2026-09-19 16:21:39.097,115.89,14.85,0.3863,4.95,2.67,27.3,Low Risk,Moderate Risk,YELLOW,COM20
REAL-COM20-LOW_-00474,2026-09-19 16:21:39.298,115.84,15.14,0.3861,5.0467,2.72,26.9,Low Risk,Moderate Risk,YELLOW,COM20
REAL-COM20-LOW_-00475,2026-09-19 16:21:39.497,112.62,15.22,0.3754,5.0733,2.72,26.8,Low Risk,Moderate Risk,YELLOW,COM20
REAL-COM20-LOW_-00476,2026-09-19 16:21:39.697,114.51,15.12,0.3817,5.04,2.71,26.9,Low Risk,Moderate Risk,YELLOW,COM20
REAL-COM20-LOW_-00477,2026-09-19 16:21:39.897,115.67,15.25,0.3856,5.0833,2.73,26.8,Low Risk,Moderate Risk,YELLOW,COM20
REAL-COM20-LOW_-00478,2026-09-19 16:21:40.097,114.7,15.0,0.3823,5.0,2.69,27.1,Low Risk,Moderate Risk,YELLOW,COM20
REAL-COM20-LOW_-00479,2026-09-19 16:21:40.297,114.76,15.29,0.3825,5.0967,2.74,26.7,Low Risk,Moderate Risk,YELLOW,COM20
REAL-COM20-LOW_-00480,2026-09-19 16:21:40.497,115.35,15.24,0.3845,5.08,2.73,26.8,Low Risk,Moderate Risk,YELLOW,COM20
REAL-COM20-LOW_-00481,2026-09-19 16:21:40.697,114.88,15.15,0.3829,5.05,2.72,26.9,Low Risk,Moderate Risk,YELLOW,COM20
REAL-COM20-LOW_-00482,2026-09-19 16:21:40.897,112.86,15.1,0.3762,5.0333,2.7,27.0,Low Risk,Moderate Risk,YELLOW,COM20
REAL-COM20-LOW_-00483,2026-09-19 16:21:41.097,116.23,15.11,0.3874,5.0367,2.71,26.9,Low Risk,Moderate Risk,YELLOW,COM20
REAL-COM20-LOW_-00484,2026-09-19 16:21:41.298,116.09,15.28,0.387,5.0933,2.74,26.7,Low Risk,Moderate Risk,YELLOW,COM20
REAL-COM20-LOW_-00485,2026-09-19 16:21:41.497,116.59,15.34,0.3886,5.1133,2.75,26.7,Low Risk,Moderate Risk,YELLOW,COM20
REAL-COM20-LOW_-00486,2026-09-19 16:21:41.698,114.11,14.94,0.3804,4.98,2.68,27.2,Low Risk,Moderate Risk,YELLOW,COM20
REAL-COM20-LOW_-00487,2026-09-19 16:21:41.897,115.24,15.68,0.3841,5.2267,2.81,26.3,Low Risk,Moderate Risk,YELLOW,COM20
REAL-COM20-LOW_-00488,2026-09-19 16:21:42.098,115.79,14.84,0.386,4.9467,2.67,27.3,Low Risk,Moderate Risk,YELLOW,COM20
REAL-COM20-LOW_-00489,2026-09-19 16:21:42.297,115.51,15.11,0.385,5.0367,2.71,26.9,Low Risk,Moderate Risk,YELLOW,COM20
REAL-COM20-LOW_-00490,2026-09-19 16:21:42.497,117.21,15.23,0.3907,5.0767,2.73,26.8,Low Risk,Moderate Risk,YELLOW,COM20
REAL-COM20-LOW_-00491,2026-09-19 16:21:42.698,116.51,15.19,0.3884,5.0633,2.73,26.8,Low Risk,Moderate Risk,YELLOW,COM20
REAL-COM20-LOW_-00492,2026-09-19 16:21:42.897,115.49,15.28,0.385,5.0933,2.74,26.7,Low Risk,Moderate Risk,YELLOW,COM20
REAL-COM20-LOW_-00493,2026-09-19 16:21:43.098,115.97,15.09,0.3866,5.03,2.71,27.0,Low Risk,Moderate Risk,YELLOW,COM20
REAL-COM20-LOW_-00494,2026-09-19 16:21:43.297,115.44,15.18,0.3848,5.06,2.72,26.9,Low Risk,Moderate Risk,YELLOW,COM20
REAL-COM20-LOW_-00495,2026-09-19 16:21:43.498,114.39,14.96,0.3813,4.9867,2.68,27.1,Low Risk,Moderate Risk,YELLOW,COM20
REAL-COM20-LOW_-00496,2026-09-19 16:21:43.698,117.29,15.16,0.391,5.0533,2.72,26.9,Low Risk,Moderate Risk,YELLOW,COM20
REAL-COM20-LOW_-00497,2026-09-19 16:21:43.897,115.79,15.24,0.386,5.08,2.73,26.8,Low Risk,Moderate Risk,YELLOW,COM20
REAL-COM20-LOW_-00498,2026-09-19 16:21:44.097,115.15,15.08,0.3838,5.0267,2.71,27.0,Low Risk,Moderate Risk,YELLOW,COM20
REAL-COM20-LOW_-00499,2026-09-19 16:21:44.298,115.81,14.84,0.386,4.9467,2.67,27.3,Low Risk,Moderate Risk,YELLOW,COM20
REAL-COM20-LOW_-00500,2026-09-19 16:21:44.499,116.54,15.23,0.3885,5.0767,2.73,26.8,Low Risk,Moderate Risk,YELLOW,COM20
REAL-COM20-LOW_-00501,2026-09-19 16:21:44.697,115.36,15.15,0.3845,5.05,2.72,26.9,Low Risk,Moderate Risk,YELLOW,COM20
REAL-COM20-LOW_-00502,2026-09-19 16:21:44.898,114.08,15.19,0.3803,5.0633,2.72,26.9,Low Risk,Moderate Risk,YELLOW,COM20
REAL-COM20-LOW_-00503,2026-09-19 16:21:45.098,114.22,15.17,0.3807,5.0567,2.72,26.9,Low Risk,Moderate Risk,YELLOW,COM20
REAL-COM20-LOW_-00504,2026-09-19 16:21:45.298,113.43,15.42,0.3781,5.14,2.76,26.6,Low Risk,Moderate Risk,YELLOW,COM20
REAL-COM20-LOW_-00505,2026-09-19 16:21:45.498,115.94,15.15,0.3865,5.05,2.72,26.9,Low Risk,Moderate Risk,YELLOW,COM20
REAL-COM20-LOW_-00506,2026-09-19 16:21:45.697,114.74,15.51,0.3825,5.17,2.78,26.5,Low Risk,Moderate Risk,YELLOW,COM20
REAL-COM20-LOW_-00507,2026-09-19 16:21:45.898,113.84,14.99,0.3795,4.9967,2.69,27.1,Low Risk,Moderate Risk,YELLOW,COM20
REAL-COM20-LOW_-00508,2026-09-19 16:21:46.099,113.51,15.0,0.3784,5.0,2.69,27.1,Low Risk,Moderate Risk,YELLOW,COM20
REAL-COM20-LOW_-00509,2026-09-19 16:21:46.297,115.17,15.15,0.3839,5.05,2.72,26.9,Low Risk,Moderate Risk,YELLOW,COM20
REAL-COM20-LOW_-00510,2026-09-19 16:21:46.499,115.7,15.28,0.3857,5.0933,2.74,26.7,Low Risk,Moderate Risk,YELLOW,COM20
REAL-COM20-LOW_-00511,2026-09-19 16:21:46.699,114.4,15.22,0.3813,5.0733,2.73,26.8,Low Risk,Moderate Risk,YELLOW,COM20
REAL-COM20-LOW_-00512,2026-09-19 16:21:46.896,118.45,15.14,0.3948,5.0467,2.72,26.9,Low Risk,Moderate Risk,YELLOW,COM20
REAL-COM20-LOW_-00513,2026-09-19 16:21:47.098,116.26,15.23,0.3875,5.0767,2.73,26.8,Low Risk,Moderate Risk,YELLOW,COM20
REAL-COM20-LOW_-00514,2026-09-19 16:21:47.297,118.07,15.2,0.3936,5.0667,2.73,26.8,Low Risk,Moderate Risk,YELLOW,COM20
REAL-COM20-LOW_-00515,2026-09-19 16:21:47.490,115.39,15.42,0.3846,5.14,2.76,26.6,Low Risk,Moderate Risk,YELLOW,COM20
REAL-COM20-LOW_-00516,2026-09-19 16:21:47.696,113.05,15.21,0.3768,5.07,2.72,26.9,Low Risk,Moderate Risk,YELLOW,COM20
REAL-COM20-LOW_-00517,2026-09-19 16:21:47.897,114.38,15.09,0.3813,5.03,2.71,27.0,Low Risk,Moderate Risk,YELLOW,COM20
REAL-COM20-LOW_-00518,2026-09-19 16:21:48.097,116.21,15.16,0.3874,5.0533,2.72,26.9,Low Risk,Moderate Risk,YELLOW,COM20
REAL-COM20-LOW_-00519,2026-09-19 16:21:48.297,115.76,15.24,0.3859,5.08,2.73,26.8,Low Risk,Moderate Risk,YELLOW,COM20
REAL-COM20-LOW_-00520,2026-09-19 16:21:48.497,114.03,15.29,0.3801,5.0967,2.74,26.8,Low Risk,Moderate Risk,YELLOW,COM20
REAL-COM20-LOW_-00521,2026-09-19 16:21:48.698,114.21,15.27,0.3807,5.09,2.74,26.8,Low Risk,Moderate Risk,YELLOW,COM20
REAL-COM20-LOW_-00522,2026-09-19 16:21:48.897,115.27,15.26,0.3842,5.0867,2.74,26.8,Low Risk,Moderate Risk,YELLOW,COM20
REAL-COM20-LOW_-00523,2026-09-19 16:21:49.098,117.43,15.2,0.3914,5.0667,2.73,26.8,Low Risk,Moderate Risk,YELLOW,COM20
REAL-COM20-LOW_-00524,2026-09-19 16:21:49.297,114.45,15.27,0.3815,5.09,2.74,26.8,Low Risk,Moderate Risk,YELLOW,COM20
REAL-COM20-LOW_-00525,2026-09-19 16:21:49.498,116.72,15.22,0.3891,5.0733,2.73,26.8,Low Risk,Moderate Risk,YELLOW,COM20
REAL-COM20-LOW_-00526,2026-09-19 16:21:49.698,118.56,15.11,0.3952,5.0367,2.72,26.9,Low Risk,Moderate Risk,YELLOW,COM20
REAL-COM20-LOW_-00527,2026-09-19 16:21:49.898,113.32,15.48,0.3777,5.16,2.77,26.5,Low Risk,Moderate Risk,YELLOW,COM20
REAL-COM20-LOW_-00528,2026-09-19 16:21:50.098,114.28,15.22,0.3809,5.0733,2.73,26.8,Low Risk,Moderate Risk,YELLOW,COM20
REAL-COM20-LOW_-00529,2026-09-19 16:21:50.298,113.48,15.15,0.3783,5.05,2.71,26.9,Low Risk,Moderate Risk,YELLOW,COM20
REAL-COM20-LOW_-00530,2026-09-19 16:21:50.498,115.64,15.08,0.3855,5.0267,2.71,27.0,Low Risk,Moderate Risk,YELLOW,COM20
REAL-COM20-LOW_-00531,2026-09-19 16:21:50.698,114.3,15.2,0.381,5.0667,2.72,26.9,Low Risk,Moderate Risk,YELLOW,COM20
REAL-COM20-LOW_-00532,2026-09-19 16:21:50.898,112.5,15.26,0.375,5.0867,2.73,26.8,Low Risk,Moderate Risk,YELLOW,COM20
REAL-COM20-LOW_-00533,2026-09-19 16:21:51.098,115.97,15.02,0.3866,5.0067,2.7,27.1,Low Risk,Moderate Risk,YELLOW,COM20
REAL-COM20-LOW_-00534,2026-09-19 16:21:51.298,114.2,15.45,0.3807,5.15,2.76,26.6,Low Risk,Moderate Risk,YELLOW,COM20
REAL-COM20-LOW_-00535,2026-09-19 16:21:51.498,113.54,15.23,0.3785,5.0767,2.73,26.8,Low Risk,Moderate Risk,YELLOW,COM20
REAL-COM20-LOW_-00536,2026-09-19 16:21:51.698,115.37,15.05,0.3846,5.0167,2.7,27.0,Low Risk,Moderate Risk,YELLOW,COM20
REAL-COM20-LOW_-00537,2026-09-19 16:21:51.898,118.35,15.21,0.3945,5.07,2.73,26.8,Low Risk,Moderate Risk,YELLOW,COM20
REAL-COM20-LOW_-00538,2026-09-19 16:21:52.098,115.18,15.38,0.3839,5.1267,2.76,26.6,Low Risk,Moderate Risk,YELLOW,COM20
REAL-COM20-LOW_-00539,2026-09-19 16:21:52.298,116.09,15.17,0.387,5.0567,2.72,26.9,Low Risk,Moderate Risk,YELLOW,COM20
REAL-COM20-LOW_-00540,2026-09-19 16:21:52.498,114.15,15.15,0.3805,5.05,2.71,26.9,Low Risk,Moderate Risk,YELLOW,COM20
REAL-COM20-LOW_-00541,2026-09-19 16:21:52.698,114.86,15.33,0.3829,5.11,2.75,26.7,Low Risk,Moderate Risk,YELLOW,COM20
REAL-COM20-LOW_-00542,2026-09-19 16:21:52.897,114.38,15.35,0.3813,5.1167,2.75,26.7,Low Risk,Moderate Risk,YELLOW,COM20
REAL-COM20-LOW_-00543,2026-09-19 16:21:53.098,114.73,15.3,0.3824,5.1,2.74,26.7,Low Risk,Moderate Risk,YELLOW,COM20
REAL-COM20-LOW_-00544,2026-09-19 16:21:53.298,114.4,14.91,0.3813,4.97,2.68,27.2,Low Risk,Moderate Risk,YELLOW,COM20
REAL-COM20-LOW_-00545,2026-09-19 16:21:53.498,115.38,15.07,0.3846,5.0233,2.7,27.0,Low Risk,Moderate Risk,YELLOW,COM20
REAL-COM20-LOW_-00546,2026-09-19 16:21:53.698,115.88,15.04,0.3863,5.0133,2.7,27.0,Low Risk,Moderate Risk,YELLOW,COM20
REAL-COM20-LOW_-00547,2026-09-19 16:21:53.898,114.84,15.16,0.3828,5.0533,2.72,26.9,Low Risk,Moderate Risk,YELLOW,COM20
REAL-COM20-LOW_-00548,2026-09-19 16:21:54.098,115.85,15.34,0.3862,5.1133,2.75,26.7,Low Risk,Moderate Risk,YELLOW,COM20
REAL-COM20-LOW_-00549,2026-09-19 16:21:54.298,115.15,15.25,0.3838,5.0833,2.73,26.8,Low Risk,Moderate Risk,YELLOW,COM20
REAL-COM20-LOW_-00550,2026-09-19 16:21:54.498,113.75,15.18,0.3792,5.06,2.72,26.9,Low Risk,Moderate Risk,YELLOW,COM20
REAL-COM20-LOW_-00551,2026-09-19 16:21:54.698,115.87,15.23,0.3862,5.0767,2.73,26.8,Low Risk,Moderate Risk,YELLOW,COM20
REAL-COM20-LOW_-00552,2026-09-19 16:21:54.898,116.78,15.14,0.3893,5.0467,2.72,26.9,Low Risk,Moderate Risk,YELLOW,COM20
REAL-COM20-LOW_-00553,2026-09-19 16:21:55.098,114.8,15.23,0.3827,5.0767,2.73,26.8,Low Risk,Moderate Risk,YELLOW,COM20
REAL-COM20-LOW_-00554,2026-09-19 16:21:55.298,115.97,15.23,0.3866,5.0767,2.73,26.8,Low Risk,Moderate Risk,YELLOW,COM20
REAL-COM20-LOW_-00555,2026-09-19 16:21:55.499,116.37,15.36,0.3879,5.12,2.75,26.6,Low Risk,Moderate Risk,YELLOW,COM20
REAL-COM20-LOW_-00556,2026-09-19 16:21:55.698,114.87,15.26,0.3829,5.0867,2.73,26.8,Low Risk,Moderate Risk,YELLOW,COM20
REAL-COM20-LOW_-00557,2026-09-19 16:21:55.898,115.84,15.58,0.3861,5.1933,2.79,26.4,Low Risk,Moderate Risk,YELLOW,COM20
REAL-COM20-LOW_-00558,2026-09-19 16:21:56.098,116.86,15.15,0.3895,5.05,2.72,26.9,Low Risk,Moderate Risk,YELLOW,COM20
REAL-COM20-LOW_-00559,2026-09-19 16:21:56.298,116.83,15.07,0.3894,5.0233,2.71,27.0,Low Risk,Moderate Risk,YELLOW,COM20
REAL-COM20-LOW_-00560,2026-09-19 16:21:56.498,113.97,15.11,0.3799,5.0367,2.71,27.0,Low Risk,Moderate Risk,YELLOW,COM20
REAL-COM20-LOW_-00561,2026-09-19 16:21:56.698,113.44,15.18,0.3781,5.06,2.72,26.9,Low Risk,Moderate Risk,YELLOW,COM20
REAL-COM20-LOW_-00562,2026-09-19 16:21:56.898,116.03,15.14,0.3868,5.0467,2.72,26.9,Low Risk,Moderate Risk,YELLOW,COM20
REAL-COM20-LOW_-00563,2026-09-19 16:21:57.098,115.2,15.35,0.384,5.1167,2.75,26.7,Low Risk,Moderate Risk,YELLOW,COM20
REAL-COM20-LOW_-00564,2026-09-19 16:21:57.298,115.47,15.0,0.3849,5.0,2.69,27.1,Low Risk,Moderate Risk,YELLOW,COM20
REAL-COM20-LOW_-00565,2026-09-19 16:21:57.498,115.07,15.19,0.3836,5.0633,2.72,26.9,Low Risk,Moderate Risk,YELLOW,COM20
REAL-COM20-LOW_-00566,2026-09-19 16:21:57.698,117.13,15.18,0.3904,5.06,2.72,26.8,Low Risk,Moderate Risk,YELLOW,COM20
REAL-COM20-LOW_-00567,2026-09-19 16:21:57.898,116.28,15.09,0.3876,5.03,2.71,27.0,Low Risk,Moderate Risk,YELLOW,COM20
REAL-COM20-LOW_-00568,2026-09-19 16:21:58.098,115.74,15.09,0.3858,5.03,2.71,27.0,Low Risk,Moderate Risk,YELLOW,COM20
REAL-COM20-LOW_-00569,2026-09-19 16:21:58.298,114.63,15.15,0.3821,5.05,2.72,26.9,Low Risk,Moderate Risk,YELLOW,COM20
REAL-COM20-LOW_-00570,2026-09-19 16:21:58.498,113.32,15.41,0.3777,5.1367,2.76,26.6,Low Risk,Moderate Risk,YELLOW,COM20
REAL-COM20-LOW_-00571,2026-09-19 16:21:58.698,114.77,14.96,0.3826,4.9867,2.68,27.1,Low Risk,Moderate Risk,YELLOW,COM20
REAL-COM20-LOW_-00572,2026-09-19 16:21:58.898,115.4,15.07,0.3847,5.0233,2.7,27.0,Low Risk,Moderate Risk,YELLOW,COM20
REAL-COM20-LOW_-00573,2026-09-19 16:21:59.098,116.19,14.93,0.3873,4.9767,2.68,27.2,Low Risk,Moderate Risk,YELLOW,COM20
REAL-COM20-LOW_-00574,2026-09-19 16:21:59.299,114.58,15.02,0.3819,5.0067,2.69,27.1,Low Risk,Moderate Risk,YELLOW,COM20
REAL-COM20-LOW_-00575,2026-09-19 16:21:59.498,116.58,14.99,0.3886,4.9967,2.69,27.1,Low Risk,Moderate Risk,YELLOW,COM20
REAL-COM20-LOW_-00576,2026-09-19 16:21:59.698,115.17,15.0,0.3839,5.0,2.69,27.1,Low Risk,Moderate Risk,YELLOW,COM20
REAL-COM20-LOW_-00577,2026-09-19 16:21:59.898,113.38,15.0,0.3779,5.0,2.69,27.1,Low Risk,Moderate Risk,YELLOW,COM20
REAL-COM20-LOW_-00578,2026-09-19 16:22:00.098,114.95,15.32,0.3832,5.1067,2.74,26.7,Low Risk,Moderate Risk,YELLOW,COM20
REAL-COM20-LOW_-00579,2026-09-19 16:22:00.298,114.64,15.23,0.3821,5.0767,2.73,26.8,Low Risk,Moderate Risk,YELLOW,COM20
REAL-COM20-LOW_-00580,2026-09-19 16:22:00.498,116.06,15.3,0.3869,5.1,2.74,26.7,Low Risk,Moderate Risk,YELLOW,COM20
REAL-COM20-LOW_-00581,2026-09-19 16:22:00.698,116.68,15.07,0.3889,5.0233,2.71,27.0,Low Risk,Moderate Risk,YELLOW,COM20
REAL-COM20-LOW_-00582,2026-09-19 16:22:00.898,114.17,14.97,0.3806,4.99,2.69,27.1,Low Risk,Moderate Risk,YELLOW,COM20
REAL-COM20-LOW_-00583,2026-09-19 16:22:01.098,117.8,15.22,0.3927,5.0733,2.73,26.8,Low Risk,Moderate Risk,YELLOW,COM20
REAL-COM20-LOW_-00584,2026-09-19 16:22:01.298,116.39,15.5,0.388,5.1667,2.78,26.5,Low Risk,Moderate Risk,YELLOW,COM20
REAL-COM20-LOW_-00585,2026-09-19 16:22:01.498,116.15,15.23,0.3872,5.0767,2.73,26.8,Low Risk,Moderate Risk,YELLOW,COM20
REAL-COM20-LOW_-00586,2026-09-19 16:22:01.698,115.96,15.33,0.3865,5.11,2.75,26.7,Low Risk,Moderate Risk,YELLOW,COM20
REAL-COM20-LOW_-00587,2026-09-19 16:22:01.898,117.58,15.07,0.3919,5.0233,2.71,27.0,Low Risk,Moderate Risk,YELLOW,COM20
REAL-COM20-LOW_-00588,2026-09-19 16:22:02.098,116.82,15.17,0.3894,5.0567,2.72,26.9,Low Risk,Moderate Risk,YELLOW,COM20
REAL-COM20-LOW_-00589,2026-09-19 16:22:02.299,116.3,15.35,0.3877,5.1167,2.75,26.6,Low Risk,Moderate Risk,YELLOW,COM20
REAL-COM20-LOW_-00590,2026-09-19 16:22:02.498,114.16,15.21,0.3805,5.07,2.73,26.8,Low Risk,Moderate Risk,YELLOW,COM20
REAL-COM20-LOW_-00591,2026-09-19 16:22:02.698,114.64,15.51,0.3821,5.17,2.78,26.5,Low Risk,Moderate Risk,YELLOW,COM20
REAL-COM20-LOW_-00592,2026-09-19 16:22:02.898,114.87,15.29,0.3829,5.0967,2.74,26.7,Low Risk,Moderate Risk,YELLOW,COM20
REAL-COM20-LOW_-00593,2026-09-19 16:22:03.098,115.68,14.98,0.3856,4.9933,2.69,27.1,Low Risk,Moderate Risk,YELLOW,COM20
REAL-COM20-LOW_-00594,2026-09-19 16:22:03.298,115.66,15.35,0.3855,5.1167,2.75,26.7,Low Risk,Moderate Risk,YELLOW,COM20
REAL-COM20-LOW_-00595,2026-09-19 16:22:03.498,115.92,15.0,0.3864,5.0,2.69,27.1,Low Risk,Moderate Risk,YELLOW,COM20
REAL-COM20-LOW_-00596,2026-09-19 16:22:03.698,117.29,15.41,0.391,5.1367,2.76,26.6,Low Risk,Moderate Risk,YELLOW,COM20
REAL-COM20-LOW_-00597,2026-09-19 16:22:03.898,115.44,15.36,0.3848,5.12,2.75,26.7,Low Risk,Moderate Risk,YELLOW,COM20
REAL-COM20-LOW_-00598,2026-09-19 16:22:04.098,117.58,15.15,0.3919,5.05,2.72,26.9,Low Risk,Moderate Risk,YELLOW,COM20
REAL-COM20-LOW_-00599,2026-09-19 16:22:04.298,115.81,15.45,0.386,5.15,2.77,26.5,Low Risk,Moderate Risk,YELLOW,COM20
REAL-COM20-LOW_-00600,2026-09-19 16:22:04.492,118.23,15.35,0.3941,5.1167,2.76,26.6,Low Risk,Moderate Risk,YELLOW,COM20
REAL-COM20-LOW_-00601,2026-09-19 16:22:04.698,114.35,15.19,0.3812,5.0633,2.72,26.9,Low Risk,Moderate Risk,YELLOW,COM20
REAL-COM20-LOW_-00602,2026-09-19 16:22:04.898,114.82,15.4,0.3827,5.1333,2.76,26.6,Low Risk,Moderate Risk,YELLOW,COM20
REAL-COM20-LOW_-00603,2026-09-19 16:22:05.098,116.04,15.45,0.3868,5.15,2.77,26.5,Low Risk,Moderate Risk,YELLOW,COM20
REAL-COM20-LOW_-00604,2026-09-19 16:22:05.298,112.93,15.29,0.3764,5.0967,2.74,26.8,Low Risk,Moderate Risk,YELLOW,COM20
REAL-COM20-LOW_-00605,2026-09-19 16:22:05.498,116.0,15.45,0.3867,5.15,2.77,26.5,Low Risk,Moderate Risk,YELLOW,COM20
REAL-COM20-LOW_-00606,2026-09-19 16:22:05.698,118.01,15.28,0.3934,5.0933,2.74,26.7,Low Risk,Moderate Risk,YELLOW,COM20
REAL-COM20-LOW_-00607,2026-09-19 16:22:05.898,114.7,15.22,0.3823,5.0733,2.73,26.8,Low Risk,Moderate Risk,YELLOW,COM20
REAL-COM20-LOW_-00608,2026-09-19 16:22:06.098,116.17,15.28,0.3872,5.0933,2.74,26.7,Low Risk,Moderate Risk,YELLOW,COM20
REAL-COM20-LOW_-00609,2026-09-19 16:22:06.298,117.37,15.36,0.3912,5.12,2.76,26.6,Low Risk,Moderate Risk,YELLOW,COM20
REAL-COM20-LOW_-00610,2026-09-19 16:22:06.498,115.51,15.36,0.385,5.12,2.75,26.6,Low Risk,Moderate Risk,YELLOW,COM20
REAL-COM20-LOW_-00611,2026-09-19 16:22:06.698,114.48,15.26,0.3816,5.0867,2.73,26.8,Low Risk,Moderate Risk,YELLOW,COM20
REAL-COM20-LOW_-00612,2026-09-19 16:22:06.898,115.32,15.51,0.3844,5.17,2.78,26.5,Low Risk,Moderate Risk,YELLOW,COM20
REAL-COM20-LOW_-00613,2026-09-19 16:22:07.098,116.21,15.43,0.3874,5.1433,2.77,26.6,Low Risk,Moderate Risk,YELLOW,COM20
REAL-COM20-LOW_-00614,2026-09-19 16:22:07.298,118.0,15.28,0.3933,5.0933,2.74,26.7,Low Risk,Moderate Risk,YELLOW,COM20
REAL-COM20-LOW_-00615,2026-09-19 16:22:07.497,115.46,15.29,0.3849,5.0967,2.74,26.7,Low Risk,Moderate Risk,YELLOW,COM20
REAL-COM20-LOW_-00616,2026-09-19 16:22:07.697,116.18,15.26,0.3873,5.0867,2.74,26.8,Low Risk,Moderate Risk,YELLOW,COM20
REAL-COM20-LOW_-00617,2026-09-19 16:22:07.898,112.83,15.18,0.3761,5.06,2.72,26.9,Low Risk,Moderate Risk,YELLOW,COM20
REAL-COM20-LOW_-00618,2026-09-19 16:22:08.098,116.29,15.21,0.3876,5.07,2.73,26.8,Low Risk,Moderate Risk,YELLOW,COM20
REAL-COM20-LOW_-00619,2026-09-19 16:22:08.298,116.05,15.14,0.3868,5.0467,2.72,26.9,Low Risk,Moderate Risk,YELLOW,COM20
REAL-COM20-LOW_-00620,2026-09-19 16:22:08.498,115.34,15.35,0.3845,5.1167,2.75,26.7,Low Risk,Moderate Risk,YELLOW,COM20
REAL-COM20-LOW_-00621,2026-09-19 16:22:08.698,115.53,15.2,0.3851,5.0667,2.73,26.8,Low Risk,Moderate Risk,YELLOW,COM20
REAL-COM20-LOW_-00622,2026-09-19 16:22:08.898,116.03,15.13,0.3868,5.0433,2.71,26.9,Low Risk,Moderate Risk,YELLOW,COM20
REAL-COM20-LOW_-00623,2026-09-19 16:22:09.098,115.88,15.29,0.3863,5.0967,2.74,26.7,Low Risk,Moderate Risk,YELLOW,COM20
REAL-COM20-LOW_-00624,2026-09-19 16:22:09.298,115.23,15.36,0.3841,5.12,2.75,26.6,Low Risk,Moderate Risk,YELLOW,COM20
REAL-COM20-LOW_-00625,2026-09-19 16:22:09.498,115.81,15.29,0.386,5.0967,2.74,26.7,Low Risk,Moderate Risk,YELLOW,COM20
REAL-COM20-LOW_-00626,2026-09-19 16:22:09.698,113.98,15.08,0.3799,5.0267,2.7,27.0,Low Risk,Moderate Risk,YELLOW,COM20
REAL-COM20-LOW_-00627,2026-09-19 16:22:09.888,116.33,15.19,0.3878,5.0633,2.73,26.8,Low Risk,Moderate Risk,YELLOW,COM20
REAL-COM20-LOW_-00628,2026-09-19 16:22:10.098,114.77,15.35,0.3826,5.1167,2.75,26.7,Low Risk,Moderate Risk,YELLOW,COM20
REAL-COM20-LOW_-00629,2026-09-19 16:22:10.288,116.51,15.23,0.3884,5.0767,2.73,26.8,Low Risk,Moderate Risk,YELLOW,COM20
REAL-COM20-LOW_-00630,2026-09-19 16:22:10.498,114.88,15.27,0.3829,5.09,2.74,26.8,Low Risk,Moderate Risk,YELLOW,COM20
REAL-COM20-LOW_-00631,2026-09-19 16:22:10.698,113.86,15.25,0.3795,5.0833,2.73,26.8,Low Risk,Moderate Risk,YELLOW,COM20
REAL-COM20-LOW_-00632,2026-09-19 16:22:10.898,117.27,15.38,0.3909,5.1267,2.76,26.6,Low Risk,Moderate Risk,YELLOW,COM20
REAL-COM20-LOW_-00633,2026-09-19 16:22:11.098,114.14,15.39,0.3805,5.13,2.75,26.6,Low Risk,Moderate Risk,YELLOW,COM20
REAL-COM20-LOW_-00634,2026-09-19 16:22:11.298,118.65,15.45,0.3955,5.15,2.77,26.5,Low Risk,Moderate Risk,YELLOW,COM20
REAL-COM20-LOW_-00635,2026-09-19 16:22:11.498,114.75,15.16,0.3825,5.0533,2.72,26.9,Low Risk,Moderate Risk,YELLOW,COM20
REAL-COM20-LOW_-00636,2026-09-19 16:22:11.698,113.48,15.37,0.3783,5.1233,2.75,26.7,Low Risk,Moderate Risk,YELLOW,COM20
REAL-COM20-LOW_-00637,2026-09-19 16:22:11.898,114.55,15.25,0.3818,5.0833,2.73,26.8,Low Risk,Moderate Risk,YELLOW,COM20
REAL-COM20-LOW_-00638,2026-09-19 16:22:12.098,116.26,15.07,0.3875,5.0233,2.71,27.0,Low Risk,Moderate Risk,YELLOW,COM20
REAL-COM20-LOW_-00639,2026-09-19 16:22:12.298,116.81,15.15,0.3894,5.05,2.72,26.9,Low Risk,Moderate Risk,YELLOW,COM20
REAL-COM20-LOW_-00640,2026-09-19 16:22:12.498,115.04,15.18,0.3835,5.06,2.72,26.9,Low Risk,Moderate Risk,YELLOW,COM20
REAL-COM20-LOW_-00641,2026-09-19 16:22:12.698,114.35,15.26,0.3812,5.0867,2.73,26.8,Low Risk,Moderate Risk,YELLOW,COM20
REAL-COM20-LOW_-00642,2026-09-19 16:22:12.898,112.98,15.3,0.3766,5.1,2.74,26.7,Low Risk,Moderate Risk,YELLOW,COM20
REAL-COM20-LOW_-00643,2026-09-19 16:22:13.098,114.34,15.16,0.3811,5.0533,2.72,26.9,Low Risk,Moderate Risk,YELLOW,COM20
REAL-COM20-LOW_-00644,2026-09-19 16:22:13.298,113.01,15.33,0.3767,5.11,2.74,26.7,Low Risk,Moderate Risk,YELLOW,COM20
REAL-COM20-LOW_-00645,2026-09-19 16:22:13.498,116.11,15.4,0.387,5.1333,2.76,26.6,Low Risk,Moderate Risk,YELLOW,COM20
REAL-COM20-LOW_-00646,2026-09-19 16:22:13.698,114.98,15.4,0.3833,5.1333,2.76,26.6,Low Risk,Moderate Risk,YELLOW,COM20
REAL-COM20-LOW_-00647,2026-09-19 16:22:13.893,114.76,15.4,0.3825,5.1333,2.76,26.6,Low Risk,Moderate Risk,YELLOW,COM20
REAL-COM20-LOW_-00648,2026-09-19 16:22:14.092,114.0,15.35,0.38,5.1167,2.75,26.7,Low Risk,Moderate Risk,YELLOW,COM20
REAL-COM20-LOW_-00649,2026-09-19 16:22:14.298,114.87,15.42,0.3829,5.14,2.76,26.6,Low Risk,Moderate Risk,YELLOW,COM20
REAL-COM20-LOW_-00650,2026-09-19 16:22:14.493,115.64,15.4,0.3855,5.1333,2.76,26.6,Low Risk,Moderate Risk,YELLOW,COM20
REAL-COM20-LOW_-00651,2026-09-19 16:22:14.689,116.93,15.2,0.3898,5.0667,2.73,26.8,Low Risk,Moderate Risk,YELLOW,COM20
REAL-COM20-LOW_-00652,2026-09-19 16:22:14.898,115.08,15.33,0.3836,5.11,2.75,26.7,Low Risk,Moderate Risk,YELLOW,COM20
REAL-COM20-LOW_-00653,2026-09-19 16:22:15.097,116.03,15.28,0.3868,5.0933,2.74,26.7,Low Risk,Moderate Risk,YELLOW,COM20
REAL-COM20-LOW_-00654,2026-09-19 16:22:15.298,115.36,15.06,0.3845,5.02,2.7,27.0,Low Risk,Moderate Risk,YELLOW,COM20
REAL-COM20-LOW_-00655,2026-09-19 16:22:15.498,115.68,15.74,0.3856,5.2467,2.82,26.2,Low Risk,Moderate Risk,YELLOW,COM20
REAL-COM20-LOW_-00656,2026-09-19 16:22:15.698,119.15,15.35,0.3972,5.1167,2.76,26.6,Low Risk,Moderate Risk,YELLOW,COM20
REAL-COM20-LOW_-00657,2026-09-19 16:22:15.898,117.05,15.3,0.3902,5.1,2.74,26.7,Low Risk,Moderate Risk,YELLOW,COM20
REAL-COM20-LOW_-00658,2026-09-19 16:22:16.098,116.56,15.3,0.3885,5.1,2.74,26.7,Low Risk,Moderate Risk,YELLOW,COM20
REAL-COM20-LOW_-00659,2026-09-19 16:22:16.298,117.17,15.37,0.3906,5.1233,2.76,26.6,Low Risk,Moderate Risk,YELLOW,COM20
REAL-COM20-LOW_-00660,2026-09-19 16:22:16.498,115.27,14.91,0.3842,4.97,2.68,27.2,Low Risk,Moderate Risk,YELLOW,COM20
REAL-COM20-LOW_-00661,2026-09-19 16:22:16.696,115.72,15.22,0.3857,5.0733,2.73,26.8,Low Risk,Moderate Risk,YELLOW,COM20
REAL-COM20-LOW_-00662,2026-09-19 16:22:16.893,117.46,14.95,0.3915,4.9833,2.69,27.1,Low Risk,Moderate Risk,YELLOW,COM20
REAL-COM20-LOW_-00663,2026-09-19 16:22:17.097,117.1,15.18,0.3903,5.06,2.73,26.8,Low Risk,Moderate Risk,YELLOW,COM20
REAL-COM20-LOW_-00664,2026-09-19 16:22:17.299,116.13,15.35,0.3871,5.1167,2.75,26.7,Low Risk,Moderate Risk,YELLOW,COM20
REAL-COM20-LOW_-00665,2026-09-19 16:22:17.498,118.64,15.06,0.3955,5.02,2.71,27.0,Low Risk,Moderate Risk,YELLOW,COM20
REAL-COM20-LOW_-00666,2026-09-19 16:22:17.695,114.49,15.37,0.3816,5.1233,2.75,26.7,Low Risk,Moderate Risk,YELLOW,COM20
REAL-COM20-LOW_-00667,2026-09-19 16:22:17.898,112.91,15.11,0.3764,5.0367,2.71,27.0,Low Risk,Moderate Risk,YELLOW,COM20
REAL-COM20-LOW_-00668,2026-09-19 16:22:18.093,114.61,15.23,0.382,5.0767,2.73,26.8,Low Risk,Moderate Risk,YELLOW,COM20
REAL-COM20-LOW_-00669,2026-09-19 16:22:18.298,117.56,15.32,0.3919,5.1067,2.75,26.7,Low Risk,Moderate Risk,YELLOW,COM20
REAL-COM20-LOW_-00670,2026-09-19 16:22:18.498,115.29,15.07,0.3843,5.0233,2.7,27.0,Low Risk,Moderate Risk,YELLOW,COM20
REAL-COM20-LOW_-00671,2026-09-19 16:22:18.698,115.67,15.4,0.3856,5.1333,2.76,26.6,Low Risk,Moderate Risk,YELLOW,COM20
REAL-COM20-LOW_-00672,2026-09-19 16:22:18.898,115.28,15.59,0.3843,5.1967,2.79,26.4,Low Risk,Moderate Risk,YELLOW,COM20
REAL-COM20-LOW_-00673,2026-09-19 16:22:19.098,115.83,15.06,0.3861,5.02,2.7,27.0,Low Risk,Moderate Risk,YELLOW,COM20
REAL-COM20-LOW_-00674,2026-09-19 16:22:19.293,115.12,15.37,0.3837,5.1233,2.75,26.6,Low Risk,Moderate Risk,YELLOW,COM20
REAL-COM20-LOW_-00675,2026-09-19 16:22:19.498,115.62,15.41,0.3854,5.1367,2.76,26.6,Low Risk,Moderate Risk,YELLOW,COM20
REAL-COM20-LOW_-00676,2026-09-19 16:22:19.699,113.52,15.27,0.3784,5.09,2.73,26.8,Low Risk,Moderate Risk,YELLOW,COM20
REAL-COM20-LOW_-00677,2026-09-19 16:22:19.898,114.24,15.22,0.3808,5.0733,2.73,26.8,Low Risk,Moderate Risk,YELLOW,COM20
REAL-COM20-LOW_-00678,2026-09-19 16:22:20.099,115.51,15.16,0.385,5.0533,2.72,26.9,Low Risk,Moderate Risk,YELLOW,COM20
REAL-COM20-LOW_-00679,2026-09-19 16:22:20.296,113.78,15.39,0.3793,5.13,2.76,26.6,Low Risk,Moderate Risk,YELLOW,COM20
REAL-COM20-LOW_-00680,2026-09-19 16:22:20.496,115.41,15.43,0.3847,5.1433,2.76,26.6,Low Risk,Moderate Risk,YELLOW,COM20
REAL-COM20-LOW_-00681,2026-09-19 16:22:20.691,115.09,15.21,0.3836,5.07,2.73,26.8,Low Risk,Moderate Risk,YELLOW,COM20
REAL-COM20-LOW_-00682,2026-09-19 16:22:20.890,115.1,15.31,0.3837,5.1033,2.74,26.7,Low Risk,Moderate Risk,YELLOW,COM20
REAL-COM20-LOW_-00683,2026-09-19 16:22:21.094,116.54,15.25,0.3885,5.0833,2.74,26.8,Low Risk,Moderate Risk,YELLOW,COM20
REAL-COM20-LOW_-00684,2026-09-19 16:22:21.292,116.52,15.3,0.3884,5.1,2.74,26.7,Low Risk,Moderate Risk,YELLOW,COM20
REAL-COM20-LOW_-00685,2026-09-19 16:22:21.499,114.84,15.12,0.3828,5.04,2.71,26.9,Low Risk,Moderate Risk,YELLOW,COM20
REAL-COM20-LOW_-00686,2026-09-19 16:22:21.696,113.82,15.52,0.3794,5.1733,2.78,26.5,Low Risk,Moderate Risk,YELLOW,COM20
REAL-COM20-LOW_-00687,2026-09-19 16:22:21.896,116.73,15.4,0.3891,5.1333,2.76,26.6,Low Risk,Moderate Risk,YELLOW,COM20
REAL-COM20-LOW_-00688,2026-09-19 16:22:22.099,117.23,15.17,0.3908,5.0567,2.72,26.9,Low Risk,Moderate Risk,YELLOW,COM20
REAL-COM20-LOW_-00689,2026-09-19 16:22:22.293,115.99,15.38,0.3866,5.1267,2.76,26.6,Low Risk,Moderate Risk,YELLOW,COM20
REAL-COM20-LOW_-00690,2026-09-19 16:22:22.491,116.87,15.37,0.3896,5.1233,2.76,26.6,Low Risk,Moderate Risk,YELLOW,COM20
REAL-COM20-LOW_-00691,2026-09-19 16:22:22.695,115.08,15.45,0.3836,5.15,2.77,26.6,Low Risk,Moderate Risk,YELLOW,COM20
REAL-COM20-LOW_-00692,2026-09-19 16:22:22.899,112.94,15.34,0.3765,5.1133,2.74,26.7,Low Risk,Moderate Risk,YELLOW,COM20
REAL-COM20-LOW_-00693,2026-09-19 16:22:23.099,112.77,15.27,0.3759,5.09,2.73,26.8,Low Risk,Moderate Risk,YELLOW,COM20
REAL-COM20-LOW_-00694,2026-09-19 16:22:23.299,118.64,15.22,0.3955,5.0733,2.73,26.8,Low Risk,Moderate Risk,YELLOW,COM20
REAL-COM20-LOW_-00695,2026-09-19 16:22:23.495,115.36,15.35,0.3845,5.1167,2.75,26.7,Low Risk,Moderate Risk,YELLOW,COM20
REAL-COM20-LOW_-00696,2026-09-19 16:22:23.691,116.72,15.18,0.3891,5.06,2.73,26.8,Low Risk,Moderate Risk,YELLOW,COM20
REAL-COM20-LOW_-00697,2026-09-19 16:22:23.889,114.72,15.35,0.3824,5.1167,2.75,26.7,Low Risk,Moderate Risk,YELLOW,COM20
REAL-COM20-LOW_-00698,2026-09-19 16:22:24.089,117.48,15.55,0.3916,5.1833,2.79,26.4,Low Risk,Moderate Risk,YELLOW,COM20
REAL-COM20-LOW_-00699,2026-09-19 16:22:24.291,114.06,15.13,0.3802,5.0433,2.71,26.9,Low Risk,Moderate Risk,YELLOW,COM20
REAL-COM20-LOW_-00700,2026-09-19 16:22:24.496,116.29,15.12,0.3876,5.04,2.71,26.9,Low Risk,Moderate Risk,YELLOW,COM20
REAL-COM20-LOW_-00701,2026-09-19 16:22:24.691,113.43,15.3,0.3781,5.1,2.74,26.7,Low Risk,Moderate Risk,YELLOW,COM20
REAL-COM20-LOW_-00702,2026-09-19 16:22:24.898,118.67,15.22,0.3956,5.0733,2.74,26.8,Low Risk,Moderate Risk,YELLOW,COM20
REAL-COM20-LOW_-00703,2026-09-19 16:22:25.091,115.17,15.04,0.3839,5.0133,2.7,27.0,Low Risk,Moderate Risk,YELLOW,COM20
REAL-COM20-LOW_-00704,2026-09-19 16:22:25.291,115.92,15.38,0.3864,5.1267,2.76,26.6,Low Risk,Moderate Risk,YELLOW,COM20
REAL-COM20-LOW_-00705,2026-09-19 16:22:25.499,113.16,15.21,0.3772,5.07,2.72,26.9,Low Risk,Moderate Risk,YELLOW,COM20
REAL-COM20-LOW_-00706,2026-09-19 16:22:25.691,116.19,14.95,0.3873,4.9833,2.68,27.1,Low Risk,Moderate Risk,YELLOW,COM20
REAL-COM20-LOW_-00707,2026-09-19 16:22:25.889,116.2,15.3,0.3873,5.1,2.74,26.7,Low Risk,Moderate Risk,YELLOW,COM20
REAL-COM20-LOW_-00708,2026-09-19 16:22:26.097,116.4,15.22,0.388,5.0733,2.73,26.8,Low Risk,Moderate Risk,YELLOW,COM20
REAL-COM20-LOW_-00709,2026-09-19 16:22:26.296,116.95,15.37,0.3898,5.1233,2.76,26.6,Low Risk,Moderate Risk,YELLOW,COM20
REAL-COM20-LOW_-00710,2026-09-19 16:22:26.496,113.96,15.04,0.3799,5.0133,2.7,27.1,Low Risk,Moderate Risk,YELLOW,COM20
REAL-COM20-LOW_-00711,2026-09-19 16:22:26.693,114.38,15.28,0.3813,5.0933,2.74,26.8,Low Risk,Moderate Risk,YELLOW,COM20
REAL-COM20-LOW_-00712,2026-09-19 16:22:26.891,116.01,14.89,0.3867,4.9633,2.67,27.2,Low Risk,Moderate Risk,YELLOW,COM20
REAL-COM20-LOW_-00713,2026-09-19 16:22:27.098,114.08,15.25,0.3803,5.0833,2.73,26.8,Low Risk,Moderate Risk,YELLOW,COM20
REAL-COM20-LOW_-00714,2026-09-19 16:22:27.298,117.05,15.08,0.3902,5.0267,2.71,27.0,Low Risk,Moderate Risk,YELLOW,COM20
REAL-COM20-LOW_-00715,2026-09-19 16:22:27.489,115.67,15.2,0.3856,5.0667,2.73,26.8,Low Risk,Moderate Risk,YELLOW,COM20
REAL-COM20-LOW_-00716,2026-09-19 16:22:27.698,114.41,15.51,0.3814,5.17,2.78,26.5,Low Risk,Moderate Risk,YELLOW,COM20
REAL-COM20-LOW_-00717,2026-09-19 16:22:27.899,116.27,15.11,0.3876,5.0367,2.71,26.9,Low Risk,Moderate Risk,YELLOW,COM20
REAL-COM20-LOW_-00718,2026-09-19 16:22:28.099,117.29,15.32,0.391,5.1067,2.75,26.7,Low Risk,Moderate Risk,YELLOW,COM20
REAL-COM20-LOW_-00719,2026-09-19 16:22:28.296,114.83,15.24,0.3828,5.08,2.73,26.8,Low Risk,Moderate Risk,YELLOW,COM20
REAL-COM20-LOW_-00720,2026-09-19 16:22:28.495,115.58,15.05,0.3853,5.0167,2.7,27.0,Low Risk,Moderate Risk,YELLOW,COM20
REAL-COM20-LOW_-00721,2026-09-19 16:22:28.691,116.49,15.13,0.3883,5.0433,2.72,26.9,Low Risk,Moderate Risk,YELLOW,COM20
REAL-COM20-LOW_-00722,2026-09-19 16:22:28.889,113.6,15.4,0.3787,5.1333,2.76,26.6,Low Risk,Moderate Risk,YELLOW,COM20
REAL-COM20-LOW_-00723,2026-09-19 16:22:29.091,114.15,15.17,0.3805,5.0567,2.72,26.9,Low Risk,Moderate Risk,YELLOW,COM20
REAL-COM20-LOW_-00724,2026-09-19 16:22:29.289,115.48,15.28,0.3849,5.0933,2.74,26.7,Low Risk,Moderate Risk,YELLOW,COM20
REAL-COM20-LOW_-00725,2026-09-19 16:22:29.499,114.43,15.22,0.3814,5.0733,2.73,26.8,Low Risk,Moderate Risk,YELLOW,COM20
REAL-COM20-LOW_-00726,2026-09-19 16:22:29.699,114.72,15.19,0.3824,5.0633,2.72,26.9,Low Risk,Moderate Risk,YELLOW,COM20
REAL-COM20-LOW_-00727,2026-09-19 16:22:29.899,115.84,15.33,0.3861,5.11,2.75,26.7,Low Risk,Moderate Risk,YELLOW,COM20
REAL-COM20-LOW_-00728,2026-09-19 16:22:30.099,113.81,15.46,0.3794,5.1533,2.77,26.5,Low Risk,Moderate Risk,YELLOW,COM20
REAL-COM20-LOW_-00729,2026-09-19 16:22:30.295,116.39,15.48,0.388,5.16,2.77,26.5,Low Risk,Moderate Risk,YELLOW,COM20
REAL-COM20-LOW_-00730,2026-09-19 16:22:30.491,114.89,15.29,0.383,5.0967,2.74,26.7,Low Risk,Moderate Risk,YELLOW,COM20
REAL-COM20-LOW_-00731,2026-09-19 16:22:30.694,118.15,15.24,0.3938,5.08,2.74,26.8,Low Risk,Moderate Risk,YELLOW,COM20
REAL-COM20-LOW_-00732,2026-09-19 16:22:30.889,115.93,15.27,0.3864,5.09,2.74,26.7,Low Risk,Moderate Risk,YELLOW,COM20
REAL-COM20-LOW_-00733,2026-09-19 16:22:31.091,116.96,15.24,0.3899,5.08,2.73,26.8,Low Risk,Moderate Risk,YELLOW,COM20
REAL-COM20-LOW_-00734,2026-09-19 16:22:31.296,117.44,15.38,0.3915,5.1267,2.76,26.6,Low Risk,Moderate Risk,YELLOW,COM20
REAL-COM20-LOW_-00735,2026-09-19 16:22:31.496,115.2,15.38,0.384,5.1267,2.76,26.6,Low Risk,Moderate Risk,YELLOW,COM20
REAL-COM20-LOW_-00736,2026-09-19 16:22:31.696,114.35,15.2,0.3812,5.0667,2.72,26.9,Low Risk,Moderate Risk,YELLOW,COM20
REAL-COM20-LOW_-00737,2026-09-19 16:22:31.896,115.61,15.43,0.3854,5.1433,2.76,26.6,Low Risk,Moderate Risk,YELLOW,COM20
REAL-COM20-LOW_-00738,2026-09-19 16:22:32.094,114.91,15.17,0.383,5.0567,2.72,26.9,Low Risk,Moderate Risk,YELLOW,COM20
REAL-COM20-LOW_-00739,2026-09-19 16:22:32.298,114.78,15.4,0.3826,5.1333,2.76,26.6,Low Risk,Moderate Risk,YELLOW,COM20
REAL-COM20-LOW_-00740,2026-09-19 16:22:32.496,114.65,15.55,0.3822,5.1833,2.78,26.4,Low Risk,Moderate Risk,YELLOW,COM20
REAL-COM20-LOW_-00741,2026-09-19 16:22:32.693,115.8,15.51,0.386,5.17,2.78,26.5,Low Risk,Moderate Risk,YELLOW,COM20
REAL-COM20-LOW_-00742,2026-09-19 16:22:32.897,116.43,15.35,0.3881,5.1167,2.75,26.6,Low Risk,Moderate Risk,YELLOW,COM20
REAL-COM20-LOW_-00743,2026-09-19 16:22:33.094,117.37,15.32,0.3912,5.1067,2.75,26.7,Low Risk,Moderate Risk,YELLOW,COM20
REAL-COM20-LOW_-00744,2026-09-19 16:22:33.298,116.27,15.15,0.3876,5.05,2.72,26.9,Low Risk,Moderate Risk,YELLOW,COM20
REAL-COM20-LOW_-00745,2026-09-19 16:22:33.496,115.64,15.06,0.3855,5.02,2.7,27.0,Low Risk,Moderate Risk,YELLOW,COM20
REAL-COM20-LOW_-00746,2026-09-19 16:22:33.689,115.97,15.21,0.3866,5.07,2.73,26.8,Low Risk,Moderate Risk,YELLOW,COM20
REAL-COM20-LOW_-00747,2026-09-19 16:22:33.897,115.67,14.93,0.3856,4.9767,2.68,27.2,Low Risk,Moderate Risk,YELLOW,COM20
REAL-COM20-LOW_-00748,2026-09-19 16:22:34.096,115.85,15.16,0.3862,5.0533,2.72,26.9,Low Risk,Moderate Risk,YELLOW,COM20
REAL-COM20-LOW_-00749,2026-09-19 16:22:34.296,118.56,15.27,0.3952,5.09,2.74,26.7,Low Risk,Moderate Risk,YELLOW,COM20
REAL-COM20-LOW_-00750,2026-09-19 16:22:34.494,114.56,15.02,0.3819,5.0067,2.69,27.1,Low Risk,Moderate Risk,YELLOW,COM20
REAL-COM20-LOW_-00751,2026-09-19 16:22:34.695,114.85,15.2,0.3828,5.0667,2.72,26.8,Low Risk,Moderate Risk,YELLOW,COM20
REAL-COM20-LOW_-00752,2026-09-19 16:22:34.897,115.12,15.23,0.3837,5.0767,2.73,26.8,Low Risk,Moderate Risk,YELLOW,COM20
REAL-COM20-LOW_-00753,2026-09-19 16:22:35.098,115.31,15.2,0.3844,5.0667,2.72,26.8,Low Risk,Moderate Risk,YELLOW,COM20
REAL-COM20-LOW_-00754,2026-09-19 16:22:35.296,114.06,14.76,0.3802,4.92,2.65,27.4,Low Risk,Moderate Risk,YELLOW,COM20
REAL-COM20-LOW_-00755,2026-09-19 16:22:35.497,113.27,14.99,0.3776,4.9967,2.69,27.1,Low Risk,Moderate Risk,YELLOW,COM20
REAL-COM20-LOW_-00756,2026-09-19 16:22:35.695,115.26,15.35,0.3842,5.1167,2.75,26.7,Low Risk,Moderate Risk,YELLOW,COM20
REAL-COM20-LOW_-00757,2026-09-19 16:22:35.891,116.73,15.21,0.3891,5.07,2.73,26.8,Low Risk,Moderate Risk,YELLOW,COM20
REAL-COM20-LOW_-00758,2026-09-19 16:22:36.091,112.9,14.99,0.3763,4.9967,2.69,27.1,Low Risk,Moderate Risk,YELLOW,COM20
REAL-COM20-LOW_-00759,2026-09-19 16:22:36.297,113.9,15.17,0.3797,5.0567,2.72,26.9,Low Risk,Moderate Risk,YELLOW,COM20
REAL-COM20-LOW_-00760,2026-09-19 16:22:36.496,113.67,15.02,0.3789,5.0067,2.69,27.1,Low Risk,Moderate Risk,YELLOW,COM20
REAL-COM20-LOW_-00761,2026-09-19 16:22:36.698,113.97,15.18,0.3799,5.06,2.72,26.9,Low Risk,Moderate Risk,YELLOW,COM20
REAL-COM20-LOW_-00762,2026-09-19 16:22:36.897,115.95,15.41,0.3865,5.1367,2.76,26.6,Low Risk,Moderate Risk,YELLOW,COM20
REAL-COM20-LOW_-00763,2026-09-19 16:22:37.095,116.83,15.32,0.3894,5.1067,2.75,26.7,Low Risk,Moderate Risk,YELLOW,COM20
REAL-COM20-LOW_-00764,2026-09-19 16:22:37.294,115.8,15.39,0.386,5.13,2.76,26.6,Low Risk,Moderate Risk,YELLOW,COM20
REAL-COM20-LOW_-00765,2026-09-19 16:22:37.491,115.51,15.09,0.385,5.03,2.71,27.0,Low Risk,Moderate Risk,YELLOW,COM20
REAL-COM20-LOW_-00766,2026-09-19 16:22:37.693,115.39,15.27,0.3846,5.09,2.74,26.8,Low Risk,Moderate Risk,YELLOW,COM20
REAL-COM20-LOW_-00767,2026-09-19 16:22:37.895,117.28,15.26,0.3909,5.0867,2.74,26.7,Low Risk,Moderate Risk,YELLOW,COM20
REAL-COM20-LOW_-00768,2026-09-19 16:22:38.090,114.01,15.52,0.38,5.1733,2.78,26.5,Low Risk,Moderate Risk,YELLOW,COM20
REAL-COM20-LOW_-00769,2026-09-19 16:22:38.297,115.92,14.95,0.3864,4.9833,2.68,27.1,Low Risk,Moderate Risk,YELLOW,COM20
REAL-COM20-LOW_-00770,2026-09-19 16:22:38.494,113.74,15.01,0.3791,5.0033,2.69,27.1,Low Risk,Moderate Risk,YELLOW,COM20
REAL-COM20-LOW_-00771,2026-09-19 16:22:38.698,112.96,15.04,0.3765,5.0133,2.7,27.1,Low Risk,Moderate Risk,YELLOW,COM20
REAL-COM20-LOW_-00772,2026-09-19 16:22:38.897,113.38,15.42,0.3779,5.14,2.76,26.6,Low Risk,Moderate Risk,YELLOW,COM20
REAL-COM20-LOW_-00773,2026-09-19 16:22:39.093,117.77,15.21,0.3926,5.07,2.73,26.8,Low Risk,Moderate Risk,YELLOW,COM20
REAL-COM20-LOW_-00774,2026-09-19 16:22:39.293,116.72,15.38,0.3891,5.1267,2.76,26.6,Low Risk,Moderate Risk,YELLOW,COM20
REAL-COM20-LOW_-00775,2026-09-19 16:22:39.493,116.31,15.2,0.3877,5.0667,2.73,26.8,Low Risk,Moderate Risk,YELLOW,COM20
REAL-COM20-LOW_-00776,2026-09-19 16:22:39.697,114.52,15.31,0.3817,5.1033,2.74,26.7,Low Risk,Moderate Risk,YELLOW,COM20
REAL-COM20-LOW_-00777,2026-09-19 16:22:39.898,117.16,15.26,0.3905,5.0867,2.74,26.7,Low Risk,Moderate Risk,YELLOW,COM20
REAL-COM20-LOW_-00778,2026-09-19 16:22:40.098,114.54,15.3,0.3818,5.1,2.74,26.7,Low Risk,Moderate Risk,YELLOW,COM20
REAL-COM20-LOW_-00779,2026-09-19 16:22:40.295,114.33,15.33,0.3811,5.11,2.75,26.7,Low Risk,Moderate Risk,YELLOW,COM20
REAL-COM20-LOW_-00780,2026-09-19 16:22:40.494,114.19,15.12,0.3806,5.04,2.71,27.0,Low Risk,Moderate Risk,YELLOW,COM20
REAL-COM20-LOW_-00781,2026-09-19 16:22:40.694,114.28,15.24,0.3809,5.08,2.73,26.8,Low Risk,Moderate Risk,YELLOW,COM20
REAL-COM20-LOW_-00782,2026-09-19 16:22:40.894,113.75,15.04,0.3792,5.0133,2.7,27.1,Low Risk,Moderate Risk,YELLOW,COM20
REAL-COM20-LOW_-00783,2026-09-19 16:22:41.098,113.73,15.68,0.3791,5.2267,2.8,26.3,Low Risk,Moderate Risk,YELLOW,COM20
REAL-COM20-LOW_-00784,2026-09-19 16:22:41.298,113.97,15.37,0.3799,5.1233,2.75,26.7,Low Risk,Moderate Risk,YELLOW,COM20
REAL-COM20-LOW_-00785,2026-09-19 16:22:41.496,114.51,15.16,0.3817,5.0533,2.72,26.9,Low Risk,Moderate Risk,YELLOW,COM20
REAL-COM20-LOW_-00786,2026-09-19 16:22:41.694,117.35,15.19,0.3912,5.0633,2.73,26.8,Low Risk,Moderate Risk,YELLOW,COM20
REAL-COM20-LOW_-00787,2026-09-19 16:22:41.895,114.78,15.36,0.3826,5.12,2.75,26.7,Low Risk,Moderate Risk,YELLOW,COM20
REAL-COM20-LOW_-00788,2026-09-19 16:22:42.096,117.48,15.15,0.3916,5.05,2.72,26.9,Low Risk,Moderate Risk,YELLOW,COM20
REAL-COM20-LOW_-00789,2026-09-19 16:22:42.295,116.06,15.26,0.3869,5.0867,2.74,26.8,Low Risk,Moderate Risk,YELLOW,COM20
REAL-COM20-LOW_-00790,2026-09-19 16:22:42.494,114.29,15.09,0.381,5.03,2.71,27.0,Low Risk,Moderate Risk,YELLOW,COM20
REAL-COM20-LOW_-00791,2026-09-19 16:22:42.694,115.09,14.99,0.3836,4.9967,2.69,27.1,Low Risk,Moderate Risk,YELLOW,COM20
REAL-COM20-LOW_-00792,2026-09-19 16:22:42.898,111.7,15.43,0.3723,5.1433,2.76,26.6,Low Risk,Moderate Risk,YELLOW,COM20
REAL-COM20-LOW_-00793,2026-09-19 16:22:43.098,116.95,14.95,0.3898,4.9833,2.69,27.1,Low Risk,Moderate Risk,YELLOW,COM20
REAL-COM20-LOW_-00794,2026-09-19 16:22:43.294,112.81,15.12,0.376,5.04,2.71,27.0,Low Risk,Moderate Risk,YELLOW,COM20
REAL-COM20-LOW_-00795,2026-09-19 16:22:43.494,115.38,14.89,0.3846,4.9633,2.67,27.2,Low Risk,Moderate Risk,YELLOW,COM20
REAL-COM20-LOW_-00796,2026-09-19 16:22:43.694,115.62,14.81,0.3854,4.9367,2.66,27.3,Low Risk,Moderate Risk,YELLOW,COM20
REAL-COM20-LOW_-00797,2026-09-19 16:22:43.895,115.25,15.04,0.3842,5.0133,2.7,27.0,Low Risk,Moderate Risk,YELLOW,COM20
REAL-COM20-LOW_-00798,2026-09-19 16:22:44.095,116.26,15.0,0.3875,5.0,2.69,27.1,Low Risk,Moderate Risk,YELLOW,COM20
REAL-COM20-LOW_-00799,2026-09-19 16:22:44.295,113.36,14.95,0.3779,4.9833,2.68,27.2,Low Risk,Moderate Risk,YELLOW,COM20
REAL-COM20-LOW_-00800,2026-09-19 16:22:44.497,114.68,15.19,0.3823,5.0633,2.72,26.9,Low Risk,Moderate Risk,YELLOW,COM20
REAL-COM20-LOW_-00801,2026-09-19 16:22:44.696,116.13,15.33,0.3871,5.11,2.75,26.7,Low Risk,Moderate Risk,YELLOW,COM20
REAL-COM20-LOW_-00802,2026-09-19 16:22:44.894,115.99,15.12,0.3866,5.04,2.71,26.9,Low Risk,Moderate Risk,YELLOW,COM20
REAL-COM20-LOW_-00803,2026-09-19 16:22:45.094,114.16,15.11,0.3805,5.0367,2.71,27.0,Low Risk,Moderate Risk,YELLOW,COM20
REAL-COM20-LOW_-00804,2026-09-19 16:22:45.295,114.81,15.29,0.3827,5.0967,2.74,26.7,Low Risk,Moderate Risk,YELLOW,COM20
REAL-COM20-LOW_-00805,2026-09-19 16:22:45.498,115.7,15.3,0.3857,5.1,2.74,26.7,Low Risk,Moderate Risk,YELLOW,COM20
REAL-COM20-LOW_-00806,2026-09-19 16:22:45.694,113.65,15.1,0.3788,5.0333,2.71,27.0,Low Risk,Moderate Risk,YELLOW,COM20
REAL-COM20-LOW_-00807,2026-09-19 16:22:45.897,114.0,14.96,0.38,4.9867,2.68,27.1,Low Risk,Moderate Risk,YELLOW,COM20
REAL-COM20-LOW_-00808,2026-09-19 16:22:46.095,113.73,15.12,0.3791,5.04,2.71,27.0,Low Risk,Moderate Risk,YELLOW,COM20
REAL-COM20-LOW_-00809,2026-09-19 16:22:46.294,115.22,15.16,0.3841,5.0533,2.72,26.9,Low Risk,Moderate Risk,YELLOW,COM20
REAL-COM20-LOW_-00810,2026-09-19 16:22:46.495,112.78,15.03,0.3759,5.01,2.69,27.1,Low Risk,Moderate Risk,YELLOW,COM20
REAL-COM20-LOW_-00811,2026-09-19 16:22:46.694,114.46,14.98,0.3815,4.9933,2.69,27.1,Low Risk,Moderate Risk,YELLOW,COM20
REAL-COM20-LOW_-00812,2026-09-19 16:22:46.898,113.43,14.96,0.3781,4.9867,2.68,27.2,Low Risk,Moderate Risk,YELLOW,COM20
REAL-COM20-LOW_-00813,2026-09-19 16:22:47.096,116.54,14.92,0.3885,4.9733,2.68,27.2,Low Risk,Moderate Risk,YELLOW,COM20
REAL-COM20-LOW_-00814,2026-09-19 16:22:47.294,114.2,14.94,0.3807,4.98,2.68,27.2,Low Risk,Moderate Risk,YELLOW,COM20
REAL-COM20-LOW_-00815,2026-09-19 16:22:47.494,117.05,15.3,0.3902,5.1,2.75,26.7,Low Risk,Moderate Risk,YELLOW,COM20
REAL-COM20-LOW_-00816,2026-09-19 16:22:47.694,114.36,14.93,0.3812,4.9767,2.68,27.2,Low Risk,Moderate Risk,YELLOW,COM20
REAL-COM20-LOW_-00817,2026-09-19 16:22:47.894,116.04,14.94,0.3868,4.98,2.68,27.2,Low Risk,Moderate Risk,YELLOW,COM20
REAL-COM20-LOW_-00818,2026-09-19 16:22:48.094,113.86,14.81,0.3795,4.9367,2.66,27.3,Low Risk,Moderate Risk,YELLOW,COM20
REAL-COM20-LOW_-00819,2026-09-19 16:22:48.294,116.37,15.04,0.3879,5.0133,2.7,27.0,Low Risk,Moderate Risk,YELLOW,COM20
REAL-COM20-LOW_-00820,2026-09-19 16:22:48.495,115.06,15.3,0.3835,5.1,2.74,26.7,Low Risk,Moderate Risk,YELLOW,COM20
REAL-COM20-LOW_-00821,2026-09-19 16:22:48.697,115.5,15.01,0.385,5.0033,2.69,27.1,Low Risk,Moderate Risk,YELLOW,COM20
REAL-COM20-LOW_-00822,2026-09-19 16:22:48.897,115.96,14.88,0.3865,4.96,2.67,27.2,Low Risk,Moderate Risk,YELLOW,COM20
REAL-COM20-LOW_-00823,2026-09-19 16:22:49.094,116.21,15.22,0.3874,5.0733,2.73,26.8,Low Risk,Moderate Risk,YELLOW,COM20
REAL-COM20-LOW_-00824,2026-09-19 16:22:49.294,114.32,14.65,0.3811,4.8833,2.63,27.5,Low Risk,Moderate Risk,YELLOW,COM20
REAL-COM20-LOW_-00825,2026-09-19 16:22:49.494,113.68,15.16,0.3789,5.0533,2.72,26.9,Low Risk,Moderate Risk,YELLOW,COM20
REAL-COM20-LOW_-00826,2026-09-19 16:22:49.694,115.25,15.38,0.3842,5.1267,2.75,26.6,Low Risk,Moderate Risk,YELLOW,COM20
REAL-COM20-LOW_-00827,2026-09-19 16:22:49.894,117.32,15.27,0.3911,5.09,2.74,26.7,Low Risk,Moderate Risk,YELLOW,COM20
REAL-COM20-LOW_-00828,2026-09-19 16:22:50.095,113.72,15.24,0.3791,5.08,2.73,26.8,Low Risk,Moderate Risk,YELLOW,COM20
REAL-COM20-LOW_-00829,2026-09-19 16:22:50.294,117.16,15.03,0.3905,5.01,2.7,27.0,Low Risk,Moderate Risk,YELLOW,COM20
REAL-COM20-LOW_-00830,2026-09-19 16:22:50.495,112.75,14.86,0.3758,4.9533,2.67,27.3,Low Risk,Moderate Risk,YELLOW,COM20
REAL-COM20-LOW_-00831,2026-09-19 16:22:50.694,115.54,15.11,0.3851,5.0367,2.71,26.9,Low Risk,Moderate Risk,YELLOW,COM20
REAL-COM20-LOW_-00832,2026-09-19 16:22:50.896,114.18,15.13,0.3806,5.0433,2.71,26.9,Low Risk,Moderate Risk,YELLOW,COM20
REAL-COM20-LOW_-00833,2026-09-19 16:22:51.095,114.04,15.1,0.3801,5.0333,2.71,27.0,Low Risk,Moderate Risk,YELLOW,COM20
REAL-COM20-LOW_-00834,2026-09-19 16:22:51.294,115.63,15.08,0.3854,5.0267,2.71,27.0,Low Risk,Moderate Risk,YELLOW,COM20
REAL-COM20-LOW_-00835,2026-09-19 16:22:51.496,116.92,15.12,0.3897,5.04,2.71,26.9,Low Risk,Moderate Risk,YELLOW,COM20
REAL-COM20-LOW_-00836,2026-09-19 16:22:51.694,112.51,15.03,0.375,5.01,2.69,27.1,Low Risk,Moderate Risk,YELLOW,COM20
REAL-COM20-LOW_-00837,2026-09-19 16:22:51.897,115.75,15.12,0.3858,5.04,2.71,26.9,Low Risk,Moderate Risk,YELLOW,COM20
REAL-COM20-LOW_-00838,2026-09-19 16:22:52.094,115.01,15.29,0.3834,5.0967,2.74,26.7,Low Risk,Moderate Risk,YELLOW,COM20
REAL-COM20-LOW_-00839,2026-09-19 16:22:52.294,114.29,15.3,0.381,5.1,2.74,26.7,Low Risk,Moderate Risk,YELLOW,COM20
REAL-COM20-LOW_-00840,2026-09-19 16:22:52.494,115.66,15.12,0.3855,5.04,2.71,26.9,Low Risk,Moderate Risk,YELLOW,COM20
REAL-COM20-LOW_-00841,2026-09-19 16:22:52.694,113.84,15.1,0.3795,5.0333,2.71,27.0,Low Risk,Moderate Risk,YELLOW,COM20
REAL-COM20-LOW_-00842,2026-09-19 16:22:52.894,114.59,15.39,0.382,5.13,2.76,26.6,Low Risk,Moderate Risk,YELLOW,COM20
REAL-COM20-LOW_-00843,2026-09-19 16:22:53.098,114.79,15.07,0.3826,5.0233,2.7,27.0,Low Risk,Moderate Risk,YELLOW,COM20
REAL-COM20-LOW_-00844,2026-09-19 16:22:53.297,115.62,15.05,0.3854,5.0167,2.7,27.0,Low Risk,Moderate Risk,YELLOW,COM20
REAL-COM20-LOW_-00845,2026-09-19 16:22:53.497,114.78,15.09,0.3826,5.03,2.71,27.0,Low Risk,Moderate Risk,YELLOW,COM20
REAL-COM20-LOW_-00846,2026-09-19 16:22:53.697,115.75,15.2,0.3858,5.0667,2.73,26.8,Low Risk,Moderate Risk,YELLOW,COM20
REAL-COM20-LOW_-00847,2026-09-19 16:22:53.895,113.85,15.16,0.3795,5.0533,2.72,26.9,Low Risk,Moderate Risk,YELLOW,COM20
REAL-COM20-LOW_-00848,2026-09-19 16:22:54.094,115.42,15.0,0.3847,5.0,2.69,27.1,Low Risk,Moderate Risk,YELLOW,COM20
REAL-COM20-LOW_-00849,2026-09-19 16:22:54.295,113.68,15.06,0.3789,5.02,2.7,27.0,Low Risk,Moderate Risk,YELLOW,COM20
REAL-COM20-LOW_-00850,2026-09-19 16:22:54.497,115.01,15.16,0.3834,5.0533,2.72,26.9,Low Risk,Moderate Risk,YELLOW,COM20
REAL-COM20-LOW_-00851,2026-09-19 16:22:54.698,115.39,15.17,0.3846,5.0567,2.72,26.9,Low Risk,Moderate Risk,YELLOW,COM20
REAL-COM20-LOW_-00852,2026-09-19 16:22:54.896,115.04,15.05,0.3835,5.0167,2.7,27.0,Low Risk,Moderate Risk,YELLOW,COM20
REAL-COM20-LOW_-00853,2026-09-19 16:22:55.094,117.23,15.25,0.3908,5.0833,2.74,26.8,Low Risk,Moderate Risk,YELLOW,COM20
REAL-COM20-LOW_-00854,2026-09-19 16:22:55.295,116.94,14.9,0.3898,4.9667,2.68,27.2,Low Risk,Moderate Risk,YELLOW,COM20
REAL-COM20-LOW_-00855,2026-09-19 16:22:55.494,114.46,15.23,0.3815,5.0767,2.73,26.8,Low Risk,Moderate Risk,YELLOW,COM20
REAL-COM20-LOW_-00856,2026-09-19 16:22:55.696,115.16,15.05,0.3839,5.0167,2.7,27.0,Low Risk,Moderate Risk,YELLOW,COM20
REAL-COM20-LOW_-00857,2026-09-19 16:22:55.895,115.63,14.99,0.3854,4.9967,2.69,27.1,Low Risk,Moderate Risk,YELLOW,COM20
REAL-COM20-LOW_-00858,2026-09-19 16:22:56.095,113.06,15.03,0.3769,5.01,2.69,27.1,Low Risk,Moderate Risk,YELLOW,COM20
REAL-COM20-LOW_-00859,2026-09-19 16:22:56.296,115.77,14.94,0.3859,4.98,2.68,27.2,Low Risk,Moderate Risk,YELLOW,COM20
REAL-COM20-LOW_-00860,2026-09-19 16:22:56.495,115.06,15.25,0.3835,5.0833,2.73,26.8,Low Risk,Moderate Risk,YELLOW,COM20
REAL-COM20-LOW_-00861,2026-09-19 16:22:56.696,114.68,15.28,0.3823,5.0933,2.74,26.8,Low Risk,Moderate Risk,YELLOW,COM20
REAL-COM20-LOW_-00862,2026-09-19 16:22:56.895,113.51,15.1,0.3784,5.0333,2.71,27.0,Low Risk,Moderate Risk,YELLOW,COM20
REAL-COM20-LOW_-00863,2026-09-19 16:22:57.098,118.0,15.0,0.3933,5.0,2.7,27.1,Low Risk,Moderate Risk,YELLOW,COM20
REAL-COM20-LOW_-00864,2026-09-19 16:22:57.298,115.38,15.23,0.3846,5.0767,2.73,26.8,Low Risk,Moderate Risk,YELLOW,COM20
REAL-COM20-LOW_-00865,2026-09-19 16:22:57.497,115.49,15.18,0.385,5.06,2.72,26.9,Low Risk,Moderate Risk,YELLOW,COM20
REAL-COM20-LOW_-00866,2026-09-19 16:22:57.695,115.5,15.37,0.385,5.1233,2.75,26.6,Low Risk,Moderate Risk,YELLOW,COM20
REAL-COM20-LOW_-00867,2026-09-19 16:22:57.897,114.5,15.11,0.3817,5.0367,2.71,27.0,Low Risk,Moderate Risk,YELLOW,COM20
REAL-COM20-LOW_-00868,2026-09-19 16:22:58.097,115.25,15.15,0.3842,5.05,2.72,26.9,Low Risk,Moderate Risk,YELLOW,COM20
REAL-COM20-LOW_-00869,2026-09-19 16:22:58.294,114.48,15.03,0.3816,5.01,2.7,27.1,Low Risk,Moderate Risk,YELLOW,COM20
REAL-COM20-LOW_-00870,2026-09-19 16:22:58.496,115.46,14.98,0.3849,4.9933,2.69,27.1,Low Risk,Moderate Risk,YELLOW,COM20
REAL-COM20-LOW_-00871,2026-09-19 16:22:58.695,114.78,15.05,0.3826,5.0167,2.7,27.0,Low Risk,Moderate Risk,YELLOW,COM20
REAL-COM20-LOW_-00872,2026-09-19 16:22:58.894,114.47,14.97,0.3816,4.99,2.69,27.1,Low Risk,Moderate Risk,YELLOW,COM20
REAL-COM20-LOW_-00873,2026-09-19 16:22:59.097,115.74,15.04,0.3858,5.0133,2.7,27.0,Low Risk,Moderate Risk,YELLOW,COM20
REAL-COM20-LOW_-00874,2026-09-19 16:22:59.294,115.3,15.33,0.3843,5.11,2.75,26.7,Low Risk,Moderate Risk,YELLOW,COM20
REAL-COM20-LOW_-00875,2026-09-19 16:22:59.495,114.7,15.19,0.3823,5.0633,2.72,26.9,Low Risk,Moderate Risk,YELLOW,COM20
REAL-COM20-LOW_-00876,2026-09-19 16:22:59.695,114.93,15.16,0.3831,5.0533,2.72,26.9,Low Risk,Moderate Risk,YELLOW,COM20
REAL-COM20-LOW_-00877,2026-09-19 16:22:59.897,115.33,15.02,0.3844,5.0067,2.7,27.1,Low Risk,Moderate Risk,YELLOW,COM20
REAL-COM20-LOW_-00878,2026-09-19 16:23:00.096,114.63,15.2,0.3821,5.0667,2.73,26.8,Low Risk,Moderate Risk,YELLOW,COM20
REAL-COM20-LOW_-00879,2026-09-19 16:23:00.295,113.92,14.94,0.3797,4.98,2.68,27.2,Low Risk,Moderate Risk,YELLOW,COM20
REAL-COM20-LOW_-00880,2026-09-19 16:23:00.496,114.94,15.16,0.3831,5.0533,2.72,26.9,Low Risk,Moderate Risk,YELLOW,COM20
REAL-COM20-LOW_-00881,2026-09-19 16:23:00.695,114.42,15.08,0.3814,5.0267,2.7,27.0,Low Risk,Moderate Risk,YELLOW,COM20
REAL-COM20-LOW_-00882,2026-09-19 16:23:00.896,116.62,15.11,0.3887,5.0367,2.71,26.9,Low Risk,Moderate Risk,YELLOW,COM20
REAL-COM20-LOW_-00883,2026-09-19 16:23:01.098,115.28,15.3,0.3843,5.1,2.74,26.7,Low Risk,Moderate Risk,YELLOW,COM20
REAL-COM20-LOW_-00884,2026-09-19 16:23:01.294,115.47,14.89,0.3849,4.9633,2.67,27.2,Low Risk,Moderate Risk,YELLOW,COM20
REAL-COM20-LOW_-00885,2026-09-19 16:23:01.495,114.07,14.99,0.3802,4.9967,2.69,27.1,Low Risk,Moderate Risk,YELLOW,COM20
REAL-COM20-LOW_-00886,2026-09-19 16:23:01.697,115.69,15.33,0.3856,5.11,2.75,26.7,Low Risk,Moderate Risk,YELLOW,COM20
REAL-COM20-LOW_-00887,2026-09-19 16:23:01.896,115.18,15.2,0.3839,5.0667,2.73,26.8,Low Risk,Moderate Risk,YELLOW,COM20
REAL-COM20-LOW_-00888,2026-09-19 16:23:02.095,114.31,15.25,0.381,5.0833,2.73,26.8,Low Risk,Moderate Risk,YELLOW,COM20
REAL-COM20-LOW_-00889,2026-09-19 16:23:02.295,116.65,14.91,0.3888,4.97,2.68,27.2,Low Risk,Moderate Risk,YELLOW,COM20
REAL-COM20-LOW_-00890,2026-09-19 16:23:02.494,113.75,15.35,0.3792,5.1167,2.75,26.7,Low Risk,Moderate Risk,YELLOW,COM20
REAL-COM20-LOW_-00891,2026-09-19 16:23:02.694,115.1,15.33,0.3837,5.11,2.75,26.7,Low Risk,Moderate Risk,YELLOW,COM20
REAL-COM20-LOW_-00892,2026-09-19 16:23:02.897,115.79,15.2,0.386,5.0667,2.73,26.8,Low Risk,Moderate Risk,YELLOW,COM20
REAL-COM20-LOW_-00893,2026-09-19 16:23:03.095,116.22,14.98,0.3874,4.9933,2.69,27.1,Low Risk,Moderate Risk,YELLOW,COM20
REAL-COM20-LOW_-00894,2026-09-19 16:23:03.294,115.69,15.31,0.3856,5.1033,2.74,26.7,Low Risk,Moderate Risk,YELLOW,COM20
REAL-COM20-LOW_-00895,2026-09-19 16:23:03.495,115.89,15.22,0.3863,5.0733,2.73,26.8,Low Risk,Moderate Risk,YELLOW,COM20
REAL-COM20-LOW_-00896,2026-09-19 16:23:03.695,115.73,15.21,0.3858,5.07,2.73,26.8,Low Risk,Moderate Risk,YELLOW,COM20
REAL-COM20-LOW_-00897,2026-09-19 16:23:03.896,115.95,14.89,0.3865,4.9633,2.68,27.2,Low Risk,Moderate Risk,YELLOW,COM20
REAL-COM20-LOW_-00898,2026-09-19 16:23:04.095,115.69,15.06,0.3856,5.02,2.7,27.0,Low Risk,Moderate Risk,YELLOW,COM20
REAL-COM20-LOW_-00899,2026-09-19 16:23:04.295,112.03,15.03,0.3734,5.01,2.69,27.1,Low Risk,Moderate Risk,YELLOW,COM20
REAL-COM20-LOW_-00900,2026-09-19 16:23:04.494,115.24,15.1,0.3841,5.0333,2.71,27.0,Low Risk,Moderate Risk,YELLOW,COM20
REAL-COM20-LOW_-00901,2026-09-19 16:23:04.695,117.81,14.76,0.3927,4.92,2.66,27.4,Low Risk,Moderate Risk,YELLOW,COM20
REAL-COM20-LOW_-00902,2026-09-19 16:23:04.896,113.13,15.22,0.3771,5.0733,2.73,26.8,Low Risk,Moderate Risk,YELLOW,COM20
REAL-COM20-LOW_-00903,2026-09-19 16:23:05.095,114.78,15.21,0.3826,5.07,2.73,26.8,Low Risk,Moderate Risk,YELLOW,COM20
REAL-COM20-LOW_-00904,2026-09-19 16:23:05.295,114.72,15.14,0.3824,5.0467,2.71,26.9,Low Risk,Moderate Risk,YELLOW,COM20
REAL-COM20-LOW_-00905,2026-09-19 16:23:05.495,114.4,15.18,0.3813,5.06,2.72,26.9,Low Risk,Moderate Risk,YELLOW,COM20
REAL-COM20-LOW_-00906,2026-09-19 16:23:05.697,116.78,15.23,0.3893,5.0767,2.73,26.8,Low Risk,Moderate Risk,YELLOW,COM20
REAL-COM20-LOW_-00907,2026-09-19 16:23:05.895,116.27,15.06,0.3876,5.02,2.7,27.0,Low Risk,Moderate Risk,YELLOW,COM20
REAL-COM20-LOW_-00908,2026-09-19 16:23:06.095,114.43,15.27,0.3814,5.09,2.74,26.8,Low Risk,Moderate Risk,YELLOW,COM20
REAL-COM20-LOW_-00909,2026-09-19 16:23:06.298,114.33,15.06,0.3811,5.02,2.7,27.0,Low Risk,Moderate Risk,YELLOW,COM20
REAL-COM20-LOW_-00910,2026-09-19 16:23:06.498,113.85,15.03,0.3795,5.01,2.7,27.1,Low Risk,Moderate Risk,YELLOW,COM20
REAL-COM20-LOW_-00911,2026-09-19 16:23:06.696,117.16,15.25,0.3905,5.0833,2.74,26.8,Low Risk,Moderate Risk,YELLOW,COM20
REAL-COM20-LOW_-00912,2026-09-19 16:23:06.895,115.14,15.09,0.3838,5.03,2.71,27.0,Low Risk,Moderate Risk,YELLOW,COM20
REAL-COM20-LOW_-00913,2026-09-19 16:23:07.097,114.43,15.12,0.3814,5.04,2.71,26.9,Low Risk,Moderate Risk,YELLOW,COM20
REAL-COM20-LOW_-00914,2026-09-19 16:23:07.296,116.41,15.07,0.388,5.0233,2.71,27.0,Low Risk,Moderate Risk,YELLOW,COM20
REAL-COM20-LOW_-00915,2026-09-19 16:23:07.495,114.63,15.12,0.3821,5.04,2.71,27.0,Low Risk,Moderate Risk,YELLOW,COM20
REAL-COM20-LOW_-00916,2026-09-19 16:23:07.695,115.78,14.84,0.3859,4.9467,2.67,27.3,Low Risk,Moderate Risk,YELLOW,COM20
REAL-COM20-LOW_-00917,2026-09-19 16:23:07.895,117.66,14.82,0.3922,4.94,2.67,27.3,Low Risk,Moderate Risk,YELLOW,COM20
REAL-COM20-LOW_-00918,2026-09-19 16:23:08.097,113.64,15.23,0.3788,5.0767,2.73,26.8,Low Risk,Moderate Risk,YELLOW,COM20
REAL-COM20-LOW_-00919,2026-09-19 16:23:08.295,115.02,14.87,0.3834,4.9567,2.67,27.2,Low Risk,Moderate Risk,YELLOW,COM20
REAL-COM20-LOW_-00920,2026-09-19 16:23:08.495,114.03,15.22,0.3801,5.0733,2.73,26.8,Low Risk,Moderate Risk,YELLOW,COM20
REAL-COM20-LOW_-00921,2026-09-19 16:23:08.697,115.36,15.17,0.3845,5.0567,2.72,26.9,Low Risk,Moderate Risk,YELLOW,COM20
REAL-COM20-LOW_-00922,2026-09-19 16:23:08.897,116.23,14.91,0.3874,4.97,2.68,27.2,Low Risk,Moderate Risk,YELLOW,COM20
REAL-COM20-LOW_-00923,2026-09-19 16:23:09.097,116.37,15.35,0.3879,5.1167,2.75,26.7,Low Risk,Moderate Risk,YELLOW,COM20
REAL-COM20-LOW_-00924,2026-09-19 16:23:09.295,116.39,15.14,0.388,5.0467,2.72,26.9,Low Risk,Moderate Risk,YELLOW,COM20
REAL-COM20-LOW_-00925,2026-09-19 16:23:09.495,112.94,15.48,0.3765,5.16,2.77,26.5,Low Risk,Moderate Risk,YELLOW,COM20
REAL-COM20-LOW_-00926,2026-09-19 16:23:09.695,115.2,15.19,0.384,5.0633,2.72,26.9,Low Risk,Moderate Risk,YELLOW,COM20
REAL-COM20-LOW_-00927,2026-09-19 16:23:09.896,116.26,15.0,0.3875,5.0,2.69,27.1,Low Risk,Moderate Risk,YELLOW,COM20
REAL-COM20-LOW_-00928,2026-09-19 16:23:10.097,113.59,15.25,0.3786,5.0833,2.73,26.8,Low Risk,Moderate Risk,YELLOW,COM20
REAL-COM20-LOW_-00929,2026-09-19 16:23:10.297,117.29,14.94,0.391,4.98,2.68,27.1,Low Risk,Moderate Risk,YELLOW,COM20
REAL-COM20-LOW_-00930,2026-09-19 16:23:10.495,116.18,15.05,0.3873,5.0167,2.7,27.0,Low Risk,Moderate Risk,YELLOW,COM20
REAL-COM20-LOW_-00931,2026-09-19 16:23:10.697,116.18,15.33,0.3873,5.11,2.75,26.7,Low Risk,Moderate Risk,YELLOW,COM20
REAL-COM20-LOW_-00932,2026-09-19 16:23:10.896,113.84,15.37,0.3795,5.1233,2.75,26.7,Low Risk,Moderate Risk,YELLOW,COM20
REAL-COM20-LOW_-00933,2026-09-19 16:23:11.096,115.24,15.22,0.3841,5.0733,2.73,26.8,Low Risk,Moderate Risk,YELLOW,COM20
REAL-COM20-LOW_-00934,2026-09-19 16:23:11.296,113.27,15.42,0.3776,5.14,2.76,26.6,Low Risk,Moderate Risk,YELLOW,COM20
REAL-COM20-LOW_-00935,2026-09-19 16:23:11.495,114.47,15.29,0.3816,5.0967,2.74,26.7,Low Risk,Moderate Risk,YELLOW,COM20
REAL-COM20-LOW_-00936,2026-09-19 16:23:11.695,115.78,16.22,0.3859,5.4067,2.9,25.7,Low Risk,Moderate Risk,YELLOW,COM20
REAL-COM20-LOW_-00937,2026-09-19 16:23:11.895,116.4,16.03,0.388,5.3433,2.87,25.9,Low Risk,Moderate Risk,YELLOW,COM20
REAL-COM20-LOW_-00938,2026-09-19 16:23:12.095,114.27,15.94,0.3809,5.3133,2.85,26.0,Low Risk,Moderate Risk,YELLOW,COM20
REAL-COM20-LOW_-00939,2026-09-19 16:23:12.295,117.01,16.24,0.39,5.4133,2.9,25.6,Low Risk,Moderate Risk,YELLOW,COM20
REAL-COM20-LOW_-00940,2026-09-19 16:23:12.496,114.35,16.28,0.3812,5.4267,2.9,25.6,Low Risk,Moderate Risk,YELLOW,COM20
REAL-COM20-LOW_-00941,2026-09-19 16:23:12.695,116.09,16.06,0.387,5.3533,2.87,25.8,Low Risk,Moderate Risk,YELLOW,COM20
REAL-COM20-LOW_-00942,2026-09-19 16:23:12.895,117.9,15.92,0.393,5.3067,2.85,26.0,Low Risk,Moderate Risk,YELLOW,COM20
REAL-COM20-LOW_-00943,2026-09-19 16:23:13.097,114.78,16.13,0.3826,5.3767,2.88,25.8,Low Risk,Moderate Risk,YELLOW,COM20
REAL-COM20-LOW_-00944,2026-09-19 16:23:13.295,116.85,16.09,0.3895,5.3633,2.88,25.8,Low Risk,Moderate Risk,YELLOW,COM20
REAL-COM20-LOW_-00945,2026-09-19 16:23:13.496,115.57,16.21,0.3852,5.4033,2.9,25.7,Low Risk,Moderate Risk,YELLOW,COM20
REAL-COM20-LOW_-00946,2026-09-19 16:23:13.695,115.99,16.12,0.3866,5.3733,2.88,25.8,Low Risk,Moderate Risk,YELLOW,COM20
REAL-COM20-LOW_-00947,2026-09-19 16:23:13.896,114.41,16.1,0.3814,5.3667,2.87,25.8,Low Risk,Moderate Risk,YELLOW,COM20
REAL-COM20-LOW_-00948,2026-09-19 16:23:14.096,115.53,15.87,0.3851,5.29,2.84,26.1,Low Risk,Moderate Risk,YELLOW,COM20
REAL-COM20-LOW_-00949,2026-09-19 16:23:14.295,115.93,16.05,0.3864,5.35,2.87,25.9,Low Risk,Moderate Risk,YELLOW,COM20
REAL-COM20-LOW_-00950,2026-09-19 16:23:14.496,114.25,15.96,0.3808,5.32,2.85,26.0,Low Risk,Moderate Risk,YELLOW,COM20
REAL-COM20-LOW_-00951,2026-09-19 16:23:14.695,115.99,16.06,0.3866,5.3533,2.87,25.8,Low Risk,Moderate Risk,YELLOW,COM20
REAL-COM20-LOW_-00952,2026-09-19 16:23:14.895,116.04,15.96,0.3868,5.32,2.85,25.9,Low Risk,Moderate Risk,YELLOW,COM20
REAL-COM20-LOW_-00953,2026-09-19 16:23:15.095,113.78,15.84,0.3793,5.28,2.83,26.1,Low Risk,Moderate Risk,YELLOW,COM20
REAL-COM20-LOW_-00954,2026-09-19 16:23:15.295,113.02,16.28,0.3767,5.4267,2.9,25.6,Low Risk,Moderate Risk,YELLOW,COM20
REAL-COM20-LOW_-00955,2026-09-19 16:23:15.496,115.61,16.08,0.3854,5.36,2.87,25.8,Low Risk,Moderate Risk,YELLOW,COM20
REAL-COM20-LOW_-00956,2026-09-19 16:23:15.695,116.63,15.87,0.3888,5.29,2.84,26.1,Low Risk,Moderate Risk,YELLOW,COM20
REAL-COM20-LOW_-00957,2026-09-19 16:23:15.895,117.43,15.99,0.3914,5.33,2.86,25.9,Low Risk,Moderate Risk,YELLOW,COM20
REAL-COM20-LOW_-00958,2026-09-19 16:23:16.095,114.85,15.72,0.3828,5.24,2.81,26.2,Low Risk,Moderate Risk,YELLOW,COM20
REAL-COM20-LOW_-00959,2026-09-19 16:23:16.295,114.32,15.89,0.3811,5.2967,2.84,26.0,Low Risk,Moderate Risk,YELLOW,COM20
REAL-COM20-LOW_-00960,2026-09-19 16:23:16.497,115.64,15.83,0.3855,5.2767,2.83,26.1,Low Risk,Moderate Risk,YELLOW,COM20
REAL-COM20-LOW_-00961,2026-09-19 16:23:16.696,116.17,15.97,0.3872,5.3233,2.86,25.9,Low Risk,Moderate Risk,YELLOW,COM20
REAL-COM20-LOW_-00962,2026-09-19 16:23:16.897,115.74,16.07,0.3858,5.3567,2.87,25.8,Low Risk,Moderate Risk,YELLOW,COM20
REAL-COM20-LOW_-00963,2026-09-19 16:23:17.097,115.46,15.91,0.3849,5.3033,2.84,26.0,Low Risk,Moderate Risk,YELLOW,COM20
REAL-COM20-LOW_-00964,2026-09-19 16:23:17.298,115.73,15.86,0.3858,5.2867,2.84,26.1,Low Risk,Moderate Risk,YELLOW,COM20
REAL-COM20-LOW_-00965,2026-09-19 16:23:17.498,114.69,15.96,0.3823,5.32,2.85,26.0,Low Risk,Moderate Risk,YELLOW,COM20
REAL-COM20-LOW_-00966,2026-09-19 16:23:17.696,113.73,15.97,0.3791,5.3233,2.85,26.0,Low Risk,Moderate Risk,YELLOW,COM20
REAL-COM20-LOW_-00967,2026-09-19 16:23:17.896,113.87,15.83,0.3796,5.2767,2.83,26.1,Low Risk,Moderate Risk,YELLOW,COM20
REAL-COM20-LOW_-00968,2026-09-19 16:23:18.095,111.97,15.6,0.3732,5.2,2.79,26.4,Low Risk,Moderate Risk,YELLOW,COM20
REAL-COM20-LOW_-00969,2026-09-19 16:23:18.297,111.85,15.96,0.3728,5.32,2.85,26.0,Low Risk,Moderate Risk,YELLOW,COM20
REAL-COM20-LOW_-00970,2026-09-19 16:23:18.495,113.57,15.84,0.3786,5.28,2.83,26.1,Low Risk,Moderate Risk,YELLOW,COM20
REAL-COM20-LOW_-00971,2026-09-19 16:23:18.695,117.74,16.08,0.3925,5.36,2.88,25.8,Low Risk,Moderate Risk,YELLOW,COM20
REAL-COM20-LOW_-00972,2026-09-19 16:23:18.896,113.02,16.04,0.3767,5.3467,2.86,25.9,Low Risk,Moderate Risk,YELLOW,COM20
REAL-COM20-LOW_-00973,2026-09-19 16:23:19.098,115.42,15.71,0.3847,5.2367,2.81,26.2,Low Risk,Moderate Risk,YELLOW,COM20
REAL-COM20-LOW_-00974,2026-09-19 16:23:19.295,114.02,15.88,0.3801,5.2933,2.84,26.1,Low Risk,Moderate Risk,YELLOW,COM20
REAL-COM20-LOW_-00975,2026-09-19 16:23:19.495,113.36,16.05,0.3779,5.35,2.86,25.9,Low Risk,Moderate Risk,YELLOW,COM20
REAL-COM20-LOW_-00976,2026-09-19 16:23:19.695,113.59,15.91,0.3786,5.3033,2.84,26.0,Low Risk,Moderate Risk,YELLOW,COM20
REAL-COM20-LOW_-00977,2026-09-19 16:23:19.895,114.9,15.94,0.383,5.3133,2.85,26.0,Low Risk,Moderate Risk,YELLOW,COM20
REAL-COM20-LOW_-00978,2026-09-19 16:23:20.095,116.41,15.79,0.388,5.2633,2.83,26.1,Low Risk,Moderate Risk,YELLOW,COM20
REAL-COM20-LOW_-00979,2026-09-19 16:23:20.295,115.85,15.86,0.3862,5.2867,2.84,26.1,Low Risk,Moderate Risk,YELLOW,COM20
REAL-COM20-LOW_-00980,2026-09-19 16:23:20.495,114.14,15.59,0.3805,5.1967,2.79,26.4,Low Risk,Moderate Risk,YELLOW,COM20
REAL-COM20-LOW_-00981,2026-09-19 16:23:20.695,115.98,15.67,0.3866,5.2233,2.8,26.3,Low Risk,Moderate Risk,YELLOW,COM20
REAL-COM20-LOW_-00982,2026-09-19 16:23:20.895,114.3,15.65,0.381,5.2167,2.8,26.3,Low Risk,Moderate Risk,YELLOW,COM20
REAL-COM20-LOW_-00983,2026-09-19 16:23:21.095,117.47,15.94,0.3916,5.3133,2.85,26.0,Low Risk,Moderate Risk,YELLOW,COM20
REAL-COM20-LOW_-00984,2026-09-19 16:23:21.296,116.4,15.83,0.388,5.2767,2.83,26.1,Low Risk,Moderate Risk,YELLOW,COM20
REAL-COM20-LOW_-00985,2026-09-19 16:23:21.495,114.0,15.83,0.38,5.2767,2.83,26.1,Low Risk,Moderate Risk,YELLOW,COM20
REAL-COM20-LOW_-00986,2026-09-19 16:23:21.695,115.57,16.01,0.3852,5.3367,2.86,25.9,Low Risk,Moderate Risk,YELLOW,COM20
REAL-COM20-LOW_-00987,2026-09-19 16:23:21.895,116.54,15.6,0.3885,5.2,2.79,26.4,Low Risk,Moderate Risk,YELLOW,COM20
REAL-COM20-LOW_-00988,2026-09-19 16:23:22.096,116.18,15.85,0.3873,5.2833,2.83,26.1,Low Risk,Moderate Risk,YELLOW,COM20
REAL-COM20-LOW_-00989,2026-09-19 16:23:22.297,114.13,15.72,0.3804,5.24,2.81,26.2,Low Risk,Moderate Risk,YELLOW,COM20
REAL-COM20-LOW_-00990,2026-09-19 16:23:22.495,114.09,15.72,0.3803,5.24,2.81,26.2,Low Risk,Moderate Risk,YELLOW,COM20
REAL-COM20-LOW_-00991,2026-09-19 16:23:22.695,115.61,15.98,0.3854,5.3267,2.86,25.9,Low Risk,Moderate Risk,YELLOW,COM20
REAL-COM20-LOW_-00992,2026-09-19 16:23:22.895,113.96,15.59,0.3799,5.1967,2.79,26.4,Low Risk,Moderate Risk,YELLOW,COM20
REAL-COM20-LOW_-00993,2026-09-19 16:23:23.097,114.91,15.55,0.383,5.1833,2.78,26.4,Low Risk,Moderate Risk,YELLOW,COM20
REAL-COM20-LOW_-00994,2026-09-19 16:23:23.296,116.13,15.66,0.3871,5.22,2.8,26.3,Low Risk,Moderate Risk,YELLOW,COM20
REAL-COM20-LOW_-00995,2026-09-19 16:23:23.498,113.98,15.55,0.3799,5.1833,2.78,26.4,Low Risk,Moderate Risk,YELLOW,COM20
REAL-COM20-LOW_-00996,2026-09-19 16:23:23.695,114.86,15.76,0.3829,5.2533,2.82,26.2,Low Risk,Moderate Risk,YELLOW,COM20
REAL-COM20-LOW_-00997,2026-09-19 16:23:23.896,113.99,15.84,0.38,5.28,2.83,26.1,Low Risk,Moderate Risk,YELLOW,COM20
REAL-COM20-LOW_-00998,2026-09-19 16:23:24.096,114.1,15.83,0.3803,5.2767,2.83,26.1,Low Risk,Moderate Risk,YELLOW,COM20
REAL-COM20-LOW_-00999,2026-09-19 16:23:24.297,113.17,15.75,0.3772,5.25,2.81,26.2,Low Risk,Moderate Risk,YELLOW,COM20
REAL-COM20-LOW_-01000,2026-09-19 16:23:24.496,116.56,15.76,0.3885,5.2533,2.82,26.2,Low Risk,Moderate Risk,YELLOW,COM20
REAL-COM20-LOW_-01001,2026-09-19 16:23:24.695,115.35,15.66,0.3845,5.22,2.8,26.3,Low Risk,Moderate Risk,YELLOW,COM20
REAL-COM20-LOW_-01002,2026-09-19 16:23:24.895,116.0,15.62,0.3867,5.2067,2.8,26.3,Low Risk,Moderate Risk,YELLOW,COM20
REAL-COM20-LOW_-01003,2026-09-19 16:23:25.095,116.08,15.52,0.3869,5.1733,2.78,26.5,Low Risk,Moderate Risk,YELLOW,COM20
REAL-COM20-LOW_-01004,2026-09-19 16:23:25.297,114.69,15.56,0.3823,5.1867,2.79,26.4,Low Risk,Moderate Risk,YELLOW,COM20
REAL-COM20-LOW_-01005,2026-09-19 16:23:25.495,115.4,15.67,0.3847,5.2233,2.8,26.3,Low Risk,Moderate Risk,YELLOW,COM20
REAL-COM20-LOW_-01006,2026-09-19 16:23:25.695,116.27,15.73,0.3876,5.2433,2.81,26.2,Low Risk,Moderate Risk,YELLOW,COM20
REAL-COM20-LOW_-01007,2026-09-19 16:23:25.895,114.4,15.79,0.3813,5.2633,2.82,26.2,Low Risk,Moderate Risk,YELLOW,COM20
REAL-COM20-LOW_-01008,2026-09-19 16:23:26.098,117.74,15.71,0.3925,5.2367,2.81,26.2,Low Risk,Moderate Risk,YELLOW,COM20
REAL-COM20-LOW_-01009,2026-09-19 16:23:26.298,113.8,15.83,0.3793,5.2767,2.83,26.1,Low Risk,Moderate Risk,YELLOW,COM20
REAL-COM20-LOW_-01010,2026-09-19 16:23:26.495,114.19,15.91,0.3806,5.3033,2.84,26.0,Low Risk,Moderate Risk,YELLOW,COM20
REAL-COM20-LOW_-01011,2026-09-19 16:23:26.695,115.76,15.66,0.3859,5.22,2.8,26.3,Low Risk,Moderate Risk,YELLOW,COM20
REAL-COM20-LOW_-01012,2026-09-19 16:23:26.896,115.76,15.79,0.3859,5.2633,2.82,26.1,Low Risk,Moderate Risk,YELLOW,COM20
REAL-COM20-LOW_-01013,2026-09-19 16:23:27.096,111.54,15.65,0.3718,5.2167,2.79,26.4,Low Risk,Moderate Risk,YELLOW,COM20
REAL-COM20-LOW_-01014,2026-09-19 16:23:27.295,115.25,15.42,0.3842,5.14,2.76,26.6,Low Risk,Moderate Risk,YELLOW,COM20
REAL-COM20-LOW_-01015,2026-09-19 16:23:27.495,114.99,15.6,0.3833,5.2,2.79,26.4,Low Risk,Moderate Risk,YELLOW,COM20
REAL-COM20-LOW_-01016,2026-09-19 16:23:27.697,115.48,15.74,0.3849,5.2467,2.82,26.2,Low Risk,Moderate Risk,YELLOW,COM20
REAL-COM20-LOW_-01017,2026-09-19 16:23:27.896,116.42,15.71,0.3881,5.2367,2.81,26.2,Low Risk,Moderate Risk,YELLOW,COM20
REAL-COM20-LOW_-01018,2026-09-19 16:23:28.096,115.78,15.49,0.3859,5.1633,2.77,26.5,Low Risk,Moderate Risk,YELLOW,COM20
REAL-COM20-LOW_-01019,2026-09-19 16:23:28.295,114.53,15.58,0.3818,5.1933,2.79,26.4,Low Risk,Moderate Risk,YELLOW,COM20
REAL-COM20-LOW_-01020,2026-09-19 16:23:28.495,113.88,15.45,0.3796,5.15,2.76,26.6,Low Risk,Moderate Risk,YELLOW,COM20
REAL-COM20-LOW_-01021,2026-09-19 16:23:28.697,115.04,15.59,0.3835,5.1967,2.79,26.4,Low Risk,Moderate Risk,YELLOW,COM20
REAL-COM20-LOW_-01022,2026-09-19 16:23:28.897,114.23,15.7,0.3808,5.2333,2.81,26.3,Low Risk,Moderate Risk,YELLOW,COM20
REAL-COM20-LOW_-01023,2026-09-19 16:23:29.095,117.13,15.5,0.3904,5.1667,2.78,26.5,Low Risk,Moderate Risk,YELLOW,COM20
REAL-COM20-LOW_-01024,2026-09-19 16:23:29.295,113.89,15.55,0.3796,5.1833,2.78,26.4,Low Risk,Moderate Risk,YELLOW,COM20
REAL-COM20-LOW_-01025,2026-09-19 16:23:29.497,114.65,15.57,0.3822,5.19,2.79,26.4,Low Risk,Moderate Risk,YELLOW,COM20
REAL-COM20-LOW_-01026,2026-09-19 16:23:29.696,115.46,15.85,0.3849,5.2833,2.83,26.1,Low Risk,Moderate Risk,YELLOW,COM20
REAL-COM20-LOW_-01027,2026-09-19 16:23:29.896,115.27,15.29,0.3842,5.0967,2.74,26.7,Low Risk,Moderate Risk,YELLOW,COM20
REAL-COM20-LOW_-01028,2026-09-19 16:23:30.098,115.42,15.62,0.3847,5.2067,2.8,26.3,Low Risk,Moderate Risk,YELLOW,COM20
REAL-COM20-LOW_-01029,2026-09-19 16:23:30.297,115.41,15.47,0.3847,5.1567,2.77,26.5,Low Risk,Moderate Risk,YELLOW,COM20
REAL-COM20-LOW_-01030,2026-09-19 16:23:30.496,112.89,15.64,0.3763,5.2133,2.8,26.3,Low Risk,Moderate Risk,YELLOW,COM20
REAL-COM20-LOW_-01031,2026-09-19 16:23:30.697,114.64,15.67,0.3821,5.2233,2.8,26.3,Low Risk,Moderate Risk,YELLOW,COM20
REAL-COM20-LOW_-01032,2026-09-19 16:23:30.896,115.03,15.88,0.3834,5.2933,2.84,26.0,Low Risk,Moderate Risk,YELLOW,COM20
REAL-COM20-LOW_-01033,2026-09-19 16:23:31.094,114.33,15.63,0.3811,5.21,2.8,26.4,Low Risk,Moderate Risk,YELLOW,COM20
REAL-COM20-LOW_-01034,2026-09-19 16:23:31.298,116.16,15.5,0.3872,5.1667,2.78,26.5,Low Risk,Moderate Risk,YELLOW,COM20
REAL-COM20-LOW_-01035,2026-09-19 16:23:31.494,114.39,15.75,0.3813,5.25,2.81,26.2,Low Risk,Moderate Risk,YELLOW,COM20
REAL-COM20-LOW_-01036,2026-09-19 16:23:31.696,114.94,15.78,0.3831,5.26,2.82,26.2,Low Risk,Moderate Risk,YELLOW,COM20
REAL-COM20-LOW_-01037,2026-09-19 16:23:31.898,114.18,15.49,0.3806,5.1633,2.77,26.5,Low Risk,Moderate Risk,YELLOW,COM20
REAL-COM20-LOW_-01038,2026-09-19 16:23:32.097,116.06,15.82,0.3869,5.2733,2.83,26.1,Low Risk,Moderate Risk,YELLOW,COM20
REAL-COM20-LOW_-01039,2026-09-19 16:23:32.291,117.97,15.54,0.3932,5.18,2.79,26.4,Low Risk,Moderate Risk,YELLOW,COM20
REAL-COM20-LOW_-01040,2026-09-19 16:23:32.490,115.53,15.8,0.3851,5.2667,2.83,26.1,Low Risk,Moderate Risk,YELLOW,COM20
REAL-COM20-LOW_-01041,2026-09-19 16:23:32.697,114.45,15.78,0.3815,5.26,2.82,26.2,Low Risk,Moderate Risk,YELLOW,COM20
REAL-COM20-LOW_-01042,2026-09-19 16:23:32.895,113.48,15.71,0.3783,5.2367,2.81,26.3,Low Risk,Moderate Risk,YELLOW,COM20
REAL-COM20-LOW_-01043,2026-09-19 16:23:33.091,113.05,15.76,0.3768,5.2533,2.82,26.2,Low Risk,Moderate Risk,YELLOW,COM20
REAL-COM20-LOW_-01044,2026-09-19 16:23:33.293,116.19,15.84,0.3873,5.28,2.83,26.1,Low Risk,Moderate Risk,YELLOW,COM20
REAL-COM20-LOW_-01045,2026-09-19 16:23:33.492,116.06,16.17,0.3869,5.39,2.89,25.7,Low Risk,Moderate Risk,YELLOW,COM20
REAL-COM20-LOW_-01046,2026-09-19 16:23:33.695,109.26,15.56,0.3642,5.1867,2.78,26.5,Low Risk,Moderate Risk,YELLOW,COM20
REAL-COM20-LOW_-01047,2026-09-19 16:23:33.891,114.9,15.75,0.383,5.25,2.82,26.2,Low Risk,Moderate Risk,YELLOW,COM20
REAL-COM20-LOW_-01048,2026-09-19 16:23:34.091,116.06,15.72,0.3869,5.24,2.81,26.2,Low Risk,Moderate Risk,YELLOW,COM20
REAL-COM20-LOW_-01049,2026-09-19 16:23:34.297,115.8,16.06,0.386,5.3533,2.87,25.8,Low Risk,Moderate Risk,YELLOW,COM20
REAL-COM20-LOW_-01050,2026-09-19 16:23:34.492,113.99,15.65,0.38,5.2167,2.8,26.3,Low Risk,Moderate Risk,YELLOW,COM20
REAL-COM20-LOW_-01051,2026-09-19 16:23:34.694,116.89,15.82,0.3896,5.2733,2.83,26.1,Low Risk,Moderate Risk,YELLOW,COM20
REAL-COM20-LOW_-01052,2026-09-19 16:23:34.893,115.43,15.87,0.3848,5.29,2.84,26.1,Low Risk,Moderate Risk,YELLOW,COM20
REAL-COM20-LOW_-01053,2026-09-19 16:23:35.092,115.22,16.12,0.3841,5.3733,2.88,25.8,Low Risk,Moderate Risk,YELLOW,COM20
REAL-COM20-LOW_-01054,2026-09-19 16:23:35.296,114.91,15.63,0.383,5.21,2.8,26.3,Low Risk,Moderate Risk,YELLOW,COM20
REAL-COM20-LOW_-01055,2026-09-19 16:23:35.497,114.18,15.56,0.3806,5.1867,2.78,26.4,Low Risk,Moderate Risk,YELLOW,COM20
REAL-COM20-LOW_-01056,2026-09-19 16:23:35.697,116.31,15.77,0.3877,5.2567,2.82,26.2,Low Risk,Moderate Risk,YELLOW,COM20
REAL-COM20-LOW_-01057,2026-09-19 16:23:35.892,114.51,15.44,0.3817,5.1467,2.76,26.6,Low Risk,Moderate Risk,YELLOW,COM20
REAL-COM20-LOW_-01058,2026-09-19 16:23:36.093,115.64,15.78,0.3855,5.26,2.82,26.2,Low Risk,Moderate Risk,YELLOW,COM20
REAL-COM20-LOW_-01059,2026-09-19 16:23:36.295,112.94,15.43,0.3765,5.1433,2.76,26.6,Low Risk,Moderate Risk,YELLOW,COM20
REAL-COM20-LOW_-01060,2026-09-19 16:23:36.498,116.37,15.84,0.3879,5.28,2.83,26.1,Low Risk,Moderate Risk,YELLOW,COM20
REAL-COM20-LOW_-01061,2026-09-19 16:23:36.694,112.96,16.09,0.3765,5.3633,2.87,25.8,Low Risk,Moderate Risk,YELLOW,COM20
REAL-COM20-LOW_-01062,2026-09-19 16:23:36.890,115.47,15.88,0.3849,5.2933,2.84,26.1,Low Risk,Moderate Risk,YELLOW,COM20
REAL-COM20-LOW_-01063,2026-09-19 16:23:37.090,116.54,15.93,0.3885,5.31,2.85,26.0,Low Risk,Moderate Risk,YELLOW,COM20
REAL-COM20-LOW_-01064,2026-09-19 16:23:37.298,114.99,15.69,0.3833,5.23,2.81,26.3,Low Risk,Moderate Risk,YELLOW,COM20
REAL-COM20-LOW_-01065,2026-09-19 16:23:37.498,115.98,15.46,0.3866,5.1533,2.77,26.5,Low Risk,Moderate Risk,YELLOW,COM20
REAL-COM20-LOW_-01066,2026-09-19 16:23:37.698,116.55,15.7,0.3885,5.2333,2.81,26.2,Low Risk,Moderate Risk,YELLOW,COM20
REAL-COM20-LOW_-01067,2026-09-19 16:23:37.891,116.64,15.59,0.3888,5.1967,2.79,26.4,Low Risk,Moderate Risk,YELLOW,COM20
REAL-COM20-LOW_-01068,2026-09-19 16:23:38.097,114.75,15.8,0.3825,5.2667,2.83,26.1,Low Risk,Moderate Risk,YELLOW,COM20
REAL-COM20-LOW_-01069,2026-09-19 16:23:38.291,114.71,15.88,0.3824,5.2933,2.84,26.1,Low Risk,Moderate Risk,YELLOW,COM20
REAL-COM20-LOW_-01070,2026-09-19 16:23:38.491,114.69,15.66,0.3823,5.22,2.8,26.3,Low Risk,Moderate Risk,YELLOW,COM20
REAL-COM20-LOW_-01071,2026-09-19 16:23:38.691,114.68,15.64,0.3823,5.2133,2.8,26.3,Low Risk,Moderate Risk,YELLOW,COM20
REAL-COM20-LOW_-01072,2026-09-19 16:23:38.898,113.32,15.82,0.3777,5.2733,2.83,26.1,Low Risk,Moderate Risk,YELLOW,COM20
REAL-COM20-LOW_-01073,2026-09-19 16:23:39.091,113.87,15.93,0.3796,5.31,2.85,26.0,Low Risk,Moderate Risk,YELLOW,COM20
REAL-COM20-LOW_-01074,2026-09-19 16:23:39.291,118.49,15.92,0.395,5.3067,2.85,26.0,Low Risk,Moderate Risk,YELLOW,COM20
REAL-COM20-LOW_-01075,2026-09-19 16:23:39.498,115.8,15.91,0.386,5.3033,2.84,26.0,Low Risk,Moderate Risk,YELLOW,COM20
REAL-COM20-LOW_-01076,2026-09-19 16:23:39.691,115.3,15.93,0.3843,5.31,2.85,26.0,Low Risk,Moderate Risk,YELLOW,COM20
REAL-COM20-LOW_-01077,2026-09-19 16:23:39.891,117.76,15.6,0.3925,5.2,2.8,26.3,Low Risk,Moderate Risk,YELLOW,COM20
REAL-COM20-LOW_-01078,2026-09-19 16:23:40.097,115.89,15.65,0.3863,5.2167,2.8,26.3,Low Risk,Moderate Risk,YELLOW,COM20
REAL-COM20-LOW_-01079,2026-09-19 16:23:40.291,116.58,15.6,0.3886,5.2,2.79,26.4,Low Risk,Moderate Risk,YELLOW,COM20
REAL-COM20-LOW_-01080,2026-09-19 16:23:40.491,117.21,15.65,0.3907,5.2167,2.8,26.3,Low Risk,Moderate Risk,YELLOW,COM20
REAL-COM20-LOW_-01081,2026-09-19 16:23:40.693,118.18,15.47,0.3939,5.1567,2.78,26.5,Low Risk,Moderate Risk,YELLOW,COM20
REAL-COM20-LOW_-01082,2026-09-19 16:23:40.897,116.53,16.12,0.3884,5.3733,2.88,25.8,Low Risk,Moderate Risk,YELLOW,COM20
REAL-COM20-LOW_-01083,2026-09-19 16:23:41.091,115.32,15.81,0.3844,5.27,2.83,26.1,Low Risk,Moderate Risk,YELLOW,COM20
REAL-COM20-LOW_-01084,2026-09-19 16:23:41.291,114.64,15.62,0.3821,5.2067,2.79,26.4,Low Risk,Moderate Risk,YELLOW,COM20
REAL-COM20-LOW_-01085,2026-09-19 16:23:41.491,114.32,15.7,0.3811,5.2333,2.81,26.3,Low Risk,Moderate Risk,YELLOW,COM20
REAL-COM20-LOW_-01086,2026-09-19 16:23:41.698,116.03,15.62,0.3868,5.2067,2.8,26.3,Low Risk,Moderate Risk,YELLOW,COM20
REAL-COM20-LOW_-01087,2026-09-19 16:23:41.898,113.91,15.67,0.3797,5.2233,2.8,26.3,Low Risk,Moderate Risk,YELLOW,COM20
REAL-COM20-LOW_-01088,2026-09-19 16:23:42.092,114.3,15.75,0.381,5.25,2.82,26.2,Low Risk,Moderate Risk,YELLOW,COM20
REAL-COM20-LOW_-01089,2026-09-19 16:23:42.291,113.8,15.51,0.3793,5.17,2.77,26.5,Low Risk,Moderate Risk,YELLOW,COM20
REAL-COM20-LOW_-01090,2026-09-19 16:23:42.493,112.41,15.53,0.3747,5.1767,2.78,26.5,Low Risk,Moderate Risk,YELLOW,COM20
REAL-COM20-LOW_-01091,2026-09-19 16:23:42.696,116.51,15.74,0.3884,5.2467,2.82,26.2,Low Risk,Moderate Risk,YELLOW,COM20
REAL-COM20-LOW_-01092,2026-09-19 16:23:42.896,112.71,15.67,0.3757,5.2233,2.8,26.3,Low Risk,Moderate Risk,YELLOW,COM20
REAL-COM20-LOW_-01093,2026-09-19 16:23:43.091,116.81,15.74,0.3894,5.2467,2.82,26.2,Low Risk,Moderate Risk,YELLOW,COM20
REAL-COM20-LOW_-01094,2026-09-19 16:23:43.296,117.15,15.6,0.3905,5.2,2.79,26.4,Low Risk,Moderate Risk,YELLOW,COM20
REAL-COM20-LOW_-01095,2026-09-19 16:23:43.491,113.68,15.7,0.3789,5.2333,2.81,26.3,Low Risk,Moderate Risk,YELLOW,COM20
REAL-COM20-LOW_-01096,2026-09-19 16:23:43.693,115.22,15.76,0.3841,5.2533,2.82,26.2,Low Risk,Moderate Risk,YELLOW,COM20
REAL-COM20-LOW_-01097,2026-09-19 16:23:43.891,115.94,15.89,0.3865,5.2967,2.84,26.0,Low Risk,Moderate Risk,YELLOW,COM20
REAL-COM20-LOW_-01098,2026-09-19 16:23:44.091,114.61,15.87,0.382,5.29,2.84,26.1,Low Risk,Moderate Risk,YELLOW,COM20
REAL-COM20-LOW_-01099,2026-09-19 16:23:44.291,116.96,15.78,0.3899,5.26,2.82,26.1,Low Risk,Moderate Risk,YELLOW,COM20
REAL-COM20-LOW_-01100,2026-09-19 16:23:44.493,114.46,15.7,0.3815,5.2333,2.81,26.3,Low Risk,Moderate Risk,YELLOW,COM20
REAL-COM20-LOW_-01101,2026-09-19 16:23:44.696,115.69,15.58,0.3856,5.1933,2.79,26.4,Low Risk,Moderate Risk,YELLOW,COM20
REAL-COM20-LOW_-01102,2026-09-19 16:23:44.891,113.88,15.58,0.3796,5.1933,2.79,26.4,Low Risk,Moderate Risk,YELLOW,COM20
REAL-COM20-LOW_-01103,2026-09-19 16:23:45.092,115.71,15.87,0.3857,5.29,2.84,26.1,Low Risk,Moderate Risk,YELLOW,COM20
REAL-COM20-LOW_-01104,2026-09-19 16:23:45.291,112.64,16.01,0.3755,5.3367,2.86,25.9,Low Risk,Moderate Risk,YELLOW,COM20
REAL-COM20-LOW_-01105,2026-09-19 16:23:45.491,116.34,15.62,0.3878,5.2067,2.8,26.3,Low Risk,Moderate Risk,YELLOW,COM20
REAL-COM20-LOW_-01106,2026-09-19 16:23:45.696,112.46,15.78,0.3749,5.26,2.82,26.2,Low Risk,Moderate Risk,YELLOW,COM20
REAL-COM20-LOW_-01107,2026-09-19 16:23:45.897,114.68,15.75,0.3823,5.25,2.82,26.2,Low Risk,Moderate Risk,YELLOW,COM20
REAL-COM20-LOW_-01108,2026-09-19 16:23:46.097,113.69,15.64,0.379,5.2133,2.8,26.3,Low Risk,Moderate Risk,YELLOW,COM20
REAL-COM20-LOW_-01109,2026-09-19 16:23:46.293,113.44,15.57,0.3781,5.19,2.78,26.4,Low Risk,Moderate Risk,YELLOW,COM20
REAL-COM20-LOW_-01110,2026-09-19 16:23:46.491,114.7,15.78,0.3823,5.26,2.82,26.2,Low Risk,Moderate Risk,YELLOW,COM20
REAL-COM20-LOW_-01111,2026-09-19 16:23:46.691,113.46,15.8,0.3782,5.2667,2.82,26.2,Low Risk,Moderate Risk,YELLOW,COM20
REAL-COM20-LOW_-01112,2026-09-19 16:23:46.897,112.73,15.69,0.3758,5.23,2.8,26.3,Low Risk,Moderate Risk,YELLOW,COM20
REAL-COM20-LOW_-01113,2026-09-19 16:23:47.092,117.99,15.67,0.3933,5.2233,2.81,26.3,Low Risk,Moderate Risk,YELLOW,COM20
REAL-COM20-LOW_-01114,2026-09-19 16:23:47.293,114.07,15.87,0.3802,5.29,2.84,26.1,Low Risk,Moderate Risk,YELLOW,COM20
REAL-COM20-LOW_-01115,2026-09-19 16:23:47.491,114.91,15.54,0.383,5.18,2.78,26.4,Low Risk,Moderate Risk,YELLOW,COM20
REAL-COM20-LOW_-01116,2026-09-19 16:23:47.691,115.32,15.81,0.3844,5.27,2.83,26.1,Low Risk,Moderate Risk,YELLOW,COM20
REAL-COM20-LOW_-01117,2026-09-19 16:23:47.898,115.82,15.73,0.3861,5.2433,2.81,26.2,Low Risk,Moderate Risk,YELLOW,COM20
REAL-COM20-LOW_-01118,2026-09-19 16:23:48.098,116.18,15.76,0.3873,5.2533,2.82,26.2,Low Risk,Moderate Risk,YELLOW,COM20
REAL-COM20-LOW_-01119,2026-09-19 16:23:48.298,116.07,15.65,0.3869,5.2167,2.8,26.3,Low Risk,Moderate Risk,YELLOW,COM20
REAL-COM20-LOW_-01120,2026-09-19 16:23:48.497,114.46,15.5,0.3815,5.1667,2.77,26.5,Low Risk,Moderate Risk,YELLOW,COM20
REAL-COM20-LOW_-01121,2026-09-19 16:23:48.697,119.23,15.79,0.3974,5.2633,2.83,26.1,Low Risk,Moderate Risk,YELLOW,COM20
REAL-COM20-LOW_-01122,2026-09-19 16:23:48.898,113.01,16.02,0.3767,5.34,2.86,25.9,Low Risk,Moderate Risk,YELLOW,COM20
REAL-COM20-LOW_-01123,2026-09-19 16:23:49.096,115.68,15.9,0.3856,5.3,2.84,26.0,Low Risk,Moderate Risk,YELLOW,COM20
REAL-COM20-LOW_-01124,2026-09-19 16:23:49.297,115.78,16.12,0.3859,5.3733,2.88,25.8,Low Risk,Moderate Risk,YELLOW,COM20
REAL-COM20-LOW_-01125,2026-09-19 16:23:49.498,114.17,15.89,0.3806,5.2967,2.84,26.0,Low Risk,Moderate Risk,YELLOW,COM20
REAL-COM20-LOW_-01126,2026-09-19 16:23:49.696,113.86,15.69,0.3795,5.23,2.8,26.3,Low Risk,Moderate Risk,YELLOW,COM20
REAL-COM20-LOW_-01127,2026-09-19 16:23:49.896,115.57,15.85,0.3852,5.2833,2.83,26.1,Low Risk,Moderate Risk,YELLOW,COM20
REAL-COM20-LOW_-01128,2026-09-19 16:23:50.096,116.97,15.83,0.3899,5.2767,2.83,26.1,Low Risk,Moderate Risk,YELLOW,COM20
REAL-COM20-LOW_-01129,2026-09-19 16:23:50.296,112.94,15.56,0.3765,5.1867,2.78,26.4,Low Risk,Moderate Risk,YELLOW,COM20
REAL-COM20-LOW_-01130,2026-09-19 16:23:50.496,116.61,15.77,0.3887,5.2567,2.82,26.2,Low Risk,Moderate Risk,YELLOW,COM20
REAL-COM20-LOW_-01131,2026-09-19 16:23:50.696,114.3,15.81,0.381,5.27,2.83,26.1,Low Risk,Moderate Risk,YELLOW,COM20
REAL-COM20-LOW_-01132,2026-09-19 16:23:50.896,116.98,15.78,0.3899,5.26,2.82,26.1,Low Risk,Moderate Risk,YELLOW,COM20
REAL-COM20-LOW_-01133,2026-09-19 16:23:51.097,113.29,15.97,0.3776,5.3233,2.85,26.0,Low Risk,Moderate Risk,YELLOW,COM20
REAL-COM20-LOW_-01134,2026-09-19 16:23:51.296,118.43,15.93,0.3948,5.31,2.85,26.0,Low Risk,Moderate Risk,YELLOW,COM20
REAL-COM20-LOW_-01135,2026-09-19 16:23:51.496,115.54,16.05,0.3851,5.35,2.87,25.9,Low Risk,Moderate Risk,YELLOW,COM20
REAL-COM20-LOW_-01136,2026-09-19 16:23:51.696,115.15,16.03,0.3838,5.3433,2.86,25.9,Low Risk,Moderate Risk,YELLOW,COM20
REAL-COM20-LOW_-01137,2026-09-19 16:23:51.896,115.8,15.85,0.386,5.2833,2.83,26.1,Low Risk,Moderate Risk,YELLOW,COM20
REAL-COM20-LOW_-01138,2026-09-19 16:23:52.097,115.01,16.02,0.3834,5.34,2.86,25.9,Low Risk,Moderate Risk,YELLOW,COM20
REAL-COM20-LOW_-01139,2026-09-19 16:23:52.296,115.56,15.83,0.3852,5.2767,2.83,26.1,Low Risk,Moderate Risk,YELLOW,COM20
REAL-COM20-LOW_-01140,2026-09-19 16:23:52.496,115.59,16.12,0.3853,5.3733,2.88,25.8,Low Risk,Moderate Risk,YELLOW,COM20
REAL-COM20-LOW_-01141,2026-09-19 16:23:52.696,115.68,15.88,0.3856,5.2933,2.84,26.0,Low Risk,Moderate Risk,YELLOW,COM20
REAL-COM20-LOW_-01142,2026-09-19 16:23:52.896,116.8,15.96,0.3893,5.32,2.85,25.9,Low Risk,Moderate Risk,YELLOW,COM20
REAL-COM20-LOW_-01143,2026-09-19 16:23:53.096,115.4,15.77,0.3847,5.2567,2.82,26.2,Low Risk,Moderate Risk,YELLOW,COM20
REAL-COM20-LOW_-01144,2026-09-19 16:23:53.296,116.0,15.8,0.3867,5.2667,2.83,26.1,Low Risk,Moderate Risk,YELLOW,COM20
REAL-COM20-LOW_-01145,2026-09-19 16:23:53.497,112.97,15.97,0.3766,5.3233,2.85,26.0,Low Risk,Moderate Risk,YELLOW,COM20
REAL-COM20-LOW_-01146,2026-09-19 16:23:53.698,113.09,16.24,0.377,5.4133,2.89,25.7,Low Risk,Moderate Risk,YELLOW,COM20
REAL-COM20-LOW_-01147,2026-09-19 16:23:53.898,114.42,15.9,0.3814,5.3,2.84,26.0,Low Risk,Moderate Risk,YELLOW,COM20
REAL-COM20-LOW_-01148,2026-09-19 16:23:54.096,113.64,16.08,0.3788,5.36,2.87,25.8,Low Risk,Moderate Risk,YELLOW,COM20
REAL-COM20-LOW_-01149,2026-09-19 16:23:54.296,115.2,15.89,0.384,5.2967,2.84,26.0,Low Risk,Moderate Risk,YELLOW,COM20
REAL-COM20-LOW_-01150,2026-09-19 16:23:54.498,113.99,15.87,0.38,5.29,2.84,26.1,Low Risk,Moderate Risk,YELLOW,COM20
REAL-COM20-LOW_-01151,2026-09-19 16:23:54.697,115.33,15.9,0.3844,5.3,2.84,26.0,Low Risk,Moderate Risk,YELLOW,COM20
REAL-COM20-LOW_-01152,2026-09-19 16:23:54.896,116.09,16.56,0.387,5.52,2.95,25.3,Low Risk,Moderate Risk,YELLOW,COM20
REAL-COM20-LOW_-01153,2026-09-19 16:23:55.097,116.74,16.09,0.3891,5.3633,2.88,25.8,Low Risk,Moderate Risk,YELLOW,COM20
REAL-COM20-LOW_-01154,2026-09-19 16:23:55.298,113.29,17.04,0.3776,5.68,3.03,24.8,Low Risk,Moderate Risk,YELLOW,COM20
REAL-COM20-LOW_-01155,2026-09-19 16:23:55.496,117.13,17.27,0.3904,5.7567,3.07,24.5,Low Risk,Moderate Risk,YELLOW,COM20
REAL-COM20-LOW_-01156,2026-09-19 16:23:55.697,116.68,17.31,0.3889,5.77,3.08,24.5,Low Risk,Moderate Risk,YELLOW,COM20
REAL-COM20-LOW_-01157,2026-09-19 16:23:55.896,116.64,17.28,0.3888,5.76,3.08,24.5,Low Risk,Moderate Risk,YELLOW,COM20
REAL-COM20-LOW_-01158,2026-09-19 16:23:56.096,114.73,17.02,0.3824,5.6733,3.03,24.8,Low Risk,Moderate Risk,YELLOW,COM20
REAL-COM20-LOW_-01159,2026-09-19 16:23:56.296,114.95,17.4,0.3832,5.8,3.09,24.4,Low Risk,Moderate Risk,YELLOW,COM20
REAL-COM20-LOW_-01160,2026-09-19 16:23:56.496,114.34,17.32,0.3811,5.7733,3.08,24.5,Low Risk,Moderate Risk,YELLOW,COM20
REAL-COM20-LOW_-01161,2026-09-19 16:23:56.696,115.17,17.15,0.3839,5.7167,3.05,24.7,Low Risk,Moderate Risk,YELLOW,COM20
