sample_id,timestamp,tds_mg_l,turbidity_ntu,r_tds,r_turb,ari,ass_score,ground_truth,source,location,sampling_rate_hz
ALVIN-2026-00001,2026-09-18 08:00:00.000,115.12,0.31,0.3837,0.1026,0.2432,80.44,Low Risk,Botol Sampel A,Sumber Air A,5
ALVIN-2026-00002,2026-09-18 08:00:00.200,242.89,1.74,0.8096,0.5804,0.695,59.0,Moderate Risk,Botol Sampel C,Sumber Air C,5
ALVIN-2026-00003,2026-09-18 08:00:00.400,228.91,2.07,0.763,0.6908,0.7269,57.91,Moderate Risk,Botol Sampel B,Sumber Air B,5
ALVIN-2026-00004,2026-09-18 08:00:00.600,85.24,0.92,0.2841,0.3062,0.2952,77.21,Moderate Risk,Botol Sampel C,Sumber Air C,5
ALVIN-2026-00005,2026-09-18 08:00:00.800,420.96,2.9,1.4032,0.9659,1.1846,45.77,High Risk,Botol Sampel E,Sumber Air E,5
ALVIN-2026-00006,2026-09-18 08:00:01.000,116.53,0.1,0.3884,0.0333,0.2108,82.59,Low Risk,Botol Sampel A,Sumber Air A,5
ALVIN-2026-00007,2026-09-18 08:00:01.200,193.16,2.7,0.6439,0.9003,0.7721,56.43,Moderate Risk,Botol Sampel B,Sumber Air B,5
ALVIN-2026-00008,2026-09-18 08:00:01.400,192.74,2.03,0.6425,0.6772,0.6599,60.24,Moderate Risk,Botol Sampel B,Sumber Air B,5
ALVIN-2026-00009,2026-09-18 08:00:01.600,290.0,2.02,0.9667,0.6747,0.8207,54.92,Moderate Risk,Botol Sampel C,Sumber Air C,5
ALVIN-2026-00010,2026-09-18 08:00:01.800,49.35,0.96,0.1645,0.3203,0.2424,80.49,Low Risk,Botol Sampel A,Sumber Air A,5
ALVIN-2026-00011,2026-09-18 08:00:02.000,400.0,7.58,1.3333,2.5252,1.9292,34.14,High Risk,Botol Sampel E,Sumber Air E,5
ALVIN-2026-00012,2026-09-18 08:00:02.200,285.43,1.39,0.9514,0.4624,0.7069,58.59,Moderate Risk,Botol Sampel C,Sumber Air C,5
ALVIN-2026-00013,2026-09-18 08:00:02.400,122.85,0.52,0.4095,0.1747,0.2921,77.39,Low Risk,Botol Sampel A,Sumber Air A,5
ALVIN-2026-00014,2026-09-18 08:00:02.600,438.9,6.89,1.463,2.2974,1.8802,34.72,High Risk,Botol Sampel D,Sumber Air D,5
ALVIN-2026-00015,2026-09-18 08:00:02.800,391.11,3.43,1.3037,1.1439,1.2238,44.97,High Risk,Botol Sampel D,Sumber Air D,5
ALVIN-2026-00016,2026-09-18 08:00:03.000,532.43,9.23,1.7748,3.0764,2.4256,29.19,High Risk,Botol Sampel E,Sumber Air E,5
ALVIN-2026-00017,2026-09-18 08:00:03.200,283.24,3.56,0.9441,1.1872,1.0656,48.41,High Risk,Botol Sampel D,Sumber Air D,5
ALVIN-2026-00018,2026-09-18 08:00:03.400,290.01,3.56,0.9667,1.1877,1.0772,48.14,High Risk,Botol Sampel D,Sumber Air D,5
ALVIN-2026-00019,2026-09-18 08:00:03.600,55.44,0.49,0.1848,0.1649,0.1748,85.12,Low Risk,Botol Sampel A,Sumber Air A,5
ALVIN-2026-00020,2026-09-18 08:00:03.800,172.56,2.28,0.5752,0.7584,0.6668,60.0,Moderate Risk,Botol Sampel C,Sumber Air C,5
ALVIN-2026-00021,2026-09-18 08:00:04.000,394.13,4.55,1.3138,1.5156,1.4147,41.41,High Risk,Botol Sampel D,Sumber Air D,5
ALVIN-2026-00022,2026-09-18 08:00:04.200,280.0,3.89,0.9333,1.2953,1.1143,47.3,High Risk,Botol Sampel E,Sumber Air E,5
ALVIN-2026-00023,2026-09-18 08:00:04.400,132.56,0.48,0.4419,0.1584,0.3002,76.91,Moderate Risk,Botol Sampel C,Sumber Air C,5
ALVIN-2026-00024,2026-09-18 08:00:04.600,355.86,2.78,1.1862,0.9268,1.0565,48.63,High Risk,Botol Sampel E,Sumber Air E,5
ALVIN-2026-00025,2026-09-18 08:00:04.800,559.08,5.97,1.8636,1.9903,1.927,34.16,High Risk,Botol Sampel D,Sumber Air D,5
ALVIN-2026-00026,2026-09-18 08:00:05.000,647.65,5.05,2.1588,1.6829,1.9208,34.24,High Risk,Botol Sampel E,Sumber Air E,5
ALVIN-2026-00027,2026-09-18 08:00:05.200,104.6,0.47,0.3487,0.1577,0.2532,79.8,Low Risk,Botol Sampel A,Sumber Air A,5
ALVIN-2026-00028,2026-09-18 08:00:05.400,629.09,9.59,2.097,3.1967,2.6468,27.42,High Risk,Botol Sampel D,Sumber Air D,5
ALVIN-2026-00029,2026-09-18 08:00:05.600,220.62,1.44,0.7354,0.4797,0.6076,62.2,Moderate Risk,Botol Sampel C,Sumber Air C,5
ALVIN-2026-00030,2026-09-18 08:00:05.800,111.4,0.51,0.3713,0.1708,0.271,78.68,Moderate Risk,Botol Sampel B,Sumber Air B,5
ALVIN-2026-00031,2026-09-18 08:00:06.000,299.92,3.18,0.9997,1.0603,1.03,49.26,High Risk,Botol Sampel E,Sumber Air E,5
ALVIN-2026-00032,2026-09-18 08:00:06.200,280.0,4.01,0.9333,1.3352,1.1342,46.86,High Risk,Botol Sampel E,Sumber Air E,5
ALVIN-2026-00033,2026-09-18 08:00:06.400,144.84,0.78,0.4828,0.2607,0.3718,72.9,Moderate Risk,Botol Sampel B,Sumber Air B,5
ALVIN-2026-00034,2026-09-18 08:00:06.600,119.16,0.84,0.3972,0.2803,0.3388,74.69,Low Risk,Botol Sampel A,Sumber Air A,5
ALVIN-2026-00035,2026-09-18 08:00:06.800,668.89,7.13,2.2296,2.3757,2.3026,30.28,High Risk,Botol Sampel D,Sumber Air D,5
ALVIN-2026-00036,2026-09-18 08:00:07.000,259.77,2.04,0.8659,0.6784,0.7722,56.43,Moderate Risk,Botol Sampel B,Sumber Air B,5
ALVIN-2026-00037,2026-09-18 08:00:07.200,713.38,9.69,2.3779,3.2296,2.8038,26.29,High Risk,Botol Sampel D,Sumber Air D,5
ALVIN-2026-00038,2026-09-18 08:00:07.400,777.61,7.86,2.592,2.6191,2.6056,27.73,High Risk,Botol Sampel E,Sumber Air E,5
ALVIN-2026-00039,2026-09-18 08:00:07.600,172.3,1.86,0.5743,0.6185,0.5964,62.64,Moderate Risk,Botol Sampel B,Sumber Air B,5
ALVIN-2026-00040,2026-09-18 08:00:07.800,701.9,4.71,2.3397,1.5698,1.9548,33.84,High Risk,Botol Sampel D,Sumber Air D,5
ALVIN-2026-00041,2026-09-18 08:00:08.000,94.93,0.43,0.3164,0.1428,0.2296,81.33,Low Risk,Botol Sampel A,Sumber Air A,5
ALVIN-2026-00042,2026-09-18 08:00:08.200,642.82,4.5,2.1427,1.5,1.8214,35.44,High Risk,Botol Sampel D,Sumber Air D,5
ALVIN-2026-00043,2026-09-18 08:00:08.400,554.06,8.35,1.8469,2.7824,2.3146,30.17,High Risk,Botol Sampel E,Sumber Air E,5
ALVIN-2026-00044,2026-09-18 08:00:08.600,341.01,3.83,1.1367,1.278,1.2074,45.3,High Risk,Botol Sampel E,Sumber Air E,5
ALVIN-2026-00045,2026-09-18 08:00:08.800,304.35,3.65,1.0145,1.2173,1.1159,47.26,High Risk,Botol Sampel E,Sumber Air E,5
ALVIN-2026-00046,2026-09-18 08:00:09.000,405.25,4.2,1.3508,1.3989,1.3748,42.11,High Risk,Botol Sampel E,Sumber Air E,5
ALVIN-2026-00047,2026-09-18 08:00:09.200,671.06,6.96,2.2369,2.3197,2.2783,30.5,High Risk,Botol Sampel D,Sumber Air D,5
ALVIN-2026-00048,2026-09-18 08:00:09.400,106.51,0.69,0.355,0.23,0.2925,77.37,Low Risk,Botol Sampel A,Sumber Air A,5
ALVIN-2026-00049,2026-09-18 08:00:09.600,109.03,0.85,0.3634,0.2834,0.3234,75.56,Low Risk,Botol Sampel A,Sumber Air A,5
ALVIN-2026-00050,2026-09-18 08:00:09.800,114.11,0.68,0.3804,0.2264,0.3034,76.72,Low Risk,Botol Sampel A,Sumber Air A,5
ALVIN-2026-00051,2026-09-18 08:00:10.000,108.83,0.29,0.3628,0.0978,0.2303,81.28,Low Risk,Botol Sampel A,Sumber Air A,5
ALVIN-2026-00052,2026-09-18 08:00:10.200,633.55,7.16,2.1118,2.3857,2.2488,30.78,High Risk,Botol Sampel E,Sumber Air E,5
ALVIN-2026-00053,2026-09-18 08:00:10.400,195.92,2.22,0.6531,0.7391,0.6961,58.96,Moderate Risk,Botol Sampel C,Sumber Air C,5
ALVIN-2026-00054,2026-09-18 08:00:10.600,379.74,3.42,1.2658,1.1394,1.2026,45.4,High Risk,Botol Sampel D,Sumber Air D,5
ALVIN-2026-00055,2026-09-18 08:00:10.800,571.54,8.86,1.9051,2.9539,2.4295,29.16,High Risk,Botol Sampel E,Sumber Air E,5
ALVIN-2026-00056,2026-09-18 08:00:11.000,403.1,3.69,1.3437,1.2303,1.287,43.73,High Risk,Botol Sampel D,Sumber Air D,5
ALVIN-2026-00057,2026-09-18 08:00:11.200,550.95,5.17,1.8365,1.7232,1.7798,35.97,High Risk,Botol Sampel D,Sumber Air D,5
ALVIN-2026-00058,2026-09-18 08:00:11.400,394.78,3.12,1.3159,1.0409,1.1784,45.91,High Risk,Botol Sampel D,Sumber Air D,5
ALVIN-2026-00059,2026-09-18 08:00:11.600,220.42,1.44,0.7347,0.4808,0.6078,62.2,Moderate Risk,Botol Sampel B,Sumber Air B,5
ALVIN-2026-00060,2026-09-18 08:00:11.800,88.97,0.39,0.2966,0.1308,0.2137,82.39,Low Risk,Botol Sampel A,Sumber Air A,5
ALVIN-2026-00061,2026-09-18 08:00:12.000,214.04,1.5,0.7135,0.5013,0.6074,62.21,Moderate Risk,Botol Sampel C,Sumber Air C,5
ALVIN-2026-00062,2026-09-18 08:00:12.200,96.84,0.64,0.3228,0.2134,0.2681,78.86,Moderate Risk,Botol Sampel C,Sumber Air C,5
ALVIN-2026-00063,2026-09-18 08:00:12.400,302.9,3.15,1.0097,1.0504,1.0301,49.26,High Risk,Botol Sampel E,Sumber Air E,5
ALVIN-2026-00064,2026-09-18 08:00:12.600,280.0,3.16,0.9333,1.0525,0.9929,50.18,High Risk,Botol Sampel D,Sumber Air D,5
ALVIN-2026-00065,2026-09-18 08:00:12.800,555.32,7.5,1.8511,2.4995,2.1753,31.49,High Risk,Botol Sampel E,Sumber Air E,5
ALVIN-2026-00066,2026-09-18 08:00:13.000,637.42,5.58,2.1247,1.8604,1.9926,33.42,High Risk,Botol Sampel D,Sumber Air D,5
ALVIN-2026-00067,2026-09-18 08:00:13.200,280.0,2.35,0.9333,0.7837,0.8585,53.81,Moderate Risk,Botol Sampel B,Sumber Air B,5
ALVIN-2026-00068,2026-09-18 08:00:13.400,723.3,6.72,2.411,2.2392,2.3251,30.07,High Risk,Botol Sampel D,Sumber Air D,5
ALVIN-2026-00069,2026-09-18 08:00:13.600,328.95,2.87,1.0965,0.9559,1.0262,49.35,High Risk,Botol Sampel E,Sumber Air E,5
ALVIN-2026-00070,2026-09-18 08:00:13.800,96.81,0.23,0.3227,0.0773,0.2,83.33,Moderate Risk,Botol Sampel C,Sumber Air C,5
ALVIN-2026-00071,2026-09-18 08:00:14.000,904.89,7.56,3.0163,2.521,2.7686,26.54,High Risk,Botol Sampel E,Sumber Air E,5
ALVIN-2026-00072,2026-09-18 08:00:14.200,111.2,0.1,0.3707,0.0333,0.202,83.19,Low Risk,Botol Sampel A,Sumber Air A,5
ALVIN-2026-00073,2026-09-18 08:00:14.400,751.71,6.1,2.5057,2.0317,2.2687,30.59,High Risk,Botol Sampel D,Sumber Air D,5
ALVIN-2026-00074,2026-09-18 08:00:14.600,596.3,8.27,1.9877,2.7556,2.3716,29.66,High Risk,Botol Sampel D,Sumber Air D,5
ALVIN-2026-00075,2026-09-18 08:00:14.800,597.52,8.54,1.9917,2.848,2.4198,29.24,High Risk,Botol Sampel E,Sumber Air E,5
ALVIN-2026-00076,2026-09-18 08:00:15.000,68.0,0.25,0.2267,0.0817,0.1542,86.64,Low Risk,Botol Sampel A,Sumber Air A,5
ALVIN-2026-00077,2026-09-18 08:00:15.200,484.11,6.42,1.6137,2.1403,1.877,34.76,High Risk,Botol Sampel D,Sumber Air D,5
ALVIN-2026-00078,2026-09-18 08:00:15.400,351.31,4.49,1.171,1.496,1.3335,42.85,High Risk,Botol Sampel E,Sumber Air E,5
ALVIN-2026-00079,2026-09-18 08:00:15.600,221.76,2.27,0.7392,0.7551,0.7472,57.23,Moderate Risk,Botol Sampel C,Sumber Air C,5
ALVIN-2026-00080,2026-09-18 08:00:15.800,302.87,4.41,1.0096,1.4714,1.2405,44.63,High Risk,Botol Sampel E,Sumber Air E,5
ALVIN-2026-00081,2026-09-18 08:00:16.000,211.38,2.15,0.7046,0.7152,0.7099,58.48,Moderate Risk,Botol Sampel B,Sumber Air B,5
ALVIN-2026-00082,2026-09-18 08:00:16.200,529.52,5.55,1.7651,1.8502,1.8076,35.62,High Risk,Botol Sampel E,Sumber Air E,5
ALVIN-2026-00083,2026-09-18 08:00:16.400,284.42,3.43,0.9481,1.1424,1.0452,48.89,High Risk,Botol Sampel D,Sumber Air D,5
ALVIN-2026-00084,2026-09-18 08:00:16.600,410.09,3.77,1.367,1.2567,1.3118,43.26,High Risk,Botol Sampel D,Sumber Air D,5
ALVIN-2026-00085,2026-09-18 08:00:16.800,290.0,1.52,0.9667,0.5063,0.7365,57.59,Moderate Risk,Botol Sampel C,Sumber Air C,5
ALVIN-2026-00086,2026-09-18 08:00:17.000,108.37,0.34,0.3612,0.1135,0.2374,80.81,Low Risk,Botol Sampel A,Sumber Air A,5
ALVIN-2026-00087,2026-09-18 08:00:17.200,764.8,4.5,2.5493,1.5,2.0247,33.06,High Risk,Botol Sampel E,Sumber Air E,5
ALVIN-2026-00088,2026-09-18 08:00:17.400,327.32,2.27,1.0911,0.7571,0.9241,51.97,High Risk,Botol Sampel E,Sumber Air E,5
ALVIN-2026-00089,2026-09-18 08:00:17.600,119.51,0.55,0.3984,0.1847,0.2915,77.43,Low Risk,Botol Sampel A,Sumber Air A,5
ALVIN-2026-00090,2026-09-18 08:00:17.800,199.1,1.63,0.6637,0.542,0.6028,62.39,Moderate Risk,Botol Sampel C,Sumber Air C,5
ALVIN-2026-00091,2026-09-18 08:00:18.000,101.85,0.55,0.3395,0.1846,0.262,79.24,Low Risk,Botol Sampel A,Sumber Air A,5
ALVIN-2026-00092,2026-09-18 08:00:18.200,373.76,2.72,1.2459,0.908,1.077,48.15,High Risk,Botol Sampel D,Sumber Air D,5
ALVIN-2026-00093,2026-09-18 08:00:18.400,174.89,1.44,0.583,0.4793,0.5312,65.31,Moderate Risk,Botol Sampel B,Sumber Air B,5
ALVIN-2026-00094,2026-09-18 08:00:18.600,649.51,6.73,2.165,2.2419,2.2034,31.22,High Risk,Botol Sampel E,Sumber Air E,5
ALVIN-2026-00095,2026-09-18 08:00:18.800,358.54,3.2,1.1951,1.0682,1.1316,46.91,High Risk,Botol Sampel D,Sumber Air D,5
ALVIN-2026-00096,2026-09-18 08:00:19.000,306.65,2.26,1.0222,0.7546,0.8884,52.95,High Risk,Botol Sampel D,Sumber Air D,5
ALVIN-2026-00097,2026-09-18 08:00:19.200,430.49,2.2,1.435,0.7333,1.0842,47.98,High Risk,Botol Sampel D,Sumber Air D,5
ALVIN-2026-00098,2026-09-18 08:00:19.400,272.53,1.86,0.9084,0.6209,0.7647,56.67,Moderate Risk,Botol Sampel B,Sumber Air B,5
ALVIN-2026-00099,2026-09-18 08:00:19.600,438.8,6.69,1.4627,2.2287,1.8457,35.14,High Risk,Botol Sampel D,Sumber Air D,5
ALVIN-2026-00100,2026-09-18 08:00:19.800,215.69,2.01,0.719,0.6711,0.695,59.0,Moderate Risk,Botol Sampel C,Sumber Air C,5
ALVIN-2026-00101,2026-09-18 08:00:20.000,243.16,1.76,0.8105,0.5851,0.6978,58.9,Moderate Risk,Botol Sampel B,Sumber Air B,5
ALVIN-2026-00102,2026-09-18 08:00:20.200,290.21,4.04,0.9674,1.3462,1.1568,46.36,High Risk,Botol Sampel E,Sumber Air E,5
ALVIN-2026-00103,2026-09-18 08:00:20.400,511.49,9.23,1.705,3.0754,2.3902,29.5,High Risk,Botol Sampel E,Sumber Air E,5
ALVIN-2026-00104,2026-09-18 08:00:20.600,534.39,6.16,1.7813,2.0538,1.9176,34.27,High Risk,Botol Sampel E,Sumber Air E,5
ALVIN-2026-00105,2026-09-18 08:00:20.800,117.63,0.87,0.3921,0.2905,0.3413,74.55,Low Risk,Botol Sampel A,Sumber Air A,5
ALVIN-2026-00106,2026-09-18 08:00:21.000,239.1,2.15,0.797,0.717,0.757,56.92,Moderate Risk,Botol Sampel C,Sumber Air C,5
ALVIN-2026-00107,2026-09-18 08:00:21.200,683.97,6.0,2.2799,2.0014,2.1406,31.84,High Risk,Botol Sampel D,Sumber Air D,5
ALVIN-2026-00108,2026-09-18 08:00:21.400,871.42,9.9,2.9047,3.3008,3.1028,24.37,High Risk,Botol Sampel D,Sumber Air D,5
ALVIN-2026-00109,2026-09-18 08:00:21.600,280.0,3.95,0.9333,1.3158,1.1246,47.07,High Risk,Botol Sampel E,Sumber Air E,5
ALVIN-2026-00110,2026-09-18 08:00:21.800,186.33,1.45,0.6211,0.4839,0.5525,64.41,Moderate Risk,Botol Sampel C,Sumber Air C,5
ALVIN-2026-00111,2026-09-18 08:00:22.000,237.62,1.99,0.7921,0.6627,0.7274,57.89,Moderate Risk,Botol Sampel B,Sumber Air B,5
ALVIN-2026-00112,2026-09-18 08:00:22.200,690.8,5.24,2.3027,1.7483,2.0255,33.05,High Risk,Botol Sampel E,Sumber Air E,5
ALVIN-2026-00113,2026-09-18 08:00:22.400,547.25,9.75,1.8242,3.251,2.5376,28.27,High Risk,Botol Sampel E,Sumber Air E,5
ALVIN-2026-00114,2026-09-18 08:00:22.600,668.76,4.64,2.2292,1.5472,1.8882,34.62,High Risk,Botol Sampel D,Sumber Air D,5
ALVIN-2026-00115,2026-09-18 08:00:22.800,280.0,4.13,0.9333,1.3774,1.1553,46.4,High Risk,Botol Sampel E,Sumber Air E,5
ALVIN-2026-00116,2026-09-18 08:00:23.000,446.28,3.15,1.4876,1.0514,1.2695,44.06,High Risk,Botol Sampel D,Sumber Air D,5
ALVIN-2026-00117,2026-09-18 08:00:23.200,337.82,2.34,1.1261,0.7797,0.9529,51.21,High Risk,Botol Sampel E,Sumber Air E,5
ALVIN-2026-00118,2026-09-18 08:00:23.400,250.03,1.65,0.8334,0.5496,0.6915,59.12,Moderate Risk,Botol Sampel B,Sumber Air B,5
ALVIN-2026-00119,2026-09-18 08:00:23.600,737.68,4.58,2.4589,1.5262,1.9926,33.42,High Risk,Botol Sampel D,Sumber Air D,5
ALVIN-2026-00120,2026-09-18 08:00:23.800,74.44,0.86,0.2481,0.287,0.2675,78.9,Low Risk,Botol Sampel A,Sumber Air A,5
ALVIN-2026-00121,2026-09-18 08:00:24.000,777.74,8.81,2.5925,2.9366,2.7646,26.56,High Risk,Botol Sampel E,Sumber Air E,5
ALVIN-2026-00122,2026-09-18 08:00:24.200,364.91,3.85,1.2164,1.2825,1.2494,44.46,High Risk,Botol Sampel D,Sumber Air D,5
ALVIN-2026-00123,2026-09-18 08:00:24.400,183.75,1.73,0.6125,0.5771,0.5948,62.7,Moderate Risk,Botol Sampel B,Sumber Air B,5
ALVIN-2026-00124,2026-09-18 08:00:24.600,145.0,0.59,0.4833,0.1953,0.3393,74.67,Low Risk,Botol Sampel A,Sumber Air A,5
ALVIN-2026-00125,2026-09-18 08:00:24.800,768.05,4.5,2.5602,1.5,2.0301,33.0,High Risk,Botol Sampel E,Sumber Air E,5
ALVIN-2026-00126,2026-09-18 08:00:25.000,264.39,1.89,0.8813,0.63,0.7556,56.96,Moderate Risk,Botol Sampel B,Sumber Air B,5
ALVIN-2026-00127,2026-09-18 08:00:25.200,231.56,1.62,0.7719,0.5385,0.6552,60.42,Moderate Risk,Botol Sampel B,Sumber Air B,5
ALVIN-2026-00128,2026-09-18 08:00:25.400,187.51,2.34,0.625,0.7809,0.703,58.72,Moderate Risk,Botol Sampel C,Sumber Air C,5
ALVIN-2026-00129,2026-09-18 08:00:25.600,696.67,5.48,2.3222,1.8269,2.0746,32.52,High Risk,Botol Sampel E,Sumber Air E,5
ALVIN-2026-00130,2026-09-18 08:00:25.800,76.73,0.54,0.2558,0.1805,0.2182,82.09,Low Risk,Botol Sampel A,Sumber Air A,5
ALVIN-2026-00131,2026-09-18 08:00:26.000,296.05,3.13,0.9868,1.0424,1.0146,49.64,High Risk,Botol Sampel D,Sumber Air D,5
ALVIN-2026-00132,2026-09-18 08:00:26.200,111.68,0.95,0.3723,0.3172,0.3448,74.36,Low Risk,Botol Sampel A,Sumber Air A,5
ALVIN-2026-00133,2026-09-18 08:00:26.400,212.26,1.53,0.7075,0.5111,0.6093,62.14,Moderate Risk,Botol Sampel B,Sumber Air B,5
ALVIN-2026-00134,2026-09-18 08:00:26.600,235.94,1.54,0.7865,0.5136,0.65,60.61,Moderate Risk,Botol Sampel C,Sumber Air C,5
ALVIN-2026-00135,2026-09-18 08:00:26.800,509.2,7.41,1.6973,2.4686,2.083,32.44,High Risk,Botol Sampel E,Sumber Air E,5
ALVIN-2026-00136,2026-09-18 08:00:27.000,271.92,2.02,0.9064,0.6735,0.7899,55.87,Moderate Risk,Botol Sampel B,Sumber Air B,5
ALVIN-2026-00137,2026-09-18 08:00:27.200,583.63,11.15,1.9454,3.715,2.8302,26.11,High Risk,Botol Sampel D,Sumber Air D,5
ALVIN-2026-00138,2026-09-18 08:00:27.400,230.68,1.66,0.7689,0.5518,0.6604,60.23,Moderate Risk,Botol Sampel B,Sumber Air B,5
ALVIN-2026-00139,2026-09-18 08:00:27.600,529.14,4.63,1.7638,1.5427,1.6532,37.69,High Risk,Botol Sampel D,Sumber Air D,5
ALVIN-2026-00140,2026-09-18 08:00:27.800,90.6,0.71,0.302,0.2372,0.2696,78.76,Low Risk,Botol Sampel A,Sumber Air A,5
ALVIN-2026-00141,2026-09-18 08:00:28.000,93.5,0.24,0.3117,0.079,0.1954,83.65,Low Risk,Botol Sampel A,Sumber Air A,5
ALVIN-2026-00142,2026-09-18 08:00:28.200,719.36,7.91,2.3979,2.6354,2.5167,28.44,High Risk,Botol Sampel D,Sumber Air D,5
ALVIN-2026-00143,2026-09-18 08:00:28.400,655.28,10.64,2.1843,3.5459,2.8651,25.87,High Risk,Botol Sampel E,Sumber Air E,5
ALVIN-2026-00144,2026-09-18 08:00:28.600,112.99,0.9,0.3766,0.2998,0.3382,74.73,Moderate Risk,Botol Sampel B,Sumber Air B,5
ALVIN-2026-00145,2026-09-18 08:00:28.800,304.11,2.2,1.0137,0.7333,0.8735,53.38,High Risk,Botol Sampel D,Sumber Air D,5
ALVIN-2026-00146,2026-09-18 08:00:29.000,365.94,3.15,1.2198,1.051,1.1354,46.83,High Risk,Botol Sampel D,Sumber Air D,5
ALVIN-2026-00147,2026-09-18 08:00:29.200,606.75,5.43,2.0225,1.8084,1.9154,34.3,High Risk,Botol Sampel E,Sumber Air E,5
ALVIN-2026-00148,2026-09-18 08:00:29.400,280.0,4.71,0.9333,1.5692,1.2512,44.42,High Risk,Botol Sampel D,Sumber Air D,5
ALVIN-2026-00149,2026-09-18 08:00:29.600,142.46,2.26,0.4749,0.753,0.614,61.96,Moderate Risk,Botol Sampel C,Sumber Air C,5
ALVIN-2026-00150,2026-09-18 08:00:29.800,145.0,0.3,0.4833,0.1011,0.2922,77.39,Low Risk,Botol Sampel A,Sumber Air A,5
ALVIN-2026-00151,2026-09-18 08:00:30.000,121.98,0.3,0.4066,0.1008,0.2537,79.76,Low Risk,Botol Sampel A,Sumber Air A,5
ALVIN-2026-00152,2026-09-18 08:00:30.200,231.78,1.56,0.7726,0.5192,0.6459,60.76,Moderate Risk,Botol Sampel C,Sumber Air C,5
ALVIN-2026-00153,2026-09-18 08:00:30.400,102.66,0.74,0.3422,0.2459,0.2941,77.27,Moderate Risk,Botol Sampel B,Sumber Air B,5
ALVIN-2026-00154,2026-09-18 08:00:30.600,630.37,6.43,2.1012,2.1433,2.1223,32.03,High Risk,Botol Sampel D,Sumber Air D,5
ALVIN-2026-00155,2026-09-18 08:00:30.800,280.0,3.44,0.9333,1.1455,1.0394,49.03,High Risk,Botol Sampel E,Sumber Air E,5
ALVIN-2026-00156,2026-09-18 08:00:31.000,631.26,9.54,2.1042,3.1815,2.6428,27.45,High Risk,Botol Sampel E,Sumber Air E,5
ALVIN-2026-00157,2026-09-18 08:00:31.200,90.37,0.9,0.3012,0.3012,0.3012,76.85,Low Risk,Botol Sampel A,Sumber Air A,5
ALVIN-2026-00158,2026-09-18 08:00:31.400,98.29,1.4,0.3276,0.4667,0.3972,71.57,Low Risk,Botol Sampel A,Sumber Air A,5
ALVIN-2026-00159,2026-09-18 08:00:31.600,219.42,2.19,0.7314,0.7308,0.7311,57.77,Moderate Risk,Botol Sampel C,Sumber Air C,5
ALVIN-2026-00160,2026-09-18 08:00:31.800,92.79,0.5,0.3093,0.1681,0.2387,80.73,Low Risk,Botol Sampel A,Sumber Air A,5
ALVIN-2026-00161,2026-09-18 08:00:32.000,214.5,1.95,0.715,0.6488,0.6819,59.46,Moderate Risk,Botol Sampel C,Sumber Air C,5
ALVIN-2026-00162,2026-09-18 08:00:32.200,185.54,1.6,0.6185,0.5323,0.5754,63.48,Moderate Risk,Botol Sampel C,Sumber Air C,5
ALVIN-2026-00163,2026-09-18 08:00:32.400,49.26,0.67,0.1642,0.225,0.1946,83.71,Low Risk,Botol Sampel A,Sumber Air A,5
ALVIN-2026-00164,2026-09-18 08:00:32.600,231.91,1.9,0.773,0.6348,0.7039,58.69,Moderate Risk,Botol Sampel B,Sumber Air B,5
ALVIN-2026-00165,2026-09-18 08:00:32.800,423.33,3.83,1.4111,1.2768,1.344,42.66,High Risk,Botol Sampel D,Sumber Air D,5
ALVIN-2026-00166,2026-09-18 08:00:33.000,294.51,2.66,0.9817,0.887,0.9344,51.7,Moderate Risk,Botol Sampel B,Sumber Air B,5
ALVIN-2026-00167,2026-09-18 08:00:33.200,584.19,4.5,1.9473,1.5,1.7236,36.72,High Risk,Botol Sampel D,Sumber Air D,5
ALVIN-2026-00168,2026-09-18 08:00:33.400,98.11,0.39,0.327,0.1298,0.2284,81.41,Low Risk,Botol Sampel A,Sumber Air A,5
ALVIN-2026-00169,2026-09-18 08:00:33.600,341.39,3.5,1.138,1.1656,1.1518,46.47,High Risk,Botol Sampel E,Sumber Air E,5
ALVIN-2026-00170,2026-09-18 08:00:33.800,349.28,4.05,1.1643,1.349,1.2566,44.31,High Risk,Botol Sampel D,Sumber Air D,5
ALVIN-2026-00171,2026-09-18 08:00:34.000,219.29,2.04,0.731,0.6809,0.706,58.62,Moderate Risk,Botol Sampel B,Sumber Air B,5
ALVIN-2026-00172,2026-09-18 08:00:34.200,96.43,0.46,0.3214,0.1526,0.237,80.84,Low Risk,Botol Sampel A,Sumber Air A,5
ALVIN-2026-00173,2026-09-18 08:00:34.400,77.43,0.45,0.2581,0.1505,0.2043,83.04,Low Risk,Botol Sampel A,Sumber Air A,5
ALVIN-2026-00174,2026-09-18 08:00:34.600,86.9,0.74,0.2897,0.2456,0.2676,78.89,Low Risk,Botol Sampel A,Sumber Air A,5
ALVIN-2026-00175,2026-09-18 08:00:34.800,237.59,1.8,0.792,0.5988,0.6954,58.98,Moderate Risk,Botol Sampel B,Sumber Air B,5
ALVIN-2026-00176,2026-09-18 08:00:35.000,362.79,4.77,1.2093,1.5914,1.4004,41.66,High Risk,Botol Sampel D,Sumber Air D,5
ALVIN-2026-00177,2026-09-18 08:00:35.200,113.66,0.8,0.3789,0.2659,0.3224,75.62,Low Risk,Botol Sampel A,Sumber Air A,5
ALVIN-2026-00178,2026-09-18 08:00:35.400,280.0,3.13,0.9333,1.0433,0.9883,50.29,High Risk,Botol Sampel D,Sumber Air D,5
ALVIN-2026-00179,2026-09-18 08:00:35.600,413.74,2.2,1.3791,0.7333,1.0562,48.63,High Risk,Botol Sampel D,Sumber Air D,5
ALVIN-2026-00180,2026-09-18 08:00:35.800,429.7,5.4,1.4323,1.7992,1.6157,38.23,High Risk,Botol Sampel D,Sumber Air D,5
ALVIN-2026-00181,2026-09-18 08:00:36.000,674.57,8.2,2.2486,2.7334,2.491,28.65,High Risk,Botol Sampel D,Sumber Air D,5
ALVIN-2026-00182,2026-09-18 08:00:36.200,350.74,3.45,1.1691,1.1504,1.1598,46.3,High Risk,Botol Sampel D,Sumber Air D,5
ALVIN-2026-00183,2026-09-18 08:00:36.400,140.09,0.68,0.467,0.2266,0.3468,74.25,Low Risk,Botol Sampel A,Sumber Air A,5
ALVIN-2026-00184,2026-09-18 08:00:36.600,95.68,0.36,0.3189,0.1187,0.2188,82.05,Moderate Risk,Botol Sampel C,Sumber Air C,5
ALVIN-2026-00185,2026-09-18 08:00:36.800,665.27,4.89,2.2176,1.6295,1.9236,34.2,High Risk,Botol Sampel D,Sumber Air D,5
ALVIN-2026-00186,2026-09-18 08:00:37.000,773.77,6.58,2.5792,2.1932,2.3862,29.53,High Risk,Botol Sampel D,Sumber Air D,5
ALVIN-2026-00187,2026-09-18 08:00:37.200,718.22,5.98,2.3941,1.9933,2.1937,31.31,High Risk,Botol Sampel E,Sumber Air E,5
ALVIN-2026-00188,2026-09-18 08:00:37.400,332.28,2.23,1.1076,0.7443,0.926,51.92,High Risk,Botol Sampel E,Sumber Air E,5
ALVIN-2026-00189,2026-09-18 08:00:37.600,202.87,2.01,0.6762,0.6695,0.6728,59.78,Moderate Risk,Botol Sampel B,Sumber Air B,5
ALVIN-2026-00190,2026-09-18 08:00:37.800,588.27,7.42,1.9609,2.472,2.2164,31.09,High Risk,Botol Sampel D,Sumber Air D,5
ALVIN-2026-00191,2026-09-18 08:00:38.000,580.01,8.19,1.9334,2.73,2.3317,30.01,High Risk,Botol Sampel E,Sumber Air E,5
ALVIN-2026-00192,2026-09-18 08:00:38.200,378.46,4.57,1.2615,1.5224,1.392,41.81,High Risk,Botol Sampel D,Sumber Air D,5
ALVIN-2026-00193,2026-09-18 08:00:38.400,102.83,0.49,0.3428,0.164,0.2534,79.78,Low Risk,Botol Sampel A,Sumber Air A,5
ALVIN-2026-00194,2026-09-18 08:00:38.600,342.38,3.62,1.1413,1.2055,1.1734,46.01,High Risk,Botol Sampel E,Sumber Air E,5
ALVIN-2026-00195,2026-09-18 08:00:38.800,173.31,1.32,0.5777,0.4395,0.5086,66.29,Moderate Risk,Botol Sampel C,Sumber Air C,5
ALVIN-2026-00196,2026-09-18 08:00:39.000,227.72,1.68,0.7591,0.5607,0.6599,60.24,Moderate Risk,Botol Sampel B,Sumber Air B,5
ALVIN-2026-00197,2026-09-18 08:00:39.200,281.21,2.16,0.9374,0.7198,0.8286,54.69,Moderate Risk,Botol Sampel B,Sumber Air B,5
ALVIN-2026-00198,2026-09-18 08:00:39.400,243.85,1.39,0.8128,0.4628,0.6378,61.06,Moderate Risk,Botol Sampel B,Sumber Air B,5
ALVIN-2026-00199,2026-09-18 08:00:39.600,316.4,4.52,1.0547,1.5081,1.2814,43.83,High Risk,Botol Sampel E,Sumber Air E,5
ALVIN-2026-00200,2026-09-18 08:00:39.800,60.77,0.1,0.2026,0.0333,0.118,89.45,Low Risk,Botol Sampel A,Sumber Air A,5
ALVIN-2026-00201,2026-09-18 08:00:40.000,313.46,3.02,1.0449,1.0061,1.0255,49.37,High Risk,Botol Sampel E,Sumber Air E,5
ALVIN-2026-00202,2026-09-18 08:00:40.200,760.84,7.19,2.5361,2.3977,2.4669,28.84,High Risk,Botol Sampel E,Sumber Air E,5
ALVIN-2026-00203,2026-09-18 08:00:40.400,261.82,2.06,0.8727,0.6872,0.78,56.18,Moderate Risk,Botol Sampel C,Sumber Air C,5
ALVIN-2026-00204,2026-09-18 08:00:40.600,335.94,3.88,1.1198,1.2923,1.206,45.33,High Risk,Botol Sampel E,Sumber Air E,5
ALVIN-2026-00205,2026-09-18 08:00:40.800,738.58,6.35,2.4619,2.1162,2.289,30.4,High Risk,Botol Sampel D,Sumber Air D,5
ALVIN-2026-00206,2026-09-18 08:00:41.000,220.84,2.06,0.7361,0.6869,0.7115,58.43,Moderate Risk,Botol Sampel B,Sumber Air B,5
ALVIN-2026-00207,2026-09-18 08:00:41.200,115.53,0.47,0.3851,0.1559,0.2705,78.71,Low Risk,Botol Sampel A,Sumber Air A,5
ALVIN-2026-00208,2026-09-18 08:00:41.400,680.83,8.32,2.2694,2.7737,2.5216,28.4,High Risk,Botol Sampel D,Sumber Air D,5
ALVIN-2026-00209,2026-09-18 08:00:41.600,661.93,7.84,2.2064,2.6129,2.4096,29.33,High Risk,Botol Sampel E,Sumber Air E,5
ALVIN-2026-00210,2026-09-18 08:00:41.800,280.0,3.63,0.9333,1.2111,1.0722,48.26,High Risk,Botol Sampel E,Sumber Air E,5
ALVIN-2026-00211,2026-09-18 08:00:42.000,738.88,7.95,2.4629,2.6494,2.5561,28.12,High Risk,Botol Sampel D,Sumber Air D,5
ALVIN-2026-00212,2026-09-18 08:00:42.200,758.88,7.05,2.5296,2.3506,2.4401,29.07,High Risk,Botol Sampel D,Sumber Air D,5
ALVIN-2026-00213,2026-09-18 08:00:42.400,239.46,1.79,0.7982,0.596,0.6971,58.92,Moderate Risk,Botol Sampel B,Sumber Air B,5
ALVIN-2026-00214,2026-09-18 08:00:42.600,213.1,2.7,0.7103,0.9009,0.8056,55.38,Moderate Risk,Botol Sampel B,Sumber Air B,5
ALVIN-2026-00215,2026-09-18 08:00:42.800,111.7,0.61,0.3723,0.2046,0.2884,77.62,Low Risk,Botol Sampel A,Sumber Air A,5
ALVIN-2026-00216,2026-09-18 08:00:43.000,106.47,0.17,0.3549,0.0572,0.206,82.92,Low Risk,Botol Sampel A,Sumber Air A,5
ALVIN-2026-00217,2026-09-18 08:00:43.200,643.43,6.89,2.1448,2.2957,2.2202,31.05,High Risk,Botol Sampel E,Sumber Air E,5
ALVIN-2026-00218,2026-09-18 08:00:43.400,179.29,2.05,0.5976,0.6841,0.6408,60.95,Moderate Risk,Botol Sampel B,Sumber Air B,5
ALVIN-2026-00219,2026-09-18 08:00:43.600,280.0,2.5,0.9333,0.8343,0.8838,53.08,Moderate Risk,Botol Sampel C,Sumber Air C,5
ALVIN-2026-00220,2026-09-18 08:00:43.800,151.39,1.65,0.5046,0.5488,0.5267,65.5,Moderate Risk,Botol Sampel B,Sumber Air B,5
ALVIN-2026-00221,2026-09-18 08:00:44.000,205.96,2.02,0.6865,0.6746,0.6806,59.5,Moderate Risk,Botol Sampel C,Sumber Air C,5
ALVIN-2026-00222,2026-09-18 08:00:44.200,650.35,4.5,2.1678,1.5,1.8339,35.29,High Risk,Botol Sampel E,Sumber Air E,5
ALVIN-2026-00223,2026-09-18 08:00:44.400,313.88,4.9,1.0463,1.6317,1.339,42.75,High Risk,Botol Sampel D,Sumber Air D,5
ALVIN-2026-00224,2026-09-18 08:00:44.600,92.61,0.48,0.3087,0.1613,0.235,80.97,Low Risk,Botol Sampel A,Sumber Air A,5
ALVIN-2026-00225,2026-09-18 08:00:44.800,401.58,10.85,1.3386,3.616,2.4773,28.76,High Risk,Botol Sampel D,Sumber Air D,5
ALVIN-2026-00226,2026-09-18 08:00:45.000,226.83,2.59,0.7561,0.8625,0.8093,55.27,Moderate Risk,Botol Sampel C,Sumber Air C,5
ALVIN-2026-00227,2026-09-18 08:00:45.200,514.75,10.45,1.7158,3.4823,2.599,27.79,High Risk,Botol Sampel D,Sumber Air D,5
ALVIN-2026-00228,2026-09-18 08:00:45.400,324.66,4.07,1.0822,1.3551,1.2186,45.07,High Risk,Botol Sampel D,Sumber Air D,5
ALVIN-2026-00229,2026-09-18 08:00:45.600,136.52,0.69,0.4551,0.2285,0.3418,74.53,Low Risk,Botol Sampel A,Sumber Air A,5
ALVIN-2026-00230,2026-09-18 08:00:45.800,70.58,1.02,0.2353,0.339,0.2872,77.69,Low Risk,Botol Sampel A,Sumber Air A,5
ALVIN-2026-00231,2026-09-18 08:00:46.000,105.71,0.19,0.3524,0.0624,0.2074,82.82,Moderate Risk,Botol Sampel B,Sumber Air B,5
ALVIN-2026-00232,2026-09-18 08:00:46.200,335.51,3.94,1.1184,1.314,1.2162,45.12,High Risk,Botol Sampel D,Sumber Air D,5
ALVIN-2026-00233,2026-09-18 08:00:46.400,372.34,2.89,1.2411,0.9633,1.1022,47.57,High Risk,Botol Sampel D,Sumber Air D,5
ALVIN-2026-00234,2026-09-18 08:00:46.600,224.5,1.59,0.7483,0.5304,0.6394,61.0,Moderate Risk,Botol Sampel B,Sumber Air B,5
ALVIN-2026-00235,2026-09-18 08:00:46.800,706.59,5.31,2.3553,1.7696,2.0624,32.65,High Risk,Botol Sampel E,Sumber Air E,5
ALVIN-2026-00236,2026-09-18 08:00:47.000,143.77,2.4,0.4792,0.8011,0.6402,60.97,Moderate Risk,Botol Sampel C,Sumber Air C,5
ALVIN-2026-00237,2026-09-18 08:00:47.200,160.13,1.51,0.5338,0.502,0.5179,65.88,Moderate Risk,Botol Sampel C,Sumber Air C,5
ALVIN-2026-00238,2026-09-18 08:00:47.400,748.29,7.61,2.4943,2.5368,2.5156,28.44,High Risk,Botol Sampel D,Sumber Air D,5
ALVIN-2026-00239,2026-09-18 08:00:47.600,290.42,3.3,0.9681,1.1012,1.0346,49.15,High Risk,Botol Sampel E,Sumber Air E,5
ALVIN-2026-00240,2026-09-18 08:00:47.800,69.87,0.33,0.2329,0.1087,0.1708,85.41,Low Risk,Botol Sampel A,Sumber Air A,5
ALVIN-2026-00241,2026-09-18 08:00:48.000,363.86,4.68,1.2129,1.5588,1.3858,41.91,High Risk,Botol Sampel D,Sumber Air D,5
ALVIN-2026-00242,2026-09-18 08:00:48.200,124.27,0.66,0.4142,0.2216,0.3179,75.88,Low Risk,Botol Sampel A,Sumber Air A,5
ALVIN-2026-00243,2026-09-18 08:00:48.400,622.1,5.48,2.0737,1.8278,1.9508,33.89,High Risk,Botol Sampel D,Sumber Air D,5
ALVIN-2026-00244,2026-09-18 08:00:48.600,660.79,8.37,2.2026,2.7889,2.4958,28.61,High Risk,Botol Sampel E,Sumber Air E,5
ALVIN-2026-00245,2026-09-18 08:00:48.800,412.16,2.62,1.3739,0.8726,1.1232,47.1,High Risk,Botol Sampel D,Sumber Air D,5
ALVIN-2026-00246,2026-09-18 08:00:49.000,206.38,1.28,0.6879,0.4277,0.5578,64.19,Moderate Risk,Botol Sampel C,Sumber Air C,5
ALVIN-2026-00247,2026-09-18 08:00:49.200,336.54,2.55,1.1218,0.8491,0.9854,50.37,High Risk,Botol Sampel E,Sumber Air E,5
ALVIN-2026-00248,2026-09-18 08:00:49.400,199.22,1.82,0.6641,0.6063,0.6352,61.15,Moderate Risk,Botol Sampel C,Sumber Air C,5
ALVIN-2026-00249,2026-09-18 08:00:49.600,263.31,2.14,0.8777,0.713,0.7954,55.7,Moderate Risk,Botol Sampel C,Sumber Air C,5
ALVIN-2026-00250,2026-09-18 08:00:49.800,73.5,0.1,0.245,0.0333,0.1392,87.78,Low Risk,Botol Sampel A,Sumber Air A,5
ALVIN-2026-00251,2026-09-18 08:00:50.000,60.07,0.51,0.2002,0.1712,0.1857,84.34,Low Risk,Botol Sampel A,Sumber Air A,5
ALVIN-2026-00252,2026-09-18 08:00:50.200,771.03,6.87,2.5701,2.2887,2.4294,29.16,High Risk,Botol Sampel E,Sumber Air E,5
ALVIN-2026-00253,2026-09-18 08:00:50.400,720.93,9.29,2.4031,3.0955,2.7493,26.67,High Risk,Botol Sampel E,Sumber Air E,5
ALVIN-2026-00254,2026-09-18 08:00:50.600,731.53,11.14,2.4384,3.7128,3.0756,24.54,High Risk,Botol Sampel D,Sumber Air D,5
ALVIN-2026-00255,2026-09-18 08:00:50.800,387.78,3.03,1.2926,1.0115,1.152,46.47,High Risk,Botol Sampel D,Sumber Air D,5
ALVIN-2026-00256,2026-09-18 08:00:51.000,354.7,5.07,1.1823,1.6884,1.4353,41.06,High Risk,Botol Sampel E,Sumber Air E,5
ALVIN-2026-00257,2026-09-18 08:00:51.200,94.32,1.0,0.3144,0.3347,0.3246,75.49,Low Risk,Botol Sampel A,Sumber Air A,5
ALVIN-2026-00258,2026-09-18 08:00:51.400,328.2,2.79,1.094,0.9302,1.0121,49.7,High Risk,Botol Sampel D,Sumber Air D,5
ALVIN-2026-00259,2026-09-18 08:00:51.600,578.48,9.31,1.9283,3.104,2.5162,28.44,High Risk,Botol Sampel D,Sumber Air D,5
ALVIN-2026-00260,2026-09-18 08:00:51.800,204.28,1.47,0.6809,0.4913,0.5861,63.05,Moderate Risk,Botol Sampel B,Sumber Air B,5
ALVIN-2026-00261,2026-09-18 08:00:52.000,280.0,5.05,0.9333,1.6817,1.3075,43.34,High Risk,Botol Sampel E,Sumber Air E,5
ALVIN-2026-00262,2026-09-18 08:00:52.200,96.15,0.62,0.3205,0.2064,0.2634,79.15,Low Risk,Botol Sampel A,Sumber Air A,5
ALVIN-2026-00263,2026-09-18 08:00:52.400,321.94,3.83,1.0731,1.2752,1.1742,45.99,High Risk,Botol Sampel D,Sumber Air D,5
ALVIN-2026-00264,2026-09-18 08:00:52.600,75.37,0.47,0.2512,0.1557,0.2034,83.1,Low Risk,Botol Sampel A,Sumber Air A,5
ALVIN-2026-00265,2026-09-18 08:00:52.800,749.47,5.12,2.4982,1.7068,2.1025,32.23,High Risk,Botol Sampel D,Sumber Air D,5
ALVIN-2026-00266,2026-09-18 08:00:53.000,704.49,8.47,2.3483,2.8241,2.5862,27.88,High Risk,Botol Sampel E,Sumber Air E,5
ALVIN-2026-00267,2026-09-18 08:00:53.200,230.94,1.13,0.7698,0.3774,0.5736,63.55,Moderate Risk,Botol Sampel B,Sumber Air B,5
ALVIN-2026-00268,2026-09-18 08:00:53.400,802.2,6.85,2.674,2.2835,2.4787,28.75,High Risk,Botol Sampel D,Sumber Air D,5
ALVIN-2026-00269,2026-09-18 08:00:53.600,174.55,2.86,0.5818,0.9543,0.768,56.56,Moderate Risk,Botol Sampel B,Sumber Air B,5
ALVIN-2026-00270,2026-09-18 08:00:53.800,356.54,5.5,1.1885,1.8333,1.5109,39.83,High Risk,Botol Sampel D,Sumber Air D,5
ALVIN-2026-00271,2026-09-18 08:00:54.000,84.47,0.5,0.2816,0.1668,0.2242,81.69,Low Risk,Botol Sampel A,Sumber Air A,5
ALVIN-2026-00272,2026-09-18 08:00:54.200,207.55,1.8,0.6918,0.6014,0.6466,60.73,Moderate Risk,Botol Sampel B,Sumber Air B,5
ALVIN-2026-00273,2026-09-18 08:00:54.400,543.95,6.63,1.8132,2.2092,2.0112,33.21,High Risk,Botol Sampel D,Sumber Air D,5
ALVIN-2026-00274,2026-09-18 08:00:54.600,87.04,1.03,0.2901,0.3447,0.3174,75.91,Low Risk,Botol Sampel A,Sumber Air A,5
ALVIN-2026-00275,2026-09-18 08:00:54.800,218.69,2.08,0.729,0.6943,0.7116,58.42,Moderate Risk,Botol Sampel B,Sumber Air B,5
ALVIN-2026-00276,2026-09-18 08:00:55.000,85.14,0.78,0.2838,0.2593,0.2715,78.65,Low Risk,Botol Sampel A,Sumber Air A,5
ALVIN-2026-00277,2026-09-18 08:00:55.200,62.51,0.43,0.2084,0.1424,0.1754,85.08,Low Risk,Botol Sampel A,Sumber Air A,5
ALVIN-2026-00278,2026-09-18 08:00:55.400,86.75,1.11,0.2892,0.3693,0.3293,75.23,Low Risk,Botol Sampel A,Sumber Air A,5
ALVIN-2026-00279,2026-09-18 08:00:55.600,751.64,8.66,2.5055,2.8856,2.6956,27.06,High Risk,Botol Sampel E,Sumber Air E,5
ALVIN-2026-00280,2026-09-18 08:00:55.800,97.26,0.82,0.3242,0.2748,0.2995,76.95,Low Risk,Botol Sampel A,Sumber Air A,5
ALVIN-2026-00281,2026-09-18 08:00:56.000,516.76,5.98,1.7225,1.9941,1.8583,34.99,High Risk,Botol Sampel D,Sumber Air D,5
ALVIN-2026-00282,2026-09-18 08:00:56.200,166.59,1.67,0.5553,0.5558,0.5556,64.28,Moderate Risk,Botol Sampel B,Sumber Air B,5
ALVIN-2026-00283,2026-09-18 08:00:56.400,84.89,1.19,0.283,0.3974,0.3402,74.62,Low Risk,Botol Sampel A,Sumber Air A,5
ALVIN-2026-00284,2026-09-18 08:00:56.600,76.97,0.45,0.2566,0.1485,0.2026,83.15,Moderate Risk,Botol Sampel B,Sumber Air B,5
ALVIN-2026-00285,2026-09-18 08:00:56.800,149.59,2.1,0.4986,0.6998,0.5992,62.53,Moderate Risk,Botol Sampel B,Sumber Air B,5
ALVIN-2026-00286,2026-09-18 08:00:57.000,389.96,4.65,1.2999,1.5507,1.4253,41.23,High Risk,Botol Sampel E,Sumber Air E,5
ALVIN-2026-00287,2026-09-18 08:00:57.200,663.14,4.93,2.2105,1.6449,1.9277,34.16,High Risk,Botol Sampel E,Sumber Air E,5
ALVIN-2026-00288,2026-09-18 08:00:57.400,271.63,2.64,0.9054,0.8792,0.8923,52.85,Moderate Risk,Botol Sampel C,Sumber Air C,5
ALVIN-2026-00289,2026-09-18 08:00:57.600,90.2,0.53,0.3007,0.1768,0.2388,80.72,Low Risk,Botol Sampel A,Sumber Air A,5
ALVIN-2026-00290,2026-09-18 08:00:57.800,75.91,0.57,0.253,0.1891,0.221,81.9,Low Risk,Botol Sampel A,Sumber Air A,5
ALVIN-2026-00291,2026-09-18 08:00:58.000,131.62,0.78,0.4387,0.2607,0.3497,74.09,Low Risk,Botol Sampel A,Sumber Air A,5
ALVIN-2026-00292,2026-09-18 08:00:58.200,119.74,0.51,0.3991,0.1704,0.2848,77.83,Low Risk,Botol Sampel A,Sumber Air A,5
ALVIN-2026-00293,2026-09-18 08:00:58.400,344.93,4.26,1.1498,1.4206,1.2852,43.76,High Risk,Botol Sampel D,Sumber Air D,5
ALVIN-2026-00294,2026-09-18 08:00:58.600,474.2,4.78,1.5807,1.5923,1.5865,38.66,High Risk,Botol Sampel E,Sumber Air E,5
ALVIN-2026-00295,2026-09-18 08:00:58.800,542.74,5.55,1.8091,1.8511,1.8301,35.33,High Risk,Botol Sampel D,Sumber Air D,5
ALVIN-2026-00296,2026-09-18 08:00:59.000,423.57,3.01,1.4119,1.0033,1.2076,45.3,High Risk,Botol Sampel E,Sumber Air E,5
ALVIN-2026-00297,2026-09-18 08:00:59.200,268.25,2.12,0.8942,0.7074,0.8008,55.53,Moderate Risk,Botol Sampel C,Sumber Air C,5
ALVIN-2026-00298,2026-09-18 08:00:59.400,116.45,0.46,0.3882,0.1538,0.271,78.68,Low Risk,Botol Sampel A,Sumber Air A,5
ALVIN-2026-00299,2026-09-18 08:00:59.600,372.74,3.53,1.2425,1.1777,1.2101,45.25,High Risk,Botol Sampel D,Sumber Air D,5
ALVIN-2026-00300,2026-09-18 08:00:59.800,470.46,2.82,1.5682,0.9397,1.254,44.37,High Risk,Botol Sampel E,Sumber Air E,5
ALVIN-2026-00301,2026-09-18 08:01:00.000,191.39,2.0,0.638,0.6667,0.6524,60.52,Moderate Risk,Botol Sampel C,Sumber Air C,5
ALVIN-2026-00302,2026-09-18 08:01:00.200,293.93,3.88,0.9798,1.2946,1.1372,46.79,High Risk,Botol Sampel E,Sumber Air E,5
ALVIN-2026-00303,2026-09-18 08:01:00.400,429.62,2.99,1.4321,0.9966,1.2144,45.16,High Risk,Botol Sampel D,Sumber Air D,5
ALVIN-2026-00304,2026-09-18 08:01:00.600,360.57,2.81,1.2019,0.9382,1.07,48.31,High Risk,Botol Sampel D,Sumber Air D,5
ALVIN-2026-00305,2026-09-18 08:01:00.800,356.41,3.07,1.188,1.0226,1.1053,47.5,High Risk,Botol Sampel E,Sumber Air E,5
ALVIN-2026-00306,2026-09-18 08:01:01.000,764.43,7.87,2.5481,2.6238,2.586,27.89,High Risk,Botol Sampel D,Sumber Air D,5
ALVIN-2026-00307,2026-09-18 08:01:01.200,233.11,1.68,0.777,0.5614,0.6692,59.91,Moderate Risk,Botol Sampel B,Sumber Air B,5
ALVIN-2026-00308,2026-09-18 08:01:01.400,374.45,2.48,1.2482,0.8279,1.038,49.07,High Risk,Botol Sampel D,Sumber Air D,5
ALVIN-2026-00309,2026-09-18 08:01:01.600,207.11,1.76,0.6904,0.5854,0.6379,61.05,Moderate Risk,Botol Sampel C,Sumber Air C,5
ALVIN-2026-00310,2026-09-18 08:01:01.800,163.12,2.32,0.5437,0.7725,0.6581,60.31,Moderate Risk,Botol Sampel B,Sumber Air B,5
ALVIN-2026-00311,2026-09-18 08:01:02.000,770.66,7.7,2.5689,2.5664,2.5676,28.03,High Risk,Botol Sampel E,Sumber Air E,5
ALVIN-2026-00312,2026-09-18 08:01:02.200,103.14,0.72,0.3438,0.2403,0.2921,77.39,Low Risk,Botol Sampel A,Sumber Air A,5
ALVIN-2026-00313,2026-09-18 08:01:02.400,298.95,3.67,0.9965,1.2225,1.1095,47.4,High Risk,Botol Sampel D,Sumber Air D,5
ALVIN-2026-00314,2026-09-18 08:01:02.600,642.33,5.6,2.1411,1.8651,2.0031,33.3,High Risk,Botol Sampel D,Sumber Air D,5
ALVIN-2026-00315,2026-09-18 08:01:02.800,516.31,5.67,1.721,1.8885,1.8048,35.65,High Risk,Botol Sampel E,Sumber Air E,5
ALVIN-2026-00316,2026-09-18 08:01:03.000,229.48,1.61,0.7649,0.5353,0.6501,60.6,Moderate Risk,Botol Sampel C,Sumber Air C,5
ALVIN-2026-00317,2026-09-18 08:01:03.200,90.04,1.4,0.3001,0.4667,0.3834,72.29,Low Risk,Botol Sampel A,Sumber Air A,5
ALVIN-2026-00318,2026-09-18 08:01:03.400,290.4,4.21,0.968,1.4028,1.1854,45.76,High Risk,Botol Sampel D,Sumber Air D,5
ALVIN-2026-00319,2026-09-18 08:01:03.600,430.76,3.61,1.4359,1.2042,1.32,43.1,High Risk,Botol Sampel E,Sumber Air E,5
ALVIN-2026-00320,2026-09-18 08:01:03.800,495.32,9.18,1.6511,3.0606,2.3559,29.8,High Risk,Botol Sampel E,Sumber Air E,5
ALVIN-2026-00321,2026-09-18 08:01:04.000,360.99,3.49,1.2033,1.1645,1.1839,45.79,High Risk,Botol Sampel D,Sumber Air D,5
ALVIN-2026-00322,2026-09-18 08:01:04.200,171.92,1.69,0.5731,0.5643,0.5687,63.75,Moderate Risk,Botol Sampel C,Sumber Air C,5
ALVIN-2026-00323,2026-09-18 08:01:04.400,102.01,0.65,0.34,0.2152,0.2776,78.27,Low Risk,Botol Sampel A,Sumber Air A,5
ALVIN-2026-00324,2026-09-18 08:01:04.600,619.82,4.57,2.0661,1.5224,1.7942,35.79,High Risk,Botol Sampel D,Sumber Air D,5
ALVIN-2026-00325,2026-09-18 08:01:04.800,116.34,0.81,0.3878,0.2694,0.3286,75.27,Low Risk,Botol Sampel A,Sumber Air A,5
ALVIN-2026-00326,2026-09-18 08:01:05.000,744.41,9.33,2.4814,3.1116,2.7965,26.34,High Risk,Botol Sampel D,Sumber Air D,5
ALVIN-2026-00327,2026-09-18 08:01:05.200,647.52,8.36,2.1584,2.7863,2.4724,28.8,High Risk,Botol Sampel E,Sumber Air E,5
ALVIN-2026-00328,2026-09-18 08:01:05.400,333.35,3.1,1.1112,1.0323,1.0718,48.27,High Risk,Botol Sampel D,Sumber Air D,5
ALVIN-2026-00329,2026-09-18 08:01:05.600,395.84,3.47,1.3195,1.1557,1.2376,44.69,High Risk,Botol Sampel D,Sumber Air D,5
ALVIN-2026-00330,2026-09-18 08:01:05.800,859.37,6.58,2.8646,2.1944,2.5295,28.33,High Risk,Botol Sampel D,Sumber Air D,5
ALVIN-2026-00331,2026-09-18 08:01:06.000,92.55,0.35,0.3085,0.1154,0.212,82.51,Moderate Risk,Botol Sampel C,Sumber Air C,5
ALVIN-2026-00332,2026-09-18 08:01:06.200,717.27,4.5,2.3909,1.5,1.9454,33.95,High Risk,Botol Sampel E,Sumber Air E,5
ALVIN-2026-00333,2026-09-18 08:01:06.400,285.78,3.3,0.9526,1.099,1.0258,49.36,High Risk,Botol Sampel D,Sumber Air D,5
ALVIN-2026-00334,2026-09-18 08:01:06.600,200.79,1.71,0.6693,0.5707,0.62,61.73,Moderate Risk,Botol Sampel C,Sumber Air C,5
ALVIN-2026-00335,2026-09-18 08:01:06.800,214.09,2.5,0.7136,0.8334,0.7735,56.39,Moderate Risk,Botol Sampel B,Sumber Air B,5
ALVIN-2026-00336,2026-09-18 08:01:07.000,250.8,1.97,0.836,0.6569,0.7465,57.26,Moderate Risk,Botol Sampel C,Sumber Air C,5
ALVIN-2026-00337,2026-09-18 08:01:07.200,381.88,2.82,1.2729,0.9402,1.1066,47.47,High Risk,Botol Sampel E,Sumber Air E,5
ALVIN-2026-00338,2026-09-18 08:01:07.400,81.96,0.72,0.2732,0.2403,0.2568,79.57,Low Risk,Botol Sampel A,Sumber Air A,5
ALVIN-2026-00339,2026-09-18 08:01:07.600,417.95,3.87,1.3932,1.2906,1.3419,42.7,High Risk,Botol Sampel E,Sumber Air E,5
ALVIN-2026-00340,2026-09-18 08:01:07.800,213.11,1.94,0.7104,0.6479,0.6792,59.55,Moderate Risk,Botol Sampel B,Sumber Air B,5
ALVIN-2026-00341,2026-09-18 08:01:08.000,652.04,8.6,2.1735,2.8662,2.5198,28.41,High Risk,Botol Sampel D,Sumber Air D,5
ALVIN-2026-00342,2026-09-18 08:01:08.200,711.5,6.52,2.3717,2.1732,2.2724,30.56,High Risk,Botol Sampel E,Sumber Air E,5
ALVIN-2026-00343,2026-09-18 08:01:08.400,145.0,0.9,0.4833,0.2991,0.3912,71.88,Low Risk,Botol Sampel A,Sumber Air A,5
ALVIN-2026-00344,2026-09-18 08:01:08.600,95.92,0.73,0.3197,0.2448,0.2822,77.99,Low Risk,Botol Sampel A,Sumber Air A,5
ALVIN-2026-00345,2026-09-18 08:01:08.800,140.0,1.62,0.4667,0.5412,0.504,66.49,Moderate Risk,Botol Sampel C,Sumber Air C,5
ALVIN-2026-00346,2026-09-18 08:01:09.000,207.38,1.95,0.6913,0.65,0.6706,59.86,Moderate Risk,Botol Sampel B,Sumber Air B,5
ALVIN-2026-00347,2026-09-18 08:01:09.200,304.38,3.91,1.0146,1.3029,1.1588,46.32,High Risk,Botol Sampel D,Sumber Air D,5
ALVIN-2026-00348,2026-09-18 08:01:09.400,301.1,3.08,1.0037,1.0255,1.0146,49.64,High Risk,Botol Sampel E,Sumber Air E,5
ALVIN-2026-00349,2026-09-18 08:01:09.600,262.7,1.72,0.8757,0.5718,0.7238,58.01,Moderate Risk,Botol Sampel B,Sumber Air B,5
ALVIN-2026-00350,2026-09-18 08:01:09.800,624.54,5.46,2.0818,1.819,1.9504,33.89,High Risk,Botol Sampel E,Sumber Air E,5
ALVIN-2026-00351,2026-09-18 08:01:10.000,95.12,1.08,0.3171,0.359,0.338,74.74,Low Risk,Botol Sampel A,Sumber Air A,5
ALVIN-2026-00352,2026-09-18 08:01:10.200,101.66,1.07,0.3389,0.3553,0.3471,74.23,Low Risk,Botol Sampel A,Sumber Air A,5
ALVIN-2026-00353,2026-09-18 08:01:10.400,301.79,3.65,1.006,1.216,1.111,47.37,High Risk,Botol Sampel D,Sumber Air D,5
ALVIN-2026-00354,2026-09-18 08:01:10.600,166.31,1.43,0.5544,0.4755,0.515,66.01,Moderate Risk,Botol Sampel C,Sumber Air C,5
ALVIN-2026-00355,2026-09-18 08:01:10.800,702.24,8.22,2.3408,2.7396,2.5402,28.25,High Risk,Botol Sampel E,Sumber Air E,5
ALVIN-2026-00356,2026-09-18 08:01:11.000,159.13,2.26,0.5304,0.7519,0.6412,60.93,Moderate Risk,Botol Sampel B,Sumber Air B,5
ALVIN-2026-00357,2026-09-18 08:01:11.200,699.7,4.5,2.3323,1.5,1.9162,34.29,High Risk,Botol Sampel D,Sumber Air D,5
ALVIN-2026-00358,2026-09-18 08:01:11.400,379.27,2.85,1.2642,0.9505,1.1074,47.45,High Risk,Botol Sampel D,Sumber Air D,5
ALVIN-2026-00359,2026-09-18 08:01:11.600,84.37,0.69,0.2812,0.2314,0.2563,79.6,Low Risk,Botol Sampel A,Sumber Air A,5
ALVIN-2026-00360,2026-09-18 08:01:11.800,606.55,7.58,2.0218,2.5274,2.2746,30.54,High Risk,Botol Sampel D,Sumber Air D,5
ALVIN-2026-00361,2026-09-18 08:01:12.000,182.55,2.26,0.6085,0.7526,0.6806,59.5,Moderate Risk,Botol Sampel B,Sumber Air B,5
ALVIN-2026-00362,2026-09-18 08:01:12.200,76.5,0.36,0.255,0.1206,0.1878,84.19,Low Risk,Botol Sampel A,Sumber Air A,5
ALVIN-2026-00363,2026-09-18 08:01:12.400,551.01,6.83,1.8367,2.2773,2.057,32.71,High Risk,Botol Sampel E,Sumber Air E,5
ALVIN-2026-00364,2026-09-18 08:01:12.600,129.46,0.44,0.4315,0.1461,0.2888,77.59,Low Risk,Botol Sampel A,Sumber Air A,5
ALVIN-2026-00365,2026-09-18 08:01:12.800,622.13,6.43,2.0738,2.1441,2.109,32.16,High Risk,Botol Sampel D,Sumber Air D,5
ALVIN-2026-00366,2026-09-18 08:01:13.000,341.62,3.76,1.1387,1.2533,1.196,45.54,High Risk,Botol Sampel E,Sumber Air E,5
ALVIN-2026-00367,2026-09-18 08:01:13.200,242.16,2.13,0.8072,0.7115,0.7594,56.84,Moderate Risk,Botol Sampel B,Sumber Air B,5
ALVIN-2026-00368,2026-09-18 08:01:13.400,205.55,1.23,0.6852,0.411,0.5481,64.6,Moderate Risk,Botol Sampel B,Sumber Air B,5
ALVIN-2026-00369,2026-09-18 08:01:13.600,595.47,6.3,1.9849,2.0985,2.0417,32.88,High Risk,Botol Sampel E,Sumber Air E,5
ALVIN-2026-00370,2026-09-18 08:01:13.800,390.55,3.08,1.3018,1.0252,1.1635,46.22,High Risk,Botol Sampel E,Sumber Air E,5
ALVIN-2026-00371,2026-09-18 08:01:14.000,371.43,4.28,1.2381,1.4277,1.3329,42.87,High Risk,Botol Sampel D,Sumber Air D,5
ALVIN-2026-00372,2026-09-18 08:01:14.200,617.47,8.02,2.0582,2.6748,2.3665,29.7,High Risk,Botol Sampel E,Sumber Air E,5
ALVIN-2026-00373,2026-09-18 08:01:14.400,280.0,3.16,0.9333,1.0518,0.9926,50.19,High Risk,Botol Sampel D,Sumber Air D,5
ALVIN-2026-00374,2026-09-18 08:01:14.600,260.13,1.63,0.8671,0.5418,0.7044,58.67,Moderate Risk,Botol Sampel B,Sumber Air B,5
ALVIN-2026-00375,2026-09-18 08:01:14.800,192.11,2.01,0.6404,0.6689,0.6546,60.44,Moderate Risk,Botol Sampel B,Sumber Air B,5
ALVIN-2026-00376,2026-09-18 08:01:15.000,176.73,1.95,0.5891,0.6485,0.6188,61.77,Moderate Risk,Botol Sampel C,Sumber Air C,5
ALVIN-2026-00377,2026-09-18 08:01:15.200,280.0,2.2,0.9333,0.7333,0.8333,54.55,Moderate Risk,Botol Sampel C,Sumber Air C,5
ALVIN-2026-00378,2026-09-18 08:01:15.400,355.09,3.92,1.1836,1.3082,1.2459,44.53,High Risk,Botol Sampel D,Sumber Air D,5
ALVIN-2026-00379,2026-09-18 08:01:15.600,101.91,0.75,0.3397,0.2496,0.2946,77.24,Low Risk,Botol Sampel A,Sumber Air A,5
ALVIN-2026-00380,2026-09-18 08:01:15.800,57.72,0.99,0.1924,0.3299,0.2612,79.29,Low Risk,Botol Sampel A,Sumber Air A,5
ALVIN-2026-00381,2026-09-18 08:01:16.000,314.4,4.03,1.048,1.3431,1.1955,45.55,High Risk,Botol Sampel D,Sumber Air D,5
ALVIN-2026-00382,2026-09-18 08:01:16.200,342.25,3.47,1.1408,1.1569,1.1488,46.54,High Risk,Botol Sampel D,Sumber Air D,5
ALVIN-2026-00383,2026-09-18 08:01:16.400,686.73,5.94,2.2891,1.9798,2.1344,31.9,High Risk,Botol Sampel D,Sumber Air D,5
ALVIN-2026-00384,2026-09-18 08:01:16.600,321.36,3.62,1.0712,1.2057,1.1384,46.76,High Risk,Botol Sampel E,Sumber Air E,5
ALVIN-2026-00385,2026-09-18 08:01:16.800,136.17,0.73,0.4539,0.2432,0.3486,74.15,Low Risk,Botol Sampel A,Sumber Air A,5
ALVIN-2026-00386,2026-09-18 08:01:17.000,243.26,1.64,0.8109,0.547,0.6789,59.56,Moderate Risk,Botol Sampel B,Sumber Air B,5
ALVIN-2026-00387,2026-09-18 08:01:17.200,205.81,2.17,0.686,0.7225,0.7042,58.68,Moderate Risk,Botol Sampel B,Sumber Air B,5
ALVIN-2026-00388,2026-09-18 08:01:17.400,760.41,7.32,2.5347,2.4398,2.4872,28.68,High Risk,Botol Sampel E,Sumber Air E,5
ALVIN-2026-00389,2026-09-18 08:01:17.600,460.27,3.98,1.5342,1.3257,1.43,41.15,High Risk,Botol Sampel E,Sumber Air E,5
ALVIN-2026-00390,2026-09-18 08:01:17.800,684.82,8.21,2.2827,2.7365,2.5096,28.49,High Risk,Botol Sampel D,Sumber Air D,5
ALVIN-2026-00391,2026-09-18 08:01:18.000,715.26,4.5,2.3842,1.5,1.9421,33.99,High Risk,Botol Sampel E,Sumber Air E,5
ALVIN-2026-00392,2026-09-18 08:01:18.200,312.05,4.82,1.0402,1.6068,1.3235,43.04,High Risk,Botol Sampel D,Sumber Air D,5
ALVIN-2026-00393,2026-09-18 08:01:18.400,390.25,3.8,1.3008,1.2682,1.2845,43.77,High Risk,Botol Sampel D,Sumber Air D,5
ALVIN-2026-00394,2026-09-18 08:01:18.600,247.39,1.0,0.8246,0.3333,0.579,63.33,Moderate Risk,Botol Sampel C,Sumber Air C,5
ALVIN-2026-00395,2026-09-18 08:01:18.800,414.17,4.55,1.3806,1.5177,1.4492,40.83,High Risk,Botol Sampel D,Sumber Air D,5
ALVIN-2026-00396,2026-09-18 08:01:19.000,206.11,2.09,0.687,0.6968,0.6919,59.11,Moderate Risk,Botol Sampel C,Sumber Air C,5
ALVIN-2026-00397,2026-09-18 08:01:19.200,263.47,2.05,0.8782,0.6832,0.7807,56.16,Moderate Risk,Botol Sampel B,Sumber Air B,5
ALVIN-2026-00398,2026-09-18 08:01:19.400,280.0,3.6,0.9333,1.2006,1.0669,48.38,High Risk,Botol Sampel D,Sumber Air D,5
ALVIN-2026-00399,2026-09-18 08:01:19.600,409.04,3.17,1.3635,1.0552,1.2094,45.26,High Risk,Botol Sampel E,Sumber Air E,5
ALVIN-2026-00400,2026-09-18 08:01:19.800,205.02,2.58,0.6834,0.8602,0.7718,56.44,Moderate Risk,Botol Sampel C,Sumber Air C,5
ALVIN-2026-00401,2026-09-18 08:01:20.000,297.69,3.87,0.9923,1.289,1.1406,46.72,High Risk,Botol Sampel E,Sumber Air E,5
ALVIN-2026-00402,2026-09-18 08:01:20.200,462.46,3.42,1.5415,1.1392,1.3404,42.73,High Risk,Botol Sampel D,Sumber Air D,5
ALVIN-2026-00403,2026-09-18 08:01:20.400,185.07,2.1,0.6169,0.6997,0.6583,60.3,Moderate Risk,Botol Sampel B,Sumber Air B,5
ALVIN-2026-00404,2026-09-18 08:01:20.600,303.45,3.23,1.0115,1.0783,1.0449,48.9,High Risk,Botol Sampel D,Sumber Air D,5
ALVIN-2026-00405,2026-09-18 08:01:20.800,851.55,7.84,2.8385,2.6128,2.7256,26.84,High Risk,Botol Sampel D,Sumber Air D,5
ALVIN-2026-00406,2026-09-18 08:01:21.000,280.0,3.24,0.9333,1.0796,1.0064,49.84,High Risk,Botol Sampel E,Sumber Air E,5
ALVIN-2026-00407,2026-09-18 08:01:21.200,842.42,4.5,2.8081,1.5,2.154,31.71,High Risk,Botol Sampel E,Sumber Air E,5
ALVIN-2026-00408,2026-09-18 08:01:21.400,442.2,5.1,1.474,1.7004,1.5872,38.65,High Risk,Botol Sampel E,Sumber Air E,5
ALVIN-2026-00409,2026-09-18 08:01:21.600,297.41,3.3,0.9914,1.1013,1.0463,48.87,High Risk,Botol Sampel D,Sumber Air D,5
ALVIN-2026-00410,2026-09-18 08:01:21.800,203.19,1.74,0.6773,0.5791,0.6282,61.42,Moderate Risk,Botol Sampel C,Sumber Air C,5
ALVIN-2026-00411,2026-09-18 08:01:22.000,762.35,6.46,2.5412,2.1524,2.3468,29.88,High Risk,Botol Sampel E,Sumber Air E,5
ALVIN-2026-00412,2026-09-18 08:01:22.200,145.0,0.86,0.4833,0.288,0.3856,72.17,Moderate Risk,Botol Sampel C,Sumber Air C,5
ALVIN-2026-00413,2026-09-18 08:01:22.400,244.85,1.62,0.8162,0.5388,0.6775,59.61,Moderate Risk,Botol Sampel C,Sumber Air C,5
ALVIN-2026-00414,2026-09-18 08:01:22.600,412.14,4.62,1.3738,1.5396,1.4567,40.71,High Risk,Botol Sampel D,Sumber Air D,5
ALVIN-2026-00415,2026-09-18 08:01:22.800,193.89,2.5,0.6463,0.8338,0.74,57.47,Moderate Risk,Botol Sampel B,Sumber Air B,5
ALVIN-2026-00416,2026-09-18 08:01:23.000,110.35,0.9,0.3678,0.2999,0.3338,74.97,Low Risk,Botol Sampel A,Sumber Air A,5
ALVIN-2026-00417,2026-09-18 08:01:23.200,238.66,2.01,0.7955,0.6714,0.7334,57.69,Moderate Risk,Botol Sampel C,Sumber Air C,5
ALVIN-2026-00418,2026-09-18 08:01:23.400,388.39,2.74,1.2946,0.9139,1.1042,47.52,High Risk,Botol Sampel D,Sumber Air D,5
ALVIN-2026-00419,2026-09-18 08:01:23.600,83.63,0.92,0.2788,0.3071,0.293,77.34,Moderate Risk,Botol Sampel C,Sumber Air C,5
ALVIN-2026-00420,2026-09-18 08:01:23.800,207.45,1.77,0.6915,0.5913,0.6414,60.92,Moderate Risk,Botol Sampel B,Sumber Air B,5
ALVIN-2026-00421,2026-09-18 08:01:24.000,58.57,0.47,0.1952,0.158,0.1766,84.99,Moderate Risk,Botol Sampel B,Sumber Air B,5
ALVIN-2026-00422,2026-09-18 08:01:24.200,108.83,0.64,0.3628,0.213,0.2879,77.65,Low Risk,Botol Sampel A,Sumber Air A,5
ALVIN-2026-00423,2026-09-18 08:01:24.400,707.92,10.5,2.3597,3.4995,2.9296,25.45,High Risk,Botol Sampel E,Sumber Air E,5
ALVIN-2026-00424,2026-09-18 08:01:24.600,405.41,3.98,1.3514,1.3272,1.3393,42.75,High Risk,Botol Sampel E,Sumber Air E,5
ALVIN-2026-00425,2026-09-18 08:01:24.800,788.66,4.87,2.6289,1.6227,2.1258,31.99,High Risk,Botol Sampel E,Sumber Air E,5
ALVIN-2026-00426,2026-09-18 08:01:25.000,234.1,1.52,0.7803,0.5061,0.6432,60.86,Moderate Risk,Botol Sampel C,Sumber Air C,5
ALVIN-2026-00427,2026-09-18 08:01:25.200,343.1,5.08,1.1437,1.6935,1.4186,41.35,High Risk,Botol Sampel D,Sumber Air D,5
ALVIN-2026-00428,2026-09-18 08:01:25.400,54.13,0.79,0.1804,0.2631,0.2218,81.85,Low Risk,Botol Sampel A,Sumber Air A,5
ALVIN-2026-00429,2026-09-18 08:01:25.600,244.09,1.71,0.8136,0.5699,0.6918,59.11,Moderate Risk,Botol Sampel C,Sumber Air C,5
ALVIN-2026-00430,2026-09-18 08:01:25.800,315.9,3.61,1.053,1.2036,1.1283,46.99,High Risk,Botol Sampel D,Sumber Air D,5
ALVIN-2026-00431,2026-09-18 08:01:26.000,280.0,3.22,0.9333,1.0732,1.0032,49.92,High Risk,Botol Sampel E,Sumber Air E,5
ALVIN-2026-00432,2026-09-18 08:01:26.200,189.83,1.54,0.6328,0.5118,0.5723,63.6,Moderate Risk,Botol Sampel B,Sumber Air B,5
ALVIN-2026-00433,2026-09-18 08:01:26.400,326.32,3.41,1.0877,1.1354,1.1115,47.36,High Risk,Botol Sampel E,Sumber Air E,5
ALVIN-2026-00434,2026-09-18 08:01:26.600,306.54,2.72,1.0218,0.9082,0.965,50.89,High Risk,Botol Sampel D,Sumber Air D,5
ALVIN-2026-00435,2026-09-18 08:01:26.800,423.37,2.6,1.4112,0.8663,1.1388,46.76,High Risk,Botol Sampel D,Sumber Air D,5
ALVIN-2026-00436,2026-09-18 08:01:27.000,599.37,10.49,1.9979,3.4955,2.7467,26.69,High Risk,Botol Sampel E,Sumber Air E,5
ALVIN-2026-00437,2026-09-18 08:01:27.200,520.29,4.5,1.7343,1.5,1.6172,38.21,High Risk,Botol Sampel E,Sumber Air E,5
ALVIN-2026-00438,2026-09-18 08:01:27.400,337.67,3.6,1.1256,1.2006,1.1631,46.23,High Risk,Botol Sampel D,Sumber Air D,5
ALVIN-2026-00439,2026-09-18 08:01:27.600,758.91,7.24,2.5297,2.4134,2.4716,28.81,High Risk,Botol Sampel E,Sumber Air E,5
ALVIN-2026-00440,2026-09-18 08:01:27.800,462.89,4.26,1.543,1.4198,1.4814,40.3,High Risk,Botol Sampel E,Sumber Air E,5
ALVIN-2026-00441,2026-09-18 08:01:28.000,74.61,0.32,0.2487,0.1062,0.1774,84.93,Low Risk,Botol Sampel A,Sumber Air A,5
ALVIN-2026-00442,2026-09-18 08:01:28.200,79.46,0.34,0.2649,0.1138,0.1894,84.08,Low Risk,Botol Sampel A,Sumber Air A,5
ALVIN-2026-00443,2026-09-18 08:01:28.400,320.31,2.75,1.0677,0.918,0.9928,50.18,High Risk,Botol Sampel D,Sumber Air D,5
ALVIN-2026-00444,2026-09-18 08:01:28.600,411.12,3.16,1.3704,1.0549,1.2126,45.2,High Risk,Botol Sampel E,Sumber Air E,5
ALVIN-2026-00445,2026-09-18 08:01:28.800,264.74,1.82,0.8825,0.6081,0.7453,57.3,Moderate Risk,Botol Sampel C,Sumber Air C,5
ALVIN-2026-00446,2026-09-18 08:01:29.000,631.11,4.5,2.1037,1.5,1.8018,35.69,High Risk,Botol Sampel E,Sumber Air E,5
ALVIN-2026-00447,2026-09-18 08:01:29.200,202.75,1.38,0.6758,0.4585,0.5672,63.81,Moderate Risk,Botol Sampel C,Sumber Air C,5
ALVIN-2026-00448,2026-09-18 08:01:29.400,637.74,7.52,2.1258,2.5058,2.3158,30.16,High Risk,Botol Sampel E,Sumber Air E,5
ALVIN-2026-00449,2026-09-18 08:01:29.600,145.0,0.34,0.4833,0.1125,0.2979,77.05,Low Risk,Botol Sampel A,Sumber Air A,5
ALVIN-2026-00450,2026-09-18 08:01:29.800,388.19,2.58,1.294,0.8612,1.0776,48.13,High Risk,Botol Sampel E,Sumber Air E,5
ALVIN-2026-00451,2026-09-18 08:01:30.000,832.63,11.09,2.7754,3.6973,3.2364,23.6,High Risk,Botol Sampel D,Sumber Air D,5
ALVIN-2026-00452,2026-09-18 08:01:30.200,659.25,10.25,2.1975,3.4172,2.8073,26.27,High Risk,Botol Sampel D,Sumber Air D,5
ALVIN-2026-00453,2026-09-18 08:01:30.400,587.12,6.14,1.9571,2.0451,2.0011,33.32,High Risk,Botol Sampel E,Sumber Air E,5
ALVIN-2026-00454,2026-09-18 08:01:30.600,280.0,4.27,0.9333,1.4222,1.1778,45.92,High Risk,Botol Sampel E,Sumber Air E,5
ALVIN-2026-00455,2026-09-18 08:01:30.800,87.39,0.18,0.2913,0.0594,0.1754,85.08,Moderate Risk,Botol Sampel B,Sumber Air B,5
ALVIN-2026-00456,2026-09-18 08:01:31.000,169.85,1.49,0.5662,0.4981,0.5322,65.27,Moderate Risk,Botol Sampel C,Sumber Air C,5
ALVIN-2026-00457,2026-09-18 08:01:31.200,492.7,6.23,1.6423,2.0755,1.8589,34.98,High Risk,Botol Sampel E,Sumber Air E,5
ALVIN-2026-00458,2026-09-18 08:01:31.400,400.0,4.98,1.3333,1.6592,1.4962,40.06,High Risk,Botol Sampel D,Sumber Air D,5
ALVIN-2026-00459,2026-09-18 08:01:31.600,680.11,9.89,2.267,3.2968,2.7819,26.44,High Risk,Botol Sampel E,Sumber Air E,5
ALVIN-2026-00460,2026-09-18 08:01:31.800,45.59,0.2,0.152,0.067,0.1095,90.13,Moderate Risk,Botol Sampel C,Sumber Air C,5
ALVIN-2026-00461,2026-09-18 08:01:32.000,177.26,2.13,0.5909,0.711,0.6509,60.57,Moderate Risk,Botol Sampel B,Sumber Air B,5
ALVIN-2026-00462,2026-09-18 08:01:32.200,163.99,2.43,0.5466,0.8096,0.6781,59.59,Moderate Risk,Botol Sampel C,Sumber Air C,5
ALVIN-2026-00463,2026-09-18 08:01:32.400,314.08,3.18,1.0469,1.0607,1.0538,48.69,High Risk,Botol Sampel E,Sumber Air E,5
ALVIN-2026-00464,2026-09-18 08:01:32.600,268.32,1.83,0.8944,0.6103,0.7524,57.06,Moderate Risk,Botol Sampel C,Sumber Air C,5
ALVIN-2026-00465,2026-09-18 08:01:32.800,222.74,1.86,0.7425,0.6186,0.6806,59.5,Moderate Risk,Botol Sampel C,Sumber Air C,5
ALVIN-2026-00466,2026-09-18 08:01:33.000,254.13,1.52,0.8471,0.5078,0.6774,59.62,Moderate Risk,Botol Sampel C,Sumber Air C,5
ALVIN-2026-00467,2026-09-18 08:01:33.200,245.77,1.44,0.8192,0.4793,0.6492,60.64,Moderate Risk,Botol Sampel B,Sumber Air B,5
ALVIN-2026-00468,2026-09-18 08:01:33.400,400.0,7.2,1.3333,2.4,1.8666,34.88,High Risk,Botol Sampel E,Sumber Air E,5
ALVIN-2026-00469,2026-09-18 08:01:33.600,389.71,4.91,1.299,1.6364,1.4677,40.52,High Risk,Botol Sampel D,Sumber Air D,5
ALVIN-2026-00470,2026-09-18 08:01:33.800,254.02,1.8,0.8467,0.6005,0.7236,58.02,Moderate Risk,Botol Sampel B,Sumber Air B,5
ALVIN-2026-00471,2026-09-18 08:01:34.000,84.81,0.75,0.2827,0.2516,0.2672,78.91,Moderate Risk,Botol Sampel C,Sumber Air C,5
ALVIN-2026-00472,2026-09-18 08:01:34.200,95.39,0.53,0.318,0.1753,0.2466,80.22,Moderate Risk,Botol Sampel C,Sumber Air C,5
ALVIN-2026-00473,2026-09-18 08:01:34.400,380.15,3.62,1.2672,1.2061,1.2366,44.71,High Risk,Botol Sampel D,Sumber Air D,5
ALVIN-2026-00474,2026-09-18 08:01:34.600,661.91,7.8,2.2064,2.5991,2.4028,29.39,High Risk,Botol Sampel D,Sumber Air D,5
ALVIN-2026-00475,2026-09-18 08:01:34.800,721.65,10.71,2.4055,3.5709,2.9882,25.07,High Risk,Botol Sampel E,Sumber Air E,5
ALVIN-2026-00476,2026-09-18 08:01:35.000,367.35,2.34,1.2245,0.7808,1.0026,49.94,High Risk,Botol Sampel D,Sumber Air D,5
ALVIN-2026-00477,2026-09-18 08:01:35.200,329.91,3.89,1.0997,1.2967,1.1982,45.49,High Risk,Botol Sampel D,Sumber Air D,5
ALVIN-2026-00478,2026-09-18 08:01:35.400,197.99,1.57,0.66,0.5233,0.5916,62.83,Moderate Risk,Botol Sampel B,Sumber Air B,5
ALVIN-2026-00479,2026-09-18 08:01:35.600,72.39,0.4,0.2413,0.1323,0.1868,84.26,Low Risk,Botol Sampel A,Sumber Air A,5
ALVIN-2026-00480,2026-09-18 08:01:35.800,431.16,4.85,1.4372,1.6152,1.5262,39.59,High Risk,Botol Sampel D,Sumber Air D,5
ALVIN-2026-00481,2026-09-18 08:01:36.000,142.23,0.64,0.4741,0.2134,0.3438,74.42,Moderate Risk,Botol Sampel B,Sumber Air B,5
ALVIN-2026-00482,2026-09-18 08:01:36.200,414.68,4.9,1.3823,1.6335,1.5079,39.87,High Risk,Botol Sampel D,Sumber Air D,5
ALVIN-2026-00483,2026-09-18 08:01:36.400,103.59,1.03,0.3453,0.3437,0.3445,74.38,Low Risk,Botol Sampel A,Sumber Air A,5
ALVIN-2026-00484,2026-09-18 08:01:36.600,81.49,0.82,0.2716,0.2728,0.2722,78.6,Moderate Risk,Botol Sampel C,Sumber Air C,5
ALVIN-2026-00485,2026-09-18 08:01:36.800,312.26,2.51,1.0409,0.8377,0.9393,51.56,High Risk,Botol Sampel D,Sumber Air D,5
ALVIN-2026-00486,2026-09-18 08:01:37.000,603.64,8.7,2.0121,2.9013,2.4567,28.93,High Risk,Botol Sampel E,Sumber Air E,5
ALVIN-2026-00487,2026-09-18 08:01:37.200,773.13,4.5,2.5771,1.5,2.0386,32.91,High Risk,Botol Sampel E,Sumber Air E,5
ALVIN-2026-00488,2026-09-18 08:01:37.400,194.48,2.26,0.6483,0.7518,0.7001,58.82,Moderate Risk,Botol Sampel B,Sumber Air B,5
ALVIN-2026-00489,2026-09-18 08:01:37.600,346.33,3.1,1.1544,1.0343,1.0944,47.75,High Risk,Botol Sampel E,Sumber Air E,5
ALVIN-2026-00490,2026-09-18 08:01:37.800,827.78,9.29,2.7593,3.0963,2.9278,25.46,High Risk,Botol Sampel E,Sumber Air E,5
ALVIN-2026-00491,2026-09-18 08:01:38.000,538.15,6.57,1.7938,2.1904,1.9921,33.42,High Risk,Botol Sampel E,Sumber Air E,5
ALVIN-2026-00492,2026-09-18 08:01:38.200,412.86,3.19,1.3762,1.0644,1.2203,45.04,High Risk,Botol Sampel D,Sumber Air D,5
ALVIN-2026-00493,2026-09-18 08:01:38.400,380.43,3.35,1.2681,1.118,1.193,45.6,High Risk,Botol Sampel D,Sumber Air D,5
ALVIN-2026-00494,2026-09-18 08:01:38.600,84.9,0.32,0.283,0.1078,0.1954,83.65,Low Risk,Botol Sampel A,Sumber Air A,5
ALVIN-2026-00495,2026-09-18 08:01:38.800,688.26,7.49,2.2942,2.4962,2.3952,29.45,High Risk,Botol Sampel D,Sumber Air D,5
ALVIN-2026-00496,2026-09-18 08:01:39.000,237.98,1.65,0.7933,0.5515,0.6724,59.79,Moderate Risk,Botol Sampel B,Sumber Air B,5
ALVIN-2026-00497,2026-09-18 08:01:39.200,240.1,2.18,0.8003,0.7273,0.7638,56.7,Moderate Risk,Botol Sampel C,Sumber Air C,5
ALVIN-2026-00498,2026-09-18 08:01:39.400,407.29,7.75,1.3576,2.5841,1.9708,33.66,High Risk,Botol Sampel D,Sumber Air D,5
ALVIN-2026-00499,2026-09-18 08:01:39.600,107.54,0.35,0.3585,0.1152,0.2368,80.85,Low Risk,Botol Sampel A,Sumber Air A,5
ALVIN-2026-00500,2026-09-18 08:01:39.800,783.13,4.5,2.6104,1.5,2.0552,32.73,High Risk,Botol Sampel D,Sumber Air D,5
ALVIN-2026-00501,2026-09-18 08:01:40.000,280.2,2.63,0.934,0.8783,0.9062,52.46,Moderate Risk,Botol Sampel C,Sumber Air C,5
ALVIN-2026-00502,2026-09-18 08:01:40.200,96.94,0.83,0.3231,0.2759,0.2995,76.95,Low Risk,Botol Sampel A,Sumber Air A,5
ALVIN-2026-00503,2026-09-18 08:01:40.400,342.44,3.86,1.1415,1.2871,1.2143,45.16,High Risk,Botol Sampel D,Sumber Air D,5
ALVIN-2026-00504,2026-09-18 08:01:40.600,191.48,1.21,0.6383,0.405,0.5216,65.72,Moderate Risk,Botol Sampel B,Sumber Air B,5
ALVIN-2026-00505,2026-09-18 08:01:40.800,211.36,1.98,0.7045,0.6591,0.6818,59.46,Moderate Risk,Botol Sampel B,Sumber Air B,5
ALVIN-2026-00506,2026-09-18 08:01:41.000,660.22,5.86,2.2007,1.9546,2.0776,32.49,High Risk,Botol Sampel E,Sumber Air E,5
ALVIN-2026-00507,2026-09-18 08:01:41.200,115.96,0.54,0.3865,0.1784,0.2824,77.98,Moderate Risk,Botol Sampel B,Sumber Air B,5
ALVIN-2026-00508,2026-09-18 08:01:41.400,213.75,1.19,0.7125,0.3974,0.555,64.31,Moderate Risk,Botol Sampel C,Sumber Air C,5
ALVIN-2026-00509,2026-09-18 08:01:41.600,157.22,1.27,0.5241,0.4235,0.4738,67.85,Moderate Risk,Botol Sampel C,Sumber Air C,5
ALVIN-2026-00510,2026-09-18 08:01:41.800,140.0,2.11,0.4667,0.7036,0.5852,63.08,Moderate Risk,Botol Sampel C,Sumber Air C,5
ALVIN-2026-00511,2026-09-18 08:01:42.000,332.65,2.2,1.1088,0.7333,0.921,52.06,High Risk,Botol Sampel E,Sumber Air E,5
ALVIN-2026-00512,2026-09-18 08:01:42.200,585.76,6.58,1.9525,2.1928,2.0726,32.55,High Risk,Botol Sampel E,Sumber Air E,5
ALVIN-2026-00513,2026-09-18 08:01:42.400,366.4,3.69,1.2213,1.2311,1.2262,44.92,High Risk,Botol Sampel D,Sumber Air D,5
ALVIN-2026-00514,2026-09-18 08:01:42.600,214.73,2.02,0.7158,0.6719,0.6939,59.04,Moderate Risk,Botol Sampel C,Sumber Air C,5
ALVIN-2026-00515,2026-09-18 08:01:42.800,344.39,4.35,1.148,1.4499,1.299,43.5,High Risk,Botol Sampel E,Sumber Air E,5
ALVIN-2026-00516,2026-09-18 08:01:43.000,92.07,0.7,0.3069,0.2319,0.2694,78.78,Low Risk,Botol Sampel A,Sumber Air A,5
ALVIN-2026-00517,2026-09-18 08:01:43.200,93.94,0.6,0.3131,0.1989,0.256,79.62,Low Risk,Botol Sampel A,Sumber Air A,5
ALVIN-2026-00518,2026-09-18 08:01:43.400,384.03,4.06,1.2801,1.3529,1.3165,43.17,High Risk,Botol Sampel E,Sumber Air E,5
ALVIN-2026-00519,2026-09-18 08:01:43.600,203.66,1.28,0.6789,0.4266,0.5528,64.4,Moderate Risk,Botol Sampel B,Sumber Air B,5
ALVIN-2026-00520,2026-09-18 08:01:43.800,565.33,5.61,1.8844,1.8711,1.8778,34.75,High Risk,Botol Sampel E,Sumber Air E,5
ALVIN-2026-00521,2026-09-18 08:01:44.000,187.59,2.05,0.6253,0.6826,0.654,60.46,Moderate Risk,Botol Sampel C,Sumber Air C,5
ALVIN-2026-00522,2026-09-18 08:01:44.200,101.55,0.38,0.3385,0.1257,0.2321,81.16,Low Risk,Botol Sampel A,Sumber Air A,5
ALVIN-2026-00523,2026-09-18 08:01:44.400,77.56,0.75,0.2585,0.2514,0.255,79.68,Low Risk,Botol Sampel A,Sumber Air A,5
ALVIN-2026-00524,2026-09-18 08:01:44.600,315.96,2.92,1.0532,0.9733,1.0132,49.67,High Risk,Botol Sampel D,Sumber Air D,5
ALVIN-2026-00525,2026-09-18 08:01:44.800,95.62,0.82,0.3187,0.2738,0.2962,77.15,Low Risk,Botol Sampel A,Sumber Air A,5
ALVIN-2026-00526,2026-09-18 08:01:45.000,62.31,0.27,0.2077,0.091,0.1493,87.01,Low Risk,Botol Sampel A,Sumber Air A,5
ALVIN-2026-00527,2026-09-18 08:01:45.200,88.79,0.73,0.296,0.2428,0.2694,78.78,Low Risk,Botol Sampel A,Sumber Air A,5
ALVIN-2026-00528,2026-09-18 08:01:45.400,400.03,2.87,1.3334,0.9556,1.1445,46.63,High Risk,Botol Sampel E,Sumber Air E,5
ALVIN-2026-00529,2026-09-18 08:01:45.600,737.28,4.77,2.4576,1.5898,2.0237,33.07,High Risk,Botol Sampel E,Sumber Air E,5
ALVIN-2026-00530,2026-09-18 08:01:45.800,93.49,0.41,0.3116,0.137,0.2243,81.68,Moderate Risk,Botol Sampel B,Sumber Air B,5
ALVIN-2026-00531,2026-09-18 08:01:46.000,758.44,8.45,2.5281,2.8176,2.6728,27.23,High Risk,Botol Sampel E,Sumber Air E,5
ALVIN-2026-00532,2026-09-18 08:01:46.200,802.31,5.39,2.6744,1.7957,2.2351,30.91,High Risk,Botol Sampel D,Sumber Air D,5
ALVIN-2026-00533,2026-09-18 08:01:46.400,168.83,1.33,0.5628,0.4441,0.5034,66.52,Moderate Risk,Botol Sampel C,Sumber Air C,5
ALVIN-2026-00534,2026-09-18 08:01:46.600,140.0,1.83,0.4667,0.6115,0.5391,64.97,Moderate Risk,Botol Sampel C,Sumber Air C,5
ALVIN-2026-00535,2026-09-18 08:01:46.800,133.68,0.82,0.4456,0.2734,0.3595,73.56,Low Risk,Botol Sampel A,Sumber Air A,5
ALVIN-2026-00536,2026-09-18 08:01:47.000,144.24,0.1,0.4808,0.0333,0.257,79.55,Moderate Risk,Botol Sampel C,Sumber Air C,5
ALVIN-2026-00537,2026-09-18 08:01:47.200,168.12,2.71,0.5604,0.9044,0.7324,57.72,Moderate Risk,Botol Sampel B,Sumber Air B,5
ALVIN-2026-00538,2026-09-18 08:01:47.400,98.16,0.55,0.3272,0.1821,0.2546,79.71,Low Risk,Botol Sampel A,Sumber Air A,5
ALVIN-2026-00539,2026-09-18 08:01:47.600,280.0,3.62,0.9333,1.2055,1.0694,48.32,High Risk,Botol Sampel D,Sumber Air D,5
ALVIN-2026-00540,2026-09-18 08:01:47.800,391.63,3.62,1.3054,1.208,1.2567,44.31,High Risk,Botol Sampel D,Sumber Air D,5
ALVIN-2026-00541,2026-09-18 08:01:48.000,289.35,3.38,0.9645,1.1279,1.0462,48.87,High Risk,Botol Sampel D,Sumber Air D,5
ALVIN-2026-00542,2026-09-18 08:01:48.200,285.29,4.13,0.951,1.3782,1.1646,46.2,High Risk,Botol Sampel E,Sumber Air E,5
ALVIN-2026-00543,2026-09-18 08:01:48.400,102.3,0.51,0.341,0.1714,0.2562,79.61,Low Risk,Botol Sampel A,Sumber Air A,5
ALVIN-2026-00544,2026-09-18 08:01:48.600,120.91,0.1,0.403,0.0333,0.2182,82.09,Low Risk,Botol Sampel A,Sumber Air A,5
ALVIN-2026-00545,2026-09-18 08:01:48.800,751.88,7.09,2.5063,2.3647,2.4355,29.11,High Risk,Botol Sampel D,Sumber Air D,5
ALVIN-2026-00546,2026-09-18 08:01:49.000,207.63,1.58,0.6921,0.5256,0.6088,62.16,Moderate Risk,Botol Sampel B,Sumber Air B,5
ALVIN-2026-00547,2026-09-18 08:01:49.200,144.72,1.38,0.4824,0.4616,0.472,67.93,Low Risk,Botol Sampel A,Sumber Air A,5
ALVIN-2026-00548,2026-09-18 08:01:49.400,338.86,4.12,1.1295,1.3732,1.2514,44.42,High Risk,Botol Sampel D,Sumber Air D,5
ALVIN-2026-00549,2026-09-18 08:01:49.600,115.01,0.29,0.3834,0.0952,0.2393,80.69,Low Risk,Botol Sampel A,Sumber Air A,5
ALVIN-2026-00550,2026-09-18 08:01:49.800,395.26,2.8,1.3175,0.9339,1.1257,47.04,High Risk,Botol Sampel E,Sumber Air E,5
ALVIN-2026-00551,2026-09-18 08:01:50.000,117.1,1.4,0.3903,0.4667,0.4285,70.0,Low Risk,Botol Sampel A,Sumber Air A,5
ALVIN-2026-00552,2026-09-18 08:01:50.200,686.38,6.62,2.2879,2.2066,2.2473,30.79,High Risk,Botol Sampel E,Sumber Air E,5
ALVIN-2026-00553,2026-09-18 08:01:50.400,100.51,0.48,0.335,0.1595,0.2473,80.17,Low Risk,Botol Sampel A,Sumber Air A,5
ALVIN-2026-00554,2026-09-18 08:01:50.600,757.69,7.22,2.5256,2.4068,2.4662,28.85,High Risk,Botol Sampel E,Sumber Air E,5
ALVIN-2026-00555,2026-09-18 08:01:50.800,567.74,7.96,1.8925,2.6532,2.2728,30.55,High Risk,Botol Sampel E,Sumber Air E,5
ALVIN-2026-00556,2026-09-18 08:01:51.000,407.31,3.53,1.3577,1.1756,1.2666,44.12,High Risk,Botol Sampel E,Sumber Air E,5
ALVIN-2026-00557,2026-09-18 08:01:51.200,216.77,1.62,0.7226,0.5393,0.631,61.31,Moderate Risk,Botol Sampel B,Sumber Air B,5
ALVIN-2026-00558,2026-09-18 08:01:51.400,136.65,0.68,0.4555,0.2282,0.3418,74.53,Low Risk,Botol Sampel A,Sumber Air A,5
ALVIN-2026-00559,2026-09-18 08:01:51.600,590.73,6.23,1.9691,2.0775,2.0233,33.08,High Risk,Botol Sampel D,Sumber Air D,5
ALVIN-2026-00560,2026-09-18 08:01:51.800,600.89,4.79,2.003,1.5978,1.8004,35.71,High Risk,Botol Sampel E,Sumber Air E,5
ALVIN-2026-00561,2026-09-18 08:01:52.000,145.0,0.1,0.4833,0.0333,0.2583,79.47,Low Risk,Botol Sampel A,Sumber Air A,5
ALVIN-2026-00562,2026-09-18 08:01:52.200,873.7,6.19,2.9123,2.0626,2.4874,28.67,High Risk,Botol Sampel E,Sumber Air E,5
ALVIN-2026-00563,2026-09-18 08:01:52.400,464.81,8.18,1.5494,2.7276,2.1385,31.86,High Risk,Botol Sampel D,Sumber Air D,5
ALVIN-2026-00564,2026-09-18 08:01:52.600,239.73,2.25,0.7991,0.7502,0.7747,56.35,Moderate Risk,Botol Sampel C,Sumber Air C,5
ALVIN-2026-00565,2026-09-18 08:01:52.800,252.42,1.02,0.8414,0.3417,0.5916,62.83,Moderate Risk,Botol Sampel C,Sumber Air C,5
ALVIN-2026-00566,2026-09-18 08:01:53.000,44.29,0.29,0.1476,0.095,0.1213,89.18,Low Risk,Botol Sampel A,Sumber Air A,5
ALVIN-2026-00567,2026-09-18 08:01:53.200,569.12,6.45,1.8971,2.1506,2.0238,33.07,High Risk,Botol Sampel D,Sumber Air D,5
ALVIN-2026-00568,2026-09-18 08:01:53.400,190.48,1.97,0.6349,0.6575,0.6462,60.75,Moderate Risk,Botol Sampel C,Sumber Air C,5
ALVIN-2026-00569,2026-09-18 08:01:53.600,382.83,4.57,1.2761,1.5224,1.3992,41.68,High Risk,Botol Sampel E,Sumber Air E,5
ALVIN-2026-00570,2026-09-18 08:01:53.800,104.85,0.1,0.3495,0.0333,0.1914,83.93,Low Risk,Botol Sampel A,Sumber Air A,5
ALVIN-2026-00571,2026-09-18 08:01:54.000,819.55,6.2,2.7318,2.0673,2.3995,29.42,High Risk,Botol Sampel E,Sumber Air E,5
ALVIN-2026-00572,2026-09-18 08:01:54.200,314.75,3.4,1.0492,1.1325,1.0909,47.83,High Risk,Botol Sampel E,Sumber Air E,5
ALVIN-2026-00573,2026-09-18 08:01:54.400,118.75,0.82,0.3958,0.2737,0.3348,74.92,Low Risk,Botol Sampel A,Sumber Air A,5
ALVIN-2026-00574,2026-09-18 08:01:54.600,249.87,1.23,0.8329,0.4112,0.622,61.65,Moderate Risk,Botol Sampel B,Sumber Air B,5
ALVIN-2026-00575,2026-09-18 08:01:54.800,683.51,6.8,2.2784,2.2675,2.2729,30.55,High Risk,Botol Sampel E,Sumber Air E,5
ALVIN-2026-00576,2026-09-18 08:01:55.000,672.58,10.32,2.2419,3.4393,2.8406,26.04,High Risk,Botol Sampel D,Sumber Air D,5
ALVIN-2026-00577,2026-09-18 08:01:55.200,84.54,0.97,0.2818,0.3244,0.3031,76.74,Low Risk,Botol Sampel A,Sumber Air A,5
ALVIN-2026-00578,2026-09-18 08:01:55.400,231.07,2.25,0.7702,0.7486,0.7594,56.84,Moderate Risk,Botol Sampel C,Sumber Air C,5
ALVIN-2026-00579,2026-09-18 08:01:55.600,239.6,1.91,0.7987,0.6373,0.718,58.21,Moderate Risk,Botol Sampel C,Sumber Air C,5
ALVIN-2026-00580,2026-09-18 08:01:55.800,100.76,0.85,0.3359,0.2842,0.31,76.34,Moderate Risk,Botol Sampel C,Sumber Air C,5
ALVIN-2026-00581,2026-09-18 08:01:56.000,207.52,1.57,0.6917,0.5249,0.6083,62.18,Moderate Risk,Botol Sampel B,Sumber Air B,5
ALVIN-2026-00582,2026-09-18 08:01:56.200,559.37,9.27,1.8646,3.0884,2.4765,28.76,High Risk,Botol Sampel E,Sumber Air E,5
ALVIN-2026-00583,2026-09-18 08:01:56.400,106.69,0.74,0.3556,0.2479,0.3018,76.82,Low Risk,Botol Sampel A,Sumber Air A,5
ALVIN-2026-00584,2026-09-18 08:01:56.600,118.75,0.87,0.3958,0.2898,0.3428,74.47,Low Risk,Botol Sampel A,Sumber Air A,5
ALVIN-2026-00585,2026-09-18 08:01:56.800,89.77,0.44,0.2992,0.1479,0.2236,81.73,Low Risk,Botol Sampel A,Sumber Air A,5
ALVIN-2026-00586,2026-09-18 08:01:57.000,183.13,2.17,0.6104,0.7241,0.6672,59.98,Moderate Risk,Botol Sampel C,Sumber Air C,5
ALVIN-2026-00587,2026-09-18 08:01:57.200,360.79,4.41,1.2026,1.4693,1.336,42.81,High Risk,Botol Sampel E,Sumber Air E,5
ALVIN-2026-00588,2026-09-18 08:01:57.400,397.47,2.47,1.3249,0.8249,1.0749,48.2,High Risk,Botol Sampel D,Sumber Air D,5
ALVIN-2026-00589,2026-09-18 08:01:57.600,580.43,4.5,1.9348,1.5,1.7174,36.8,High Risk,Botol Sampel E,Sumber Air E,5
ALVIN-2026-00590,2026-09-18 08:01:57.800,486.02,6.74,1.6201,2.2476,1.9338,34.09,High Risk,Botol Sampel D,Sumber Air D,5
ALVIN-2026-00591,2026-09-18 08:01:58.000,711.97,5.64,2.3732,1.8799,2.1266,31.98,High Risk,Botol Sampel D,Sumber Air D,5
ALVIN-2026-00592,2026-09-18 08:01:58.200,300.5,3.28,1.0017,1.092,1.0468,48.86,High Risk,Botol Sampel E,Sumber Air E,5
ALVIN-2026-00593,2026-09-18 08:01:58.400,742.4,5.85,2.4747,1.9488,2.2118,31.14,High Risk,Botol Sampel D,Sumber Air D,5
ALVIN-2026-00594,2026-09-18 08:01:58.600,398.02,3.95,1.3267,1.3156,1.3212,43.08,High Risk,Botol Sampel D,Sumber Air D,5
ALVIN-2026-00595,2026-09-18 08:01:58.800,294.74,4.76,0.9825,1.588,1.2852,43.76,High Risk,Botol Sampel E,Sumber Air E,5
ALVIN-2026-00596,2026-09-18 08:01:59.000,719.3,4.5,2.3977,1.5,1.9488,33.91,High Risk,Botol Sampel D,Sumber Air D,5
ALVIN-2026-00597,2026-09-18 08:01:59.200,615.67,6.77,2.0522,2.2559,2.154,31.71,High Risk,Botol Sampel E,Sumber Air E,5
ALVIN-2026-00598,2026-09-18 08:01:59.400,195.16,2.05,0.6505,0.683,0.6667,60.0,Moderate Risk,Botol Sampel B,Sumber Air B,5
ALVIN-2026-00599,2026-09-18 08:01:59.600,200.25,1.81,0.6675,0.6026,0.635,61.16,Moderate Risk,Botol Sampel B,Sumber Air B,5
ALVIN-2026-00600,2026-09-18 08:01:59.800,86.5,0.27,0.2883,0.0907,0.1895,84.07,Low Risk,Botol Sampel A,Sumber Air A,5
ALVIN-2026-00601,2026-09-18 08:02:00.000,229.98,1.85,0.7666,0.6175,0.6921,59.1,Moderate Risk,Botol Sampel C,Sumber Air C,5
ALVIN-2026-00602,2026-09-18 08:02:00.200,618.75,4.7,2.0625,1.5653,1.8139,35.54,High Risk,Botol Sampel E,Sumber Air E,5
ALVIN-2026-00603,2026-09-18 08:02:00.400,399.47,3.58,1.3316,1.193,1.2623,44.2,High Risk,Botol Sampel E,Sumber Air E,5
ALVIN-2026-00604,2026-09-18 08:02:00.600,104.85,0.79,0.3495,0.2619,0.3057,76.59,Low Risk,Botol Sampel A,Sumber Air A,5
ALVIN-2026-00605,2026-09-18 08:02:00.800,651.58,10.9,2.1719,3.6343,2.9031,25.62,High Risk,Botol Sampel D,Sumber Air D,5
ALVIN-2026-00606,2026-09-18 08:02:01.000,598.14,4.5,1.9938,1.5,1.7469,36.4,High Risk,Botol Sampel E,Sumber Air E,5
ALVIN-2026-00607,2026-09-18 08:02:01.200,314.2,4.64,1.0473,1.5475,1.2974,43.53,High Risk,Botol Sampel E,Sumber Air E,5
ALVIN-2026-00608,2026-09-18 08:02:01.400,231.53,1.9,0.7718,0.633,0.7024,58.74,Moderate Risk,Botol Sampel C,Sumber Air C,5
ALVIN-2026-00609,2026-09-18 08:02:01.600,108.32,0.97,0.3611,0.324,0.3426,74.48,Low Risk,Botol Sampel A,Sumber Air A,5
ALVIN-2026-00610,2026-09-18 08:02:01.800,114.2,1.06,0.3807,0.3542,0.3674,73.13,Low Risk,Botol Sampel A,Sumber Air A,5
ALVIN-2026-00611,2026-09-18 08:02:02.000,188.56,2.48,0.6285,0.8276,0.728,57.87,Moderate Risk,Botol Sampel C,Sumber Air C,5
ALVIN-2026-00612,2026-09-18 08:02:02.200,367.44,2.97,1.2248,0.9898,1.1073,47.45,High Risk,Botol Sampel E,Sumber Air E,5
ALVIN-2026-00613,2026-09-18 08:02:02.400,281.87,2.97,0.9396,0.9886,0.9641,50.91,Moderate Risk,Botol Sampel C,Sumber Air C,5
ALVIN-2026-00614,2026-09-18 08:02:02.600,390.11,4.22,1.3004,1.4062,1.3533,42.49,High Risk,Botol Sampel E,Sumber Air E,5
ALVIN-2026-00615,2026-09-18 08:02:02.800,204.72,1.65,0.6824,0.5494,0.6159,61.89,Moderate Risk,Botol Sampel B,Sumber Air B,5
ALVIN-2026-00616,2026-09-18 08:02:03.000,214.41,1.75,0.7147,0.5839,0.6493,60.63,Moderate Risk,Botol Sampel C,Sumber Air C,5
ALVIN-2026-00617,2026-09-18 08:02:03.200,420.59,3.76,1.402,1.2529,1.3274,42.97,High Risk,Botol Sampel D,Sumber Air D,5
ALVIN-2026-00618,2026-09-18 08:02:03.400,92.14,0.77,0.3071,0.2566,0.2818,78.02,Low Risk,Botol Sampel A,Sumber Air A,5
ALVIN-2026-00619,2026-09-18 08:02:03.600,82.2,0.81,0.274,0.2704,0.2722,78.6,Low Risk,Botol Sampel A,Sumber Air A,5
ALVIN-2026-00620,2026-09-18 08:02:03.800,319.91,3.88,1.0664,1.2936,1.18,45.87,High Risk,Botol Sampel D,Sumber Air D,5
ALVIN-2026-00621,2026-09-18 08:02:04.000,140.0,1.54,0.4667,0.5129,0.4898,67.12,Moderate Risk,Botol Sampel C,Sumber Air C,5
ALVIN-2026-00622,2026-09-18 08:02:04.200,379.18,3.9,1.2639,1.3009,1.2824,43.81,High Risk,Botol Sampel D,Sumber Air D,5
ALVIN-2026-00623,2026-09-18 08:02:04.400,83.58,0.46,0.2786,0.1548,0.2167,82.19,Low Risk,Botol Sampel A,Sumber Air A,5
ALVIN-2026-00624,2026-09-18 08:02:04.600,178.58,1.92,0.5953,0.6402,0.6178,61.81,Moderate Risk,Botol Sampel B,Sumber Air B,5
ALVIN-2026-00625,2026-09-18 08:02:04.800,587.52,9.4,1.9584,3.1335,2.546,28.2,High Risk,Botol Sampel D,Sumber Air D,5
ALVIN-2026-00626,2026-09-18 08:02:05.000,694.16,4.5,2.3139,1.5,1.907,34.4,High Risk,Botol Sampel D,Sumber Air D,5
ALVIN-2026-00627,2026-09-18 08:02:05.200,210.69,2.45,0.7023,0.8151,0.7587,56.86,Moderate Risk,Botol Sampel B,Sumber Air B,5
ALVIN-2026-00628,2026-09-18 08:02:05.400,67.59,0.26,0.2253,0.0859,0.1556,86.54,Low Risk,Botol Sampel A,Sumber Air A,5
ALVIN-2026-00629,2026-09-18 08:02:05.600,39.6,0.71,0.132,0.2374,0.1847,84.41,Low Risk,Botol Sampel A,Sumber Air A,5
ALVIN-2026-00630,2026-09-18 08:02:05.800,90.33,0.67,0.3011,0.2235,0.2623,79.22,Moderate Risk,Botol Sampel B,Sumber Air B,5
ALVIN-2026-00631,2026-09-18 08:02:06.000,280.0,2.6,0.9333,0.8657,0.8995,52.65,Moderate Risk,Botol Sampel B,Sumber Air B,5
ALVIN-2026-00632,2026-09-18 08:02:06.200,212.65,1.26,0.7088,0.421,0.5649,63.9,Moderate Risk,Botol Sampel B,Sumber Air B,5
ALVIN-2026-00633,2026-09-18 08:02:06.400,188.45,1.23,0.6282,0.4103,0.5192,65.82,Moderate Risk,Botol Sampel B,Sumber Air B,5
ALVIN-2026-00634,2026-09-18 08:02:06.600,107.76,0.39,0.3592,0.1301,0.2446,80.35,Low Risk,Botol Sampel A,Sumber Air A,5
ALVIN-2026-00635,2026-09-18 08:02:06.800,82.13,0.24,0.2738,0.0806,0.1772,84.95,Low Risk,Botol Sampel A,Sumber Air A,5
ALVIN-2026-00636,2026-09-18 08:02:07.000,600.41,4.5,2.0014,1.5,1.7507,36.35,High Risk,Botol Sampel D,Sumber Air D,5
ALVIN-2026-00637,2026-09-18 08:02:07.200,300.81,3.68,1.0027,1.2258,1.1142,47.3,High Risk,Botol Sampel E,Sumber Air E,5
ALVIN-2026-00638,2026-09-18 08:02:07.400,281.09,2.35,0.937,0.7844,0.8607,53.74,Moderate Risk,Botol Sampel B,Sumber Air B,5
ALVIN-2026-00639,2026-09-18 08:02:07.600,125.54,0.56,0.4185,0.1853,0.3019,76.81,Moderate Risk,Botol Sampel B,Sumber Air B,5
ALVIN-2026-00640,2026-09-18 08:02:07.800,449.46,2.91,1.4982,0.9705,1.2344,44.75,High Risk,Botol Sampel E,Sumber Air E,5
ALVIN-2026-00641,2026-09-18 08:02:08.000,280.0,2.53,0.9333,0.8443,0.8888,52.94,Moderate Risk,Botol Sampel C,Sumber Air C,5
ALVIN-2026-00642,2026-09-18 08:02:08.200,177.21,1.37,0.5907,0.4562,0.5234,65.64,Moderate Risk,Botol Sampel C,Sumber Air C,5
ALVIN-2026-00643,2026-09-18 08:02:08.400,83.91,0.1,0.2797,0.0333,0.1565,86.47,Low Risk,Botol Sampel A,Sumber Air A,5
ALVIN-2026-00644,2026-09-18 08:02:08.600,280.0,2.78,0.9333,0.9274,0.9304,51.8,Moderate Risk,Botol Sampel B,Sumber Air B,5
ALVIN-2026-00645,2026-09-18 08:02:08.800,107.39,0.68,0.358,0.2271,0.2925,77.37,Low Risk,Botol Sampel A,Sumber Air A,5
ALVIN-2026-00646,2026-09-18 08:02:09.000,88.46,0.72,0.2949,0.2396,0.2672,78.91,Low Risk,Botol Sampel A,Sumber Air A,5
ALVIN-2026-00647,2026-09-18 08:02:09.200,749.75,4.5,2.4992,1.5,1.9996,33.34,High Risk,Botol Sampel D,Sumber Air D,5
ALVIN-2026-00648,2026-09-18 08:02:09.400,223.93,2.19,0.7464,0.7294,0.7379,57.54,Moderate Risk,Botol Sampel B,Sumber Air B,5
ALVIN-2026-00649,2026-09-18 08:02:09.600,358.1,4.35,1.1937,1.4489,1.3213,43.08,High Risk,Botol Sampel E,Sumber Air E,5
ALVIN-2026-00650,2026-09-18 08:02:09.800,265.08,1.44,0.8836,0.4806,0.6821,59.45,Moderate Risk,Botol Sampel B,Sumber Air B,5
ALVIN-2026-00651,2026-09-18 08:02:10.000,382.56,4.72,1.2752,1.5729,1.424,41.25,High Risk,Botol Sampel D,Sumber Air D,5
ALVIN-2026-00652,2026-09-18 08:02:10.200,217.95,1.79,0.7265,0.5963,0.6614,60.19,Moderate Risk,Botol Sampel C,Sumber Air C,5
ALVIN-2026-00653,2026-09-18 08:02:10.400,280.0,2.2,0.9333,0.7333,0.8333,54.55,Moderate Risk,Botol Sampel C,Sumber Air C,5
ALVIN-2026-00654,2026-09-18 08:02:10.600,564.07,7.1,1.8802,2.3661,2.1232,32.02,High Risk,Botol Sampel E,Sumber Air E,5
ALVIN-2026-00655,2026-09-18 08:02:10.800,708.29,7.8,2.361,2.6005,2.4808,28.73,High Risk,Botol Sampel D,Sumber Air D,5
ALVIN-2026-00656,2026-09-18 08:02:11.000,103.69,0.61,0.3456,0.205,0.2753,78.41,Low Risk,Botol Sampel A,Sumber Air A,5
ALVIN-2026-00657,2026-09-18 08:02:11.200,70.23,1.06,0.2341,0.352,0.293,77.34,Low Risk,Botol Sampel A,Sumber Air A,5
ALVIN-2026-00658,2026-09-18 08:02:11.400,270.02,2.02,0.9001,0.6737,0.7869,55.96,Moderate Risk,Botol Sampel B,Sumber Air B,5
ALVIN-2026-00659,2026-09-18 08:02:11.600,104.1,1.03,0.347,0.343,0.345,74.35,Moderate Risk,Botol Sampel B,Sumber Air B,5
ALVIN-2026-00660,2026-09-18 08:02:11.800,180.13,2.4,0.6004,0.8013,0.7008,58.8,Moderate Risk,Botol Sampel B,Sumber Air B,5
ALVIN-2026-00661,2026-09-18 08:02:12.000,532.42,8.1,1.7747,2.6985,2.2366,30.9,High Risk,Botol Sampel E,Sumber Air E,5
ALVIN-2026-00662,2026-09-18 08:02:12.200,111.0,0.79,0.37,0.264,0.317,75.93,Low Risk,Botol Sampel A,Sumber Air A,5
ALVIN-2026-00663,2026-09-18 08:02:12.400,631.46,4.5,2.1049,1.5,1.8024,35.68,High Risk,Botol Sampel D,Sumber Air D,5
ALVIN-2026-00664,2026-09-18 08:02:12.600,197.08,1.42,0.6569,0.4723,0.5646,63.91,Moderate Risk,Botol Sampel B,Sumber Air B,5
ALVIN-2026-00665,2026-09-18 08:02:12.800,368.23,3.27,1.2274,1.0901,1.1588,46.32,High Risk,Botol Sampel E,Sumber Air E,5
ALVIN-2026-00666,2026-09-18 08:02:13.000,270.88,2.25,0.9029,0.7491,0.826,54.76,Moderate Risk,Botol Sampel C,Sumber Air C,5
ALVIN-2026-00667,2026-09-18 08:02:13.200,218.42,2.77,0.7281,0.9217,0.8249,54.8,Moderate Risk,Botol Sampel C,Sumber Air C,5
ALVIN-2026-00668,2026-09-18 08:02:13.400,620.74,4.67,2.0691,1.556,1.8126,35.55,High Risk,Botol Sampel D,Sumber Air D,5
ALVIN-2026-00669,2026-09-18 08:02:13.600,321.23,3.36,1.0708,1.1185,1.0947,47.74,High Risk,Botol Sampel E,Sumber Air E,5
ALVIN-2026-00670,2026-09-18 08:02:13.800,448.81,4.41,1.496,1.4697,1.4828,40.28,High Risk,Botol Sampel D,Sumber Air D,5
ALVIN-2026-00671,2026-09-18 08:02:14.000,185.87,1.06,0.6196,0.3525,0.486,67.29,Moderate Risk,Botol Sampel C,Sumber Air C,5
ALVIN-2026-00672,2026-09-18 08:02:14.200,709.54,4.86,2.3651,1.6216,1.9934,33.41,High Risk,Botol Sampel E,Sumber Air E,5
ALVIN-2026-00673,2026-09-18 08:02:14.400,601.69,9.34,2.0056,3.1133,2.5594,28.09,High Risk,Botol Sampel D,Sumber Air D,5
ALVIN-2026-00674,2026-09-18 08:02:14.600,632.81,4.74,2.1094,1.5813,1.8454,35.14,High Risk,Botol Sampel E,Sumber Air E,5
ALVIN-2026-00675,2026-09-18 08:02:14.800,335.48,4.33,1.1183,1.4422,1.2803,43.85,High Risk,Botol Sampel E,Sumber Air E,5
ALVIN-2026-00676,2026-09-18 08:02:15.000,216.38,1.59,0.7213,0.5305,0.6259,61.5,Moderate Risk,Botol Sampel C,Sumber Air C,5
ALVIN-2026-00677,2026-09-18 08:02:15.200,189.06,2.11,0.6302,0.7023,0.6662,60.02,Moderate Risk,Botol Sampel B,Sumber Air B,5
ALVIN-2026-00678,2026-09-18 08:02:15.400,287.01,3.65,0.9567,1.2173,1.087,47.92,High Risk,Botol Sampel E,Sumber Air E,5
ALVIN-2026-00679,2026-09-18 08:02:15.600,368.07,2.56,1.2269,0.8528,1.0398,49.02,High Risk,Botol Sampel D,Sumber Air D,5
ALVIN-2026-00680,2026-09-18 08:02:15.800,411.23,2.75,1.3708,0.9175,1.1442,46.64,High Risk,Botol Sampel E,Sumber Air E,5
ALVIN-2026-00681,2026-09-18 08:02:16.000,388.28,2.2,1.2943,0.7333,1.0138,49.66,High Risk,Botol Sampel E,Sumber Air E,5
ALVIN-2026-00682,2026-09-18 08:02:16.200,216.48,2.19,0.7216,0.7311,0.7264,57.92,Moderate Risk,Botol Sampel C,Sumber Air C,5
ALVIN-2026-00683,2026-09-18 08:02:16.400,184.15,1.76,0.6138,0.5868,0.6003,62.49,Moderate Risk,Botol Sampel C,Sumber Air C,5
ALVIN-2026-00684,2026-09-18 08:02:16.600,607.67,6.39,2.0256,2.1313,2.0784,32.48,High Risk,Botol Sampel E,Sumber Air E,5
ALVIN-2026-00685,2026-09-18 08:02:16.800,563.65,4.52,1.8788,1.5082,1.6935,37.13,High Risk,Botol Sampel E,Sumber Air E,5
ALVIN-2026-00686,2026-09-18 08:02:17.000,170.6,1.17,0.5687,0.3909,0.4798,67.58,Moderate Risk,Botol Sampel B,Sumber Air B,5
ALVIN-2026-00687,2026-09-18 08:02:17.200,174.18,1.4,0.5806,0.4664,0.5235,65.64,Moderate Risk,Botol Sampel B,Sumber Air B,5
ALVIN-2026-00688,2026-09-18 08:02:17.400,333.36,4.18,1.1112,1.392,1.2516,44.41,High Risk,Botol Sampel E,Sumber Air E,5
ALVIN-2026-00689,2026-09-18 08:02:17.600,727.22,9.17,2.4241,3.0552,2.7396,26.74,High Risk,Botol Sampel E,Sumber Air E,5
ALVIN-2026-00690,2026-09-18 08:02:17.800,282.18,3.71,0.9406,1.2382,1.0894,47.86,High Risk,Botol Sampel D,Sumber Air D,5
ALVIN-2026-00691,2026-09-18 08:02:18.000,718.55,8.26,2.3952,2.7535,2.5744,27.98,High Risk,Botol Sampel E,Sumber Air E,5
ALVIN-2026-00692,2026-09-18 08:02:18.200,92.62,0.1,0.3087,0.0333,0.171,85.4,Low Risk,Botol Sampel A,Sumber Air A,5
ALVIN-2026-00693,2026-09-18 08:02:18.400,208.66,1.54,0.6955,0.5147,0.6051,62.3,Moderate Risk,Botol Sampel C,Sumber Air C,5
ALVIN-2026-00694,2026-09-18 08:02:18.600,87.4,0.67,0.2913,0.2242,0.2578,79.5,Low Risk,Botol Sampel A,Sumber Air A,5
ALVIN-2026-00695,2026-09-18 08:02:18.800,282.22,4.19,0.9407,1.396,1.1684,46.12,High Risk,Botol Sampel E,Sumber Air E,5
ALVIN-2026-00696,2026-09-18 08:02:19.000,556.73,6.3,1.8558,2.0995,1.9776,33.58,High Risk,Botol Sampel D,Sumber Air D,5
ALVIN-2026-00697,2026-09-18 08:02:19.200,777.58,8.69,2.5919,2.8963,2.7441,26.71,High Risk,Botol Sampel E,Sumber Air E,5
ALVIN-2026-00698,2026-09-18 08:02:19.400,658.89,4.58,2.1963,1.5277,1.862,34.94,High Risk,Botol Sampel E,Sumber Air E,5
ALVIN-2026-00699,2026-09-18 08:02:19.600,140.64,0.77,0.4688,0.2568,0.3628,73.38,Low Risk,Botol Sampel A,Sumber Air A,5
ALVIN-2026-00700,2026-09-18 08:02:19.800,419.54,3.21,1.3985,1.071,1.2348,44.75,High Risk,Botol Sampel D,Sumber Air D,5
ALVIN-2026-00701,2026-09-18 08:02:20.000,119.11,0.67,0.397,0.2219,0.3094,76.37,Moderate Risk,Botol Sampel C,Sumber Air C,5
ALVIN-2026-00702,2026-09-18 08:02:20.200,645.96,8.09,2.1532,2.6981,2.4256,29.19,High Risk,Botol Sampel D,Sumber Air D,5
ALVIN-2026-00703,2026-09-18 08:02:20.400,589.46,4.52,1.9649,1.5065,1.7357,36.55,High Risk,Botol Sampel E,Sumber Air E,5
ALVIN-2026-00704,2026-09-18 08:02:20.600,513.22,4.5,1.7107,1.5,1.6054,38.38,High Risk,Botol Sampel E,Sumber Air E,5
ALVIN-2026-00705,2026-09-18 08:02:20.800,125.46,0.45,0.4182,0.149,0.2836,77.91,Low Risk,Botol Sampel A,Sumber Air A,5
ALVIN-2026-00706,2026-09-18 08:02:21.000,78.71,1.28,0.2624,0.4283,0.3454,74.33,Moderate Risk,Botol Sampel C,Sumber Air C,5
ALVIN-2026-00707,2026-09-18 08:02:21.200,306.21,2.2,1.0207,0.7333,0.877,53.28,High Risk,Botol Sampel E,Sumber Air E,5
ALVIN-2026-00708,2026-09-18 08:02:21.400,364.17,2.34,1.2139,0.7797,0.9968,50.08,High Risk,Botol Sampel E,Sumber Air E,5
ALVIN-2026-00709,2026-09-18 08:02:21.600,708.57,6.64,2.3619,2.2128,2.2874,30.42,High Risk,Botol Sampel D,Sumber Air D,5
ALVIN-2026-00710,2026-09-18 08:02:21.800,738.07,8.19,2.4602,2.7291,2.5946,27.82,High Risk,Botol Sampel D,Sumber Air D,5
ALVIN-2026-00711,2026-09-18 08:02:22.000,697.69,9.05,2.3256,3.0172,2.6714,27.24,High Risk,Botol Sampel D,Sumber Air D,5
ALVIN-2026-00712,2026-09-18 08:02:22.200,628.19,8.42,2.094,2.8073,2.4506,28.98,High Risk,Botol Sampel D,Sumber Air D,5
ALVIN-2026-00713,2026-09-18 08:02:22.400,123.39,0.18,0.4113,0.0615,0.2364,80.88,Low Risk,Botol Sampel A,Sumber Air A,5
ALVIN-2026-00714,2026-09-18 08:02:22.600,170.03,1.63,0.5668,0.5426,0.5547,64.32,Moderate Risk,Botol Sampel C,Sumber Air C,5
ALVIN-2026-00715,2026-09-18 08:02:22.800,537.48,4.5,1.7916,1.5,1.6458,37.8,High Risk,Botol Sampel E,Sumber Air E,5
ALVIN-2026-00716,2026-09-18 08:02:23.000,205.6,2.26,0.6853,0.7518,0.7186,58.19,Moderate Risk,Botol Sampel B,Sumber Air B,5
ALVIN-2026-00717,2026-09-18 08:02:23.200,73.31,0.48,0.2444,0.1605,0.2025,83.16,Low Risk,Botol Sampel A,Sumber Air A,5
ALVIN-2026-00718,2026-09-18 08:02:23.400,255.04,1.32,0.8501,0.4385,0.6443,60.82,Moderate Risk,Botol Sampel C,Sumber Air C,5
ALVIN-2026-00719,2026-09-18 08:02:23.600,140.67,0.74,0.4689,0.2453,0.3571,73.69,Moderate Risk,Botol Sampel C,Sumber Air C,5
ALVIN-2026-00720,2026-09-18 08:02:23.800,78.02,0.75,0.2601,0.251,0.2556,79.64,Low Risk,Botol Sampel A,Sumber Air A,5
ALVIN-2026-00721,2026-09-18 08:02:24.000,308.6,4.05,1.0287,1.3498,1.1892,45.68,High Risk,Botol Sampel E,Sumber Air E,5
ALVIN-2026-00722,2026-09-18 08:02:24.200,224.42,1.63,0.7481,0.5427,0.6454,60.78,Moderate Risk,Botol Sampel B,Sumber Air B,5
ALVIN-2026-00723,2026-09-18 08:02:24.400,254.75,1.96,0.8492,0.654,0.7516,57.09,Moderate Risk,Botol Sampel B,Sumber Air B,5
ALVIN-2026-00724,2026-09-18 08:02:24.600,309.45,4.46,1.0315,1.4862,1.2588,44.27,High Risk,Botol Sampel E,Sumber Air E,5
ALVIN-2026-00725,2026-09-18 08:02:24.800,277.09,1.6,0.9236,0.5348,0.7292,57.83,Moderate Risk,Botol Sampel B,Sumber Air B,5
ALVIN-2026-00726,2026-09-18 08:02:25.000,508.49,6.85,1.695,2.2832,1.9891,33.45,High Risk,Botol Sampel E,Sumber Air E,5
ALVIN-2026-00727,2026-09-18 08:02:25.200,145.0,0.57,0.4833,0.1904,0.3368,74.81,Low Risk,Botol Sampel A,Sumber Air A,5
ALVIN-2026-00728,2026-09-18 08:02:25.400,406.24,2.28,1.3541,0.7611,1.0576,48.6,High Risk,Botol Sampel D,Sumber Air D,5
ALVIN-2026-00729,2026-09-18 08:02:25.600,176.35,2.21,0.5878,0.7362,0.662,60.17,Moderate Risk,Botol Sampel C,Sumber Air C,5
ALVIN-2026-00730,2026-09-18 08:02:25.800,772.37,7.32,2.5746,2.4408,2.5077,28.51,High Risk,Botol Sampel E,Sumber Air E,5
ALVIN-2026-00731,2026-09-18 08:02:26.000,181.5,1.45,0.605,0.4823,0.5436,64.78,Moderate Risk,Botol Sampel C,Sumber Air C,5
ALVIN-2026-00732,2026-09-18 08:02:26.200,259.95,2.21,0.8665,0.7366,0.8016,55.51,Moderate Risk,Botol Sampel C,Sumber Air C,5
ALVIN-2026-00733,2026-09-18 08:02:26.400,92.61,0.88,0.3087,0.2943,0.3015,76.83,Moderate Risk,Botol Sampel C,Sumber Air C,5
ALVIN-2026-00734,2026-09-18 08:02:26.600,414.46,4.69,1.3815,1.5639,1.4727,40.44,High Risk,Botol Sampel E,Sumber Air E,5
ALVIN-2026-00735,2026-09-18 08:02:26.800,713.57,4.5,2.3786,1.5,1.9393,34.02,High Risk,Botol Sampel E,Sumber Air E,5
ALVIN-2026-00736,2026-09-18 08:02:27.000,965.74,4.5,3.2191,1.5002,2.3597,29.76,High Risk,Botol Sampel E,Sumber Air E,5
ALVIN-2026-00737,2026-09-18 08:02:27.200,213.06,1.57,0.7102,0.5229,0.6166,61.86,Moderate Risk,Botol Sampel C,Sumber Air C,5
ALVIN-2026-00738,2026-09-18 08:02:27.400,231.71,1.77,0.7724,0.5883,0.6804,59.51,Moderate Risk,Botol Sampel C,Sumber Air C,5
ALVIN-2026-00739,2026-09-18 08:02:27.600,783.28,6.73,2.6109,2.2431,2.427,29.18,High Risk,Botol Sampel E,Sumber Air E,5
ALVIN-2026-00740,2026-09-18 08:02:27.800,333.9,3.4,1.113,1.1346,1.1238,47.09,High Risk,Botol Sampel D,Sumber Air D,5
ALVIN-2026-00741,2026-09-18 08:02:28.000,92.29,0.92,0.3076,0.3069,0.3073,76.49,Low Risk,Botol Sampel A,Sumber Air A,5
ALVIN-2026-00742,2026-09-18 08:02:28.200,491.38,2.83,1.6379,0.9434,1.2906,43.66,High Risk,Botol Sampel D,Sumber Air D,5
ALVIN-2026-00743,2026-09-18 08:02:28.400,381.3,3.19,1.271,1.0633,1.1672,46.14,High Risk,Botol Sampel D,Sumber Air D,5
ALVIN-2026-00744,2026-09-18 08:02:28.600,742.41,8.88,2.4747,2.9598,2.7172,26.9,High Risk,Botol Sampel E,Sumber Air E,5
ALVIN-2026-00745,2026-09-18 08:02:28.800,552.07,6.09,1.8402,2.0311,1.9356,34.06,High Risk,Botol Sampel D,Sumber Air D,5
ALVIN-2026-00746,2026-09-18 08:02:29.000,358.52,4.09,1.1951,1.3649,1.28,43.86,High Risk,Botol Sampel D,Sumber Air D,5
ALVIN-2026-00747,2026-09-18 08:02:29.200,318.58,3.5,1.0619,1.1678,1.1149,47.28,High Risk,Botol Sampel D,Sumber Air D,5
ALVIN-2026-00748,2026-09-18 08:02:29.400,124.47,0.86,0.4149,0.2852,0.35,74.07,Low Risk,Botol Sampel A,Sumber Air A,5
ALVIN-2026-00749,2026-09-18 08:02:29.600,275.95,2.04,0.9198,0.6805,0.8001,55.55,Moderate Risk,Botol Sampel B,Sumber Air B,5
ALVIN-2026-00750,2026-09-18 08:02:29.800,657.89,9.33,2.193,3.1105,2.6518,27.38,High Risk,Botol Sampel E,Sumber Air E,5
ALVIN-2026-00751,2026-09-18 08:02:30.000,647.6,5.92,2.1587,1.9725,2.0656,32.62,High Risk,Botol Sampel E,Sumber Air E,5
ALVIN-2026-00752,2026-09-18 08:02:30.200,96.91,0.74,0.323,0.2465,0.2848,77.83,Low Risk,Botol Sampel A,Sumber Air A,5
ALVIN-2026-00753,2026-09-18 08:02:30.400,420.31,2.67,1.401,0.891,1.146,46.6,High Risk,Botol Sampel E,Sumber Air E,5
ALVIN-2026-00754,2026-09-18 08:02:30.600,375.15,3.91,1.2505,1.3017,1.2761,43.93,High Risk,Botol Sampel D,Sumber Air D,5
ALVIN-2026-00755,2026-09-18 08:02:30.800,693.43,6.81,2.3114,2.2696,2.2905,30.39,High Risk,Botol Sampel D,Sumber Air D,5
ALVIN-2026-00756,2026-09-18 08:02:31.000,95.44,0.58,0.3181,0.1918,0.255,79.68,Low Risk,Botol Sampel A,Sumber Air A,5
ALVIN-2026-00757,2026-09-18 08:02:31.200,721.76,10.89,2.4059,3.6309,3.0184,24.89,High Risk,Botol Sampel E,Sumber Air E,5
ALVIN-2026-00758,2026-09-18 08:02:31.400,118.87,0.93,0.3962,0.3091,0.3526,73.93,Low Risk,Botol Sampel A,Sumber Air A,5
ALVIN-2026-00759,2026-09-18 08:02:31.600,243.09,2.14,0.8103,0.7133,0.7618,56.76,Moderate Risk,Botol Sampel B,Sumber Air B,5
ALVIN-2026-00760,2026-09-18 08:02:31.800,75.74,0.43,0.2525,0.1425,0.1975,83.51,Low Risk,Botol Sampel A,Sumber Air A,5
ALVIN-2026-00761,2026-09-18 08:02:32.000,706.24,5.88,2.3541,1.9591,2.1566,31.68,High Risk,Botol Sampel E,Sumber Air E,5
ALVIN-2026-00762,2026-09-18 08:02:32.200,240.74,2.2,0.8025,0.7324,0.7674,56.58,Moderate Risk,Botol Sampel B,Sumber Air B,5
ALVIN-2026-00763,2026-09-18 08:02:32.400,76.46,0.83,0.2549,0.2775,0.2662,78.98,Low Risk,Botol Sampel A,Sumber Air A,5
ALVIN-2026-00764,2026-09-18 08:02:32.600,416.41,4.11,1.388,1.369,1.3785,42.04,High Risk,Botol Sampel E,Sumber Air E,5
ALVIN-2026-00765,2026-09-18 08:02:32.800,231.52,1.91,0.7717,0.6365,0.7041,58.68,Moderate Risk,Botol Sampel B,Sumber Air B,5
ALVIN-2026-00766,2026-09-18 08:02:33.000,79.9,0.9,0.2663,0.2986,0.2824,77.98,Low Risk,Botol Sampel A,Sumber Air A,5
ALVIN-2026-00767,2026-09-18 08:02:33.200,362.04,3.14,1.2068,1.0481,1.1274,47.01,High Risk,Botol Sampel D,Sumber Air D,5
ALVIN-2026-00768,2026-09-18 08:02:33.400,588.32,7.74,1.9611,2.5807,2.2709,30.57,High Risk,Botol Sampel E,Sumber Air E,5
ALVIN-2026-00769,2026-09-18 08:02:33.600,367.44,2.76,1.2248,0.9186,1.0717,48.27,High Risk,Botol Sampel D,Sumber Air D,5
ALVIN-2026-00770,2026-09-18 08:02:33.800,834.15,7.11,2.7805,2.3713,2.5759,27.96,High Risk,Botol Sampel D,Sumber Air D,5
ALVIN-2026-00771,2026-09-18 08:02:34.000,115.51,1.14,0.385,0.3798,0.3824,72.34,Low Risk,Botol Sampel A,Sumber Air A,5
ALVIN-2026-00772,2026-09-18 08:02:34.200,636.45,11.13,2.1215,3.7087,2.9151,25.54,High Risk,Botol Sampel E,Sumber Air E,5
ALVIN-2026-00773,2026-09-18 08:02:34.400,708.51,8.11,2.3617,2.7049,2.5333,28.3,High Risk,Botol Sampel D,Sumber Air D,5
ALVIN-2026-00774,2026-09-18 08:02:34.600,246.05,2.46,0.8202,0.8192,0.8197,54.95,Moderate Risk,Botol Sampel C,Sumber Air C,5
ALVIN-2026-00775,2026-09-18 08:02:34.800,241.76,2.0,0.8059,0.6669,0.7364,57.59,Moderate Risk,Botol Sampel B,Sumber Air B,5
ALVIN-2026-00776,2026-09-18 08:02:35.000,229.39,1.59,0.7646,0.5299,0.6472,60.71,Moderate Risk,Botol Sampel B,Sumber Air B,5
ALVIN-2026-00777,2026-09-18 08:02:35.200,300.92,2.63,1.0031,0.8782,0.9406,51.53,High Risk,Botol Sampel E,Sumber Air E,5
ALVIN-2026-00778,2026-09-18 08:02:35.400,124.48,0.54,0.4149,0.1805,0.2977,77.06,Low Risk,Botol Sampel A,Sumber Air A,5
ALVIN-2026-00779,2026-09-18 08:02:35.600,326.54,2.93,1.0885,0.9777,1.0331,49.19,High Risk,Botol Sampel E,Sumber Air E,5
ALVIN-2026-00780,2026-09-18 08:02:35.800,444.72,3.19,1.4824,1.0642,1.2733,43.99,High Risk,Botol Sampel E,Sumber Air E,5
ALVIN-2026-00781,2026-09-18 08:02:36.000,83.01,0.27,0.2767,0.0916,0.1842,84.45,Low Risk,Botol Sampel A,Sumber Air A,5
ALVIN-2026-00782,2026-09-18 08:02:36.200,484.15,8.74,1.6138,2.915,2.2644,30.63,High Risk,Botol Sampel E,Sumber Air E,5
ALVIN-2026-00783,2026-09-18 08:02:36.400,103.98,1.19,0.3466,0.3974,0.372,72.89,Low Risk,Botol Sampel A,Sumber Air A,5
ALVIN-2026-00784,2026-09-18 08:02:36.600,212.56,2.1,0.7085,0.7004,0.7044,58.67,Moderate Risk,Botol Sampel C,Sumber Air C,5
ALVIN-2026-00785,2026-09-18 08:02:36.800,720.27,7.65,2.4009,2.5513,2.4761,28.77,High Risk,Botol Sampel D,Sumber Air D,5
ALVIN-2026-00786,2026-09-18 08:02:37.000,722.6,5.69,2.4087,1.8965,2.1526,31.72,High Risk,Botol Sampel D,Sumber Air D,5
ALVIN-2026-00787,2026-09-18 08:02:37.200,642.09,9.32,2.1403,3.1053,2.6228,27.6,High Risk,Botol Sampel E,Sumber Air E,5
ALVIN-2026-00788,2026-09-18 08:02:37.400,145.0,0.67,0.4833,0.2244,0.3538,73.87,Low Risk,Botol Sampel A,Sumber Air A,5
ALVIN-2026-00789,2026-09-18 08:02:37.600,431.74,3.54,1.4391,1.1806,1.3098,43.29,High Risk,Botol Sampel E,Sumber Air E,5
ALVIN-2026-00790,2026-09-18 08:02:37.800,384.99,3.52,1.2833,1.1721,1.2277,44.89,High Risk,Botol Sampel D,Sumber Air D,5
ALVIN-2026-00791,2026-09-18 08:02:38.000,101.58,0.33,0.3386,0.1095,0.224,81.7,Low Risk,Botol Sampel A,Sumber Air A,5
ALVIN-2026-00792,2026-09-18 08:02:38.200,111.09,0.36,0.3703,0.1208,0.2456,80.28,Moderate Risk,Botol Sampel B,Sumber Air B,5
ALVIN-2026-00793,2026-09-18 08:02:38.400,100.87,0.82,0.3362,0.2735,0.3048,76.64,Low Risk,Botol Sampel A,Sumber Air A,5
ALVIN-2026-00794,2026-09-18 08:02:38.600,397.43,4.61,1.3248,1.5363,1.4306,41.14,High Risk,Botol Sampel E,Sumber Air E,5
ALVIN-2026-00795,2026-09-18 08:02:38.800,79.98,0.39,0.2666,0.1308,0.1987,83.42,Low Risk,Botol Sampel A,Sumber Air A,5
ALVIN-2026-00796,2026-09-18 08:02:39.000,326.8,2.96,1.0893,0.986,1.0376,49.08,High Risk,Botol Sampel E,Sumber Air E,5
ALVIN-2026-00797,2026-09-18 08:02:39.200,75.82,0.21,0.2527,0.0685,0.1606,86.16,Low Risk,Botol Sampel A,Sumber Air A,5
ALVIN-2026-00798,2026-09-18 08:02:39.400,533.85,5.72,1.7795,1.9067,1.8431,35.17,High Risk,Botol Sampel D,Sumber Air D,5
ALVIN-2026-00799,2026-09-18 08:02:39.600,678.92,7.58,2.2631,2.5282,2.3956,29.45,High Risk,Botol Sampel D,Sumber Air D,5
ALVIN-2026-00800,2026-09-18 08:02:39.800,310.69,2.98,1.0356,0.9928,1.0142,49.65,High Risk,Botol Sampel D,Sumber Air D,5
ALVIN-2026-00801,2026-09-18 08:02:40.000,292.95,3.66,0.9765,1.2183,1.0974,47.68,High Risk,Botol Sampel D,Sumber Air D,5
ALVIN-2026-00802,2026-09-18 08:02:40.200,670.34,6.75,2.2345,2.251,2.2428,30.84,High Risk,Botol Sampel E,Sumber Air E,5
ALVIN-2026-00803,2026-09-18 08:02:40.400,640.06,4.5,2.1335,1.5,1.8168,35.5,High Risk,Botol Sampel D,Sumber Air D,5
ALVIN-2026-00804,2026-09-18 08:02:40.600,339.07,5.5,1.1302,1.8333,1.4817,40.29,High Risk,Botol Sampel D,Sumber Air D,5
ALVIN-2026-00805,2026-09-18 08:02:40.800,441.15,3.29,1.4705,1.0974,1.284,43.78,High Risk,Botol Sampel D,Sumber Air D,5
ALVIN-2026-00806,2026-09-18 08:02:41.000,340.73,2.67,1.1358,0.8906,1.0132,49.67,High Risk,Botol Sampel E,Sumber Air E,5
ALVIN-2026-00807,2026-09-18 08:02:41.200,192.29,1.53,0.641,0.5096,0.5753,63.48,Moderate Risk,Botol Sampel B,Sumber Air B,5
ALVIN-2026-00808,2026-09-18 08:02:41.400,129.41,0.21,0.4314,0.0686,0.25,80.0,Low Risk,Botol Sampel A,Sumber Air A,5
ALVIN-2026-00809,2026-09-18 08:02:41.600,343.87,3.13,1.1462,1.0428,1.0945,47.74,High Risk,Botol Sampel E,Sumber Air E,5
ALVIN-2026-00810,2026-09-18 08:02:41.800,212.13,2.02,0.7071,0.6731,0.6901,59.17,Moderate Risk,Botol Sampel C,Sumber Air C,5
ALVIN-2026-00811,2026-09-18 08:02:42.000,755.93,7.74,2.5198,2.5786,2.5492,28.18,High Risk,Botol Sampel E,Sumber Air E,5
ALVIN-2026-00812,2026-09-18 08:02:42.200,218.3,2.35,0.7277,0.7843,0.756,56.95,Moderate Risk,Botol Sampel C,Sumber Air C,5
ALVIN-2026-00813,2026-09-18 08:02:42.400,362.15,3.4,1.2072,1.1348,1.171,46.06,High Risk,Botol Sampel E,Sumber Air E,5
ALVIN-2026-00814,2026-09-18 08:02:42.600,657.59,7.73,2.192,2.5758,2.3839,29.55,High Risk,Botol Sampel E,Sumber Air E,5
ALVIN-2026-00815,2026-09-18 08:02:42.800,649.74,7.68,2.1658,2.5613,2.3636,29.73,High Risk,Botol Sampel D,Sumber Air D,5
ALVIN-2026-00816,2026-09-18 08:02:43.000,862.34,8.93,2.8745,2.9781,2.9263,25.47,High Risk,Botol Sampel D,Sumber Air D,5
ALVIN-2026-00817,2026-09-18 08:02:43.200,593.59,7.97,1.9786,2.6562,2.3174,30.14,High Risk,Botol Sampel D,Sumber Air D,5
ALVIN-2026-00818,2026-09-18 08:02:43.400,41.72,0.77,0.1391,0.2577,0.1984,83.44,Low Risk,Botol Sampel A,Sumber Air A,5
ALVIN-2026-00819,2026-09-18 08:02:43.600,587.32,9.16,1.9577,3.0517,2.5047,28.53,High Risk,Botol Sampel D,Sumber Air D,5
ALVIN-2026-00820,2026-09-18 08:02:43.800,81.72,0.52,0.2724,0.1741,0.2232,81.75,Low Risk,Botol Sampel A,Sumber Air A,5
ALVIN-2026-00821,2026-09-18 08:02:44.000,145.0,0.56,0.4833,0.1871,0.3352,74.9,Moderate Risk,Botol Sampel C,Sumber Air C,5
ALVIN-2026-00822,2026-09-18 08:02:44.200,94.27,0.82,0.3142,0.2726,0.2934,77.32,Low Risk,Botol Sampel A,Sumber Air A,5
ALVIN-2026-00823,2026-09-18 08:02:44.400,134.99,0.62,0.45,0.2069,0.3284,75.28,Low Risk,Botol Sampel A,Sumber Air A,5
ALVIN-2026-00824,2026-09-18 08:02:44.600,793.54,7.06,2.6451,2.3531,2.4991,28.58,High Risk,Botol Sampel D,Sumber Air D,5
ALVIN-2026-00825,2026-09-18 08:02:44.800,490.57,4.97,1.6352,1.6553,1.6452,37.8,High Risk,Botol Sampel D,Sumber Air D,5
ALVIN-2026-00826,2026-09-18 08:02:45.000,297.87,4.14,0.9929,1.3806,1.1868,45.73,High Risk,Botol Sampel D,Sumber Air D,5
ALVIN-2026-00827,2026-09-18 08:02:45.200,235.74,2.29,0.7858,0.7635,0.7747,56.35,Moderate Risk,Botol Sampel B,Sumber Air B,5
ALVIN-2026-00828,2026-09-18 08:02:45.400,122.51,0.77,0.4084,0.2569,0.3326,75.04,Low Risk,Botol Sampel A,Sumber Air A,5
ALVIN-2026-00829,2026-09-18 08:02:45.600,56.1,1.23,0.187,0.4097,0.2984,77.02,Low Risk,Botol Sampel A,Sumber Air A,5
ALVIN-2026-00830,2026-09-18 08:02:45.800,280.0,4.25,0.9333,1.4173,1.1753,45.97,High Risk,Botol Sampel D,Sumber Air D,5
ALVIN-2026-00831,2026-09-18 08:02:46.000,508.37,6.41,1.6946,2.1361,1.9154,34.3,High Risk,Botol Sampel D,Sumber Air D,5
ALVIN-2026-00832,2026-09-18 08:02:46.200,291.24,2.89,0.9708,0.965,0.9679,50.82,Moderate Risk,Botol Sampel B,Sumber Air B,5
ALVIN-2026-00833,2026-09-18 08:02:46.400,158.4,1.92,0.528,0.6415,0.5848,63.1,Moderate Risk,Botol Sampel C,Sumber Air C,5
ALVIN-2026-00834,2026-09-18 08:02:46.600,115.31,0.35,0.3844,0.1175,0.251,79.94,Low Risk,Botol Sampel A,Sumber Air A,5
ALVIN-2026-00835,2026-09-18 08:02:46.800,537.35,8.14,1.7912,2.7141,2.2526,30.74,High Risk,Botol Sampel E,Sumber Air E,5
ALVIN-2026-00836,2026-09-18 08:02:47.000,280.0,2.8,0.9333,0.9344,0.9338,51.71,Moderate Risk,Botol Sampel C,Sumber Air C,5
ALVIN-2026-00837,2026-09-18 08:02:47.200,736.73,6.5,2.4558,2.1683,2.312,30.19,High Risk,Botol Sampel E,Sumber Air E,5
ALVIN-2026-00838,2026-09-18 08:02:47.400,695.4,5.3,2.318,1.7666,2.0423,32.87,High Risk,Botol Sampel D,Sumber Air D,5
ALVIN-2026-00839,2026-09-18 08:02:47.600,197.33,1.83,0.6578,0.6098,0.6338,61.21,Moderate Risk,Botol Sampel B,Sumber Air B,5
ALVIN-2026-00840,2026-09-18 08:02:47.800,92.87,0.41,0.3096,0.1359,0.2228,81.78,Low Risk,Botol Sampel A,Sumber Air A,5
ALVIN-2026-00841,2026-09-18 08:02:48.000,223.7,2.16,0.7457,0.7192,0.7324,57.72,Moderate Risk,Botol Sampel C,Sumber Air C,5
ALVIN-2026-00842,2026-09-18 08:02:48.200,599.47,5.33,1.9982,1.7756,1.8869,34.64,High Risk,Botol Sampel E,Sumber Air E,5
ALVIN-2026-00843,2026-09-18 08:02:48.400,125.35,0.52,0.4178,0.1721,0.295,77.22,Low Risk,Botol Sampel A,Sumber Air A,5
ALVIN-2026-00844,2026-09-18 08:02:48.600,123.38,0.63,0.4113,0.2114,0.3114,76.25,Moderate Risk,Botol Sampel C,Sumber Air C,5
ALVIN-2026-00845,2026-09-18 08:02:48.800,242.46,2.07,0.8082,0.6904,0.7493,57.17,Moderate Risk,Botol Sampel B,Sumber Air B,5
ALVIN-2026-00846,2026-09-18 08:02:49.000,122.26,0.42,0.4075,0.1395,0.2735,78.52,Moderate Risk,Botol Sampel B,Sumber Air B,5
ALVIN-2026-00847,2026-09-18 08:02:49.200,107.88,0.54,0.3596,0.1798,0.2697,78.76,Low Risk,Botol Sampel A,Sumber Air A,5
ALVIN-2026-00848,2026-09-18 08:02:49.400,323.7,3.29,1.079,1.0969,1.088,47.89,High Risk,Botol Sampel E,Sumber Air E,5
ALVIN-2026-00849,2026-09-18 08:02:49.600,82.29,1.26,0.2743,0.419,0.3466,74.26,Low Risk,Botol Sampel A,Sumber Air A,5
ALVIN-2026-00850,2026-09-18 08:02:49.800,133.27,0.5,0.4442,0.1674,0.3058,76.58,Low Risk,Botol Sampel A,Sumber Air A,5
ALVIN-2026-00851,2026-09-18 08:02:50.000,533.46,5.06,1.7782,1.6857,1.732,36.6,High Risk,Botol Sampel D,Sumber Air D,5
ALVIN-2026-00852,2026-09-18 08:02:50.200,167.9,1.75,0.5597,0.5843,0.572,63.61,Moderate Risk,Botol Sampel C,Sumber Air C,5
ALVIN-2026-00853,2026-09-18 08:02:50.400,234.56,2.05,0.7819,0.6844,0.7332,57.7,Moderate Risk,Botol Sampel B,Sumber Air B,5
ALVIN-2026-00854,2026-09-18 08:02:50.600,102.89,0.95,0.343,0.3169,0.33,75.19,Low Risk,Botol Sampel A,Sumber Air A,5
ALVIN-2026-00855,2026-09-18 08:02:50.800,191.89,1.69,0.6396,0.5646,0.6021,62.42,Moderate Risk,Botol Sampel B,Sumber Air B,5
ALVIN-2026-00856,2026-09-18 08:02:51.000,103.21,0.57,0.344,0.1893,0.2666,78.95,Moderate Risk,Botol Sampel B,Sumber Air B,5
ALVIN-2026-00857,2026-09-18 08:02:51.200,338.75,3.4,1.1292,1.135,1.1321,46.9,High Risk,Botol Sampel E,Sumber Air E,5
ALVIN-2026-00858,2026-09-18 08:02:51.400,140.0,2.13,0.4667,0.7094,0.588,62.97,Moderate Risk,Botol Sampel B,Sumber Air B,5
ALVIN-2026-00859,2026-09-18 08:02:51.600,356.14,2.89,1.1871,0.965,1.076,48.17,High Risk,Botol Sampel D,Sumber Air D,5
ALVIN-2026-00860,2026-09-18 08:02:51.800,380.75,4.03,1.2692,1.3448,1.307,43.35,High Risk,Botol Sampel D,Sumber Air D,5
ALVIN-2026-00861,2026-09-18 08:02:52.000,902.54,6.17,3.0085,2.0564,2.5324,28.31,High Risk,Botol Sampel D,Sumber Air D,5
ALVIN-2026-00862,2026-09-18 08:02:52.200,106.55,0.73,0.3552,0.2446,0.2999,76.93,Low Risk,Botol Sampel A,Sumber Air A,5
ALVIN-2026-00863,2026-09-18 08:02:52.400,158.41,1.71,0.528,0.5712,0.5496,64.53,Moderate Risk,Botol Sampel C,Sumber Air C,5
ALVIN-2026-00864,2026-09-18 08:02:52.600,529.69,9.13,1.7656,3.0425,2.404,29.38,High Risk,Botol Sampel E,Sumber Air E,5
ALVIN-2026-00865,2026-09-18 08:02:52.800,345.74,3.64,1.1525,1.2144,1.1835,45.8,High Risk,Botol Sampel E,Sumber Air E,5
ALVIN-2026-00866,2026-09-18 08:02:53.000,332.46,2.33,1.1082,0.7765,0.9424,51.48,High Risk,Botol Sampel D,Sumber Air D,5
ALVIN-2026-00867,2026-09-18 08:02:53.200,324.0,2.77,1.08,0.9224,1.0012,49.97,High Risk,Botol Sampel E,Sumber Air E,5
ALVIN-2026-00868,2026-09-18 08:02:53.400,230.35,1.61,0.7678,0.5375,0.6526,60.51,Moderate Risk,Botol Sampel C,Sumber Air C,5
ALVIN-2026-00869,2026-09-18 08:02:53.600,642.6,4.5,2.142,1.5,1.821,35.45,High Risk,Botol Sampel E,Sumber Air E,5
ALVIN-2026-00870,2026-09-18 08:02:53.800,126.67,0.13,0.4222,0.0444,0.2333,81.08,Moderate Risk,Botol Sampel C,Sumber Air C,5
ALVIN-2026-00871,2026-09-18 08:02:54.000,290.3,4.13,0.9677,1.3758,1.1717,46.05,High Risk,Botol Sampel E,Sumber Air E,5
ALVIN-2026-00872,2026-09-18 08:02:54.200,280.0,3.45,0.9333,1.1486,1.041,49.0,High Risk,Botol Sampel E,Sumber Air E,5
ALVIN-2026-00873,2026-09-18 08:02:54.400,210.92,1.6,0.7031,0.5346,0.6188,61.77,Moderate Risk,Botol Sampel B,Sumber Air B,5
ALVIN-2026-00874,2026-09-18 08:02:54.600,382.5,4.74,1.275,1.5784,1.4267,41.21,High Risk,Botol Sampel D,Sumber Air D,5
ALVIN-2026-00875,2026-09-18 08:02:54.800,227.74,2.25,0.7591,0.7503,0.7547,56.99,Moderate Risk,Botol Sampel C,Sumber Air C,5
ALVIN-2026-00876,2026-09-18 08:02:55.000,190.02,1.0,0.6334,0.3333,0.4833,67.42,Moderate Risk,Botol Sampel C,Sumber Air C,5
ALVIN-2026-00877,2026-09-18 08:02:55.200,280.0,4.94,0.9333,1.6461,1.2897,43.67,High Risk,Botol Sampel E,Sumber Air E,5
ALVIN-2026-00878,2026-09-18 08:02:55.400,269.54,2.26,0.8985,0.7528,0.8256,54.78,Moderate Risk,Botol Sampel B,Sumber Air B,5
ALVIN-2026-00879,2026-09-18 08:02:55.600,165.04,2.09,0.5501,0.6974,0.6238,61.58,Moderate Risk,Botol Sampel B,Sumber Air B,5
ALVIN-2026-00880,2026-09-18 08:02:55.800,83.6,0.34,0.2787,0.1137,0.1962,83.6,Low Risk,Botol Sampel A,Sumber Air A,5
ALVIN-2026-00881,2026-09-18 08:02:56.000,233.42,2.0,0.7781,0.6654,0.7218,58.08,Moderate Risk,Botol Sampel B,Sumber Air B,5
ALVIN-2026-00882,2026-09-18 08:02:56.200,655.38,6.82,2.1846,2.274,2.2293,30.97,High Risk,Botol Sampel D,Sumber Air D,5
ALVIN-2026-00883,2026-09-18 08:02:56.400,324.19,3.34,1.0806,1.1126,1.0966,47.7,High Risk,Botol Sampel E,Sumber Air E,5
ALVIN-2026-00884,2026-09-18 08:02:56.600,541.52,6.8,1.8051,2.2654,2.0352,32.95,High Risk,Botol Sampel D,Sumber Air D,5
ALVIN-2026-00885,2026-09-18 08:02:56.800,124.2,0.99,0.414,0.331,0.3725,72.86,Low Risk,Botol Sampel A,Sumber Air A,5
ALVIN-2026-00886,2026-09-18 08:02:57.000,461.07,7.48,1.5369,2.4926,2.0148,33.17,High Risk,Botol Sampel D,Sumber Air D,5
ALVIN-2026-00887,2026-09-18 08:02:57.200,383.61,4.25,1.2787,1.4163,1.3475,42.6,High Risk,Botol Sampel E,Sumber Air E,5
ALVIN-2026-00888,2026-09-18 08:02:57.400,233.28,1.58,0.7776,0.5255,0.6516,60.55,Moderate Risk,Botol Sampel C,Sumber Air C,5
ALVIN-2026-00889,2026-09-18 08:02:57.600,378.34,4.0,1.2611,1.3322,1.2966,43.54,High Risk,Botol Sampel E,Sumber Air E,5
ALVIN-2026-00890,2026-09-18 08:02:57.800,353.76,3.22,1.1792,1.0739,1.1266,47.02,High Risk,Botol Sampel D,Sumber Air D,5
ALVIN-2026-00891,2026-09-18 08:02:58.000,292.68,3.36,0.9756,1.1213,1.0484,48.82,High Risk,Botol Sampel E,Sumber Air E,5
ALVIN-2026-00892,2026-09-18 08:02:58.200,91.83,0.18,0.3061,0.0603,0.1832,84.52,Moderate Risk,Botol Sampel C,Sumber Air C,5
ALVIN-2026-00893,2026-09-18 08:02:58.400,241.51,1.76,0.805,0.5857,0.6954,58.98,Moderate Risk,Botol Sampel B,Sumber Air B,5
ALVIN-2026-00894,2026-09-18 08:02:58.600,77.93,0.19,0.2598,0.063,0.1614,86.1,Low Risk,Botol Sampel A,Sumber Air A,5
ALVIN-2026-00895,2026-09-18 08:02:58.800,400.0,4.5,1.3333,1.5,1.4166,41.38,High Risk,Botol Sampel E,Sumber Air E,5
ALVIN-2026-00896,2026-09-18 08:02:59.000,676.44,5.44,2.2548,1.8147,2.0348,32.95,High Risk,Botol Sampel E,Sumber Air E,5
ALVIN-2026-00897,2026-09-18 08:02:59.200,120.21,0.59,0.4007,0.1965,0.2986,77.01,Low Risk,Botol Sampel A,Sumber Air A,5
ALVIN-2026-00898,2026-09-18 08:02:59.400,759.35,6.77,2.5312,2.2571,2.3941,29.46,High Risk,Botol Sampel E,Sumber Air E,5
ALVIN-2026-00899,2026-09-18 08:02:59.600,87.83,0.24,0.2928,0.0789,0.1859,84.32,Low Risk,Botol Sampel A,Sumber Air A,5
ALVIN-2026-00900,2026-09-18 08:02:59.800,530.27,9.69,1.7676,3.2288,2.4982,28.59,High Risk,Botol Sampel E,Sumber Air E,5
ALVIN-2026-00901,2026-09-18 08:03:00.000,609.32,6.04,2.0311,2.0121,2.0216,33.1,High Risk,Botol Sampel E,Sumber Air E,5
ALVIN-2026-00902,2026-09-18 08:03:00.200,127.25,0.46,0.4242,0.155,0.2896,77.54,Low Risk,Botol Sampel A,Sumber Air A,5
ALVIN-2026-00903,2026-09-18 08:03:00.400,254.06,2.42,0.8469,0.8076,0.8272,54.73,Moderate Risk,Botol Sampel B,Sumber Air B,5
ALVIN-2026-00904,2026-09-18 08:03:00.600,761.21,7.34,2.5374,2.4463,2.4918,28.64,High Risk,Botol Sampel D,Sumber Air D,5
ALVIN-2026-00905,2026-09-18 08:03:00.800,110.53,0.53,0.3684,0.1772,0.2728,78.57,Moderate Risk,Botol Sampel C,Sumber Air C,5
ALVIN-2026-00906,2026-09-18 08:03:01.000,65.71,0.1,0.219,0.0333,0.1262,88.79,Low Risk,Botol Sampel A,Sumber Air A,5
ALVIN-2026-00907,2026-09-18 08:03:01.200,336.35,4.14,1.1212,1.3784,1.2498,44.45,High Risk,Botol Sampel E,Sumber Air E,5
ALVIN-2026-00908,2026-09-18 08:03:01.400,169.85,1.87,0.5662,0.6226,0.5944,62.72,Moderate Risk,Botol Sampel C,Sumber Air C,5
ALVIN-2026-00909,2026-09-18 08:03:01.600,391.57,4.88,1.3052,1.6262,1.4657,40.56,High Risk,Botol Sampel E,Sumber Air E,5
ALVIN-2026-00910,2026-09-18 08:03:01.800,280.0,4.6,0.9333,1.5325,1.2329,44.78,High Risk,Botol Sampel E,Sumber Air E,5
ALVIN-2026-00911,2026-09-18 08:03:02.000,205.08,1.43,0.6836,0.4757,0.5796,63.31,Moderate Risk,Botol Sampel B,Sumber Air B,5
ALVIN-2026-00912,2026-09-18 08:03:02.200,581.82,8.17,1.9394,2.724,2.3317,30.01,High Risk,Botol Sampel E,Sumber Air E,5
ALVIN-2026-00913,2026-09-18 08:03:02.400,184.3,1.8,0.6143,0.6001,0.6072,62.22,Moderate Risk,Botol Sampel B,Sumber Air B,5
ALVIN-2026-00914,2026-09-18 08:03:02.600,698.03,9.75,2.3268,3.2484,2.7876,26.4,High Risk,Botol Sampel E,Sumber Air E,5
ALVIN-2026-00915,2026-09-18 08:03:02.800,526.14,8.26,1.7538,2.7546,2.2542,30.73,High Risk,Botol Sampel E,Sumber Air E,5
ALVIN-2026-00916,2026-09-18 08:03:03.000,64.49,0.35,0.215,0.1153,0.1652,85.82,Low Risk,Botol Sampel A,Sumber Air A,5
ALVIN-2026-00917,2026-09-18 08:03:03.200,610.6,7.14,2.0353,2.3798,2.2076,31.18,High Risk,Botol Sampel E,Sumber Air E,5
ALVIN-2026-00918,2026-09-18 08:03:03.400,628.04,7.16,2.0935,2.3872,2.2404,30.86,High Risk,Botol Sampel D,Sumber Air D,5
ALVIN-2026-00919,2026-09-18 08:03:03.600,392.89,3.92,1.3096,1.3083,1.309,43.31,High Risk,Botol Sampel E,Sumber Air E,5
ALVIN-2026-00920,2026-09-18 08:03:03.800,177.17,1.75,0.5906,0.5837,0.5872,63.0,Moderate Risk,Botol Sampel B,Sumber Air B,5
ALVIN-2026-00921,2026-09-18 08:03:04.000,122.97,0.84,0.4099,0.2797,0.3448,74.36,Moderate Risk,Botol Sampel C,Sumber Air C,5
ALVIN-2026-00922,2026-09-18 08:03:04.200,239.17,1.47,0.7972,0.4896,0.6434,60.85,Moderate Risk,Botol Sampel C,Sumber Air C,5
ALVIN-2026-00923,2026-09-18 08:03:04.400,646.49,7.89,2.155,2.6306,2.3928,29.47,High Risk,Botol Sampel D,Sumber Air D,5
ALVIN-2026-00924,2026-09-18 08:03:04.600,481.18,8.81,1.6039,2.937,2.2704,30.58,High Risk,Botol Sampel D,Sumber Air D,5
ALVIN-2026-00925,2026-09-18 08:03:04.800,370.2,3.94,1.234,1.3144,1.2742,43.97,High Risk,Botol Sampel E,Sumber Air E,5
ALVIN-2026-00926,2026-09-18 08:03:05.000,83.83,0.1,0.2794,0.0333,0.1564,86.48,Low Risk,Botol Sampel A,Sumber Air A,5
ALVIN-2026-00927,2026-09-18 08:03:05.200,112.15,0.9,0.3738,0.2991,0.3365,74.82,Low Risk,Botol Sampel A,Sumber Air A,5
ALVIN-2026-00928,2026-09-18 08:03:05.400,398.65,2.71,1.3288,0.9037,1.1162,47.25,High Risk,Botol Sampel E,Sumber Air E,5
ALVIN-2026-00929,2026-09-18 08:03:05.600,280.58,3.6,0.9353,1.1984,1.0668,48.38,High Risk,Botol Sampel E,Sumber Air E,5
ALVIN-2026-00930,2026-09-18 08:03:05.800,106.29,0.59,0.3543,0.1981,0.2762,78.36,Low Risk,Botol Sampel A,Sumber Air A,5
ALVIN-2026-00931,2026-09-18 08:03:06.000,887.1,6.94,2.957,2.3128,2.6349,27.51,High Risk,Botol Sampel D,Sumber Air D,5
ALVIN-2026-00932,2026-09-18 08:03:06.200,328.62,3.88,1.0954,1.2943,1.1948,45.56,High Risk,Botol Sampel D,Sumber Air D,5
ALVIN-2026-00933,2026-09-18 08:03:06.400,539.36,5.67,1.7979,1.8894,1.8436,35.17,High Risk,Botol Sampel E,Sumber Air E,5
ALVIN-2026-00934,2026-09-18 08:03:06.600,124.6,0.94,0.4153,0.3134,0.3644,73.29,Low Risk,Botol Sampel A,Sumber Air A,5
ALVIN-2026-00935,2026-09-18 08:03:06.800,714.99,8.41,2.3833,2.8025,2.5929,27.83,High Risk,Botol Sampel D,Sumber Air D,5
ALVIN-2026-00936,2026-09-18 08:03:07.000,345.26,3.2,1.1509,1.0676,1.1092,47.41,High Risk,Botol Sampel E,Sumber Air E,5
ALVIN-2026-00937,2026-09-18 08:03:07.200,732.16,9.32,2.4405,3.1072,2.7739,26.5,High Risk,Botol Sampel E,Sumber Air E,5
ALVIN-2026-00938,2026-09-18 08:03:07.400,822.53,7.13,2.7418,2.3753,2.5586,28.1,High Risk,Botol Sampel E,Sumber Air E,5
ALVIN-2026-00939,2026-09-18 08:03:07.600,316.76,3.64,1.0559,1.2144,1.1351,46.84,High Risk,Botol Sampel D,Sumber Air D,5
ALVIN-2026-00940,2026-09-18 08:03:07.800,103.95,0.81,0.3465,0.2703,0.3084,76.43,Low Risk,Botol Sampel A,Sumber Air A,5
ALVIN-2026-00941,2026-09-18 08:03:08.000,170.35,1.0,0.5678,0.3333,0.4506,68.94,Moderate Risk,Botol Sampel B,Sumber Air B,5
ALVIN-2026-00942,2026-09-18 08:03:08.200,129.07,0.26,0.4302,0.0882,0.2592,79.42,Moderate Risk,Botol Sampel B,Sumber Air B,5
ALVIN-2026-00943,2026-09-18 08:03:08.400,307.12,3.19,1.0237,1.0645,1.0441,48.92,High Risk,Botol Sampel D,Sumber Air D,5
ALVIN-2026-00944,2026-09-18 08:03:08.600,693.86,5.78,2.3129,1.9271,2.12,32.05,High Risk,Botol Sampel E,Sumber Air E,5
ALVIN-2026-00945,2026-09-18 08:03:08.800,77.43,1.13,0.2581,0.3772,0.3176,75.9,Low Risk,Botol Sampel A,Sumber Air A,5
ALVIN-2026-00946,2026-09-18 08:03:09.000,698.7,9.26,2.329,3.0871,2.708,26.97,High Risk,Botol Sampel D,Sumber Air D,5
ALVIN-2026-00947,2026-09-18 08:03:09.200,325.78,3.54,1.0859,1.1808,1.1334,46.87,High Risk,Botol Sampel E,Sumber Air E,5
ALVIN-2026-00948,2026-09-18 08:03:09.400,178.38,1.82,0.5946,0.6064,0.6005,62.48,Moderate Risk,Botol Sampel B,Sumber Air B,5
ALVIN-2026-00949,2026-09-18 08:03:09.600,334.85,2.57,1.1162,0.8562,0.9862,50.35,High Risk,Botol Sampel D,Sumber Air D,5
ALVIN-2026-00950,2026-09-18 08:03:09.800,306.91,4.1,1.023,1.3655,1.1942,45.57,High Risk,Botol Sampel D,Sumber Air D,5
ALVIN-2026-00951,2026-09-18 08:03:10.000,366.17,3.77,1.2206,1.2555,1.238,44.68,High Risk,Botol Sampel E,Sumber Air E,5
ALVIN-2026-00952,2026-09-18 08:03:10.200,235.82,1.54,0.7861,0.5142,0.6502,60.6,Moderate Risk,Botol Sampel B,Sumber Air B,5
ALVIN-2026-00953,2026-09-18 08:03:10.400,811.24,10.75,2.7041,3.5824,3.1432,24.14,High Risk,Botol Sampel D,Sumber Air D,5
ALVIN-2026-00954,2026-09-18 08:03:10.600,413.68,4.03,1.3789,1.3418,1.3604,42.37,High Risk,Botol Sampel E,Sumber Air E,5
ALVIN-2026-00955,2026-09-18 08:03:10.800,309.44,3.48,1.0315,1.1608,1.0962,47.71,High Risk,Botol Sampel E,Sumber Air E,5
ALVIN-2026-00956,2026-09-18 08:03:11.000,91.08,0.76,0.3036,0.2527,0.2782,78.24,Moderate Risk,Botol Sampel C,Sumber Air C,5
ALVIN-2026-00957,2026-09-18 08:03:11.200,752.28,5.16,2.5076,1.7217,2.1146,32.11,High Risk,Botol Sampel E,Sumber Air E,5
ALVIN-2026-00958,2026-09-18 08:03:11.400,91.45,0.66,0.3048,0.2185,0.2616,79.26,Low Risk,Botol Sampel A,Sumber Air A,5
ALVIN-2026-00959,2026-09-18 08:03:11.600,280.0,3.7,0.9333,1.2332,1.0832,48.0,High Risk,Botol Sampel E,Sumber Air E,5
ALVIN-2026-00960,2026-09-18 08:03:11.800,49.56,0.71,0.1652,0.2365,0.2008,83.28,Low Risk,Botol Sampel A,Sumber Air A,5
ALVIN-2026-00961,2026-09-18 08:03:12.000,81.78,0.8,0.2726,0.2666,0.2696,78.76,Low Risk,Botol Sampel A,Sumber Air A,5
ALVIN-2026-00962,2026-09-18 08:03:12.200,349.12,3.74,1.1637,1.2456,1.2046,45.36,High Risk,Botol Sampel E,Sumber Air E,5
ALVIN-2026-00963,2026-09-18 08:03:12.400,581.76,5.47,1.9392,1.8236,1.8814,34.71,High Risk,Botol Sampel D,Sumber Air D,5
ALVIN-2026-00964,2026-09-18 08:03:12.600,385.96,5.06,1.2865,1.6863,1.4864,40.22,High Risk,Botol Sampel E,Sumber Air E,5
ALVIN-2026-00965,2026-09-18 08:03:12.800,259.64,2.36,0.8655,0.7876,0.8266,54.75,Moderate Risk,Botol Sampel B,Sumber Air B,5
ALVIN-2026-00966,2026-09-18 08:03:13.000,174.81,1.86,0.5827,0.6197,0.6012,62.45,Moderate Risk,Botol Sampel C,Sumber Air C,5
ALVIN-2026-00967,2026-09-18 08:03:13.200,302.61,3.5,1.0087,1.1672,1.088,47.89,High Risk,Botol Sampel D,Sumber Air D,5
ALVIN-2026-00968,2026-09-18 08:03:13.400,60.03,0.77,0.2001,0.2569,0.2285,81.4,Low Risk,Botol Sampel A,Sumber Air A,5
ALVIN-2026-00969,2026-09-18 08:03:13.600,407.47,2.74,1.3582,0.913,1.1356,46.83,High Risk,Botol Sampel D,Sumber Air D,5
ALVIN-2026-00970,2026-09-18 08:03:13.800,65.8,0.46,0.2193,0.1545,0.1869,84.25,Low Risk,Botol Sampel A,Sumber Air A,5
ALVIN-2026-00971,2026-09-18 08:03:14.000,79.85,0.53,0.2662,0.1772,0.2217,81.85,Low Risk,Botol Sampel A,Sumber Air A,5
ALVIN-2026-00972,2026-09-18 08:03:14.200,287.7,1.34,0.959,0.4458,0.7024,58.74,Moderate Risk,Botol Sampel B,Sumber Air B,5
ALVIN-2026-00973,2026-09-18 08:03:14.400,186.34,1.92,0.6211,0.6412,0.6312,61.3,Moderate Risk,Botol Sampel C,Sumber Air C,5
ALVIN-2026-00974,2026-09-18 08:03:14.600,257.55,1.95,0.8585,0.6513,0.7549,56.98,Moderate Risk,Botol Sampel C,Sumber Air C,5
ALVIN-2026-00975,2026-09-18 08:03:14.800,170.13,1.86,0.5671,0.6216,0.5944,62.72,Moderate Risk,Botol Sampel C,Sumber Air C,5
ALVIN-2026-00976,2026-09-18 08:03:15.000,373.27,2.69,1.2442,0.8966,1.0704,48.3,High Risk,Botol Sampel E,Sumber Air E,5
ALVIN-2026-00977,2026-09-18 08:03:15.200,140.0,1.0,0.4667,0.3333,0.4,71.43,Low Risk,Botol Sampel A,Sumber Air A,5
ALVIN-2026-00978,2026-09-18 08:03:15.400,216.25,1.52,0.7208,0.5081,0.6144,61.94,Moderate Risk,Botol Sampel B,Sumber Air B,5
ALVIN-2026-00979,2026-09-18 08:03:15.600,145.0,0.47,0.4833,0.1582,0.3208,75.71,Low Risk,Botol Sampel A,Sumber Air A,5
ALVIN-2026-00980,2026-09-18 08:03:15.800,730.86,8.64,2.4362,2.8786,2.6574,27.34,High Risk,Botol Sampel E,Sumber Air E,5
ALVIN-2026-00981,2026-09-18 08:03:16.000,141.51,1.69,0.4717,0.5628,0.5172,65.91,Moderate Risk,Botol Sampel C,Sumber Air C,5
ALVIN-2026-00982,2026-09-18 08:03:16.200,344.25,3.51,1.1475,1.17,1.1588,46.32,High Risk,Botol Sampel E,Sumber Air E,5
ALVIN-2026-00983,2026-09-18 08:03:16.400,174.6,1.87,0.582,0.6217,0.6018,62.43,Moderate Risk,Botol Sampel B,Sumber Air B,5
ALVIN-2026-00984,2026-09-18 08:03:16.600,129.85,0.42,0.4328,0.1394,0.2861,77.75,Low Risk,Botol Sampel A,Sumber Air A,5
ALVIN-2026-00985,2026-09-18 08:03:16.800,335.92,4.74,1.1197,1.5801,1.3499,42.56,High Risk,Botol Sampel E,Sumber Air E,5
ALVIN-2026-00986,2026-09-18 08:03:17.000,392.09,3.79,1.307,1.2635,1.2852,43.76,High Risk,Botol Sampel E,Sumber Air E,5
ALVIN-2026-00987,2026-09-18 08:03:17.200,655.0,9.91,2.1833,3.305,2.7442,26.71,High Risk,Botol Sampel E,Sumber Air E,5
ALVIN-2026-00988,2026-09-18 08:03:17.400,766.81,8.31,2.556,2.7698,2.6629,27.3,High Risk,Botol Sampel E,Sumber Air E,5
ALVIN-2026-00989,2026-09-18 08:03:17.600,166.94,2.11,0.5565,0.7044,0.6304,61.33,Moderate Risk,Botol Sampel C,Sumber Air C,5
ALVIN-2026-00990,2026-09-18 08:03:17.800,124.03,0.1,0.4134,0.0333,0.2234,81.74,Moderate Risk,Botol Sampel C,Sumber Air C,5
ALVIN-2026-00991,2026-09-18 08:03:18.000,213.99,1.53,0.7133,0.5091,0.6112,62.07,Moderate Risk,Botol Sampel C,Sumber Air C,5
ALVIN-2026-00992,2026-09-18 08:03:18.200,333.5,2.6,1.1117,0.8679,0.9898,50.26,High Risk,Botol Sampel D,Sumber Air D,5
ALVIN-2026-00993,2026-09-18 08:03:18.400,226.91,2.11,0.7564,0.7046,0.7305,57.79,Moderate Risk,Botol Sampel B,Sumber Air B,5
ALVIN-2026-00994,2026-09-18 08:03:18.600,172.48,1.95,0.5749,0.6495,0.6122,62.03,Moderate Risk,Botol Sampel C,Sumber Air C,5
ALVIN-2026-00995,2026-09-18 08:03:18.800,51.65,0.76,0.1722,0.2542,0.2132,82.43,Low Risk,Botol Sampel A,Sumber Air A,5
ALVIN-2026-00996,2026-09-18 08:03:19.000,292.92,3.63,0.9764,1.2116,1.094,47.76,High Risk,Botol Sampel D,Sumber Air D,5
ALVIN-2026-00997,2026-09-18 08:03:19.200,371.12,3.44,1.2371,1.146,1.1915,45.63,High Risk,Botol Sampel E,Sumber Air E,5
ALVIN-2026-00998,2026-09-18 08:03:19.400,172.79,1.73,0.576,0.5769,0.5764,63.44,Moderate Risk,Botol Sampel B,Sumber Air B,5
ALVIN-2026-00999,2026-09-18 08:03:19.600,280.0,4.55,0.9333,1.5182,1.2258,44.93,High Risk,Botol Sampel E,Sumber Air E,5
ALVIN-2026-01000,2026-09-18 08:03:19.800,193.01,1.85,0.6434,0.6176,0.6305,61.33,Moderate Risk,Botol Sampel C,Sumber Air C,5
ALVIN-2026-01001,2026-09-18 08:03:20.000,759.83,8.67,2.5328,2.8894,2.7111,26.95,High Risk,Botol Sampel E,Sumber Air E,5
ALVIN-2026-01002,2026-09-18 08:03:20.200,319.78,3.16,1.0659,1.0526,1.0592,48.56,High Risk,Botol Sampel E,Sumber Air E,5
ALVIN-2026-01003,2026-09-18 08:03:20.400,214.67,1.32,0.7156,0.4407,0.5781,63.37,Moderate Risk,Botol Sampel B,Sumber Air B,5
ALVIN-2026-01004,2026-09-18 08:03:20.600,226.96,1.0,0.7565,0.3333,0.5449,64.73,Moderate Risk,Botol Sampel C,Sumber Air C,5
ALVIN-2026-01005,2026-09-18 08:03:20.800,345.64,3.12,1.1521,1.0396,1.0958,47.71,High Risk,Botol Sampel D,Sumber Air D,5
ALVIN-2026-01006,2026-09-18 08:03:21.000,128.99,0.58,0.43,0.193,0.3115,76.25,Low Risk,Botol Sampel A,Sumber Air A,5
ALVIN-2026-01007,2026-09-18 08:03:21.200,363.87,2.49,1.2129,0.8313,1.0221,49.45,High Risk,Botol Sampel D,Sumber Air D,5
ALVIN-2026-01008,2026-09-18 08:03:21.400,102.71,1.15,0.3424,0.3818,0.3621,73.42,Low Risk,Botol Sampel A,Sumber Air A,5
ALVIN-2026-01009,2026-09-18 08:03:21.600,407.98,8.44,1.3599,2.8132,2.0866,32.4,High Risk,Botol Sampel E,Sumber Air E,5
ALVIN-2026-01010,2026-09-18 08:03:21.800,615.84,6.03,2.0528,2.011,2.0319,32.98,High Risk,Botol Sampel D,Sumber Air D,5
ALVIN-2026-01011,2026-09-18 08:03:22.000,81.9,0.58,0.273,0.1925,0.2328,81.12,Moderate Risk,Botol Sampel C,Sumber Air C,5
ALVIN-2026-01012,2026-09-18 08:03:22.200,419.21,3.3,1.3974,1.1015,1.2494,44.46,High Risk,Botol Sampel D,Sumber Air D,5
ALVIN-2026-01013,2026-09-18 08:03:22.400,601.96,5.01,2.0065,1.6709,1.8387,35.23,High Risk,Botol Sampel E,Sumber Air E,5
ALVIN-2026-01014,2026-09-18 08:03:22.600,388.91,2.68,1.2964,0.8924,1.0944,47.75,High Risk,Botol Sampel D,Sumber Air D,5
ALVIN-2026-01015,2026-09-18 08:03:22.800,323.26,4.28,1.0775,1.4273,1.2524,44.4,High Risk,Botol Sampel D,Sumber Air D,5
ALVIN-2026-01016,2026-09-18 08:03:23.000,89.43,0.71,0.2981,0.235,0.2665,78.96,Low Risk,Botol Sampel A,Sumber Air A,5
ALVIN-2026-01017,2026-09-18 08:03:23.200,40.93,1.22,0.1364,0.4072,0.2718,78.63,Moderate Risk,Botol Sampel C,Sumber Air C,5
ALVIN-2026-01018,2026-09-18 08:03:23.400,372.15,4.03,1.2405,1.3422,1.2914,43.64,High Risk,Botol Sampel D,Sumber Air D,5
ALVIN-2026-01019,2026-09-18 08:03:23.600,97.08,0.58,0.3236,0.1917,0.2576,79.52,Low Risk,Botol Sampel A,Sumber Air A,5
ALVIN-2026-01020,2026-09-18 08:03:23.800,326.69,3.85,1.089,1.2825,1.1858,45.75,High Risk,Botol Sampel D,Sumber Air D,5
ALVIN-2026-01021,2026-09-18 08:03:24.000,116.91,0.2,0.3897,0.0654,0.2276,81.46,Low Risk,Botol Sampel A,Sumber Air A,5
ALVIN-2026-01022,2026-09-18 08:03:24.200,80.39,0.63,0.268,0.2086,0.2383,80.76,Low Risk,Botol Sampel A,Sumber Air A,5
ALVIN-2026-01023,2026-09-18 08:03:24.400,348.23,4.62,1.1608,1.5417,1.3512,42.53,High Risk,Botol Sampel E,Sumber Air E,5
ALVIN-2026-01024,2026-09-18 08:03:24.600,377.88,2.72,1.2596,0.9053,1.0825,48.02,High Risk,Botol Sampel E,Sumber Air E,5
ALVIN-2026-01025,2026-09-18 08:03:24.800,359.51,3.66,1.1984,1.2187,1.2085,45.28,High Risk,Botol Sampel E,Sumber Air E,5
ALVIN-2026-01026,2026-09-18 08:03:25.000,82.58,0.76,0.2753,0.2543,0.2648,79.06,Low Risk,Botol Sampel A,Sumber Air A,5
ALVIN-2026-01027,2026-09-18 08:03:25.200,899.4,7.15,2.998,2.3818,2.6899,27.1,High Risk,Botol Sampel E,Sumber Air E,5
ALVIN-2026-01028,2026-09-18 08:03:25.400,548.22,6.82,1.8274,2.2725,2.05,32.79,High Risk,Botol Sampel D,Sumber Air D,5
ALVIN-2026-01029,2026-09-18 08:03:25.600,418.58,7.91,1.3953,2.6361,2.0157,33.16,High Risk,Botol Sampel E,Sumber Air E,5
ALVIN-2026-01030,2026-09-18 08:03:25.800,89.0,0.55,0.2967,0.1826,0.2397,80.66,Moderate Risk,Botol Sampel C,Sumber Air C,5
ALVIN-2026-01031,2026-09-18 08:03:26.000,184.46,1.92,0.6149,0.6403,0.6276,61.44,Moderate Risk,Botol Sampel C,Sumber Air C,5
ALVIN-2026-01032,2026-09-18 08:03:26.200,589.89,7.99,1.9663,2.6641,2.3152,30.16,High Risk,Botol Sampel E,Sumber Air E,5
ALVIN-2026-01033,2026-09-18 08:03:26.400,282.05,3.23,0.9402,1.0764,1.0083,49.79,High Risk,Botol Sampel D,Sumber Air D,5
ALVIN-2026-01034,2026-09-18 08:03:26.600,116.84,0.81,0.3895,0.2708,0.3302,75.18,Low Risk,Botol Sampel A,Sumber Air A,5
ALVIN-2026-01035,2026-09-18 08:03:26.800,49.27,0.63,0.1642,0.2106,0.1874,84.22,Low Risk,Botol Sampel A,Sumber Air A,5
ALVIN-2026-01036,2026-09-18 08:03:27.000,290.0,2.01,0.9667,0.6687,0.8177,55.01,Moderate Risk,Botol Sampel B,Sumber Air B,5
ALVIN-2026-01037,2026-09-18 08:03:27.200,130.66,0.95,0.4355,0.3179,0.3767,72.64,Low Risk,Botol Sampel A,Sumber Air A,5
ALVIN-2026-01038,2026-09-18 08:03:27.400,222.16,1.76,0.7405,0.5873,0.6639,60.1,Moderate Risk,Botol Sampel B,Sumber Air B,5
ALVIN-2026-01039,2026-09-18 08:03:27.600,844.12,5.38,2.8137,1.794,2.3038,30.27,High Risk,Botol Sampel E,Sumber Air E,5
ALVIN-2026-01040,2026-09-18 08:03:27.800,30.0,1.01,0.1,0.337,0.2185,82.07,Low Risk,Botol Sampel A,Sumber Air A,5
ALVIN-2026-01041,2026-09-18 08:03:28.000,280.0,2.69,0.9333,0.8968,0.915,52.22,Moderate Risk,Botol Sampel B,Sumber Air B,5
ALVIN-2026-01042,2026-09-18 08:03:28.200,124.79,0.85,0.416,0.285,0.3505,74.05,Low Risk,Botol Sampel A,Sumber Air A,5
ALVIN-2026-01043,2026-09-18 08:03:28.400,800.82,9.72,2.6694,3.2386,2.954,25.29,High Risk,Botol Sampel D,Sumber Air D,5
ALVIN-2026-01044,2026-09-18 08:03:28.600,112.07,0.69,0.3736,0.2314,0.3025,76.78,Low Risk,Botol Sampel A,Sumber Air A,5
ALVIN-2026-01045,2026-09-18 08:03:28.800,81.15,0.83,0.2705,0.2773,0.2739,78.5,Low Risk,Botol Sampel A,Sumber Air A,5
ALVIN-2026-01046,2026-09-18 08:03:29.000,105.52,1.02,0.3517,0.3411,0.3464,74.27,Low Risk,Botol Sampel A,Sumber Air A,5
ALVIN-2026-01047,2026-09-18 08:03:29.200,341.01,3.06,1.1367,1.0215,1.0791,48.1,High Risk,Botol Sampel E,Sumber Air E,5
ALVIN-2026-01048,2026-09-18 08:03:29.400,330.18,5.5,1.1006,1.8333,1.467,40.54,High Risk,Botol Sampel D,Sumber Air D,5
ALVIN-2026-01049,2026-09-18 08:03:29.600,682.73,11.92,2.2758,3.9718,3.1238,24.25,High Risk,Botol Sampel D,Sumber Air D,5
ALVIN-2026-01050,2026-09-18 08:03:29.800,295.11,3.24,0.9837,1.0804,1.032,49.21,High Risk,Botol Sampel E,Sumber Air E,5
ALVIN-2026-01051,2026-09-18 08:03:30.000,581.65,6.83,1.9388,2.2761,2.1074,32.18,High Risk,Botol Sampel D,Sumber Air D,5
ALVIN-2026-01052,2026-09-18 08:03:30.200,101.14,0.58,0.3371,0.1948,0.266,78.99,Low Risk,Botol Sampel A,Sumber Air A,5
ALVIN-2026-01053,2026-09-18 08:03:30.400,579.14,4.5,1.9305,1.5,1.7152,36.83,High Risk,Botol Sampel E,Sumber Air E,5
ALVIN-2026-01054,2026-09-18 08:03:30.600,323.6,4.37,1.0787,1.4577,1.2682,44.09,High Risk,Botol Sampel D,Sumber Air D,5
ALVIN-2026-01055,2026-09-18 08:03:30.800,99.63,1.16,0.3321,0.3879,0.36,73.53,Low Risk,Botol Sampel A,Sumber Air A,5
ALVIN-2026-01056,2026-09-18 08:03:31.000,268.29,1.0,0.8943,0.3333,0.6138,61.97,Moderate Risk,Botol Sampel B,Sumber Air B,5
ALVIN-2026-01057,2026-09-18 08:03:31.200,287.54,3.94,0.9585,1.3123,1.1354,46.83,High Risk,Botol Sampel E,Sumber Air E,5
ALVIN-2026-01058,2026-09-18 08:03:31.400,189.97,2.23,0.6332,0.7442,0.6887,59.22,Moderate Risk,Botol Sampel B,Sumber Air B,5
ALVIN-2026-01059,2026-09-18 08:03:31.600,310.96,4.34,1.0365,1.4476,1.242,44.6,High Risk,Botol Sampel E,Sumber Air E,5
ALVIN-2026-01060,2026-09-18 08:03:31.800,196.27,1.41,0.6542,0.4707,0.5624,64.0,Moderate Risk,Botol Sampel C,Sumber Air C,5
ALVIN-2026-01061,2026-09-18 08:03:32.000,85.56,0.54,0.2852,0.1791,0.2322,81.16,Low Risk,Botol Sampel A,Sumber Air A,5
ALVIN-2026-01062,2026-09-18 08:03:32.200,83.39,0.1,0.278,0.0333,0.1556,86.54,Low Risk,Botol Sampel A,Sumber Air A,5
ALVIN-2026-01063,2026-09-18 08:03:32.400,605.75,8.8,2.0192,2.933,2.4761,28.77,High Risk,Botol Sampel E,Sumber Air E,5
ALVIN-2026-01064,2026-09-18 08:03:32.600,585.18,9.51,1.9506,3.1706,2.5606,28.09,High Risk,Botol Sampel E,Sumber Air E,5
ALVIN-2026-01065,2026-09-18 08:03:32.800,770.07,4.5,2.5669,1.5,2.0335,32.97,High Risk,Botol Sampel D,Sumber Air D,5
ALVIN-2026-01066,2026-09-18 08:03:33.000,815.21,5.38,2.7174,1.795,2.2562,30.71,High Risk,Botol Sampel D,Sumber Air D,5
ALVIN-2026-01067,2026-09-18 08:03:33.200,813.38,9.09,2.7113,3.0287,2.87,25.84,High Risk,Botol Sampel E,Sumber Air E,5
ALVIN-2026-01068,2026-09-18 08:03:33.400,178.9,1.96,0.5963,0.6539,0.6251,61.53,Moderate Risk,Botol Sampel B,Sumber Air B,5
ALVIN-2026-01069,2026-09-18 08:03:33.600,296.18,3.41,0.9873,1.1354,1.0614,48.51,High Risk,Botol Sampel D,Sumber Air D,5
ALVIN-2026-01070,2026-09-18 08:03:33.800,129.88,0.54,0.4329,0.1791,0.306,76.57,Low Risk,Botol Sampel A,Sumber Air A,5
ALVIN-2026-01071,2026-09-18 08:03:34.000,657.39,5.92,2.1913,1.9746,2.083,32.44,High Risk,Botol Sampel D,Sumber Air D,5
ALVIN-2026-01072,2026-09-18 08:03:34.200,624.9,11.08,2.083,3.6943,2.8886,25.72,High Risk,Botol Sampel D,Sumber Air D,5
ALVIN-2026-01073,2026-09-18 08:03:34.400,339.2,3.34,1.1307,1.1118,1.1212,47.14,High Risk,Botol Sampel E,Sumber Air E,5
ALVIN-2026-01074,2026-09-18 08:03:34.600,80.09,0.36,0.267,0.1205,0.1938,83.77,Moderate Risk,Botol Sampel B,Sumber Air B,5
ALVIN-2026-01075,2026-09-18 08:03:34.800,222.84,1.65,0.7428,0.5501,0.6464,60.74,Moderate Risk,Botol Sampel C,Sumber Air C,5
ALVIN-2026-01076,2026-09-18 08:03:35.000,664.23,10.8,2.2141,3.6011,2.9076,25.59,High Risk,Botol Sampel D,Sumber Air D,5
ALVIN-2026-01077,2026-09-18 08:03:35.200,364.36,3.97,1.2145,1.323,1.2687,44.08,High Risk,Botol Sampel D,Sumber Air D,5
ALVIN-2026-01078,2026-09-18 08:03:35.400,93.94,0.62,0.3131,0.2064,0.2598,79.38,Low Risk,Botol Sampel A,Sumber Air A,5
ALVIN-2026-01079,2026-09-18 08:03:35.600,697.75,5.0,2.3258,1.6664,1.9961,33.38,High Risk,Botol Sampel E,Sumber Air E,5
ALVIN-2026-01080,2026-09-18 08:03:35.800,812.87,7.88,2.7096,2.6283,2.6689,27.26,High Risk,Botol Sampel E,Sumber Air E,5
ALVIN-2026-01081,2026-09-18 08:03:36.000,91.65,0.96,0.3055,0.3192,0.3124,76.2,Low Risk,Botol Sampel A,Sumber Air A,5
ALVIN-2026-01082,2026-09-18 08:03:36.200,403.97,4.25,1.3466,1.4167,1.3816,41.99,High Risk,Botol Sampel E,Sumber Air E,5
ALVIN-2026-01083,2026-09-18 08:03:36.400,677.72,4.63,2.2591,1.5431,1.9011,34.47,High Risk,Botol Sampel E,Sumber Air E,5
ALVIN-2026-01084,2026-09-18 08:03:36.600,93.25,0.71,0.3108,0.2375,0.2742,78.48,Moderate Risk,Botol Sampel B,Sumber Air B,5
ALVIN-2026-01085,2026-09-18 08:03:36.800,227.57,1.48,0.7586,0.495,0.6268,61.47,Moderate Risk,Botol Sampel C,Sumber Air C,5
ALVIN-2026-01086,2026-09-18 08:03:37.000,255.3,2.24,0.851,0.7456,0.7983,55.61,Moderate Risk,Botol Sampel C,Sumber Air C,5
ALVIN-2026-01087,2026-09-18 08:03:37.200,711.13,8.52,2.3704,2.8395,2.605,27.74,High Risk,Botol Sampel D,Sumber Air D,5
ALVIN-2026-01088,2026-09-18 08:03:37.400,280.0,2.83,0.9333,0.9424,0.9378,51.6,Moderate Risk,Botol Sampel B,Sumber Air B,5
ALVIN-2026-01089,2026-09-18 08:03:37.600,712.34,6.64,2.3745,2.214,2.2942,30.36,High Risk,Botol Sampel E,Sumber Air E,5
ALVIN-2026-01090,2026-09-18 08:03:37.800,378.44,2.2,1.2615,0.7333,0.9974,50.07,High Risk,Botol Sampel E,Sumber Air E,5
ALVIN-2026-01091,2026-09-18 08:03:38.000,322.9,4.04,1.0763,1.3479,1.2121,45.21,High Risk,Botol Sampel E,Sumber Air E,5
ALVIN-2026-01092,2026-09-18 08:03:38.200,336.49,3.5,1.1216,1.1651,1.1433,46.66,High Risk,Botol Sampel E,Sumber Air E,5
ALVIN-2026-01093,2026-09-18 08:03:38.400,777.86,8.16,2.5929,2.72,2.6565,27.35,High Risk,Botol Sampel E,Sumber Air E,5
ALVIN-2026-01094,2026-09-18 08:03:38.600,685.06,7.14,2.2835,2.3786,2.3311,30.02,High Risk,Botol Sampel E,Sumber Air E,5
ALVIN-2026-01095,2026-09-18 08:03:38.800,87.16,0.43,0.2905,0.1429,0.2167,82.19,Low Risk,Botol Sampel A,Sumber Air A,5
ALVIN-2026-01096,2026-09-18 08:03:39.000,462.89,3.07,1.543,1.0242,1.2836,43.79,High Risk,Botol Sampel E,Sumber Air E,5
ALVIN-2026-01097,2026-09-18 08:03:39.200,422.82,8.14,1.4094,2.7143,2.0619,32.66,High Risk,Botol Sampel D,Sumber Air D,5
ALVIN-2026-01098,2026-09-18 08:03:39.400,400.39,4.37,1.3346,1.457,1.3958,41.74,High Risk,Botol Sampel E,Sumber Air E,5
ALVIN-2026-01099,2026-09-18 08:03:39.600,69.06,0.86,0.2302,0.2862,0.2582,79.48,Low Risk,Botol Sampel A,Sumber Air A,5
ALVIN-2026-01100,2026-09-18 08:03:39.800,339.54,3.71,1.1318,1.2372,1.1845,45.78,High Risk,Botol Sampel E,Sumber Air E,5
ALVIN-2026-01101,2026-09-18 08:03:40.000,730.77,6.5,2.4359,2.1682,2.3021,30.28,High Risk,Botol Sampel D,Sumber Air D,5
ALVIN-2026-01102,2026-09-18 08:03:40.200,225.04,1.38,0.7501,0.459,0.6046,62.32,Moderate Risk,Botol Sampel B,Sumber Air B,5
ALVIN-2026-01103,2026-09-18 08:03:40.400,601.62,9.44,2.0054,3.1453,2.5754,27.97,High Risk,Botol Sampel E,Sumber Air E,5
ALVIN-2026-01104,2026-09-18 08:03:40.600,197.94,1.47,0.6598,0.4905,0.5752,63.48,Moderate Risk,Botol Sampel C,Sumber Air C,5
ALVIN-2026-01105,2026-09-18 08:03:40.800,205.82,2.2,0.6861,0.7336,0.7099,58.48,Moderate Risk,Botol Sampel C,Sumber Air C,5
ALVIN-2026-01106,2026-09-18 08:03:41.000,203.12,1.94,0.6771,0.6477,0.6624,60.15,Moderate Risk,Botol Sampel C,Sumber Air C,5
ALVIN-2026-01107,2026-09-18 08:03:41.200,690.25,7.64,2.3008,2.5475,2.4242,29.2,High Risk,Botol Sampel D,Sumber Air D,5
ALVIN-2026-01108,2026-09-18 08:03:41.400,623.92,7.42,2.0797,2.4735,2.2766,30.52,High Risk,Botol Sampel E,Sumber Air E,5
ALVIN-2026-01109,2026-09-18 08:03:41.600,689.3,7.68,2.2977,2.5604,2.429,29.16,High Risk,Botol Sampel E,Sumber Air E,5
ALVIN-2026-01110,2026-09-18 08:03:41.800,193.45,1.5,0.6448,0.501,0.5729,63.58,Moderate Risk,Botol Sampel B,Sumber Air B,5
ALVIN-2026-01111,2026-09-18 08:03:42.000,81.35,0.89,0.2712,0.2965,0.2838,77.89,Low Risk,Botol Sampel A,Sumber Air A,5
ALVIN-2026-01112,2026-09-18 08:03:42.200,385.65,3.16,1.2855,1.0547,1.1701,46.08,High Risk,Botol Sampel D,Sumber Air D,5
ALVIN-2026-01113,2026-09-18 08:03:42.400,399.67,4.6,1.3322,1.5318,1.432,41.12,High Risk,Botol Sampel E,Sumber Air E,5
ALVIN-2026-01114,2026-09-18 08:03:42.600,814.81,5.62,2.716,1.8739,2.295,30.35,High Risk,Botol Sampel E,Sumber Air E,5
ALVIN-2026-01115,2026-09-18 08:03:42.800,317.86,3.92,1.0595,1.3057,1.1826,45.82,High Risk,Botol Sampel D,Sumber Air D,5
ALVIN-2026-01116,2026-09-18 08:03:43.000,815.5,10.54,2.7183,3.5123,3.1153,24.3,High Risk,Botol Sampel E,Sumber Air E,5
ALVIN-2026-01117,2026-09-18 08:03:43.200,649.99,8.17,2.1666,2.7246,2.4456,29.02,High Risk,Botol Sampel D,Sumber Air D,5
ALVIN-2026-01118,2026-09-18 08:03:43.400,92.87,0.74,0.3096,0.2462,0.2779,78.25,Low Risk,Botol Sampel A,Sumber Air A,5
ALVIN-2026-01119,2026-09-18 08:03:43.600,222.05,1.96,0.7402,0.6524,0.6963,58.95,Moderate Risk,Botol Sampel B,Sumber Air B,5
ALVIN-2026-01120,2026-09-18 08:03:43.800,128.74,0.51,0.4291,0.1702,0.2996,76.95,Moderate Risk,Botol Sampel C,Sumber Air C,5
ALVIN-2026-01121,2026-09-18 08:03:44.000,698.46,7.05,2.3282,2.3512,2.3397,29.94,High Risk,Botol Sampel D,Sumber Air D,5
ALVIN-2026-01122,2026-09-18 08:03:44.200,320.02,3.97,1.0667,1.3246,1.1957,45.54,High Risk,Botol Sampel D,Sumber Air D,5
ALVIN-2026-01123,2026-09-18 08:03:44.400,355.02,3.52,1.1834,1.1741,1.1788,45.9,High Risk,Botol Sampel D,Sumber Air D,5
ALVIN-2026-01124,2026-09-18 08:03:44.600,129.08,0.56,0.4303,0.1873,0.3088,76.41,Moderate Risk,Botol Sampel C,Sumber Air C,5
ALVIN-2026-01125,2026-09-18 08:03:44.800,209.27,1.09,0.6976,0.3632,0.5304,65.34,Moderate Risk,Botol Sampel C,Sumber Air C,5
ALVIN-2026-01126,2026-09-18 08:03:45.000,314.56,3.55,1.0485,1.1849,1.1167,47.24,High Risk,Botol Sampel D,Sumber Air D,5
ALVIN-2026-01127,2026-09-18 08:03:45.200,705.79,7.62,2.3526,2.5389,2.4458,29.02,High Risk,Botol Sampel E,Sumber Air E,5
ALVIN-2026-01128,2026-09-18 08:03:45.400,242.36,1.0,0.8079,0.3333,0.5706,63.67,Moderate Risk,Botol Sampel B,Sumber Air B,5
ALVIN-2026-01129,2026-09-18 08:03:45.600,391.65,4.62,1.3055,1.5402,1.4228,41.27,High Risk,Botol Sampel D,Sumber Air D,5
ALVIN-2026-01130,2026-09-18 08:03:45.800,252.84,1.8,0.8428,0.6,0.7214,58.09,Moderate Risk,Botol Sampel C,Sumber Air C,5
ALVIN-2026-01131,2026-09-18 08:03:46.000,497.57,6.48,1.6586,2.1614,1.91,34.36,High Risk,Botol Sampel E,Sumber Air E,5
ALVIN-2026-01132,2026-09-18 08:03:46.200,186.25,2.36,0.6208,0.7864,0.7036,58.7,Moderate Risk,Botol Sampel C,Sumber Air C,5
ALVIN-2026-01133,2026-09-18 08:03:46.400,107.96,0.58,0.3599,0.194,0.277,78.31,Low Risk,Botol Sampel A,Sumber Air A,5
ALVIN-2026-01134,2026-09-18 08:03:46.600,280.0,3.54,0.9333,1.1814,1.0574,48.61,High Risk,Botol Sampel D,Sumber Air D,5
ALVIN-2026-01135,2026-09-18 08:03:46.800,119.85,0.49,0.3995,0.1617,0.2806,78.09,Moderate Risk,Botol Sampel B,Sumber Air B,5
ALVIN-2026-01136,2026-09-18 08:03:47.000,837.81,5.81,2.7927,1.9358,2.3643,29.72,High Risk,Botol Sampel D,Sumber Air D,5
ALVIN-2026-01137,2026-09-18 08:03:47.200,130.12,0.63,0.4337,0.2115,0.3226,75.61,Low Risk,Botol Sampel A,Sumber Air A,5
ALVIN-2026-01138,2026-09-18 08:03:47.400,96.89,1.19,0.323,0.3982,0.3606,73.5,Low Risk,Botol Sampel A,Sumber Air A,5
ALVIN-2026-01139,2026-09-18 08:03:47.600,218.6,1.96,0.7287,0.653,0.6908,59.14,Moderate Risk,Botol Sampel C,Sumber Air C,5
ALVIN-2026-01140,2026-09-18 08:03:47.800,342.58,3.82,1.1419,1.2726,1.2072,45.31,High Risk,Botol Sampel E,Sumber Air E,5
ALVIN-2026-01141,2026-09-18 08:03:48.000,200.58,1.49,0.6686,0.4954,0.582,63.21,Moderate Risk,Botol Sampel B,Sumber Air B,5
ALVIN-2026-01142,2026-09-18 08:03:48.200,701.24,7.47,2.3375,2.4893,2.4134,29.3,High Risk,Botol Sampel E,Sumber Air E,5
ALVIN-2026-01143,2026-09-18 08:03:48.400,226.06,1.41,0.7535,0.4708,0.6122,62.03,Moderate Risk,Botol Sampel C,Sumber Air C,5
ALVIN-2026-01144,2026-09-18 08:03:48.600,297.55,3.96,0.9918,1.3187,1.1553,46.4,High Risk,Botol Sampel E,Sumber Air E,5
ALVIN-2026-01145,2026-09-18 08:03:48.800,338.13,3.3,1.1271,1.0998,1.1134,47.32,High Risk,Botol Sampel E,Sumber Air E,5
ALVIN-2026-01146,2026-09-18 08:03:49.000,112.5,0.1,0.375,0.0333,0.2042,83.04,Low Risk,Botol Sampel A,Sumber Air A,5
ALVIN-2026-01147,2026-09-18 08:03:49.200,120.32,0.51,0.4011,0.1684,0.2848,77.83,Low Risk,Botol Sampel A,Sumber Air A,5
ALVIN-2026-01148,2026-09-18 08:03:49.400,807.59,8.63,2.692,2.8768,2.7844,26.42,High Risk,Botol Sampel D,Sumber Air D,5
ALVIN-2026-01149,2026-09-18 08:03:49.600,339.81,3.65,1.1327,1.2163,1.1745,45.99,High Risk,Botol Sampel E,Sumber Air E,5
ALVIN-2026-01150,2026-09-18 08:03:49.800,321.14,2.76,1.0705,0.9186,0.9946,50.14,High Risk,Botol Sampel D,Sumber Air D,5
ALVIN-2026-01151,2026-09-18 08:03:50.000,86.21,0.49,0.2874,0.1622,0.2248,81.65,Low Risk,Botol Sampel A,Sumber Air A,5
ALVIN-2026-01152,2026-09-18 08:03:50.200,356.61,4.27,1.1887,1.4221,1.3054,43.38,High Risk,Botol Sampel D,Sumber Air D,5
ALVIN-2026-01153,2026-09-18 08:03:50.400,116.19,0.43,0.3873,0.1445,0.2659,79.0,Low Risk,Botol Sampel A,Sumber Air A,5
ALVIN-2026-01154,2026-09-18 08:03:50.600,134.85,0.63,0.4495,0.2103,0.3299,75.19,Moderate Risk,Botol Sampel B,Sumber Air B,5
ALVIN-2026-01155,2026-09-18 08:03:50.800,377.23,3.85,1.2574,1.2833,1.2704,44.05,High Risk,Botol Sampel E,Sumber Air E,5
ALVIN-2026-01156,2026-09-18 08:03:51.000,671.3,8.11,2.2377,2.7026,2.4702,28.82,High Risk,Botol Sampel E,Sumber Air E,5
ALVIN-2026-01157,2026-09-18 08:03:51.200,332.9,3.6,1.1097,1.1993,1.1545,46.41,High Risk,Botol Sampel D,Sumber Air D,5
ALVIN-2026-01158,2026-09-18 08:03:51.400,139.24,0.33,0.4641,0.1116,0.2878,77.65,Low Risk,Botol Sampel A,Sumber Air A,5
ALVIN-2026-01159,2026-09-18 08:03:51.600,121.14,0.54,0.4038,0.1786,0.2912,77.45,Low Risk,Botol Sampel A,Sumber Air A,5
ALVIN-2026-01160,2026-09-18 08:03:51.800,122.12,0.87,0.4071,0.2915,0.3493,74.11,Low Risk,Botol Sampel A,Sumber Air A,5
ALVIN-2026-01161,2026-09-18 08:03:52.000,127.46,0.64,0.4249,0.2126,0.3188,75.83,Low Risk,Botol Sampel A,Sumber Air A,5
ALVIN-2026-01162,2026-09-18 08:03:52.200,236.26,2.81,0.7875,0.9378,0.8626,53.69,Moderate Risk,Botol Sampel C,Sumber Air C,5
ALVIN-2026-01163,2026-09-18 08:03:52.400,284.07,1.02,0.9469,0.3384,0.6426,60.88,Moderate Risk,Botol Sampel B,Sumber Air B,5
ALVIN-2026-01164,2026-09-18 08:03:52.600,220.6,1.5,0.7353,0.5006,0.618,61.8,Moderate Risk,Botol Sampel C,Sumber Air C,5
ALVIN-2026-01165,2026-09-18 08:03:52.800,161.98,1.78,0.5399,0.5929,0.5664,63.84,Moderate Risk,Botol Sampel B,Sumber Air B,5
ALVIN-2026-01166,2026-09-18 08:03:53.000,324.68,4.34,1.0823,1.4454,1.2639,44.17,High Risk,Botol Sampel E,Sumber Air E,5
ALVIN-2026-01167,2026-09-18 08:03:53.200,729.76,8.14,2.4325,2.7145,2.5735,27.98,High Risk,Botol Sampel E,Sumber Air E,5
ALVIN-2026-01168,2026-09-18 08:03:53.400,146.95,1.49,0.4898,0.4981,0.494,66.93,Low Risk,Botol Sampel A,Sumber Air A,5
ALVIN-2026-01169,2026-09-18 08:03:53.600,129.03,0.32,0.4301,0.1071,0.2686,78.83,Low Risk,Botol Sampel A,Sumber Air A,5
ALVIN-2026-01170,2026-09-18 08:03:53.800,659.11,6.55,2.197,2.1828,2.1899,31.35,High Risk,Botol Sampel E,Sumber Air E,5
ALVIN-2026-01171,2026-09-18 08:03:54.000,584.48,8.68,1.9483,2.8923,2.4203,29.24,High Risk,Botol Sampel E,Sumber Air E,5
ALVIN-2026-01172,2026-09-18 08:03:54.200,234.17,2.34,0.7806,0.7787,0.7796,56.19,Moderate Risk,Botol Sampel C,Sumber Air C,5
ALVIN-2026-01173,2026-09-18 08:03:54.400,126.13,0.75,0.4204,0.2488,0.3346,74.93,Low Risk,Botol Sampel A,Sumber Air A,5
ALVIN-2026-01174,2026-09-18 08:03:54.600,727.76,4.59,2.4259,1.5299,1.9779,33.58,High Risk,Botol Sampel D,Sumber Air D,5
ALVIN-2026-01175,2026-09-18 08:03:54.800,236.93,1.84,0.7898,0.6118,0.7008,58.8,Moderate Risk,Botol Sampel B,Sumber Air B,5
ALVIN-2026-01176,2026-09-18 08:03:55.000,132.1,1.05,0.4403,0.3494,0.3949,71.69,Low Risk,Botol Sampel A,Sumber Air A,5
ALVIN-2026-01177,2026-09-18 08:03:55.200,412.37,2.68,1.3746,0.8937,1.1342,46.86,High Risk,Botol Sampel E,Sumber Air E,5
ALVIN-2026-01178,2026-09-18 08:03:55.400,105.06,0.33,0.3502,0.1083,0.2292,81.35,Low Risk,Botol Sampel A,Sumber Air A,5
ALVIN-2026-01179,2026-09-18 08:03:55.600,240.24,2.06,0.8008,0.6881,0.7445,57.32,Moderate Risk,Botol Sampel B,Sumber Air B,5
ALVIN-2026-01180,2026-09-18 08:03:55.800,89.5,0.54,0.2983,0.1804,0.2394,80.68,Low Risk,Botol Sampel A,Sumber Air A,5
ALVIN-2026-01181,2026-09-18 08:03:56.000,307.51,3.08,1.025,1.0255,1.0252,49.38,High Risk,Botol Sampel E,Sumber Air E,5
ALVIN-2026-01182,2026-09-18 08:03:56.200,817.23,6.3,2.7241,2.1006,2.4124,29.3,High Risk,Botol Sampel D,Sumber Air D,5
ALVIN-2026-01183,2026-09-18 08:03:56.400,315.85,2.81,1.0528,0.9377,0.9952,50.12,High Risk,Botol Sampel D,Sumber Air D,5
ALVIN-2026-01184,2026-09-18 08:03:56.600,183.41,2.09,0.6114,0.698,0.6547,60.43,Moderate Risk,Botol Sampel C,Sumber Air C,5
ALVIN-2026-01185,2026-09-18 08:03:56.800,316.88,5.1,1.0563,1.6992,1.3778,42.06,High Risk,Botol Sampel E,Sumber Air E,5
ALVIN-2026-01186,2026-09-18 08:03:57.000,432.35,3.09,1.4412,1.0299,1.2356,44.73,High Risk,Botol Sampel E,Sumber Air E,5
ALVIN-2026-01187,2026-09-18 08:03:57.200,103.35,0.73,0.3445,0.2422,0.2934,77.32,Moderate Risk,Botol Sampel B,Sumber Air B,5
ALVIN-2026-01188,2026-09-18 08:03:57.400,280.34,2.03,0.9345,0.6779,0.8062,55.36,Moderate Risk,Botol Sampel B,Sumber Air B,5
ALVIN-2026-01189,2026-09-18 08:03:57.600,255.54,1.79,0.8518,0.5969,0.7244,57.99,Moderate Risk,Botol Sampel B,Sumber Air B,5
ALVIN-2026-01190,2026-09-18 08:03:57.800,96.05,0.54,0.3202,0.1795,0.2498,80.01,Low Risk,Botol Sampel A,Sumber Air A,5
ALVIN-2026-01191,2026-09-18 08:03:58.000,683.11,7.45,2.277,2.482,2.3795,29.59,High Risk,Botol Sampel D,Sumber Air D,5
ALVIN-2026-01192,2026-09-18 08:03:58.200,334.45,4.06,1.1148,1.3518,1.2333,44.78,High Risk,Botol Sampel E,Sumber Air E,5
ALVIN-2026-01193,2026-09-18 08:03:58.400,128.29,0.58,0.4276,0.193,0.3103,76.32,Moderate Risk,Botol Sampel C,Sumber Air C,5
ALVIN-2026-01194,2026-09-18 08:03:58.600,132.62,0.62,0.4421,0.2076,0.3248,75.48,Low Risk,Botol Sampel A,Sumber Air A,5
ALVIN-2026-01195,2026-09-18 08:03:58.800,280.8,2.74,0.936,0.914,0.925,51.95,Moderate Risk,Botol Sampel B,Sumber Air B,5
ALVIN-2026-01196,2026-09-18 08:03:59.000,359.05,3.09,1.1968,1.0285,1.1126,47.34,High Risk,Botol Sampel D,Sumber Air D,5
ALVIN-2026-01197,2026-09-18 08:03:59.200,183.63,1.91,0.6121,0.6352,0.6236,61.59,Moderate Risk,Botol Sampel B,Sumber Air B,5
ALVIN-2026-01198,2026-09-18 08:03:59.400,566.19,6.17,1.8873,2.0571,1.9722,33.65,High Risk,Botol Sampel D,Sumber Air D,5
ALVIN-2026-01199,2026-09-18 08:03:59.600,74.54,0.79,0.2485,0.2639,0.2562,79.61,Low Risk,Botol Sampel A,Sumber Air A,5
ALVIN-2026-01200,2026-09-18 08:03:59.800,90.92,0.58,0.3031,0.1937,0.2484,80.1,Low Risk,Botol Sampel A,Sumber Air A,5
ALVIN-2026-01201,2026-09-18 08:04:00.000,276.62,1.84,0.9221,0.6127,0.7674,56.58,Moderate Risk,Botol Sampel C,Sumber Air C,5
ALVIN-2026-01202,2026-09-18 08:04:00.200,280.0,3.84,0.9333,1.2787,1.106,47.48,High Risk,Botol Sampel E,Sumber Air E,5
ALVIN-2026-01203,2026-09-18 08:04:00.400,377.67,3.23,1.2589,1.0754,1.1672,46.14,High Risk,Botol Sampel E,Sumber Air E,5
ALVIN-2026-01204,2026-09-18 08:04:00.600,70.77,1.05,0.2359,0.3487,0.2923,77.38,Low Risk,Botol Sampel A,Sumber Air A,5
ALVIN-2026-01205,2026-09-18 08:04:00.800,362.29,3.92,1.2076,1.3072,1.2574,44.3,High Risk,Botol Sampel E,Sumber Air E,5
ALVIN-2026-01206,2026-09-18 08:04:01.000,535.93,5.12,1.7864,1.7059,1.7462,36.41,High Risk,Botol Sampel D,Sumber Air D,5
ALVIN-2026-01207,2026-09-18 08:04:01.200,827.0,7.27,2.7567,2.4232,2.59,27.86,High Risk,Botol Sampel E,Sumber Air E,5
ALVIN-2026-01208,2026-09-18 08:04:01.400,645.32,10.07,2.1511,3.3565,2.7538,26.64,High Risk,Botol Sampel D,Sumber Air D,5
ALVIN-2026-01209,2026-09-18 08:04:01.600,229.97,2.06,0.7666,0.6878,0.7272,57.9,Moderate Risk,Botol Sampel C,Sumber Air C,5
ALVIN-2026-01210,2026-09-18 08:04:01.800,83.24,0.65,0.2775,0.2159,0.2467,80.21,Low Risk,Botol Sampel A,Sumber Air A,5
ALVIN-2026-01211,2026-09-18 08:04:02.000,85.03,0.34,0.2834,0.1117,0.1976,83.5,Low Risk,Botol Sampel A,Sumber Air A,5
ALVIN-2026-01212,2026-09-18 08:04:02.200,362.01,4.68,1.2067,1.5612,1.384,41.95,High Risk,Botol Sampel E,Sumber Air E,5
ALVIN-2026-01213,2026-09-18 08:04:02.400,243.35,2.03,0.8112,0.6772,0.7442,57.33,Moderate Risk,Botol Sampel C,Sumber Air C,5
ALVIN-2026-01214,2026-09-18 08:04:02.600,219.54,2.62,0.7318,0.8746,0.8032,55.46,Moderate Risk,Botol Sampel B,Sumber Air B,5
ALVIN-2026-01215,2026-09-18 08:04:02.800,120.67,0.78,0.4022,0.26,0.3311,75.13,Low Risk,Botol Sampel A,Sumber Air A,5
ALVIN-2026-01216,2026-09-18 08:04:03.000,679.9,4.5,2.2663,1.5,1.8832,34.68,High Risk,Botol Sampel E,Sumber Air E,5
ALVIN-2026-01217,2026-09-18 08:04:03.200,603.32,7.82,2.0111,2.6076,2.3094,30.22,High Risk,Botol Sampel D,Sumber Air D,5
ALVIN-2026-01218,2026-09-18 08:04:03.400,121.51,0.37,0.405,0.1237,0.2644,79.09,Low Risk,Botol Sampel A,Sumber Air A,5
ALVIN-2026-01219,2026-09-18 08:04:03.600,325.09,4.42,1.0836,1.4721,1.2778,43.9,High Risk,Botol Sampel E,Sumber Air E,5
ALVIN-2026-01220,2026-09-18 08:04:03.800,511.11,5.89,1.7037,1.9622,1.833,35.3,High Risk,Botol Sampel E,Sumber Air E,5
ALVIN-2026-01221,2026-09-18 08:04:04.000,464.01,3.23,1.5467,1.0762,1.3114,43.26,High Risk,Botol Sampel D,Sumber Air D,5
ALVIN-2026-01222,2026-09-18 08:04:04.200,399.47,3.54,1.3316,1.1815,1.2565,44.32,High Risk,Botol Sampel E,Sumber Air E,5
ALVIN-2026-01223,2026-09-18 08:04:04.400,231.12,1.84,0.7704,0.6125,0.6914,59.12,Moderate Risk,Botol Sampel B,Sumber Air B,5
ALVIN-2026-01224,2026-09-18 08:04:04.600,93.2,0.87,0.3107,0.2908,0.3007,76.88,Moderate Risk,Botol Sampel C,Sumber Air C,5
ALVIN-2026-01225,2026-09-18 08:04:04.800,190.51,1.73,0.635,0.5766,0.6058,62.27,Moderate Risk,Botol Sampel C,Sumber Air C,5
ALVIN-2026-01226,2026-09-18 08:04:05.000,84.46,0.77,0.2815,0.2558,0.2686,78.83,Moderate Risk,Botol Sampel B,Sumber Air B,5
ALVIN-2026-01227,2026-09-18 08:04:05.200,190.94,2.12,0.6365,0.7061,0.6713,59.83,Moderate Risk,Botol Sampel C,Sumber Air C,5
ALVIN-2026-01228,2026-09-18 08:04:05.400,401.04,4.5,1.3368,1.4992,1.418,41.36,High Risk,Botol Sampel E,Sumber Air E,5
ALVIN-2026-01229,2026-09-18 08:04:05.600,291.94,3.4,0.9731,1.1331,1.0531,48.71,High Risk,Botol Sampel D,Sumber Air D,5
ALVIN-2026-01230,2026-09-18 08:04:05.800,377.67,4.13,1.2589,1.3772,1.318,43.14,High Risk,Botol Sampel D,Sumber Air D,5
ALVIN-2026-01231,2026-09-18 08:04:06.000,74.73,0.47,0.2491,0.1556,0.2023,83.17,Low Risk,Botol Sampel A,Sumber Air A,5
ALVIN-2026-01232,2026-09-18 08:04:06.200,71.28,0.45,0.2376,0.1502,0.1939,83.76,Low Risk,Botol Sampel A,Sumber Air A,5
ALVIN-2026-01233,2026-09-18 08:04:06.400,85.51,0.72,0.285,0.2414,0.2632,79.16,Low Risk,Botol Sampel A,Sumber Air A,5
ALVIN-2026-01234,2026-09-18 08:04:06.600,296.41,3.81,0.988,1.2714,1.1297,46.95,High Risk,Botol Sampel E,Sumber Air E,5
ALVIN-2026-01235,2026-09-18 08:04:06.800,99.26,1.21,0.3309,0.4018,0.3664,73.19,Low Risk,Botol Sampel A,Sumber Air A,5
ALVIN-2026-01236,2026-09-18 08:04:07.000,225.02,1.74,0.7501,0.581,0.6656,60.04,Moderate Risk,Botol Sampel B,Sumber Air B,5
ALVIN-2026-01237,2026-09-18 08:04:07.200,253.99,1.59,0.8466,0.5296,0.6881,59.24,Moderate Risk,Botol Sampel B,Sumber Air B,5
ALVIN-2026-01238,2026-09-18 08:04:07.400,132.91,0.1,0.443,0.0346,0.2388,80.72,Low Risk,Botol Sampel A,Sumber Air A,5
ALVIN-2026-01239,2026-09-18 08:04:07.600,400.0,6.73,1.3333,2.2447,1.789,35.86,High Risk,Botol Sampel D,Sumber Air D,5
ALVIN-2026-01240,2026-09-18 08:04:07.800,235.41,1.93,0.7847,0.6433,0.714,58.34,Moderate Risk,Botol Sampel B,Sumber Air B,5
ALVIN-2026-01241,2026-09-18 08:04:08.000,159.35,1.44,0.5312,0.4806,0.5059,66.41,Moderate Risk,Botol Sampel C,Sumber Air C,5
ALVIN-2026-01242,2026-09-18 08:04:08.200,345.93,2.62,1.1531,0.8744,1.0138,49.66,High Risk,Botol Sampel D,Sumber Air D,5
ALVIN-2026-01243,2026-09-18 08:04:08.400,91.19,0.35,0.304,0.1178,0.2109,82.58,Low Risk,Botol Sampel A,Sumber Air A,5
ALVIN-2026-01244,2026-09-18 08:04:08.600,316.69,3.46,1.0556,1.1549,1.1052,47.5,High Risk,Botol Sampel D,Sumber Air D,5
ALVIN-2026-01245,2026-09-18 08:04:08.800,691.97,4.5,2.3066,1.5,1.9033,34.44,High Risk,Botol Sampel D,Sumber Air D,5
ALVIN-2026-01246,2026-09-18 08:04:09.000,776.1,6.2,2.587,2.0663,2.3266,30.06,High Risk,Botol Sampel D,Sumber Air D,5
ALVIN-2026-01247,2026-09-18 08:04:09.200,157.0,1.79,0.5233,0.5975,0.5604,64.09,Moderate Risk,Botol Sampel B,Sumber Air B,5
ALVIN-2026-01248,2026-09-18 08:04:09.400,109.16,0.29,0.3639,0.0969,0.2304,81.27,Low Risk,Botol Sampel A,Sumber Air A,5
ALVIN-2026-01249,2026-09-18 08:04:09.600,537.74,7.08,1.7925,2.3589,2.0757,32.51,High Risk,Botol Sampel D,Sumber Air D,5
ALVIN-2026-01250,2026-09-18 08:04:09.800,228.98,1.78,0.7633,0.594,0.6786,59.57,Moderate Risk,Botol Sampel B,Sumber Air B,5
ALVIN-2026-01251,2026-09-18 08:04:10.000,107.57,0.3,0.3586,0.1006,0.2296,81.33,Low Risk,Botol Sampel A,Sumber Air A,5
ALVIN-2026-01252,2026-09-18 08:04:10.200,120.67,0.31,0.4022,0.1048,0.2535,79.78,Low Risk,Botol Sampel A,Sumber Air A,5
ALVIN-2026-01253,2026-09-18 08:04:10.400,223.78,1.17,0.7459,0.3895,0.5677,63.79,Moderate Risk,Botol Sampel C,Sumber Air C,5
ALVIN-2026-01254,2026-09-18 08:04:10.600,73.38,0.64,0.2446,0.2129,0.2288,81.38,Low Risk,Botol Sampel A,Sumber Air A,5
ALVIN-2026-01255,2026-09-18 08:04:10.800,318.53,4.71,1.0618,1.57,1.3159,43.18,High Risk,Botol Sampel D,Sumber Air D,5
ALVIN-2026-01256,2026-09-18 08:04:11.000,188.91,1.31,0.6297,0.4371,0.5334,65.21,Moderate Risk,Botol Sampel B,Sumber Air B,5
ALVIN-2026-01257,2026-09-18 08:04:11.200,85.58,0.88,0.2853,0.2941,0.2897,77.54,Moderate Risk,Botol Sampel C,Sumber Air C,5
ALVIN-2026-01258,2026-09-18 08:04:11.400,763.55,5.0,2.5452,1.6653,2.1052,32.2,High Risk,Botol Sampel D,Sumber Air D,5
ALVIN-2026-01259,2026-09-18 08:04:11.600,531.74,8.64,1.7725,2.8815,2.327,30.06,High Risk,Botol Sampel D,Sumber Air D,5
ALVIN-2026-01260,2026-09-18 08:04:11.800,240.36,1.71,0.8012,0.5695,0.6854,59.33,Moderate Risk,Botol Sampel C,Sumber Air C,5
ALVIN-2026-01261,2026-09-18 08:04:12.000,246.95,1.66,0.8232,0.5518,0.6875,59.26,Moderate Risk,Botol Sampel B,Sumber Air B,5
ALVIN-2026-01262,2026-09-18 08:04:12.200,356.86,4.25,1.1895,1.4151,1.3023,43.43,High Risk,Botol Sampel D,Sumber Air D,5
ALVIN-2026-01263,2026-09-18 08:04:12.400,55.44,0.63,0.1848,0.2087,0.1967,83.56,Low Risk,Botol Sampel A,Sumber Air A,5
ALVIN-2026-01264,2026-09-18 08:04:12.600,627.35,9.72,2.0912,3.241,2.6661,27.28,High Risk,Botol Sampel D,Sumber Air D,5
ALVIN-2026-01265,2026-09-18 08:04:12.800,204.14,2.17,0.6805,0.7234,0.702,58.75,Moderate Risk,Botol Sampel B,Sumber Air B,5
ALVIN-2026-01266,2026-09-18 08:04:13.000,226.82,2.48,0.7561,0.8283,0.7922,55.8,Moderate Risk,Botol Sampel B,Sumber Air B,5
ALVIN-2026-01267,2026-09-18 08:04:13.200,232.7,2.05,0.7757,0.6823,0.729,57.84,Moderate Risk,Botol Sampel C,Sumber Air C,5
ALVIN-2026-01268,2026-09-18 08:04:13.400,110.48,0.54,0.3683,0.1788,0.2736,78.52,Low Risk,Botol Sampel A,Sumber Air A,5
ALVIN-2026-01269,2026-09-18 08:04:13.600,307.68,4.33,1.0256,1.4444,1.235,44.74,High Risk,Botol Sampel D,Sumber Air D,5
ALVIN-2026-01270,2026-09-18 08:04:13.800,337.68,3.31,1.1256,1.1028,1.1142,47.3,High Risk,Botol Sampel E,Sumber Air E,5
ALVIN-2026-01271,2026-09-18 08:04:14.000,280.0,2.87,0.9333,0.9551,0.9442,51.44,Moderate Risk,Botol Sampel B,Sumber Air B,5
ALVIN-2026-01272,2026-09-18 08:04:14.200,465.0,8.89,1.55,2.9629,2.2564,30.71,High Risk,Botol Sampel D,Sumber Air D,5
ALVIN-2026-01273,2026-09-18 08:04:14.400,114.4,1.13,0.3813,0.3753,0.3783,72.55,Low Risk,Botol Sampel A,Sumber Air A,5
ALVIN-2026-01274,2026-09-18 08:04:14.600,672.9,8.61,2.243,2.8689,2.556,28.12,High Risk,Botol Sampel E,Sumber Air E,5
ALVIN-2026-01275,2026-09-18 08:04:14.800,731.93,6.89,2.4398,2.2952,2.3675,29.7,High Risk,Botol Sampel D,Sumber Air D,5
ALVIN-2026-01276,2026-09-18 08:04:15.000,199.54,2.07,0.6651,0.6915,0.6783,59.58,Moderate Risk,Botol Sampel B,Sumber Air B,5
ALVIN-2026-01277,2026-09-18 08:04:15.200,706.6,6.38,2.3553,2.1268,2.241,30.85,High Risk,Botol Sampel E,Sumber Air E,5
ALVIN-2026-01278,2026-09-18 08:04:15.400,337.51,3.88,1.125,1.2921,1.2086,45.28,High Risk,Botol Sampel D,Sumber Air D,5
ALVIN-2026-01279,2026-09-18 08:04:15.600,384.01,3.25,1.28,1.0841,1.182,45.83,High Risk,Botol Sampel D,Sumber Air D,5
ALVIN-2026-01280,2026-09-18 08:04:15.800,148.24,1.49,0.4941,0.4979,0.496,66.84,Moderate Risk,Botol Sampel C,Sumber Air C,5
ALVIN-2026-01281,2026-09-18 08:04:16.000,270.58,1.79,0.9019,0.5964,0.7492,57.17,Moderate Risk,Botol Sampel C,Sumber Air C,5
ALVIN-2026-01282,2026-09-18 08:04:16.200,272.72,2.2,0.9091,0.7326,0.8208,54.92,Moderate Risk,Botol Sampel C,Sumber Air C,5
ALVIN-2026-01283,2026-09-18 08:04:16.400,152.46,1.0,0.5082,0.3333,0.4208,70.38,Moderate Risk,Botol Sampel B,Sumber Air B,5
ALVIN-2026-01284,2026-09-18 08:04:16.600,171.01,2.03,0.57,0.6768,0.6234,61.6,Moderate Risk,Botol Sampel C,Sumber Air C,5
ALVIN-2026-01285,2026-09-18 08:04:16.800,768.72,7.19,2.5624,2.3973,2.4798,28.74,High Risk,Botol Sampel D,Sumber Air D,5
ALVIN-2026-01286,2026-09-18 08:04:17.000,196.71,2.03,0.6557,0.6768,0.6662,60.02,Moderate Risk,Botol Sampel B,Sumber Air B,5
ALVIN-2026-01287,2026-09-18 08:04:17.200,311.03,2.6,1.0368,0.8664,0.9516,51.24,High Risk,Botol Sampel E,Sumber Air E,5
ALVIN-2026-01288,2026-09-18 08:04:17.400,307.71,2.2,1.0257,0.7333,0.8795,53.21,High Risk,Botol Sampel E,Sumber Air E,5
ALVIN-2026-01289,2026-09-18 08:04:17.600,108.41,0.74,0.3614,0.2458,0.3036,76.71,Low Risk,Botol Sampel A,Sumber Air A,5
ALVIN-2026-01290,2026-09-18 08:04:17.800,114.66,1.18,0.3822,0.3946,0.3884,72.03,Low Risk,Botol Sampel A,Sumber Air A,5
ALVIN-2026-01291,2026-09-18 08:04:18.000,462.5,8.93,1.5417,2.9759,2.2588,30.69,High Risk,Botol Sampel D,Sumber Air D,5
ALVIN-2026-01292,2026-09-18 08:04:18.200,93.14,0.97,0.3105,0.3217,0.3161,75.98,Low Risk,Botol Sampel A,Sumber Air A,5
ALVIN-2026-01293,2026-09-18 08:04:18.400,583.08,10.08,1.9436,3.3612,2.6524,27.38,High Risk,Botol Sampel D,Sumber Air D,5
ALVIN-2026-01294,2026-09-18 08:04:18.600,288.39,2.2,0.9613,0.7333,0.8473,54.13,Moderate Risk,Botol Sampel C,Sumber Air C,5
ALVIN-2026-01295,2026-09-18 08:04:18.800,522.42,11.49,1.7414,3.8284,2.7849,26.42,High Risk,Botol Sampel E,Sumber Air E,5
ALVIN-2026-01296,2026-09-18 08:04:19.000,659.07,8.14,2.1969,2.7133,2.4551,28.94,High Risk,Botol Sampel E,Sumber Air E,5
ALVIN-2026-01297,2026-09-18 08:04:19.200,323.86,2.2,1.0795,0.7333,0.9064,52.45,High Risk,Botol Sampel D,Sumber Air D,5
ALVIN-2026-01298,2026-09-18 08:04:19.400,289.93,3.63,0.9664,1.2103,1.0884,47.88,High Risk,Botol Sampel E,Sumber Air E,5
ALVIN-2026-01299,2026-09-18 08:04:19.600,154.52,2.14,0.5151,0.7135,0.6143,61.95,Moderate Risk,Botol Sampel C,Sumber Air C,5
ALVIN-2026-01300,2026-09-18 08:04:19.800,860.71,4.5,2.869,1.5,2.1845,31.4,High Risk,Botol Sampel D,Sumber Air D,5
ALVIN-2026-01301,2026-09-18 08:04:20.000,880.22,6.57,2.9341,2.1889,2.5615,28.08,High Risk,Botol Sampel D,Sumber Air D,5
ALVIN-2026-01302,2026-09-18 08:04:20.200,112.47,0.47,0.3749,0.1557,0.2653,79.03,Low Risk,Botol Sampel A,Sumber Air A,5
ALVIN-2026-01303,2026-09-18 08:04:20.400,737.03,9.06,2.4568,3.0197,2.7382,26.75,High Risk,Botol Sampel E,Sumber Air E,5
ALVIN-2026-01304,2026-09-18 08:04:20.600,353.44,4.59,1.1781,1.53,1.354,42.48,High Risk,Botol Sampel D,Sumber Air D,5
ALVIN-2026-01305,2026-09-18 08:04:20.800,83.19,0.29,0.2773,0.0981,0.1877,84.2,Low Risk,Botol Sampel A,Sumber Air A,5
ALVIN-2026-01306,2026-09-18 08:04:21.000,140.24,2.06,0.4675,0.6875,0.5775,63.39,Moderate Risk,Botol Sampel B,Sumber Air B,5
ALVIN-2026-01307,2026-09-18 08:04:21.200,775.22,6.2,2.5841,2.067,2.3255,30.07,High Risk,Botol Sampel D,Sumber Air D,5
ALVIN-2026-01308,2026-09-18 08:04:21.400,229.35,1.18,0.7645,0.3929,0.5787,63.34,Moderate Risk,Botol Sampel C,Sumber Air C,5
ALVIN-2026-01309,2026-09-18 08:04:21.600,250.72,1.5,0.8357,0.5008,0.6682,59.94,Moderate Risk,Botol Sampel C,Sumber Air C,5
ALVIN-2026-01310,2026-09-18 08:04:21.800,52.19,0.4,0.174,0.1319,0.1529,86.74,Low Risk,Botol Sampel A,Sumber Air A,5
ALVIN-2026-01311,2026-09-18 08:04:22.000,316.31,3.24,1.0544,1.0786,1.0665,48.39,High Risk,Botol Sampel E,Sumber Air E,5
ALVIN-2026-01312,2026-09-18 08:04:22.200,231.04,1.88,0.7701,0.6275,0.6988,58.87,Moderate Risk,Botol Sampel C,Sumber Air C,5
ALVIN-2026-01313,2026-09-18 08:04:22.400,203.35,1.35,0.6778,0.4493,0.5636,63.95,Moderate Risk,Botol Sampel C,Sumber Air C,5
ALVIN-2026-01314,2026-09-18 08:04:22.600,685.22,6.71,2.2841,2.237,2.2606,30.67,High Risk,Botol Sampel E,Sumber Air E,5
ALVIN-2026-01315,2026-09-18 08:04:22.800,63.16,0.55,0.2105,0.1847,0.1976,83.5,Low Risk,Botol Sampel A,Sumber Air A,5
ALVIN-2026-01316,2026-09-18 08:04:23.000,98.22,0.44,0.3274,0.1469,0.2372,80.83,Low Risk,Botol Sampel A,Sumber Air A,5
ALVIN-2026-01317,2026-09-18 08:04:23.200,114.02,0.5,0.3801,0.1679,0.274,78.49,Moderate Risk,Botol Sampel B,Sumber Air B,5
ALVIN-2026-01318,2026-09-18 08:04:23.400,559.32,5.96,1.8644,1.9872,1.9258,34.18,High Risk,Botol Sampel D,Sumber Air D,5
ALVIN-2026-01319,2026-09-18 08:04:23.600,307.04,2.47,1.0235,0.8241,0.9238,51.98,High Risk,Botol Sampel D,Sumber Air D,5
ALVIN-2026-01320,2026-09-18 08:04:23.800,249.05,1.85,0.8302,0.6162,0.7232,58.03,Moderate Risk,Botol Sampel C,Sumber Air C,5
ALVIN-2026-01321,2026-09-18 08:04:24.000,161.96,1.54,0.5399,0.5139,0.5269,65.49,Moderate Risk,Botol Sampel C,Sumber Air C,5
ALVIN-2026-01322,2026-09-18 08:04:24.200,188.27,2.59,0.6276,0.8642,0.7459,57.28,Moderate Risk,Botol Sampel B,Sumber Air B,5
ALVIN-2026-01323,2026-09-18 08:04:24.400,141.91,1.74,0.473,0.5792,0.5261,65.53,Moderate Risk,Botol Sampel C,Sumber Air C,5
ALVIN-2026-01324,2026-09-18 08:04:24.600,331.12,2.2,1.1037,0.7333,0.9185,52.12,High Risk,Botol Sampel E,Sumber Air E,5
ALVIN-2026-01325,2026-09-18 08:04:24.800,176.11,1.7,0.587,0.5665,0.5768,63.42,Moderate Risk,Botol Sampel C,Sumber Air C,5
ALVIN-2026-01326,2026-09-18 08:04:25.000,382.41,3.98,1.2747,1.325,1.2998,43.48,High Risk,Botol Sampel E,Sumber Air E,5
ALVIN-2026-01327,2026-09-18 08:04:25.200,110.03,0.47,0.3668,0.1573,0.262,79.24,Low Risk,Botol Sampel A,Sumber Air A,5
ALVIN-2026-01328,2026-09-18 08:04:25.400,263.81,2.29,0.8794,0.7625,0.821,54.91,Moderate Risk,Botol Sampel C,Sumber Air C,5
ALVIN-2026-01329,2026-09-18 08:04:25.600,280.0,2.87,0.9333,0.9562,0.9448,51.42,Moderate Risk,Botol Sampel B,Sumber Air B,5
ALVIN-2026-01330,2026-09-18 08:04:25.800,741.84,4.5,2.4728,1.5,1.9864,33.49,High Risk,Botol Sampel E,Sumber Air E,5
ALVIN-2026-01331,2026-09-18 08:04:26.000,250.78,2.43,0.8359,0.8085,0.8222,54.88,Moderate Risk,Botol Sampel C,Sumber Air C,5
ALVIN-2026-01332,2026-09-18 08:04:26.200,564.85,7.56,1.8828,2.52,2.2014,31.24,High Risk,Botol Sampel E,Sumber Air E,5
ALVIN-2026-01333,2026-09-18 08:04:26.400,222.76,1.81,0.7425,0.6047,0.6736,59.75,Moderate Risk,Botol Sampel C,Sumber Air C,5
ALVIN-2026-01334,2026-09-18 08:04:26.600,401.74,3.98,1.3391,1.3282,1.3336,42.85,High Risk,Botol Sampel E,Sumber Air E,5
ALVIN-2026-01335,2026-09-18 08:04:26.800,138.66,0.49,0.4622,0.1625,0.3124,76.2,Low Risk,Botol Sampel A,Sumber Air A,5
ALVIN-2026-01336,2026-09-18 08:04:27.000,140.0,1.63,0.4667,0.543,0.5048,66.45,Moderate Risk,Botol Sampel B,Sumber Air B,5
ALVIN-2026-01337,2026-09-18 08:04:27.200,375.09,2.88,1.2503,0.9607,1.1055,47.49,High Risk,Botol Sampel E,Sumber Air E,5
ALVIN-2026-01338,2026-09-18 08:04:27.400,93.0,0.1,0.31,0.0333,0.1716,85.35,Low Risk,Botol Sampel A,Sumber Air A,5
ALVIN-2026-01339,2026-09-18 08:04:27.600,312.67,3.57,1.0422,1.1896,1.1159,47.26,High Risk,Botol Sampel D,Sumber Air D,5
ALVIN-2026-01340,2026-09-18 08:04:27.800,68.25,0.74,0.2275,0.2465,0.237,80.84,Low Risk,Botol Sampel A,Sumber Air A,5
ALVIN-2026-01341,2026-09-18 08:04:28.000,300.94,3.05,1.0031,1.0177,1.0104,49.74,High Risk,Botol Sampel D,Sumber Air D,5
ALVIN-2026-01342,2026-09-18 08:04:28.200,360.26,3.07,1.2009,1.024,1.1124,47.34,High Risk,Botol Sampel D,Sumber Air D,5
ALVIN-2026-01343,2026-09-18 08:04:28.400,775.87,8.84,2.5862,2.9466,2.7664,26.55,High Risk,Botol Sampel D,Sumber Air D,5
ALVIN-2026-01344,2026-09-18 08:04:28.600,679.8,8.77,2.266,2.9223,2.5942,27.82,High Risk,Botol Sampel E,Sumber Air E,5
ALVIN-2026-01345,2026-09-18 08:04:28.800,161.37,1.52,0.5379,0.5067,0.5223,65.69,Moderate Risk,Botol Sampel B,Sumber Air B,5
ALVIN-2026-01346,2026-09-18 08:04:29.000,372.62,3.63,1.2421,1.2088,1.2254,44.94,High Risk,Botol Sampel E,Sumber Air E,5
ALVIN-2026-01347,2026-09-18 08:04:29.200,345.87,3.88,1.1529,1.2945,1.2237,44.97,High Risk,Botol Sampel D,Sumber Air D,5
ALVIN-2026-01348,2026-09-18 08:04:29.400,697.27,7.02,2.3242,2.3416,2.3329,30.0,High Risk,Botol Sampel D,Sumber Air D,5
ALVIN-2026-01349,2026-09-18 08:04:29.600,174.98,1.19,0.5833,0.3957,0.4895,67.14,Moderate Risk,Botol Sampel C,Sumber Air C,5
ALVIN-2026-01350,2026-09-18 08:04:29.800,583.77,4.5,1.9459,1.5,1.723,36.72,High Risk,Botol Sampel D,Sumber Air D,5
ALVIN-2026-01351,2026-09-18 08:04:30.000,365.98,5.29,1.2199,1.7643,1.4921,40.13,High Risk,Botol Sampel E,Sumber Air E,5
ALVIN-2026-01352,2026-09-18 08:04:30.200,827.25,6.09,2.7575,2.0304,2.394,29.46,High Risk,Botol Sampel E,Sumber Air E,5
ALVIN-2026-01353,2026-09-18 08:04:30.400,880.31,5.34,2.9344,1.7804,2.3574,29.78,High Risk,Botol Sampel E,Sumber Air E,5
ALVIN-2026-01354,2026-09-18 08:04:30.600,205.17,2.24,0.6839,0.7456,0.7148,58.32,Moderate Risk,Botol Sampel B,Sumber Air B,5
ALVIN-2026-01355,2026-09-18 08:04:30.800,322.13,5.11,1.0738,1.7021,1.388,41.88,High Risk,Botol Sampel E,Sumber Air E,5
ALVIN-2026-01356,2026-09-18 08:04:31.000,400.53,2.85,1.3351,0.9493,1.1422,46.68,High Risk,Botol Sampel E,Sumber Air E,5
ALVIN-2026-01357,2026-09-18 08:04:31.200,396.31,2.48,1.321,0.8278,1.0744,48.21,High Risk,Botol Sampel E,Sumber Air E,5
ALVIN-2026-01358,2026-09-18 08:04:31.400,85.73,0.82,0.2858,0.2735,0.2796,78.15,Moderate Risk,Botol Sampel B,Sumber Air B,5
ALVIN-2026-01359,2026-09-18 08:04:31.600,178.29,1.83,0.5943,0.6097,0.602,62.42,Moderate Risk,Botol Sampel B,Sumber Air B,5
ALVIN-2026-01360,2026-09-18 08:04:31.800,280.0,2.38,0.9333,0.7938,0.8636,53.66,Moderate Risk,Botol Sampel B,Sumber Air B,5
ALVIN-2026-01361,2026-09-18 08:04:32.000,629.24,6.27,2.0975,2.0909,2.0942,32.32,High Risk,Botol Sampel E,Sumber Air E,5
ALVIN-2026-01362,2026-09-18 08:04:32.200,675.92,7.89,2.2531,2.6316,2.4424,29.05,High Risk,Botol Sampel D,Sumber Air D,5
ALVIN-2026-01363,2026-09-18 08:04:32.400,51.09,0.44,0.1703,0.1457,0.158,86.36,Low Risk,Botol Sampel A,Sumber Air A,5
ALVIN-2026-01364,2026-09-18 08:04:32.600,73.57,0.88,0.2452,0.295,0.2701,78.73,Moderate Risk,Botol Sampel B,Sumber Air B,5
ALVIN-2026-01365,2026-09-18 08:04:32.800,422.99,5.75,1.41,1.9157,1.6628,37.55,High Risk,Botol Sampel E,Sumber Air E,5
ALVIN-2026-01366,2026-09-18 08:04:33.000,422.92,4.1,1.4097,1.3658,1.3878,41.88,High Risk,Botol Sampel E,Sumber Air E,5
ALVIN-2026-01367,2026-09-18 08:04:33.200,423.83,2.95,1.4128,0.9834,1.1981,45.49,High Risk,Botol Sampel D,Sumber Air D,5
ALVIN-2026-01368,2026-09-18 08:04:33.400,76.16,0.92,0.2539,0.3072,0.2805,78.09,Low Risk,Botol Sampel A,Sumber Air A,5
ALVIN-2026-01369,2026-09-18 08:04:33.600,762.02,4.54,2.5401,1.5124,2.0262,33.04,High Risk,Botol Sampel E,Sumber Air E,5
ALVIN-2026-01370,2026-09-18 08:04:33.800,212.63,2.56,0.7088,0.8526,0.7807,56.16,Moderate Risk,Botol Sampel B,Sumber Air B,5
ALVIN-2026-01371,2026-09-18 08:04:34.000,72.08,0.42,0.2403,0.1394,0.1899,84.04,Low Risk,Botol Sampel A,Sumber Air A,5
ALVIN-2026-01372,2026-09-18 08:04:34.200,778.99,6.26,2.5966,2.0858,2.3412,29.93,High Risk,Botol Sampel E,Sumber Air E,5
ALVIN-2026-01373,2026-09-18 08:04:34.400,577.67,5.33,1.9256,1.7768,1.8512,35.07,High Risk,Botol Sampel D,Sumber Air D,5
ALVIN-2026-01374,2026-09-18 08:04:34.600,515.5,7.46,1.7183,2.4853,2.1018,32.24,High Risk,Botol Sampel E,Sumber Air E,5
ALVIN-2026-01375,2026-09-18 08:04:34.800,585.13,7.87,1.9504,2.6244,2.2874,30.42,High Risk,Botol Sampel D,Sumber Air D,5
ALVIN-2026-01376,2026-09-18 08:04:35.000,120.65,1.01,0.4022,0.337,0.3696,73.01,Low Risk,Botol Sampel A,Sumber Air A,5
ALVIN-2026-01377,2026-09-18 08:04:35.200,51.89,0.69,0.173,0.2307,0.2018,83.21,Low Risk,Botol Sampel A,Sumber Air A,5
ALVIN-2026-01378,2026-09-18 08:04:35.400,523.63,4.5,1.7454,1.5,1.6227,38.13,High Risk,Botol Sampel D,Sumber Air D,5
ALVIN-2026-01379,2026-09-18 08:04:35.600,180.77,2.64,0.6026,0.8816,0.7421,57.4,Moderate Risk,Botol Sampel C,Sumber Air C,5
ALVIN-2026-01380,2026-09-18 08:04:35.800,55.0,0.56,0.1833,0.1855,0.1844,84.43,Low Risk,Botol Sampel A,Sumber Air A,5
ALVIN-2026-01381,2026-09-18 08:04:36.000,496.91,9.61,1.6564,3.2024,2.4294,29.16,High Risk,Botol Sampel E,Sumber Air E,5
ALVIN-2026-01382,2026-09-18 08:04:36.200,692.77,5.78,2.3092,1.9257,2.1174,32.08,High Risk,Botol Sampel E,Sumber Air E,5
ALVIN-2026-01383,2026-09-18 08:04:36.400,224.71,1.74,0.749,0.5786,0.6638,60.1,Moderate Risk,Botol Sampel C,Sumber Air C,5
ALVIN-2026-01384,2026-09-18 08:04:36.600,222.03,1.0,0.7401,0.3333,0.5367,65.07,Moderate Risk,Botol Sampel B,Sumber Air B,5
ALVIN-2026-01385,2026-09-18 08:04:36.800,123.74,0.43,0.4125,0.1444,0.2784,78.22,Low Risk,Botol Sampel A,Sumber Air A,5
ALVIN-2026-01386,2026-09-18 08:04:37.000,608.18,11.64,2.0273,3.8788,2.953,25.3,High Risk,Botol Sampel D,Sumber Air D,5
ALVIN-2026-01387,2026-09-18 08:04:37.200,206.62,2.31,0.6887,0.7696,0.7292,57.83,Moderate Risk,Botol Sampel B,Sumber Air B,5
ALVIN-2026-01388,2026-09-18 08:04:37.400,152.23,2.22,0.5074,0.7384,0.6229,61.62,Moderate Risk,Botol Sampel C,Sumber Air C,5
ALVIN-2026-01389,2026-09-18 08:04:37.600,735.7,5.62,2.4523,1.8741,2.1632,31.61,High Risk,Botol Sampel D,Sumber Air D,5
ALVIN-2026-01390,2026-09-18 08:04:37.800,112.73,0.69,0.3758,0.2311,0.3034,76.72,Low Risk,Botol Sampel A,Sumber Air A,5
ALVIN-2026-01391,2026-09-18 08:04:38.000,317.86,2.78,1.0595,0.9254,0.9924,50.19,High Risk,Botol Sampel D,Sumber Air D,5
ALVIN-2026-01392,2026-09-18 08:04:38.200,114.54,0.58,0.3818,0.1932,0.2875,77.67,Moderate Risk,Botol Sampel B,Sumber Air B,5
ALVIN-2026-01393,2026-09-18 08:04:38.400,366.2,2.46,1.2207,0.821,1.0208,49.49,High Risk,Botol Sampel D,Sumber Air D,5
ALVIN-2026-01394,2026-09-18 08:04:38.600,430.29,3.69,1.4343,1.2293,1.3318,42.89,High Risk,Botol Sampel D,Sumber Air D,5
ALVIN-2026-01395,2026-09-18 08:04:38.800,208.54,2.07,0.6951,0.6905,0.6928,59.07,Moderate Risk,Botol Sampel C,Sumber Air C,5
ALVIN-2026-01396,2026-09-18 08:04:39.000,187.95,1.75,0.6265,0.5833,0.6049,62.31,Moderate Risk,Botol Sampel C,Sumber Air C,5
ALVIN-2026-01397,2026-09-18 08:04:39.200,380.39,3.01,1.268,1.0046,1.1363,46.81,High Risk,Botol Sampel E,Sumber Air E,5
ALVIN-2026-01398,2026-09-18 08:04:39.400,331.77,3.55,1.1059,1.1848,1.1454,46.61,High Risk,Botol Sampel E,Sumber Air E,5
ALVIN-2026-01399,2026-09-18 08:04:39.600,184.71,2.28,0.6157,0.7592,0.6874,59.26,Moderate Risk,Botol Sampel B,Sumber Air B,5
ALVIN-2026-01400,2026-09-18 08:04:39.800,256.0,2.02,0.8533,0.6738,0.7635,56.71,Moderate Risk,Botol Sampel C,Sumber Air C,5
ALVIN-2026-01401,2026-09-18 08:04:40.000,114.7,0.58,0.3823,0.1926,0.2874,77.68,Moderate Risk,Botol Sampel C,Sumber Air C,5
ALVIN-2026-01402,2026-09-18 08:04:40.200,711.72,8.77,2.3724,2.9219,2.6472,27.42,High Risk,Botol Sampel E,Sumber Air E,5
ALVIN-2026-01403,2026-09-18 08:04:40.400,100.63,0.38,0.3354,0.1251,0.2302,81.29,Low Risk,Botol Sampel A,Sumber Air A,5
ALVIN-2026-01404,2026-09-18 08:04:40.600,101.87,0.62,0.3396,0.2058,0.2727,78.57,Low Risk,Botol Sampel A,Sumber Air A,5
ALVIN-2026-01405,2026-09-18 08:04:40.800,382.96,3.41,1.2765,1.1356,1.206,45.33,High Risk,Botol Sampel D,Sumber Air D,5
ALVIN-2026-01406,2026-09-18 08:04:41.000,86.16,0.1,0.2872,0.0333,0.1602,86.19,Low Risk,Botol Sampel A,Sumber Air A,5
ALVIN-2026-01407,2026-09-18 08:04:41.200,88.01,1.22,0.2934,0.407,0.3502,74.06,Low Risk,Botol Sampel A,Sumber Air A,5
ALVIN-2026-01408,2026-09-18 08:04:41.400,174.79,1.7,0.5826,0.5664,0.5745,63.51,Moderate Risk,Botol Sampel B,Sumber Air B,5
ALVIN-2026-01409,2026-09-18 08:04:41.600,280.0,4.59,0.9333,1.5292,1.2312,44.82,High Risk,Botol Sampel D,Sumber Air D,5
ALVIN-2026-01410,2026-09-18 08:04:41.800,318.85,2.64,1.0628,0.8815,0.9722,50.7,High Risk,Botol Sampel D,Sumber Air D,5
ALVIN-2026-01411,2026-09-18 08:04:42.000,394.18,3.6,1.3139,1.1984,1.2561,44.32,High Risk,Botol Sampel D,Sumber Air D,5
ALVIN-2026-01412,2026-09-18 08:04:42.200,189.47,1.53,0.6316,0.5104,0.571,63.65,Moderate Risk,Botol Sampel B,Sumber Air B,5
ALVIN-2026-01413,2026-09-18 08:04:42.400,369.43,2.52,1.2314,0.8408,1.0361,49.11,High Risk,Botol Sampel E,Sumber Air E,5
ALVIN-2026-01414,2026-09-18 08:04:42.600,836.91,8.12,2.7897,2.7072,2.7484,26.68,High Risk,Botol Sampel E,Sumber Air E,5
ALVIN-2026-01415,2026-09-18 08:04:42.800,121.88,0.85,0.4063,0.284,0.3451,74.34,Low Risk,Botol Sampel A,Sumber Air A,5
ALVIN-2026-01416,2026-09-18 08:04:43.000,203.33,1.7,0.6778,0.5675,0.6226,61.63,Moderate Risk,Botol Sampel C,Sumber Air C,5
ALVIN-2026-01417,2026-09-18 08:04:43.200,73.7,0.64,0.2457,0.212,0.2288,81.38,Low Risk,Botol Sampel A,Sumber Air A,5
ALVIN-2026-01418,2026-09-18 08:04:43.400,599.62,4.5,1.9987,1.5,1.7494,36.37,High Risk,Botol Sampel E,Sumber Air E,5
ALVIN-2026-01419,2026-09-18 08:04:43.600,318.0,4.33,1.06,1.4423,1.2512,44.42,High Risk,Botol Sampel E,Sumber Air E,5
ALVIN-2026-01420,2026-09-18 08:04:43.800,599.12,9.82,1.9971,3.2728,2.635,27.51,High Risk,Botol Sampel E,Sumber Air E,5
ALVIN-2026-01421,2026-09-18 08:04:44.000,292.63,3.37,0.9754,1.122,1.0487,48.81,High Risk,Botol Sampel E,Sumber Air E,5
ALVIN-2026-01422,2026-09-18 08:04:44.200,135.96,0.55,0.4532,0.1824,0.3178,75.88,Low Risk,Botol Sampel A,Sumber Air A,5
ALVIN-2026-01423,2026-09-18 08:04:44.400,534.18,7.31,1.7806,2.4362,2.1084,32.17,High Risk,Botol Sampel D,Sumber Air D,5
ALVIN-2026-01424,2026-09-18 08:04:44.600,336.95,5.21,1.1232,1.7369,1.43,41.15,High Risk,Botol Sampel D,Sumber Air D,5
ALVIN-2026-01425,2026-09-18 08:04:44.800,280.0,3.4,0.9333,1.1341,1.0337,49.17,High Risk,Botol Sampel E,Sumber Air E,5
ALVIN-2026-01426,2026-09-18 08:04:45.000,85.59,0.62,0.2853,0.2063,0.2458,80.27,Moderate Risk,Botol Sampel C,Sumber Air C,5
ALVIN-2026-01427,2026-09-18 08:04:45.200,205.27,1.58,0.6842,0.5254,0.6048,62.31,Moderate Risk,Botol Sampel B,Sumber Air B,5
ALVIN-2026-01428,2026-09-18 08:04:45.400,943.41,8.53,3.1447,2.844,2.9944,25.04,High Risk,Botol Sampel E,Sumber Air E,5
ALVIN-2026-01429,2026-09-18 08:04:45.600,318.11,2.57,1.0604,0.8555,0.958,51.07,High Risk,Botol Sampel E,Sumber Air E,5
ALVIN-2026-01430,2026-09-18 08:04:45.800,374.73,5.5,1.2491,1.8333,1.5412,39.35,High Risk,Botol Sampel E,Sumber Air E,5
ALVIN-2026-01431,2026-09-18 08:04:46.000,703.57,8.59,2.3452,2.8636,2.6044,27.74,High Risk,Botol Sampel D,Sumber Air D,5
ALVIN-2026-01432,2026-09-18 08:04:46.200,179.29,2.21,0.5976,0.7375,0.6676,59.97,Moderate Risk,Botol Sampel B,Sumber Air B,5
ALVIN-2026-01433,2026-09-18 08:04:46.400,823.3,6.71,2.7443,2.2369,2.4906,28.65,High Risk,Botol Sampel E,Sumber Air E,5
ALVIN-2026-01434,2026-09-18 08:04:46.600,120.51,0.77,0.4017,0.2558,0.3288,75.26,Low Risk,Botol Sampel A,Sumber Air A,5
ALVIN-2026-01435,2026-09-18 08:04:46.800,382.98,3.95,1.2766,1.3169,1.2967,43.54,High Risk,Botol Sampel D,Sumber Air D,5
ALVIN-2026-01436,2026-09-18 08:04:47.000,761.47,8.45,2.5382,2.8165,2.6773,27.19,High Risk,Botol Sampel D,Sumber Air D,5
ALVIN-2026-01437,2026-09-18 08:04:47.200,197.15,1.79,0.6572,0.5971,0.6272,61.46,Moderate Risk,Botol Sampel B,Sumber Air B,5
ALVIN-2026-01438,2026-09-18 08:04:47.400,326.8,4.0,1.0893,1.3335,1.2114,45.22,High Risk,Botol Sampel E,Sumber Air E,5
ALVIN-2026-01439,2026-09-18 08:04:47.600,696.87,6.61,2.3229,2.2032,2.263,30.65,High Risk,Botol Sampel D,Sumber Air D,5
ALVIN-2026-01440,2026-09-18 08:04:47.800,396.61,3.31,1.322,1.1026,1.2123,45.2,High Risk,Botol Sampel D,Sumber Air D,5
ALVIN-2026-01441,2026-09-18 08:04:48.000,202.96,1.53,0.6765,0.5108,0.5936,62.75,Moderate Risk,Botol Sampel C,Sumber Air C,5
ALVIN-2026-01442,2026-09-18 08:04:48.200,213.27,2.23,0.7109,0.7427,0.7268,57.91,Moderate Risk,Botol Sampel C,Sumber Air C,5
ALVIN-2026-01443,2026-09-18 08:04:48.400,596.61,7.83,1.9887,2.6086,2.2986,30.32,High Risk,Botol Sampel E,Sumber Air E,5
ALVIN-2026-01444,2026-09-18 08:04:48.600,239.94,1.96,0.7998,0.6535,0.7266,57.92,Moderate Risk,Botol Sampel B,Sumber Air B,5
ALVIN-2026-01445,2026-09-18 08:04:48.800,55.19,1.08,0.184,0.3601,0.272,78.62,Low Risk,Botol Sampel A,Sumber Air A,5
ALVIN-2026-01446,2026-09-18 08:04:49.000,85.85,0.87,0.2862,0.2898,0.288,77.64,Low Risk,Botol Sampel A,Sumber Air A,5
ALVIN-2026-01447,2026-09-18 08:04:49.200,152.25,1.55,0.5075,0.5173,0.5124,66.12,Moderate Risk,Botol Sampel B,Sumber Air B,5
ALVIN-2026-01448,2026-09-18 08:04:49.400,347.07,3.7,1.1569,1.2319,1.1944,45.57,High Risk,Botol Sampel E,Sumber Air E,5
ALVIN-2026-01449,2026-09-18 08:04:49.600,314.96,4.03,1.0499,1.3419,1.1959,45.54,High Risk,Botol Sampel E,Sumber Air E,5
ALVIN-2026-01450,2026-09-18 08:04:49.800,181.26,1.76,0.6042,0.5869,0.5956,62.67,Moderate Risk,Botol Sampel B,Sumber Air B,5
ALVIN-2026-01451,2026-09-18 08:04:50.000,354.33,2.43,1.1811,0.8097,0.9954,50.12,High Risk,Botol Sampel D,Sumber Air D,5
ALVIN-2026-01452,2026-09-18 08:04:50.200,564.26,5.05,1.8809,1.684,1.7824,35.94,High Risk,Botol Sampel E,Sumber Air E,5
ALVIN-2026-01453,2026-09-18 08:04:50.400,678.58,9.97,2.2619,3.3219,2.7919,26.37,High Risk,Botol Sampel D,Sumber Air D,5
ALVIN-2026-01454,2026-09-18 08:04:50.600,574.03,5.56,1.9134,1.8526,1.883,34.69,High Risk,Botol Sampel E,Sumber Air E,5
ALVIN-2026-01455,2026-09-18 08:04:50.800,383.01,4.12,1.2767,1.3737,1.3252,43.01,High Risk,Botol Sampel D,Sumber Air D,5
ALVIN-2026-01456,2026-09-18 08:04:51.000,770.07,7.22,2.5669,2.4065,2.4867,28.68,High Risk,Botol Sampel E,Sumber Air E,5
ALVIN-2026-01457,2026-09-18 08:04:51.200,778.17,4.5,2.5939,1.5,2.047,32.82,High Risk,Botol Sampel D,Sumber Air D,5
ALVIN-2026-01458,2026-09-18 08:04:51.400,184.01,1.28,0.6134,0.4281,0.5207,65.76,Moderate Risk,Botol Sampel C,Sumber Air C,5
ALVIN-2026-01459,2026-09-18 08:04:51.600,309.9,5.21,1.033,1.7364,1.3847,41.93,High Risk,Botol Sampel D,Sumber Air D,5
ALVIN-2026-01460,2026-09-18 08:04:51.800,111.44,0.24,0.3715,0.0809,0.2262,81.55,Low Risk,Botol Sampel A,Sumber Air A,5
ALVIN-2026-01461,2026-09-18 08:04:52.000,86.53,0.83,0.2884,0.2775,0.283,77.94,Low Risk,Botol Sampel A,Sumber Air A,5
ALVIN-2026-01462,2026-09-18 08:04:52.200,646.99,9.71,2.1566,3.2375,2.697,27.05,High Risk,Botol Sampel E,Sumber Air E,5
ALVIN-2026-01463,2026-09-18 08:04:52.400,526.6,6.38,1.7553,2.1257,1.9405,34.01,High Risk,Botol Sampel D,Sumber Air D,5
ALVIN-2026-01464,2026-09-18 08:04:52.600,111.41,0.36,0.3714,0.1184,0.2449,80.33,Low Risk,Botol Sampel A,Sumber Air A,5
ALVIN-2026-01465,2026-09-18 08:04:52.800,253.86,1.79,0.8462,0.5977,0.722,58.07,Moderate Risk,Botol Sampel C,Sumber Air C,5
ALVIN-2026-01466,2026-09-18 08:04:53.000,444.79,4.5,1.4826,1.5,1.4913,40.14,High Risk,Botol Sampel E,Sumber Air E,5
ALVIN-2026-01467,2026-09-18 08:04:53.200,121.23,0.87,0.4041,0.2906,0.3474,74.22,Low Risk,Botol Sampel A,Sumber Air A,5
ALVIN-2026-01468,2026-09-18 08:04:53.400,222.07,1.4,0.7402,0.4673,0.6038,62.35,Moderate Risk,Botol Sampel C,Sumber Air C,5
ALVIN-2026-01469,2026-09-18 08:04:53.600,364.15,3.54,1.2138,1.1798,1.1968,45.52,High Risk,Botol Sampel E,Sumber Air E,5
ALVIN-2026-01470,2026-09-18 08:04:53.800,204.43,1.46,0.6814,0.4871,0.5842,63.12,Moderate Risk,Botol Sampel C,Sumber Air C,5
ALVIN-2026-01471,2026-09-18 08:04:54.000,93.26,0.72,0.3109,0.241,0.276,78.37,Low Risk,Botol Sampel A,Sumber Air A,5
ALVIN-2026-01472,2026-09-18 08:04:54.200,225.08,1.94,0.7503,0.6456,0.698,58.89,Moderate Risk,Botol Sampel B,Sumber Air B,5
ALVIN-2026-01473,2026-09-18 08:04:54.400,782.8,8.3,2.6093,2.7677,2.6885,27.11,High Risk,Botol Sampel E,Sumber Air E,5
ALVIN-2026-01474,2026-09-18 08:04:54.600,110.19,0.97,0.3673,0.3217,0.3445,74.38,Low Risk,Botol Sampel A,Sumber Air A,5
ALVIN-2026-01475,2026-09-18 08:04:54.800,740.96,7.84,2.4699,2.6138,2.5418,28.23,High Risk,Botol Sampel D,Sumber Air D,5
ALVIN-2026-01476,2026-09-18 08:04:55.000,273.62,2.36,0.9121,0.7881,0.8501,54.05,Moderate Risk,Botol Sampel C,Sumber Air C,5
ALVIN-2026-01477,2026-09-18 08:04:55.200,339.28,3.23,1.1309,1.0763,1.1036,47.54,High Risk,Botol Sampel D,Sumber Air D,5
ALVIN-2026-01478,2026-09-18 08:04:55.400,95.24,1.13,0.3175,0.3762,0.3468,74.25,Low Risk,Botol Sampel A,Sumber Air A,5
ALVIN-2026-01479,2026-09-18 08:04:55.600,209.14,1.81,0.6971,0.6035,0.6503,60.6,Moderate Risk,Botol Sampel C,Sumber Air C,5
ALVIN-2026-01480,2026-09-18 08:04:55.800,177.5,1.97,0.5917,0.6551,0.6234,61.6,Moderate Risk,Botol Sampel C,Sumber Air C,5
ALVIN-2026-01481,2026-09-18 08:04:56.000,137.05,1.08,0.4568,0.3605,0.4086,70.99,Moderate Risk,Botol Sampel B,Sumber Air B,5
ALVIN-2026-01482,2026-09-18 08:04:56.200,551.65,7.2,1.8388,2.4001,2.1194,32.06,High Risk,Botol Sampel E,Sumber Air E,5
ALVIN-2026-01483,2026-09-18 08:04:56.400,828.32,9.21,2.7611,3.069,2.915,25.54,High Risk,Botol Sampel D,Sumber Air D,5
ALVIN-2026-01484,2026-09-18 08:04:56.600,173.38,1.73,0.5779,0.5751,0.5765,63.43,Moderate Risk,Botol Sampel B,Sumber Air B,5
ALVIN-2026-01485,2026-09-18 08:04:56.800,919.53,8.13,3.0651,2.7107,2.8879,25.72,High Risk,Botol Sampel E,Sumber Air E,5
ALVIN-2026-01486,2026-09-18 08:04:57.000,80.71,0.41,0.269,0.1369,0.203,83.13,Low Risk,Botol Sampel A,Sumber Air A,5
ALVIN-2026-01487,2026-09-18 08:04:57.200,128.26,0.67,0.4275,0.2219,0.3247,75.49,Moderate Risk,Botol Sampel C,Sumber Air C,5
ALVIN-2026-01488,2026-09-18 08:04:57.400,83.07,0.62,0.2769,0.2072,0.242,80.52,Low Risk,Botol Sampel A,Sumber Air A,5
ALVIN-2026-01489,2026-09-18 08:04:57.600,83.94,0.83,0.2798,0.2752,0.2775,78.28,Moderate Risk,Botol Sampel B,Sumber Air B,5
ALVIN-2026-01490,2026-09-18 08:04:57.800,595.85,7.77,1.9862,2.5915,2.2888,30.41,High Risk,Botol Sampel E,Sumber Air E,5
ALVIN-2026-01491,2026-09-18 08:04:58.000,56.85,0.24,0.1895,0.0806,0.135,88.11,Moderate Risk,Botol Sampel C,Sumber Air C,5
ALVIN-2026-01492,2026-09-18 08:04:58.200,306.86,2.85,1.0229,0.9516,0.9872,50.32,High Risk,Botol Sampel E,Sumber Air E,5
ALVIN-2026-01493,2026-09-18 08:04:58.400,491.29,6.82,1.6376,2.273,1.9553,33.84,High Risk,Botol Sampel D,Sumber Air D,5
ALVIN-2026-01494,2026-09-18 08:04:58.600,109.49,0.7,0.365,0.2329,0.299,76.98,Low Risk,Botol Sampel A,Sumber Air A,5
ALVIN-2026-01495,2026-09-18 08:04:58.800,329.3,2.2,1.0977,0.7333,0.9155,52.21,High Risk,Botol Sampel E,Sumber Air E,5
ALVIN-2026-01496,2026-09-18 08:04:59.000,109.73,0.89,0.3658,0.296,0.3309,75.14,Moderate Risk,Botol Sampel B,Sumber Air B,5
ALVIN-2026-01497,2026-09-18 08:04:59.200,293.22,3.47,0.9774,1.1556,1.0665,48.39,High Risk,Botol Sampel D,Sumber Air D,5
ALVIN-2026-01498,2026-09-18 08:04:59.400,656.77,7.58,2.1892,2.5252,2.3572,29.79,High Risk,Botol Sampel D,Sumber Air D,5
ALVIN-2026-01499,2026-09-18 08:04:59.600,110.1,0.2,0.367,0.0676,0.2173,82.15,Low Risk,Botol Sampel A,Sumber Air A,5
ALVIN-2026-01500,2026-09-18 08:04:59.800,282.34,3.02,0.9411,1.0076,0.9744,50.65,High Risk,Botol Sampel D,Sumber Air D,5
ALVIN-2026-01501,2026-09-18 08:05:00.000,558.43,8.58,1.8614,2.8612,2.3613,29.75,High Risk,Botol Sampel E,Sumber Air E,5
ALVIN-2026-01502,2026-09-18 08:05:00.200,758.28,6.77,2.5276,2.2576,2.3926,29.48,High Risk,Botol Sampel E,Sumber Air E,5
ALVIN-2026-01503,2026-09-18 08:05:00.400,717.29,4.86,2.391,1.6216,2.0063,33.26,High Risk,Botol Sampel D,Sumber Air D,5
ALVIN-2026-01504,2026-09-18 08:05:00.600,178.3,1.79,0.5943,0.5966,0.5954,62.68,Moderate Risk,Botol Sampel B,Sumber Air B,5
ALVIN-2026-01505,2026-09-18 08:05:00.800,192.54,1.72,0.6418,0.5724,0.6071,62.22,Moderate Risk,Botol Sampel B,Sumber Air B,5
ALVIN-2026-01506,2026-09-18 08:05:01.000,405.8,2.95,1.3527,0.9825,1.1676,46.13,High Risk,Botol Sampel D,Sumber Air D,5
ALVIN-2026-01507,2026-09-18 08:05:01.200,394.74,3.2,1.3158,1.0653,1.1906,45.65,High Risk,Botol Sampel E,Sumber Air E,5
ALVIN-2026-01508,2026-09-18 08:05:01.400,379.29,2.81,1.2643,0.9377,1.101,47.6,High Risk,Botol Sampel D,Sumber Air D,5
ALVIN-2026-01509,2026-09-18 08:05:01.600,302.77,2.85,1.0092,0.9504,0.9798,50.51,High Risk,Botol Sampel D,Sumber Air D,5
ALVIN-2026-01510,2026-09-18 08:05:01.800,534.26,9.33,1.7809,3.1101,2.4455,29.02,High Risk,Botol Sampel D,Sumber Air D,5
ALVIN-2026-01511,2026-09-18 08:05:02.000,140.0,1.61,0.4667,0.5377,0.5022,66.57,Moderate Risk,Botol Sampel B,Sumber Air B,5
ALVIN-2026-01512,2026-09-18 08:05:02.200,185.87,1.68,0.6196,0.5599,0.5898,62.9,Moderate Risk,Botol Sampel B,Sumber Air B,5
ALVIN-2026-01513,2026-09-18 08:05:02.400,345.47,4.18,1.1516,1.3944,1.273,43.99,High Risk,Botol Sampel E,Sumber Air E,5
ALVIN-2026-01514,2026-09-18 08:05:02.600,78.44,0.38,0.2615,0.1252,0.1934,83.79,Low Risk,Botol Sampel A,Sumber Air A,5
ALVIN-2026-01515,2026-09-18 08:05:02.800,202.96,1.41,0.6765,0.4708,0.5736,63.55,Moderate Risk,Botol Sampel C,Sumber Air C,5
ALVIN-2026-01516,2026-09-18 08:05:03.000,86.89,0.5,0.2896,0.1669,0.2282,81.42,Low Risk,Botol Sampel A,Sumber Air A,5
ALVIN-2026-01517,2026-09-18 08:05:03.200,280.0,3.28,0.9333,1.092,1.0126,49.69,High Risk,Botol Sampel E,Sumber Air E,5
ALVIN-2026-01518,2026-09-18 08:05:03.400,280.0,2.2,0.9333,0.7333,0.8333,54.55,Moderate Risk,Botol Sampel C,Sumber Air C,5
ALVIN-2026-01519,2026-09-18 08:05:03.600,342.14,2.98,1.1405,0.9931,1.0668,48.38,High Risk,Botol Sampel E,Sumber Air E,5
ALVIN-2026-01520,2026-09-18 08:05:03.800,233.45,2.21,0.7782,0.7379,0.758,56.88,Moderate Risk,Botol Sampel B,Sumber Air B,5
ALVIN-2026-01521,2026-09-18 08:05:04.000,163.19,2.44,0.544,0.8146,0.6793,59.55,Moderate Risk,Botol Sampel C,Sumber Air C,5
ALVIN-2026-01522,2026-09-18 08:05:04.200,527.17,8.43,1.7572,2.8098,2.2835,30.46,High Risk,Botol Sampel D,Sumber Air D,5
ALVIN-2026-01523,2026-09-18 08:05:04.400,116.44,0.49,0.3881,0.1629,0.2755,78.4,Low Risk,Botol Sampel A,Sumber Air A,5
ALVIN-2026-01524,2026-09-18 08:05:04.600,179.07,1.37,0.5969,0.4572,0.527,65.49,Moderate Risk,Botol Sampel C,Sumber Air C,5
ALVIN-2026-01525,2026-09-18 08:05:04.800,278.08,1.81,0.9269,0.6038,0.7654,56.64,Moderate Risk,Botol Sampel C,Sumber Air C,5
ALVIN-2026-01526,2026-09-18 08:05:05.000,652.55,6.4,2.1752,2.1339,2.1546,31.7,High Risk,Botol Sampel E,Sumber Air E,5
ALVIN-2026-01527,2026-09-18 08:05:05.200,247.16,2.11,0.8239,0.7035,0.7637,56.7,Moderate Risk,Botol Sampel C,Sumber Air C,5
ALVIN-2026-01528,2026-09-18 08:05:05.400,214.48,1.66,0.7149,0.5538,0.6344,61.18,Moderate Risk,Botol Sampel B,Sumber Air B,5
ALVIN-2026-01529,2026-09-18 08:05:05.600,666.68,10.09,2.2223,3.3646,2.7934,26.36,High Risk,Botol Sampel E,Sumber Air E,5
ALVIN-2026-01530,2026-09-18 08:05:05.800,79.88,0.87,0.2663,0.2892,0.2778,78.26,Low Risk,Botol Sampel A,Sumber Air A,5
ALVIN-2026-01531,2026-09-18 08:05:06.000,89.44,0.94,0.2981,0.3147,0.3064,76.55,Low Risk,Botol Sampel A,Sumber Air A,5
ALVIN-2026-01532,2026-09-18 08:05:06.200,612.35,7.22,2.0412,2.4063,2.2238,31.02,High Risk,Botol Sampel D,Sumber Air D,5
ALVIN-2026-01533,2026-09-18 08:05:06.400,96.25,1.04,0.3208,0.3479,0.3344,74.94,Moderate Risk,Botol Sampel C,Sumber Air C,5
ALVIN-2026-01534,2026-09-18 08:05:06.600,91.22,0.81,0.3041,0.2696,0.2868,77.71,Low Risk,Botol Sampel A,Sumber Air A,5
ALVIN-2026-01535,2026-09-18 08:05:06.800,729.23,4.5,2.4308,1.5,1.9654,33.72,High Risk,Botol Sampel E,Sumber Air E,5
ALVIN-2026-01536,2026-09-18 08:05:07.000,644.12,10.68,2.1471,3.5611,2.8541,25.95,High Risk,Botol Sampel E,Sumber Air E,5
ALVIN-2026-01537,2026-09-18 08:05:07.200,215.89,2.6,0.7196,0.8673,0.7934,55.76,Moderate Risk,Botol Sampel B,Sumber Air B,5
ALVIN-2026-01538,2026-09-18 08:05:07.400,92.34,0.1,0.3078,0.0348,0.1713,85.38,Low Risk,Botol Sampel A,Sumber Air A,5
ALVIN-2026-01539,2026-09-18 08:05:07.600,340.84,2.89,1.1361,0.9625,1.0493,48.8,High Risk,Botol Sampel D,Sumber Air D,5
ALVIN-2026-01540,2026-09-18 08:05:07.800,737.67,8.76,2.4589,2.9198,2.6894,27.1,High Risk,Botol Sampel E,Sumber Air E,5
ALVIN-2026-01541,2026-09-18 08:05:08.000,287.53,4.11,0.9584,1.3715,1.165,46.19,High Risk,Botol Sampel E,Sumber Air E,5
ALVIN-2026-01542,2026-09-18 08:05:08.200,670.23,6.43,2.2341,2.1448,2.1894,31.35,High Risk,Botol Sampel D,Sumber Air D,5
ALVIN-2026-01543,2026-09-18 08:05:08.400,280.0,2.29,0.9333,0.7642,0.8488,54.09,Moderate Risk,Botol Sampel B,Sumber Air B,5
ALVIN-2026-01544,2026-09-18 08:05:08.600,275.89,2.03,0.9196,0.6767,0.7981,55.61,Moderate Risk,Botol Sampel C,Sumber Air C,5
ALVIN-2026-01545,2026-09-18 08:05:08.800,130.3,0.58,0.4343,0.1945,0.3144,76.08,Low Risk,Botol Sampel A,Sumber Air A,5
ALVIN-2026-01546,2026-09-18 08:05:09.000,285.13,3.51,0.9504,1.1693,1.0598,48.55,High Risk,Botol Sampel E,Sumber Air E,5
ALVIN-2026-01547,2026-09-18 08:05:09.200,531.46,5.28,1.7715,1.7614,1.7664,36.15,High Risk,Botol Sampel D,Sumber Air D,5
ALVIN-2026-01548,2026-09-18 08:05:09.400,349.88,5.5,1.1663,1.8333,1.4998,40.0,High Risk,Botol Sampel E,Sumber Air E,5
ALVIN-2026-01549,2026-09-18 08:05:09.600,351.88,3.56,1.1729,1.1878,1.1804,45.86,High Risk,Botol Sampel D,Sumber Air D,5
ALVIN-2026-01550,2026-09-18 08:05:09.800,190.05,1.59,0.6335,0.5311,0.5823,63.2,Moderate Risk,Botol Sampel C,Sumber Air C,5
ALVIN-2026-01551,2026-09-18 08:05:10.000,89.24,0.78,0.2975,0.2616,0.2795,78.16,Low Risk,Botol Sampel A,Sumber Air A,5
ALVIN-2026-01552,2026-09-18 08:05:10.200,707.39,7.12,2.358,2.3746,2.3663,29.71,High Risk,Botol Sampel E,Sumber Air E,5
ALVIN-2026-01553,2026-09-18 08:05:10.400,239.81,1.63,0.7994,0.5444,0.6719,59.81,Moderate Risk,Botol Sampel B,Sumber Air B,5
ALVIN-2026-01554,2026-09-18 08:05:10.600,175.24,1.47,0.5841,0.4912,0.5376,65.04,Moderate Risk,Botol Sampel B,Sumber Air B,5
ALVIN-2026-01555,2026-09-18 08:05:10.800,105.3,0.49,0.351,0.1642,0.2576,79.52,Low Risk,Botol Sampel A,Sumber Air A,5
ALVIN-2026-01556,2026-09-18 08:05:11.000,66.7,0.33,0.2223,0.1096,0.1659,85.77,Low Risk,Botol Sampel A,Sumber Air A,5
ALVIN-2026-01557,2026-09-18 08:05:11.200,117.96,1.13,0.3932,0.3754,0.3843,72.24,Low Risk,Botol Sampel A,Sumber Air A,5
ALVIN-2026-01558,2026-09-18 08:05:11.400,316.08,3.41,1.0536,1.1376,1.0956,47.72,High Risk,Botol Sampel E,Sumber Air E,5
ALVIN-2026-01559,2026-09-18 08:05:11.600,577.77,6.35,1.9259,2.1176,2.0218,33.09,High Risk,Botol Sampel D,Sumber Air D,5
ALVIN-2026-01560,2026-09-18 08:05:11.800,199.02,1.61,0.6634,0.5371,0.6002,62.49,Moderate Risk,Botol Sampel C,Sumber Air C,5
ALVIN-2026-01561,2026-09-18 08:05:12.000,346.05,2.36,1.1535,0.7861,0.9698,50.77,High Risk,Botol Sampel D,Sumber Air D,5
ALVIN-2026-01562,2026-09-18 08:05:12.200,317.28,2.76,1.0576,0.9198,0.9887,50.28,High Risk,Botol Sampel D,Sumber Air D,5
ALVIN-2026-01563,2026-09-18 08:05:12.400,786.33,7.33,2.6211,2.4436,2.5324,28.31,High Risk,Botol Sampel D,Sumber Air D,5
ALVIN-2026-01564,2026-09-18 08:05:12.600,370.41,2.74,1.2347,0.9119,1.0733,48.23,High Risk,Botol Sampel D,Sumber Air D,5
ALVIN-2026-01565,2026-09-18 08:05:12.800,216.05,1.75,0.7202,0.5832,0.6517,60.54,Moderate Risk,Botol Sampel C,Sumber Air C,5
ALVIN-2026-01566,2026-09-18 08:05:13.000,163.92,1.79,0.5464,0.5968,0.5716,63.63,Moderate Risk,Botol Sampel C,Sumber Air C,5
ALVIN-2026-01567,2026-09-18 08:05:13.200,104.79,0.97,0.3493,0.3219,0.3356,74.87,Low Risk,Botol Sampel A,Sumber Air A,5
ALVIN-2026-01568,2026-09-18 08:05:13.400,117.77,0.41,0.3926,0.1371,0.2649,79.06,Low Risk,Botol Sampel A,Sumber Air A,5
ALVIN-2026-01569,2026-09-18 08:05:13.600,97.1,0.33,0.3237,0.1099,0.2168,82.18,Low Risk,Botol Sampel A,Sumber Air A,5
ALVIN-2026-01570,2026-09-18 08:05:13.800,407.74,2.62,1.3591,0.8726,1.1158,47.26,High Risk,Botol Sampel D,Sumber Air D,5
ALVIN-2026-01571,2026-09-18 08:05:14.000,549.29,4.5,1.831,1.5,1.6655,37.52,High Risk,Botol Sampel E,Sumber Air E,5
ALVIN-2026-01572,2026-09-18 08:05:14.200,208.8,1.53,0.696,0.5105,0.6032,62.38,Moderate Risk,Botol Sampel C,Sumber Air C,5
ALVIN-2026-01573,2026-09-18 08:05:14.400,85.44,0.84,0.2848,0.2809,0.2828,77.95,Low Risk,Botol Sampel A,Sumber Air A,5
ALVIN-2026-01574,2026-09-18 08:05:14.600,411.9,2.96,1.373,0.9877,1.1804,45.86,High Risk,Botol Sampel E,Sumber Air E,5
ALVIN-2026-01575,2026-09-18 08:05:14.800,122.21,0.38,0.4074,0.1261,0.2668,78.94,Low Risk,Botol Sampel A,Sumber Air A,5
ALVIN-2026-01576,2026-09-18 08:05:15.000,818.66,7.72,2.7289,2.5721,2.6505,27.39,High Risk,Botol Sampel E,Sumber Air E,5
ALVIN-2026-01577,2026-09-18 08:05:15.200,200.14,1.88,0.6671,0.6272,0.6472,60.71,Moderate Risk,Botol Sampel C,Sumber Air C,5
ALVIN-2026-01578,2026-09-18 08:05:15.400,239.72,1.81,0.7991,0.6043,0.7017,58.76,Moderate Risk,Botol Sampel C,Sumber Air C,5
ALVIN-2026-01579,2026-09-18 08:05:15.600,100.61,0.89,0.3354,0.298,0.3167,75.95,Moderate Risk,Botol Sampel B,Sumber Air B,5
ALVIN-2026-01580,2026-09-18 08:05:15.800,227.69,2.67,0.759,0.8889,0.824,54.82,Moderate Risk,Botol Sampel C,Sumber Air C,5
ALVIN-2026-01581,2026-09-18 08:05:16.000,738.32,5.68,2.4611,1.8929,2.177,31.48,High Risk,Botol Sampel D,Sumber Air D,5
ALVIN-2026-01582,2026-09-18 08:05:16.200,111.43,0.57,0.3714,0.1913,0.2814,78.04,Low Risk,Botol Sampel A,Sumber Air A,5
ALVIN-2026-01583,2026-09-18 08:05:16.400,314.94,4.39,1.0498,1.4646,1.2572,44.3,High Risk,Botol Sampel E,Sumber Air E,5
ALVIN-2026-01584,2026-09-18 08:05:16.600,177.96,1.6,0.5932,0.535,0.5641,63.93,Moderate Risk,Botol Sampel B,Sumber Air B,5
ALVIN-2026-01585,2026-09-18 08:05:16.800,81.55,0.61,0.2718,0.2037,0.2378,80.79,Low Risk,Botol Sampel A,Sumber Air A,5
ALVIN-2026-01586,2026-09-18 08:05:17.000,548.11,4.8,1.827,1.5994,1.7132,36.86,High Risk,Botol Sampel E,Sumber Air E,5
ALVIN-2026-01587,2026-09-18 08:05:17.200,370.59,4.09,1.2353,1.3644,1.2999,43.48,High Risk,Botol Sampel E,Sumber Air E,5
ALVIN-2026-01588,2026-09-18 08:05:17.400,831.46,5.51,2.7715,1.8368,2.3042,30.26,High Risk,Botol Sampel E,Sumber Air E,5
ALVIN-2026-01589,2026-09-18 08:05:17.600,125.44,0.81,0.4181,0.2698,0.344,74.4,Low Risk,Botol Sampel A,Sumber Air A,5
ALVIN-2026-01590,2026-09-18 08:05:17.800,170.1,1.84,0.567,0.6121,0.5896,62.91,Moderate Risk,Botol Sampel B,Sumber Air B,5
ALVIN-2026-01591,2026-09-18 08:05:18.000,662.12,4.91,2.2071,1.6382,1.9226,34.22,High Risk,Botol Sampel E,Sumber Air E,5
ALVIN-2026-01592,2026-09-18 08:05:18.200,398.69,4.06,1.329,1.3526,1.3408,42.72,High Risk,Botol Sampel D,Sumber Air D,5
ALVIN-2026-01593,2026-09-18 08:05:18.400,313.67,4.96,1.0456,1.6536,1.3496,42.56,High Risk,Botol Sampel D,Sumber Air D,5
ALVIN-2026-01594,2026-09-18 08:05:18.600,280.0,3.5,0.9333,1.1683,1.0508,48.76,High Risk,Botol Sampel E,Sumber Air E,5
ALVIN-2026-01595,2026-09-18 08:05:18.800,83.99,0.1,0.28,0.0333,0.1567,86.45,Low Risk,Botol Sampel A,Sumber Air A,5
ALVIN-2026-01596,2026-09-18 08:05:19.000,189.3,1.09,0.631,0.3637,0.4974,66.78,Moderate Risk,Botol Sampel C,Sumber Air C,5
ALVIN-2026-01597,2026-09-18 08:05:19.200,613.71,7.6,2.0457,2.5318,2.2888,30.41,High Risk,Botol Sampel E,Sumber Air E,5
ALVIN-2026-01598,2026-09-18 08:05:19.400,594.15,4.52,1.9805,1.5061,1.7433,36.45,High Risk,Botol Sampel D,Sumber Air D,5
ALVIN-2026-01599,2026-09-18 08:05:19.600,323.19,3.68,1.0773,1.2267,1.152,46.47,High Risk,Botol Sampel D,Sumber Air D,5
ALVIN-2026-01600,2026-09-18 08:05:19.800,145.0,0.79,0.4833,0.2625,0.3729,72.84,Low Risk,Botol Sampel A,Sumber Air A,5
ALVIN-2026-01601,2026-09-18 08:05:20.000,303.43,4.51,1.0114,1.5045,1.258,44.29,High Risk,Botol Sampel E,Sumber Air E,5
ALVIN-2026-01602,2026-09-18 08:05:20.200,99.68,0.38,0.3323,0.1268,0.2295,81.33,Moderate Risk,Botol Sampel C,Sumber Air C,5
ALVIN-2026-01603,2026-09-18 08:05:20.400,379.23,4.83,1.2641,1.6099,1.437,41.03,High Risk,Botol Sampel E,Sumber Air E,5
ALVIN-2026-01604,2026-09-18 08:05:20.600,328.41,2.54,1.0947,0.8456,0.9702,50.76,High Risk,Botol Sampel D,Sumber Air D,5
ALVIN-2026-01605,2026-09-18 08:05:20.800,512.41,5.93,1.708,1.976,1.842,35.19,High Risk,Botol Sampel D,Sumber Air D,5
ALVIN-2026-01606,2026-09-18 08:05:21.000,92.72,0.48,0.3091,0.1586,0.2338,81.05,Low Risk,Botol Sampel A,Sumber Air A,5
ALVIN-2026-01607,2026-09-18 08:05:21.200,118.57,0.84,0.3952,0.2786,0.3369,74.8,Low Risk,Botol Sampel A,Sumber Air A,5
ALVIN-2026-01608,2026-09-18 08:05:21.400,280.0,4.4,0.9333,1.4658,1.1995,45.46,High Risk,Botol Sampel E,Sumber Air E,5
ALVIN-2026-01609,2026-09-18 08:05:21.600,376.78,3.74,1.2559,1.2463,1.2511,44.42,High Risk,Botol Sampel E,Sumber Air E,5
ALVIN-2026-01610,2026-09-18 08:05:21.800,229.45,2.0,0.7648,0.6651,0.715,58.31,Moderate Risk,Botol Sampel B,Sumber Air B,5
ALVIN-2026-01611,2026-09-18 08:05:22.000,219.28,1.56,0.7309,0.5201,0.6255,61.52,Moderate Risk,Botol Sampel C,Sumber Air C,5
ALVIN-2026-01612,2026-09-18 08:05:22.200,233.11,1.5,0.777,0.4998,0.6384,61.04,Moderate Risk,Botol Sampel C,Sumber Air C,5
ALVIN-2026-01613,2026-09-18 08:05:22.400,173.41,1.8,0.578,0.5994,0.5887,62.94,Moderate Risk,Botol Sampel B,Sumber Air B,5
ALVIN-2026-01614,2026-09-18 08:05:22.600,359.92,3.01,1.1997,1.0025,1.1011,47.59,High Risk,Botol Sampel D,Sumber Air D,5
ALVIN-2026-01615,2026-09-18 08:05:22.800,591.91,6.5,1.973,2.167,2.07,32.57,High Risk,Botol Sampel E,Sumber Air E,5
ALVIN-2026-01616,2026-09-18 08:05:23.000,175.73,1.17,0.5858,0.3893,0.4876,67.22,Moderate Risk,Botol Sampel C,Sumber Air C,5
ALVIN-2026-01617,2026-09-18 08:05:23.200,671.37,6.32,2.2379,2.1067,2.1723,31.52,High Risk,Botol Sampel D,Sumber Air D,5
ALVIN-2026-01618,2026-09-18 08:05:23.400,340.61,3.78,1.1354,1.2599,1.1976,45.5,High Risk,Botol Sampel D,Sumber Air D,5
ALVIN-2026-01619,2026-09-18 08:05:23.600,219.3,1.93,0.731,0.644,0.6875,59.26,Moderate Risk,Botol Sampel B,Sumber Air B,5
ALVIN-2026-01620,2026-09-18 08:05:23.800,720.26,4.64,2.4009,1.5471,1.974,33.62,High Risk,Botol Sampel D,Sumber Air D,5
ALVIN-2026-01621,2026-09-18 08:05:24.000,603.37,5.34,2.0112,1.7799,1.8956,34.54,High Risk,Botol Sampel D,Sumber Air D,5
ALVIN-2026-01622,2026-09-18 08:05:24.200,365.07,2.84,1.2169,0.9477,1.0823,48.02,High Risk,Botol Sampel E,Sumber Air E,5
ALVIN-2026-01623,2026-09-18 08:05:24.400,114.42,1.17,0.3814,0.3895,0.3854,72.18,Low Risk,Botol Sampel A,Sumber Air A,5
ALVIN-2026-01624,2026-09-18 08:05:24.600,202.02,1.41,0.6734,0.4699,0.5716,63.63,Moderate Risk,Botol Sampel B,Sumber Air B,5
ALVIN-2026-01625,2026-09-18 08:05:24.800,611.34,7.78,2.0378,2.5922,2.315,30.17,High Risk,Botol Sampel D,Sumber Air D,5
ALVIN-2026-01626,2026-09-18 08:05:25.000,124.09,0.93,0.4136,0.3105,0.362,73.42,Moderate Risk,Botol Sampel C,Sumber Air C,5
ALVIN-2026-01627,2026-09-18 08:05:25.200,330.28,3.89,1.1009,1.2975,1.1992,45.47,High Risk,Botol Sampel D,Sumber Air D,5
ALVIN-2026-01628,2026-09-18 08:05:25.400,103.97,0.21,0.3466,0.071,0.2088,82.73,Low Risk,Botol Sampel A,Sumber Air A,5
ALVIN-2026-01629,2026-09-18 08:05:25.600,203.87,1.78,0.6796,0.5931,0.6364,61.11,Moderate Risk,Botol Sampel C,Sumber Air C,5
ALVIN-2026-01630,2026-09-18 08:05:25.800,184.55,2.33,0.6152,0.7751,0.6951,58.99,Moderate Risk,Botol Sampel B,Sumber Air B,5
ALVIN-2026-01631,2026-09-18 08:05:26.000,118.17,0.95,0.3939,0.3177,0.3558,73.76,Low Risk,Botol Sampel A,Sumber Air A,5
ALVIN-2026-01632,2026-09-18 08:05:26.200,705.98,5.82,2.3533,1.9397,2.1465,31.78,High Risk,Botol Sampel D,Sumber Air D,5
ALVIN-2026-01633,2026-09-18 08:05:26.400,280.0,3.36,0.9333,1.1201,1.0267,49.34,High Risk,Botol Sampel D,Sumber Air D,5
ALVIN-2026-01634,2026-09-18 08:05:26.600,120.21,0.97,0.4007,0.324,0.3624,73.4,Low Risk,Botol Sampel A,Sumber Air A,5
ALVIN-2026-01635,2026-09-18 08:05:26.800,345.89,4.14,1.153,1.3804,1.2667,44.12,High Risk,Botol Sampel D,Sumber Air D,5
ALVIN-2026-01636,2026-09-18 08:05:27.000,191.89,1.96,0.6396,0.654,0.6468,60.72,Moderate Risk,Botol Sampel C,Sumber Air C,5
ALVIN-2026-01637,2026-09-18 08:05:27.200,73.69,0.25,0.2456,0.0837,0.1647,85.86,Low Risk,Botol Sampel A,Sumber Air A,5
ALVIN-2026-01638,2026-09-18 08:05:27.400,434.49,3.53,1.4483,1.1763,1.3123,43.25,High Risk,Botol Sampel D,Sumber Air D,5
ALVIN-2026-01639,2026-09-18 08:05:27.600,531.26,5.26,1.7709,1.7541,1.7625,36.2,High Risk,Botol Sampel E,Sumber Air E,5
ALVIN-2026-01640,2026-09-18 08:05:27.800,359.56,4.02,1.1985,1.3413,1.2699,44.05,High Risk,Botol Sampel E,Sumber Air E,5
ALVIN-2026-01641,2026-09-18 08:05:28.000,593.09,7.14,1.977,2.3789,2.178,31.47,High Risk,Botol Sampel D,Sumber Air D,5
ALVIN-2026-01642,2026-09-18 08:05:28.200,227.78,1.77,0.7593,0.5891,0.6742,59.73,Moderate Risk,Botol Sampel C,Sumber Air C,5
ALVIN-2026-01643,2026-09-18 08:05:28.400,66.79,0.81,0.2226,0.2706,0.2466,80.22,Low Risk,Botol Sampel A,Sumber Air A,5
ALVIN-2026-01644,2026-09-18 08:05:28.600,115.87,0.85,0.3862,0.2843,0.3352,74.9,Moderate Risk,Botol Sampel C,Sumber Air C,5
ALVIN-2026-01645,2026-09-18 08:05:28.800,760.57,9.89,2.5352,3.2975,2.9164,25.53,High Risk,Botol Sampel E,Sumber Air E,5
ALVIN-2026-01646,2026-09-18 08:05:29.000,341.95,3.28,1.1398,1.0928,1.1163,47.25,High Risk,Botol Sampel D,Sumber Air D,5
ALVIN-2026-01647,2026-09-18 08:05:29.200,344.65,4.35,1.1488,1.4511,1.3,43.48,High Risk,Botol Sampel D,Sumber Air D,5
ALVIN-2026-01648,2026-09-18 08:05:29.400,653.72,10.32,2.1791,3.4416,2.8104,26.24,High Risk,Botol Sampel E,Sumber Air E,5
ALVIN-2026-01649,2026-09-18 08:05:29.600,320.62,3.85,1.0687,1.284,1.1764,45.95,High Risk,Botol Sampel E,Sumber Air E,5
ALVIN-2026-01650,2026-09-18 08:05:29.800,612.64,6.31,2.0421,2.1029,2.0725,32.55,High Risk,Botol Sampel D,Sumber Air D,5
ALVIN-2026-01651,2026-09-18 08:05:30.000,104.44,0.52,0.3481,0.173,0.2606,79.33,Low Risk,Botol Sampel A,Sumber Air A,5
ALVIN-2026-01652,2026-09-18 08:05:30.200,76.14,0.1,0.2538,0.0333,0.1436,87.44,Low Risk,Botol Sampel A,Sumber Air A,5
ALVIN-2026-01653,2026-09-18 08:05:30.400,838.73,4.5,2.7958,1.5,2.1479,31.77,High Risk,Botol Sampel E,Sumber Air E,5
ALVIN-2026-01654,2026-09-18 08:05:30.600,265.02,1.57,0.8834,0.5239,0.7036,58.7,Moderate Risk,Botol Sampel C,Sumber Air C,5
ALVIN-2026-01655,2026-09-18 08:05:30.800,286.91,3.38,0.9564,1.1263,1.0414,48.99,High Risk,Botol Sampel E,Sumber Air E,5
ALVIN-2026-01656,2026-09-18 08:05:31.000,194.55,2.17,0.6485,0.7231,0.6858,59.32,Moderate Risk,Botol Sampel C,Sumber Air C,5
ALVIN-2026-01657,2026-09-18 08:05:31.200,789.9,9.44,2.633,3.1482,2.8906,25.7,High Risk,Botol Sampel E,Sumber Air E,5
ALVIN-2026-01658,2026-09-18 08:05:31.400,598.52,10.05,1.9951,3.3498,2.6724,27.23,High Risk,Botol Sampel E,Sumber Air E,5
ALVIN-2026-01659,2026-09-18 08:05:31.600,280.0,2.91,0.9333,0.9696,0.9514,51.25,Moderate Risk,Botol Sampel B,Sumber Air B,5
ALVIN-2026-01660,2026-09-18 08:05:31.800,155.39,2.13,0.518,0.7114,0.6147,61.93,Moderate Risk,Botol Sampel B,Sumber Air B,5
ALVIN-2026-01661,2026-09-18 08:05:32.000,629.66,8.0,2.0989,2.6666,2.3827,29.56,High Risk,Botol Sampel D,Sumber Air D,5
ALVIN-2026-01662,2026-09-18 08:05:32.200,797.97,8.85,2.6599,2.9491,2.8045,26.28,High Risk,Botol Sampel E,Sumber Air E,5
ALVIN-2026-01663,2026-09-18 08:05:32.400,515.05,6.88,1.7168,2.295,2.0059,33.27,High Risk,Botol Sampel D,Sumber Air D,5
ALVIN-2026-01664,2026-09-18 08:05:32.600,299.64,3.64,0.9988,1.2139,1.1064,47.47,High Risk,Botol Sampel E,Sumber Air E,5
ALVIN-2026-01665,2026-09-18 08:05:32.800,282.53,3.65,0.9418,1.2173,1.0796,48.09,High Risk,Botol Sampel E,Sumber Air E,5
ALVIN-2026-01666,2026-09-18 08:05:33.000,306.36,4.17,1.0212,1.3898,1.2055,45.34,High Risk,Botol Sampel D,Sumber Air D,5
ALVIN-2026-01667,2026-09-18 08:05:33.200,131.18,0.6,0.4373,0.1998,0.3186,75.84,Low Risk,Botol Sampel A,Sumber Air A,5
ALVIN-2026-01668,2026-09-18 08:05:33.400,94.62,0.61,0.3154,0.2026,0.259,79.43,Low Risk,Botol Sampel A,Sumber Air A,5
ALVIN-2026-01669,2026-09-18 08:05:33.600,259.37,2.02,0.8646,0.6738,0.7692,56.52,Moderate Risk,Botol Sampel B,Sumber Air B,5
ALVIN-2026-01670,2026-09-18 08:05:33.800,280.0,3.46,0.9333,1.1518,1.0425,48.96,High Risk,Botol Sampel E,Sumber Air E,5
ALVIN-2026-01671,2026-09-18 08:05:34.000,110.07,0.24,0.3669,0.0789,0.2229,81.77,Low Risk,Botol Sampel A,Sumber Air A,5
ALVIN-2026-01672,2026-09-18 08:05:34.200,634.02,7.4,2.1134,2.4657,2.2896,30.4,High Risk,Botol Sampel D,Sumber Air D,5
ALVIN-2026-01673,2026-09-18 08:05:34.400,675.63,4.63,2.2521,1.5417,1.8969,34.52,High Risk,Botol Sampel D,Sumber Air D,5
ALVIN-2026-01674,2026-09-18 08:05:34.600,238.87,1.43,0.7962,0.4758,0.636,61.12,Moderate Risk,Botol Sampel C,Sumber Air C,5
ALVIN-2026-01675,2026-09-18 08:05:34.800,491.22,10.88,1.6374,3.6252,2.6313,27.54,High Risk,Botol Sampel E,Sumber Air E,5
ALVIN-2026-01676,2026-09-18 08:05:35.000,384.25,2.99,1.2808,0.9973,1.139,46.75,High Risk,Botol Sampel D,Sumber Air D,5
ALVIN-2026-01677,2026-09-18 08:05:35.200,280.0,3.51,0.9333,1.1702,1.0518,48.74,High Risk,Botol Sampel E,Sumber Air E,5
ALVIN-2026-01678,2026-09-18 08:05:35.400,371.61,3.83,1.2387,1.2763,1.2575,44.3,High Risk,Botol Sampel D,Sumber Air D,5
ALVIN-2026-01679,2026-09-18 08:05:35.600,280.0,2.66,0.9333,0.8883,0.9108,52.33,Moderate Risk,Botol Sampel B,Sumber Air B,5
ALVIN-2026-01680,2026-09-18 08:05:35.800,213.59,2.38,0.712,0.7939,0.753,57.05,Moderate Risk,Botol Sampel C,Sumber Air C,5
ALVIN-2026-01681,2026-09-18 08:05:36.000,348.74,2.2,1.1625,0.7333,0.9479,51.34,High Risk,Botol Sampel E,Sumber Air E,5
ALVIN-2026-01682,2026-09-18 08:05:36.200,343.7,3.97,1.1457,1.3223,1.234,44.76,High Risk,Botol Sampel D,Sumber Air D,5
ALVIN-2026-01683,2026-09-18 08:05:36.400,88.39,0.81,0.2946,0.2704,0.2825,77.97,Low Risk,Botol Sampel A,Sumber Air A,5
ALVIN-2026-01684,2026-09-18 08:05:36.600,511.58,4.86,1.7053,1.6193,1.6623,37.56,High Risk,Botol Sampel E,Sumber Air E,5
ALVIN-2026-01685,2026-09-18 08:05:36.800,215.79,1.54,0.7193,0.514,0.6166,61.86,Moderate Risk,Botol Sampel B,Sumber Air B,5
ALVIN-2026-01686,2026-09-18 08:05:37.000,283.83,3.04,0.9461,1.0127,0.9794,50.52,High Risk,Botol Sampel E,Sumber Air E,5
ALVIN-2026-01687,2026-09-18 08:05:37.200,86.03,0.1,0.2868,0.0333,0.16,86.21,Low Risk,Botol Sampel A,Sumber Air A,5
ALVIN-2026-01688,2026-09-18 08:05:37.400,607.39,5.79,2.0246,1.93,1.9773,33.59,High Risk,Botol Sampel E,Sumber Air E,5
ALVIN-2026-01689,2026-09-18 08:05:37.600,126.61,0.89,0.422,0.2961,0.359,73.58,Moderate Risk,Botol Sampel B,Sumber Air B,5
ALVIN-2026-01690,2026-09-18 08:05:37.800,354.49,2.72,1.1816,0.9054,1.0435,48.94,High Risk,Botol Sampel E,Sumber Air E,5
ALVIN-2026-01691,2026-09-18 08:05:38.000,792.15,10.3,2.6405,3.434,3.0373,24.77,High Risk,Botol Sampel D,Sumber Air D,5
ALVIN-2026-01692,2026-09-18 08:05:38.200,230.35,2.81,0.7678,0.9364,0.8521,53.99,Moderate Risk,Botol Sampel C,Sumber Air C,5
ALVIN-2026-01693,2026-09-18 08:05:38.400,321.93,4.7,1.0731,1.5677,1.3204,43.1,High Risk,Botol Sampel D,Sumber Air D,5
ALVIN-2026-01694,2026-09-18 08:05:38.600,416.56,3.94,1.3885,1.3134,1.351,42.54,High Risk,Botol Sampel D,Sumber Air D,5
ALVIN-2026-01695,2026-09-18 08:05:38.800,686.12,7.28,2.2871,2.427,2.357,29.79,High Risk,Botol Sampel E,Sumber Air E,5
ALVIN-2026-01696,2026-09-18 08:05:39.000,525.63,8.31,1.7521,2.7704,2.2612,30.66,High Risk,Botol Sampel D,Sumber Air D,5
ALVIN-2026-01697,2026-09-18 08:05:39.200,61.9,0.91,0.2063,0.3021,0.2542,79.73,Low Risk,Botol Sampel A,Sumber Air A,5
ALVIN-2026-01698,2026-09-18 08:05:39.400,226.69,1.92,0.7556,0.6402,0.6979,58.9,Moderate Risk,Botol Sampel C,Sumber Air C,5
ALVIN-2026-01699,2026-09-18 08:05:39.600,125.43,0.54,0.4181,0.1799,0.299,76.98,Low Risk,Botol Sampel A,Sumber Air A,5
ALVIN-2026-01700,2026-09-18 08:05:39.800,126.54,0.5,0.4218,0.1665,0.2942,77.27,Moderate Risk,Botol Sampel B,Sumber Air B,5
ALVIN-2026-01701,2026-09-18 08:05:40.000,119.31,0.91,0.3977,0.3036,0.3506,74.04,Low Risk,Botol Sampel A,Sumber Air A,5
ALVIN-2026-01702,2026-09-18 08:05:40.200,213.19,1.96,0.7106,0.6541,0.6824,59.44,Moderate Risk,Botol Sampel B,Sumber Air B,5
ALVIN-2026-01703,2026-09-18 08:05:40.400,93.54,0.63,0.3118,0.2115,0.2616,79.26,Low Risk,Botol Sampel A,Sumber Air A,5
ALVIN-2026-01704,2026-09-18 08:05:40.600,214.48,2.49,0.7149,0.8309,0.7729,56.4,Moderate Risk,Botol Sampel B,Sumber Air B,5
ALVIN-2026-01705,2026-09-18 08:05:40.800,327.21,4.08,1.0907,1.3599,1.2253,44.94,High Risk,Botol Sampel E,Sumber Air E,5
ALVIN-2026-01706,2026-09-18 08:05:41.000,445.14,2.8,1.4838,0.9336,1.2087,45.28,High Risk,Botol Sampel E,Sumber Air E,5
ALVIN-2026-01707,2026-09-18 08:05:41.200,398.44,4.3,1.3281,1.4328,1.3805,42.01,High Risk,Botol Sampel D,Sumber Air D,5
ALVIN-2026-01708,2026-09-18 08:05:41.400,77.25,0.11,0.2575,0.0374,0.1474,87.15,Low Risk,Botol Sampel A,Sumber Air A,5
ALVIN-2026-01709,2026-09-18 08:05:41.600,291.64,2.59,0.9721,0.8625,0.9173,52.16,Moderate Risk,Botol Sampel C,Sumber Air C,5
ALVIN-2026-01710,2026-09-18 08:05:41.800,128.84,0.82,0.4295,0.272,0.3508,74.03,Low Risk,Botol Sampel A,Sumber Air A,5
ALVIN-2026-01711,2026-09-18 08:05:42.000,455.84,4.36,1.5195,1.4534,1.4864,40.22,High Risk,Botol Sampel E,Sumber Air E,5
ALVIN-2026-01712,2026-09-18 08:05:42.200,282.87,3.86,0.9429,1.2856,1.1142,47.3,High Risk,Botol Sampel D,Sumber Air D,5
ALVIN-2026-01713,2026-09-18 08:05:42.400,338.17,3.81,1.1272,1.2706,1.1989,45.48,High Risk,Botol Sampel D,Sumber Air D,5
ALVIN-2026-01714,2026-09-18 08:05:42.600,369.92,4.14,1.2331,1.3795,1.3063,43.36,High Risk,Botol Sampel D,Sumber Air D,5
ALVIN-2026-01715,2026-09-18 08:05:42.800,102.57,0.53,0.3419,0.1779,0.2599,79.37,Low Risk,Botol Sampel A,Sumber Air A,5
ALVIN-2026-01716,2026-09-18 08:05:43.000,99.16,0.1,0.3305,0.0333,0.1819,84.61,Moderate Risk,Botol Sampel C,Sumber Air C,5
ALVIN-2026-01717,2026-09-18 08:05:43.200,364.6,2.2,1.2153,0.7333,0.9743,50.65,High Risk,Botol Sampel D,Sumber Air D,5
ALVIN-2026-01718,2026-09-18 08:05:43.400,229.01,2.01,0.7634,0.6711,0.7172,58.23,Moderate Risk,Botol Sampel B,Sumber Air B,5
ALVIN-2026-01719,2026-09-18 08:05:43.600,110.87,0.49,0.3696,0.164,0.2668,78.94,Low Risk,Botol Sampel A,Sumber Air A,5
ALVIN-2026-01720,2026-09-18 08:05:43.800,99.06,0.57,0.3302,0.1916,0.2609,79.31,Low Risk,Botol Sampel A,Sumber Air A,5
ALVIN-2026-01721,2026-09-18 08:05:44.000,655.73,6.19,2.1858,2.063,2.1244,32.01,High Risk,Botol Sampel E,Sumber Air E,5
ALVIN-2026-01722,2026-09-18 08:05:44.200,388.33,3.79,1.2944,1.2636,1.279,43.88,High Risk,Botol Sampel D,Sumber Air D,5
ALVIN-2026-01723,2026-09-18 08:05:44.400,404.83,2.36,1.3494,0.787,1.0682,48.35,High Risk,Botol Sampel E,Sumber Air E,5
ALVIN-2026-01724,2026-09-18 08:05:44.600,280.0,3.21,0.9333,1.0695,1.0014,49.97,High Risk,Botol Sampel D,Sumber Air D,5
ALVIN-2026-01725,2026-09-18 08:05:44.800,240.83,1.68,0.8028,0.559,0.6809,59.49,Moderate Risk,Botol Sampel C,Sumber Air C,5
ALVIN-2026-01726,2026-09-18 08:05:45.000,639.89,5.9,2.133,1.9672,2.0501,32.79,High Risk,Botol Sampel D,Sumber Air D,5
ALVIN-2026-01727,2026-09-18 08:05:45.200,172.24,2.24,0.5741,0.7458,0.66,60.24,Moderate Risk,Botol Sampel B,Sumber Air B,5
ALVIN-2026-01728,2026-09-18 08:05:45.400,318.02,3.79,1.0601,1.2631,1.1616,46.26,High Risk,Botol Sampel D,Sumber Air D,5
ALVIN-2026-01729,2026-09-18 08:05:45.600,717.82,6.77,2.3927,2.2567,2.3247,30.08,High Risk,Botol Sampel E,Sumber Air E,5
ALVIN-2026-01730,2026-09-18 08:05:45.800,100.81,0.1,0.336,0.0333,0.1846,84.42,Low Risk,Botol Sampel A,Sumber Air A,5
ALVIN-2026-01731,2026-09-18 08:05:46.000,309.31,2.48,1.031,0.8262,0.9286,51.85,High Risk,Botol Sampel E,Sumber Air E,5
ALVIN-2026-01732,2026-09-18 08:05:46.200,103.62,0.62,0.3454,0.2056,0.2755,78.4,Low Risk,Botol Sampel A,Sumber Air A,5
ALVIN-2026-01733,2026-09-18 08:05:46.400,305.77,2.62,1.0192,0.8734,0.9463,51.38,High Risk,Botol Sampel D,Sumber Air D,5
ALVIN-2026-01734,2026-09-18 08:05:46.600,173.51,1.75,0.5784,0.585,0.5817,63.22,Moderate Risk,Botol Sampel B,Sumber Air B,5
ALVIN-2026-01735,2026-09-18 08:05:46.800,298.45,3.14,0.9948,1.0467,1.0208,49.49,High Risk,Botol Sampel E,Sumber Air E,5
ALVIN-2026-01736,2026-09-18 08:05:47.000,669.7,4.5,2.2323,1.5,1.8662,34.89,High Risk,Botol Sampel D,Sumber Air D,5
ALVIN-2026-01737,2026-09-18 08:05:47.200,312.27,2.93,1.0409,0.9772,1.009,49.78,High Risk,Botol Sampel D,Sumber Air D,5
ALVIN-2026-01738,2026-09-18 08:05:47.400,385.68,4.25,1.2856,1.4161,1.3508,42.54,High Risk,Botol Sampel D,Sumber Air D,5
ALVIN-2026-01739,2026-09-18 08:05:47.600,77.69,0.1,0.259,0.0333,0.1462,87.24,Low Risk,Botol Sampel A,Sumber Air A,5
ALVIN-2026-01740,2026-09-18 08:05:47.800,252.69,2.31,0.8423,0.7699,0.8061,55.37,Moderate Risk,Botol Sampel C,Sumber Air C,5
ALVIN-2026-01741,2026-09-18 08:05:48.000,601.38,6.3,2.0046,2.1012,2.0529,32.76,High Risk,Botol Sampel E,Sumber Air E,5
ALVIN-2026-01742,2026-09-18 08:05:48.200,103.25,0.61,0.3442,0.205,0.2746,78.46,Low Risk,Botol Sampel A,Sumber Air A,5
ALVIN-2026-01743,2026-09-18 08:05:48.400,561.25,4.5,1.8708,1.5,1.6854,37.24,High Risk,Botol Sampel D,Sumber Air D,5
ALVIN-2026-01744,2026-09-18 08:05:48.600,717.84,7.21,2.3928,2.4043,2.3986,29.42,High Risk,Botol Sampel E,Sumber Air E,5
ALVIN-2026-01745,2026-09-18 08:05:48.800,637.04,6.24,2.1235,2.0811,2.1023,32.23,High Risk,Botol Sampel D,Sumber Air D,5
ALVIN-2026-01746,2026-09-18 08:05:49.000,183.79,2.62,0.6126,0.8748,0.7437,57.35,Moderate Risk,Botol Sampel C,Sumber Air C,5
ALVIN-2026-01747,2026-09-18 08:05:49.200,642.27,11.26,2.1409,3.7531,2.947,25.34,High Risk,Botol Sampel D,Sumber Air D,5
ALVIN-2026-01748,2026-09-18 08:05:49.400,88.87,0.81,0.2962,0.2699,0.2831,77.94,Moderate Risk,Botol Sampel B,Sumber Air B,5
ALVIN-2026-01749,2026-09-18 08:05:49.600,178.55,1.52,0.5952,0.5067,0.551,64.47,Moderate Risk,Botol Sampel C,Sumber Air C,5
ALVIN-2026-01750,2026-09-18 08:05:49.800,201.29,1.32,0.671,0.4393,0.5552,64.3,Moderate Risk,Botol Sampel B,Sumber Air B,5
ALVIN-2026-01751,2026-09-18 08:05:50.000,316.89,2.93,1.0563,0.9762,1.0162,49.6,High Risk,Botol Sampel D,Sumber Air D,5
ALVIN-2026-01752,2026-09-18 08:05:50.200,514.47,9.96,1.7149,3.3185,2.5167,28.44,High Risk,Botol Sampel E,Sumber Air E,5
ALVIN-2026-01753,2026-09-18 08:05:50.400,86.67,0.96,0.2889,0.3186,0.3037,76.7,Low Risk,Botol Sampel A,Sumber Air A,5
ALVIN-2026-01754,2026-09-18 08:05:50.600,335.09,4.0,1.117,1.3318,1.2244,44.96,High Risk,Botol Sampel E,Sumber Air E,5
ALVIN-2026-01755,2026-09-18 08:05:50.800,202.62,2.18,0.6754,0.7277,0.7016,58.77,Moderate Risk,Botol Sampel B,Sumber Air B,5
ALVIN-2026-01756,2026-09-18 08:05:51.000,95.84,0.92,0.3195,0.3071,0.3133,76.14,Low Risk,Botol Sampel A,Sumber Air A,5
ALVIN-2026-01757,2026-09-18 08:05:51.200,193.52,2.49,0.6451,0.8297,0.7374,57.56,Moderate Risk,Botol Sampel C,Sumber Air C,5
ALVIN-2026-01758,2026-09-18 08:05:51.400,595.16,9.21,1.9839,3.0691,2.5265,28.36,High Risk,Botol Sampel E,Sumber Air E,5
ALVIN-2026-01759,2026-09-18 08:05:51.600,558.89,9.34,1.863,3.1127,2.4878,28.67,High Risk,Botol Sampel E,Sumber Air E,5
ALVIN-2026-01760,2026-09-18 08:05:51.800,79.76,1.19,0.2659,0.3956,0.3308,75.14,Low Risk,Botol Sampel A,Sumber Air A,5
ALVIN-2026-01761,2026-09-18 08:05:52.000,355.73,4.0,1.1858,1.3326,1.2592,44.26,High Risk,Botol Sampel D,Sumber Air D,5
ALVIN-2026-01762,2026-09-18 08:05:52.200,119.35,0.92,0.3978,0.3075,0.3526,73.93,Moderate Risk,Botol Sampel C,Sumber Air C,5
ALVIN-2026-01763,2026-09-18 08:05:52.400,289.84,3.43,0.9661,1.1421,1.0541,48.68,High Risk,Botol Sampel D,Sumber Air D,5
ALVIN-2026-01764,2026-09-18 08:05:52.600,201.7,2.15,0.6723,0.718,0.6951,58.99,Moderate Risk,Botol Sampel C,Sumber Air C,5
ALVIN-2026-01765,2026-09-18 08:05:52.800,348.96,3.85,1.1632,1.282,1.2226,44.99,High Risk,Botol Sampel D,Sumber Air D,5
ALVIN-2026-01766,2026-09-18 08:05:53.000,685.06,7.51,2.2835,2.5046,2.394,29.46,High Risk,Botol Sampel D,Sumber Air D,5
ALVIN-2026-01767,2026-09-18 08:05:53.200,386.88,3.33,1.2896,1.1104,1.2,45.45,High Risk,Botol Sampel E,Sumber Air E,5
ALVIN-2026-01768,2026-09-18 08:05:53.400,110.39,0.61,0.368,0.2046,0.2863,77.74,Low Risk,Botol Sampel A,Sumber Air A,5
ALVIN-2026-01769,2026-09-18 08:05:53.600,730.81,5.28,2.436,1.7591,2.0976,32.28,High Risk,Botol Sampel D,Sumber Air D,5
ALVIN-2026-01770,2026-09-18 08:05:53.800,78.88,0.51,0.2629,0.1684,0.2156,82.26,Moderate Risk,Botol Sampel B,Sumber Air B,5
ALVIN-2026-01771,2026-09-18 08:05:54.000,607.73,4.5,2.0258,1.5,1.7629,36.19,High Risk,Botol Sampel E,Sumber Air E,5
ALVIN-2026-01772,2026-09-18 08:05:54.200,188.53,2.22,0.6284,0.7388,0.6836,59.4,Moderate Risk,Botol Sampel C,Sumber Air C,5
ALVIN-2026-01773,2026-09-18 08:05:54.400,96.01,0.1,0.32,0.0333,0.1766,84.99,Low Risk,Botol Sampel A,Sumber Air A,5
ALVIN-2026-01774,2026-09-18 08:05:54.600,117.54,0.87,0.3918,0.2905,0.3411,74.57,Low Risk,Botol Sampel A,Sumber Air A,5
ALVIN-2026-01775,2026-09-18 08:05:54.800,367.53,3.9,1.2251,1.301,1.263,44.19,High Risk,Botol Sampel D,Sumber Air D,5
ALVIN-2026-01776,2026-09-18 08:05:55.000,365.34,3.72,1.2178,1.241,1.2294,44.86,High Risk,Botol Sampel E,Sumber Air E,5
ALVIN-2026-01777,2026-09-18 08:05:55.200,129.32,0.47,0.4311,0.1559,0.2935,77.31,Low Risk,Botol Sampel A,Sumber Air A,5
ALVIN-2026-01778,2026-09-18 08:05:55.400,559.77,5.85,1.8659,1.9506,1.9082,34.39,High Risk,Botol Sampel E,Sumber Air E,5
ALVIN-2026-01779,2026-09-18 08:05:55.600,183.3,1.9,0.611,0.6323,0.6216,61.67,Moderate Risk,Botol Sampel B,Sumber Air B,5
ALVIN-2026-01780,2026-09-18 08:05:55.800,122.39,0.47,0.408,0.1576,0.2828,77.95,Moderate Risk,Botol Sampel B,Sumber Air B,5
ALVIN-2026-01781,2026-09-18 08:05:56.000,338.06,3.06,1.1269,1.0212,1.0741,48.21,High Risk,Botol Sampel D,Sumber Air D,5
ALVIN-2026-01782,2026-09-18 08:05:56.200,636.31,10.51,2.121,3.502,2.8115,26.24,High Risk,Botol Sampel E,Sumber Air E,5
ALVIN-2026-01783,2026-09-18 08:05:56.400,676.33,5.58,2.2544,1.8591,2.0568,32.71,High Risk,Botol Sampel D,Sumber Air D,5
ALVIN-2026-01784,2026-09-18 08:05:56.600,216.46,1.8,0.7215,0.6016,0.6616,60.18,Moderate Risk,Botol Sampel C,Sumber Air C,5
ALVIN-2026-01785,2026-09-18 08:05:56.800,74.83,0.62,0.2494,0.2063,0.2278,81.45,Low Risk,Botol Sampel A,Sumber Air A,5
ALVIN-2026-01786,2026-09-18 08:05:57.000,163.5,1.59,0.545,0.5291,0.537,65.06,Moderate Risk,Botol Sampel B,Sumber Air B,5
ALVIN-2026-01787,2026-09-18 08:05:57.200,119.21,0.55,0.3974,0.1849,0.2912,77.45,Moderate Risk,Botol Sampel B,Sumber Air B,5
ALVIN-2026-01788,2026-09-18 08:05:57.400,659.59,6.0,2.1986,2.0004,2.0995,32.26,High Risk,Botol Sampel D,Sumber Air D,5
ALVIN-2026-01789,2026-09-18 08:05:57.600,495.73,6.99,1.6524,2.3311,1.9918,33.42,High Risk,Botol Sampel D,Sumber Air D,5
ALVIN-2026-01790,2026-09-18 08:05:57.800,199.94,1.64,0.6665,0.5461,0.6063,62.25,Moderate Risk,Botol Sampel C,Sumber Air C,5
ALVIN-2026-01791,2026-09-18 08:05:58.000,589.76,5.92,1.9659,1.9732,1.9696,33.67,High Risk,Botol Sampel E,Sumber Air E,5
ALVIN-2026-01792,2026-09-18 08:05:58.200,320.37,4.47,1.0679,1.4907,1.2793,43.87,High Risk,Botol Sampel E,Sumber Air E,5
ALVIN-2026-01793,2026-09-18 08:05:58.400,390.73,3.48,1.3024,1.1598,1.2311,44.82,High Risk,Botol Sampel E,Sumber Air E,5
ALVIN-2026-01794,2026-09-18 08:05:58.600,628.51,7.1,2.095,2.3659,2.2305,30.95,High Risk,Botol Sampel E,Sumber Air E,5
ALVIN-2026-01795,2026-09-18 08:05:58.800,339.01,5.09,1.13,1.6976,1.4138,41.43,High Risk,Botol Sampel D,Sumber Air D,5
ALVIN-2026-01796,2026-09-18 08:05:59.000,288.36,3.87,0.9612,1.2899,1.1256,47.05,High Risk,Botol Sampel D,Sumber Air D,5
ALVIN-2026-01797,2026-09-18 08:05:59.200,173.79,1.71,0.5793,0.5702,0.5748,63.5,Moderate Risk,Botol Sampel C,Sumber Air C,5
ALVIN-2026-01798,2026-09-18 08:05:59.400,191.3,1.96,0.6377,0.6521,0.6449,60.79,Moderate Risk,Botol Sampel C,Sumber Air C,5
ALVIN-2026-01799,2026-09-18 08:05:59.600,218.85,1.71,0.7295,0.5696,0.6496,60.62,Moderate Risk,Botol Sampel B,Sumber Air B,5
ALVIN-2026-01800,2026-09-18 08:05:59.800,385.18,3.35,1.2839,1.1161,1.2,45.45,High Risk,Botol Sampel E,Sumber Air E,5
ALVIN-2026-01801,2026-09-18 08:06:00.000,106.46,0.26,0.3549,0.0861,0.2205,81.93,Low Risk,Botol Sampel A,Sumber Air A,5
ALVIN-2026-01802,2026-09-18 08:06:00.200,378.74,2.9,1.2625,0.9666,1.1146,47.29,High Risk,Botol Sampel E,Sumber Air E,5
ALVIN-2026-01803,2026-09-18 08:06:00.400,113.07,0.31,0.3769,0.1039,0.2404,80.62,Moderate Risk,Botol Sampel B,Sumber Air B,5
ALVIN-2026-01804,2026-09-18 08:06:00.600,299.74,2.2,0.9991,0.7333,0.8662,53.58,Moderate Risk,Botol Sampel C,Sumber Air C,5
ALVIN-2026-01805,2026-09-18 08:06:00.800,562.49,7.73,1.875,2.5758,2.2254,31.0,High Risk,Botol Sampel E,Sumber Air E,5
ALVIN-2026-01806,2026-09-18 08:06:01.000,664.01,4.96,2.2134,1.6527,1.933,34.09,High Risk,Botol Sampel E,Sumber Air E,5
ALVIN-2026-01807,2026-09-18 08:06:01.200,280.0,2.61,0.9333,0.8686,0.901,52.6,Moderate Risk,Botol Sampel C,Sumber Air C,5
ALVIN-2026-01808,2026-09-18 08:06:01.400,812.14,4.5,2.7071,1.5,2.1036,32.22,High Risk,Botol Sampel E,Sumber Air E,5
ALVIN-2026-01809,2026-09-18 08:06:01.600,466.29,4.5,1.5543,1.5,1.5272,39.57,High Risk,Botol Sampel E,Sumber Air E,5
ALVIN-2026-01810,2026-09-18 08:06:01.800,747.17,8.24,2.4906,2.7455,2.6181,27.64,High Risk,Botol Sampel D,Sumber Air D,5
ALVIN-2026-01811,2026-09-18 08:06:02.000,357.7,2.98,1.1923,0.9921,1.0922,47.8,High Risk,Botol Sampel E,Sumber Air E,5
ALVIN-2026-01812,2026-09-18 08:06:02.200,225.24,2.15,0.7508,0.7155,0.7332,57.7,Moderate Risk,Botol Sampel C,Sumber Air C,5
ALVIN-2026-01813,2026-09-18 08:06:02.400,358.76,3.93,1.1959,1.3098,1.2528,44.39,High Risk,Botol Sampel E,Sumber Air E,5
ALVIN-2026-01814,2026-09-18 08:06:02.600,34.39,0.99,0.1146,0.3312,0.2229,81.77,Moderate Risk,Botol Sampel C,Sumber Air C,5
ALVIN-2026-01815,2026-09-18 08:06:02.800,211.89,2.1,0.7063,0.6988,0.7026,58.73,Moderate Risk,Botol Sampel B,Sumber Air B,5
ALVIN-2026-01816,2026-09-18 08:06:03.000,333.53,2.92,1.1118,0.9723,1.042,48.97,High Risk,Botol Sampel E,Sumber Air E,5
ALVIN-2026-01817,2026-09-18 08:06:03.200,219.48,1.4,0.7316,0.4681,0.5998,62.51,Moderate Risk,Botol Sampel B,Sumber Air B,5
ALVIN-2026-01818,2026-09-18 08:06:03.400,386.66,3.58,1.2889,1.1937,1.2413,44.62,High Risk,Botol Sampel E,Sumber Air E,5
ALVIN-2026-01819,2026-09-18 08:06:03.600,107.76,0.56,0.3592,0.1868,0.273,78.55,Low Risk,Botol Sampel A,Sumber Air A,5
ALVIN-2026-01820,2026-09-18 08:06:03.800,30.67,0.1,0.1022,0.0333,0.0678,93.65,Low Risk,Botol Sampel A,Sumber Air A,5
ALVIN-2026-01821,2026-09-18 08:06:04.000,361.56,3.99,1.2052,1.3295,1.2674,44.1,High Risk,Botol Sampel D,Sumber Air D,5
ALVIN-2026-01822,2026-09-18 08:06:04.200,331.35,3.58,1.1045,1.1925,1.1485,46.54,High Risk,Botol Sampel E,Sumber Air E,5
ALVIN-2026-01823,2026-09-18 08:06:04.400,113.08,0.82,0.3769,0.2747,0.3258,75.43,Low Risk,Botol Sampel A,Sumber Air A,5
ALVIN-2026-01824,2026-09-18 08:06:04.600,323.38,3.63,1.0779,1.2091,1.1435,46.65,High Risk,Botol Sampel E,Sumber Air E,5
ALVIN-2026-01825,2026-09-18 08:06:04.800,870.01,4.5,2.9,1.5,2.2,31.25,High Risk,Botol Sampel D,Sumber Air D,5
ALVIN-2026-01826,2026-09-18 08:06:05.000,390.81,4.09,1.3027,1.3641,1.3334,42.86,High Risk,Botol Sampel D,Sumber Air D,5
ALVIN-2026-01827,2026-09-18 08:06:05.200,912.72,8.62,3.0424,2.874,2.9582,25.26,High Risk,Botol Sampel E,Sumber Air E,5
ALVIN-2026-01828,2026-09-18 08:06:05.400,363.52,3.39,1.2117,1.1284,1.17,46.08,High Risk,Botol Sampel E,Sumber Air E,5
ALVIN-2026-01829,2026-09-18 08:06:05.600,710.82,11.53,2.3694,3.8434,3.1064,24.35,High Risk,Botol Sampel E,Sumber Air E,5
ALVIN-2026-01830,2026-09-18 08:06:05.800,634.7,6.83,2.1157,2.2781,2.1969,31.28,High Risk,Botol Sampel E,Sumber Air E,5
ALVIN-2026-01831,2026-09-18 08:06:06.000,319.45,4.74,1.0648,1.5785,1.3216,43.07,High Risk,Botol Sampel E,Sumber Air E,5
ALVIN-2026-01832,2026-09-18 08:06:06.200,302.28,2.86,1.0076,0.9529,0.9802,50.5,High Risk,Botol Sampel D,Sumber Air D,5
ALVIN-2026-01833,2026-09-18 08:06:06.400,196.23,1.76,0.6541,0.5874,0.6208,61.7,Moderate Risk,Botol Sampel C,Sumber Air C,5
ALVIN-2026-01834,2026-09-18 08:06:06.600,103.14,0.53,0.3438,0.1761,0.26,79.37,Moderate Risk,Botol Sampel C,Sumber Air C,5
ALVIN-2026-01835,2026-09-18 08:06:06.800,94.09,0.28,0.3136,0.0949,0.2042,83.04,Low Risk,Botol Sampel A,Sumber Air A,5
ALVIN-2026-01836,2026-09-18 08:06:07.000,312.79,2.77,1.0426,0.9231,0.9828,50.43,High Risk,Botol Sampel E,Sumber Air E,5
ALVIN-2026-01837,2026-09-18 08:06:07.200,615.27,6.73,2.0509,2.2419,2.1464,31.78,High Risk,Botol Sampel D,Sumber Air D,5
ALVIN-2026-01838,2026-09-18 08:06:07.400,280.0,2.93,0.9333,0.9766,0.955,51.15,Moderate Risk,Botol Sampel C,Sumber Air C,5
ALVIN-2026-01839,2026-09-18 08:06:07.600,117.8,0.41,0.3927,0.1357,0.2642,79.1,Low Risk,Botol Sampel A,Sumber Air A,5
ALVIN-2026-01840,2026-09-18 08:06:07.800,90.5,1.31,0.3017,0.4356,0.3687,73.06,Moderate Risk,Botol Sampel C,Sumber Air C,5
ALVIN-2026-01841,2026-09-18 08:06:08.000,70.39,0.32,0.2346,0.1074,0.171,85.4,Low Risk,Botol Sampel A,Sumber Air A,5
ALVIN-2026-01842,2026-09-18 08:06:08.200,108.32,0.36,0.3611,0.1206,0.2408,80.59,Low Risk,Botol Sampel A,Sumber Air A,5
ALVIN-2026-01843,2026-09-18 08:06:08.400,400.0,8.04,1.3333,2.6792,2.0062,33.26,High Risk,Botol Sampel E,Sumber Air E,5
ALVIN-2026-01844,2026-09-18 08:06:08.600,831.08,7.59,2.7703,2.5291,2.6497,27.4,High Risk,Botol Sampel D,Sumber Air D,5
ALVIN-2026-01845,2026-09-18 08:06:08.800,220.14,1.57,0.7338,0.5235,0.6286,61.4,Moderate Risk,Botol Sampel B,Sumber Air B,5
ALVIN-2026-01846,2026-09-18 08:06:09.000,78.36,0.66,0.2612,0.2184,0.2398,80.66,Low Risk,Botol Sampel A,Sumber Air A,5
ALVIN-2026-01847,2026-09-18 08:06:09.200,316.56,3.69,1.0552,1.2314,1.1433,46.66,High Risk,Botol Sampel E,Sumber Air E,5
ALVIN-2026-01848,2026-09-18 08:06:09.400,613.0,7.67,2.0433,2.5553,2.2993,30.31,High Risk,Botol Sampel E,Sumber Air E,5
ALVIN-2026-01849,2026-09-18 08:06:09.600,101.4,0.61,0.338,0.2046,0.2713,78.66,Low Risk,Botol Sampel A,Sumber Air A,5
ALVIN-2026-01850,2026-09-18 08:06:09.800,214.8,1.66,0.716,0.5547,0.6354,61.15,Moderate Risk,Botol Sampel B,Sumber Air B,5
ALVIN-2026-01851,2026-09-18 08:06:10.000,672.3,5.45,2.241,1.8176,2.0293,33.01,High Risk,Botol Sampel D,Sumber Air D,5
ALVIN-2026-01852,2026-09-18 08:06:10.200,669.24,4.97,2.2308,1.6569,1.9438,33.97,High Risk,Botol Sampel D,Sumber Air D,5
ALVIN-2026-01853,2026-09-18 08:06:10.400,708.91,8.88,2.363,2.9597,2.6614,27.31,High Risk,Botol Sampel E,Sumber Air E,5
ALVIN-2026-01854,2026-09-18 08:06:10.600,193.26,1.66,0.6442,0.5531,0.5986,62.55,Moderate Risk,Botol Sampel B,Sumber Air B,5
ALVIN-2026-01855,2026-09-18 08:06:10.800,91.87,0.39,0.3062,0.1294,0.2178,82.12,Low Risk,Botol Sampel A,Sumber Air A,5
ALVIN-2026-01856,2026-09-18 08:06:11.000,540.9,6.95,1.803,2.3178,2.0604,32.68,High Risk,Botol Sampel D,Sumber Air D,5
ALVIN-2026-01857,2026-09-18 08:06:11.200,504.34,5.22,1.6811,1.7397,1.7104,36.89,High Risk,Botol Sampel D,Sumber Air D,5
ALVIN-2026-01858,2026-09-18 08:06:11.400,210.68,1.78,0.7023,0.5936,0.648,60.68,Moderate Risk,Botol Sampel B,Sumber Air B,5
ALVIN-2026-01859,2026-09-18 08:06:11.600,294.64,3.94,0.9821,1.3137,1.1479,46.56,High Risk,Botol Sampel E,Sumber Air E,5
ALVIN-2026-01860,2026-09-18 08:06:11.800,219.2,2.03,0.7307,0.6772,0.704,58.69,Moderate Risk,Botol Sampel C,Sumber Air C,5
ALVIN-2026-01861,2026-09-18 08:06:12.000,224.11,1.9,0.747,0.6344,0.6907,59.15,Moderate Risk,Botol Sampel C,Sumber Air C,5
ALVIN-2026-01862,2026-09-18 08:06:12.200,294.53,2.67,0.9818,0.8903,0.936,51.65,Moderate Risk,Botol Sampel B,Sumber Air B,5
ALVIN-2026-01863,2026-09-18 08:06:12.400,79.03,0.51,0.2634,0.1692,0.2163,82.22,Low Risk,Botol Sampel A,Sumber Air A,5
ALVIN-2026-01864,2026-09-18 08:06:12.600,667.18,5.11,2.2239,1.7045,1.9642,33.74,High Risk,Botol Sampel D,Sumber Air D,5
ALVIN-2026-01865,2026-09-18 08:06:12.800,476.92,7.55,1.5897,2.5183,2.054,32.74,High Risk,Botol Sampel E,Sumber Air E,5
ALVIN-2026-01866,2026-09-18 08:06:13.000,568.05,8.54,1.8935,2.846,2.3697,29.68,High Risk,Botol Sampel E,Sumber Air E,5
ALVIN-2026-01867,2026-09-18 08:06:13.200,558.3,4.83,1.861,1.61,1.7355,36.56,High Risk,Botol Sampel E,Sumber Air E,5
ALVIN-2026-01868,2026-09-18 08:06:13.400,386.0,4.42,1.2867,1.4745,1.3806,42.01,High Risk,Botol Sampel E,Sumber Air E,5
ALVIN-2026-01869,2026-09-18 08:06:13.600,325.6,2.2,1.0853,0.7333,0.9093,52.38,High Risk,Botol Sampel D,Sumber Air D,5
ALVIN-2026-01870,2026-09-18 08:06:13.800,172.83,1.88,0.5761,0.6263,0.6012,62.45,Moderate Risk,Botol Sampel B,Sumber Air B,5
ALVIN-2026-01871,2026-09-18 08:06:14.000,227.72,1.83,0.7591,0.61,0.6846,59.36,Moderate Risk,Botol Sampel C,Sumber Air C,5
ALVIN-2026-01872,2026-09-18 08:06:14.200,308.52,3.64,1.0284,1.2148,1.1216,47.13,High Risk,Botol Sampel E,Sumber Air E,5
ALVIN-2026-01873,2026-09-18 08:06:14.400,524.23,4.5,1.7474,1.5,1.6237,38.11,High Risk,Botol Sampel E,Sumber Air E,5
ALVIN-2026-01874,2026-09-18 08:06:14.600,85.93,0.44,0.2864,0.145,0.2157,82.26,Low Risk,Botol Sampel A,Sumber Air A,5
ALVIN-2026-01875,2026-09-18 08:06:14.800,109.89,0.74,0.3663,0.2453,0.3058,76.58,Low Risk,Botol Sampel A,Sumber Air A,5
ALVIN-2026-01876,2026-09-18 08:06:15.000,94.7,0.86,0.3157,0.288,0.3018,76.82,Low Risk,Botol Sampel A,Sumber Air A,5
ALVIN-2026-01877,2026-09-18 08:06:15.200,163.36,1.93,0.5445,0.6418,0.5932,62.77,Moderate Risk,Botol Sampel C,Sumber Air C,5
ALVIN-2026-01878,2026-09-18 08:06:15.400,231.94,1.61,0.7731,0.5374,0.6552,60.42,Moderate Risk,Botol Sampel B,Sumber Air B,5
ALVIN-2026-01879,2026-09-18 08:06:15.600,356.62,3.65,1.1887,1.2152,1.202,45.41,High Risk,Botol Sampel D,Sumber Air D,5
ALVIN-2026-01880,2026-09-18 08:06:15.800,338.86,3.99,1.1295,1.3309,1.2302,44.84,High Risk,Botol Sampel D,Sumber Air D,5
ALVIN-2026-01881,2026-09-18 08:06:16.000,108.21,0.32,0.3607,0.1081,0.2344,81.01,Moderate Risk,Botol Sampel B,Sumber Air B,5
ALVIN-2026-01882,2026-09-18 08:06:16.200,222.55,1.92,0.7418,0.6397,0.6908,59.14,Moderate Risk,Botol Sampel C,Sumber Air C,5
ALVIN-2026-01883,2026-09-18 08:06:16.400,849.21,4.5,2.8307,1.5,2.1654,31.59,High Risk,Botol Sampel E,Sumber Air E,5
ALVIN-2026-01884,2026-09-18 08:06:16.600,405.67,2.64,1.3522,0.8804,1.1163,47.25,High Risk,Botol Sampel D,Sumber Air D,5
ALVIN-2026-01885,2026-09-18 08:06:16.800,247.52,2.1,0.8251,0.6999,0.7625,56.74,Moderate Risk,Botol Sampel C,Sumber Air C,5
ALVIN-2026-01886,2026-09-18 08:06:17.000,240.8,1.41,0.8027,0.4691,0.6359,61.13,Moderate Risk,Botol Sampel C,Sumber Air C,5
ALVIN-2026-01887,2026-09-18 08:06:17.200,577.28,8.12,1.9243,2.7074,2.3158,30.16,High Risk,Botol Sampel E,Sumber Air E,5
ALVIN-2026-01888,2026-09-18 08:06:17.400,182.94,2.27,0.6098,0.7557,0.6828,59.42,Moderate Risk,Botol Sampel B,Sumber Air B,5
ALVIN-2026-01889,2026-09-18 08:06:17.600,466.18,5.21,1.5539,1.7378,1.6458,37.8,High Risk,Botol Sampel E,Sumber Air E,5
ALVIN-2026-01890,2026-09-18 08:06:17.800,246.81,1.47,0.8227,0.4911,0.6569,60.35,Moderate Risk,Botol Sampel C,Sumber Air C,5
ALVIN-2026-01891,2026-09-18 08:06:18.000,740.39,9.39,2.468,3.129,2.7985,26.33,High Risk,Botol Sampel D,Sumber Air D,5
ALVIN-2026-01892,2026-09-18 08:06:18.200,103.3,0.56,0.3443,0.187,0.2656,79.01,Low Risk,Botol Sampel A,Sumber Air A,5
ALVIN-2026-01893,2026-09-18 08:06:18.400,145.0,0.65,0.4833,0.2162,0.3498,74.09,Low Risk,Botol Sampel A,Sumber Air A,5
ALVIN-2026-01894,2026-09-18 08:06:18.600,140.0,1.0,0.4667,0.3333,0.4,71.43,Low Risk,Botol Sampel A,Sumber Air A,5
ALVIN-2026-01895,2026-09-18 08:06:18.800,333.16,2.94,1.1105,0.9794,1.045,48.9,High Risk,Botol Sampel D,Sumber Air D,5
ALVIN-2026-01896,2026-09-18 08:06:19.000,343.85,3.66,1.1462,1.2186,1.1824,45.82,High Risk,Botol Sampel D,Sumber Air D,5
ALVIN-2026-01897,2026-09-18 08:06:19.200,183.77,1.12,0.6126,0.3746,0.4936,66.95,Moderate Risk,Botol Sampel B,Sumber Air B,5
ALVIN-2026-01898,2026-09-18 08:06:19.400,83.39,0.62,0.278,0.2063,0.2422,80.5,Low Risk,Botol Sampel A,Sumber Air A,5
ALVIN-2026-01899,2026-09-18 08:06:19.600,278.61,1.0,0.9287,0.3333,0.631,61.31,Moderate Risk,Botol Sampel C,Sumber Air C,5
ALVIN-2026-01900,2026-09-18 08:06:19.800,94.95,1.06,0.3165,0.3531,0.3348,74.92,Moderate Risk,Botol Sampel B,Sumber Air B,5
ALVIN-2026-01901,2026-09-18 08:06:20.000,431.56,3.24,1.4385,1.0803,1.2594,44.26,High Risk,Botol Sampel E,Sumber Air E,5
ALVIN-2026-01902,2026-09-18 08:06:20.200,648.04,7.59,2.1601,2.5306,2.3454,29.89,High Risk,Botol Sampel D,Sumber Air D,5
ALVIN-2026-01903,2026-09-18 08:06:20.400,627.71,7.23,2.0924,2.4108,2.2516,30.75,High Risk,Botol Sampel E,Sumber Air E,5
ALVIN-2026-01904,2026-09-18 08:06:20.600,622.92,9.88,2.0764,3.2931,2.6848,27.14,High Risk,Botol Sampel E,Sumber Air E,5
ALVIN-2026-01905,2026-09-18 08:06:20.800,162.69,1.18,0.5423,0.3941,0.4682,68.11,Moderate Risk,Botol Sampel B,Sumber Air B,5
ALVIN-2026-01906,2026-09-18 08:06:21.000,881.17,9.67,2.9372,3.2232,3.0802,24.51,High Risk,Botol Sampel E,Sumber Air E,5
ALVIN-2026-01907,2026-09-18 08:06:21.200,188.24,2.06,0.6275,0.6856,0.6566,60.36,Moderate Risk,Botol Sampel C,Sumber Air C,5
ALVIN-2026-01908,2026-09-18 08:06:21.400,92.31,0.49,0.3077,0.1629,0.2353,80.95,Low Risk,Botol Sampel A,Sumber Air A,5
ALVIN-2026-01909,2026-09-18 08:06:21.600,300.79,4.3,1.0026,1.433,1.2178,45.09,High Risk,Botol Sampel D,Sumber Air D,5
ALVIN-2026-01910,2026-09-18 08:06:21.800,773.64,8.99,2.5788,2.9966,2.7877,26.4,High Risk,Botol Sampel D,Sumber Air D,5
ALVIN-2026-01911,2026-09-18 08:06:22.000,111.9,0.11,0.373,0.0379,0.2054,82.96,Low Risk,Botol Sampel A,Sumber Air A,5
ALVIN-2026-01912,2026-09-18 08:06:22.200,338.14,3.14,1.1271,1.0459,1.0865,47.93,High Risk,Botol Sampel E,Sumber Air E,5
ALVIN-2026-01913,2026-09-18 08:06:22.400,304.51,2.96,1.015,0.9878,1.0014,49.97,High Risk,Botol Sampel D,Sumber Air D,5
ALVIN-2026-01914,2026-09-18 08:06:22.600,625.11,5.78,2.0837,1.9277,2.0057,33.27,High Risk,Botol Sampel D,Sumber Air D,5
ALVIN-2026-01915,2026-09-18 08:06:22.800,379.83,4.52,1.2661,1.505,1.3855,41.92,High Risk,Botol Sampel D,Sumber Air D,5
ALVIN-2026-01916,2026-09-18 08:06:23.000,620.97,9.5,2.0699,3.1666,2.6182,27.64,High Risk,Botol Sampel D,Sumber Air D,5
ALVIN-2026-01917,2026-09-18 08:06:23.200,109.83,1.1,0.3661,0.3674,0.3668,73.16,Low Risk,Botol Sampel A,Sumber Air A,5
ALVIN-2026-01918,2026-09-18 08:06:23.400,731.93,9.0,2.4398,3.0012,2.7205,26.88,High Risk,Botol Sampel D,Sumber Air D,5
ALVIN-2026-01919,2026-09-18 08:06:23.600,221.1,1.61,0.737,0.5375,0.6372,61.08,Moderate Risk,Botol Sampel C,Sumber Air C,5
ALVIN-2026-01920,2026-09-18 08:06:23.800,97.44,0.35,0.3248,0.1172,0.221,81.9,Low Risk,Botol Sampel A,Sumber Air A,5
ALVIN-2026-01921,2026-09-18 08:06:24.000,248.95,2.27,0.8298,0.7563,0.793,55.77,Moderate Risk,Botol Sampel B,Sumber Air B,5
ALVIN-2026-01922,2026-09-18 08:06:24.200,101.82,0.44,0.3394,0.1473,0.2434,80.42,Low Risk,Botol Sampel A,Sumber Air A,5
ALVIN-2026-01923,2026-09-18 08:06:24.400,364.25,2.24,1.2142,0.746,0.9801,50.5,High Risk,Botol Sampel E,Sumber Air E,5
ALVIN-2026-01924,2026-09-18 08:06:24.600,104.59,0.55,0.3486,0.1833,0.266,78.99,Low Risk,Botol Sampel A,Sumber Air A,5
ALVIN-2026-01925,2026-09-18 08:06:24.800,309.3,3.49,1.031,1.1638,1.0974,47.68,High Risk,Botol Sampel E,Sumber Air E,5
ALVIN-2026-01926,2026-09-18 08:06:25.000,140.9,2.59,0.4697,0.8641,0.6669,59.99,Moderate Risk,Botol Sampel C,Sumber Air C,5
ALVIN-2026-01927,2026-09-18 08:06:25.200,397.86,5.04,1.3262,1.68,1.5031,39.95,High Risk,Botol Sampel D,Sumber Air D,5
ALVIN-2026-01928,2026-09-18 08:06:25.400,882.93,5.0,2.9431,1.6664,2.3048,30.26,High Risk,Botol Sampel D,Sumber Air D,5
ALVIN-2026-01929,2026-09-18 08:06:25.600,368.02,3.34,1.2267,1.1117,1.1692,46.1,High Risk,Botol Sampel D,Sumber Air D,5
ALVIN-2026-01930,2026-09-18 08:06:25.800,62.55,0.29,0.2085,0.0976,0.153,86.73,Low Risk,Botol Sampel A,Sumber Air A,5
ALVIN-2026-01931,2026-09-18 08:06:26.000,282.9,3.46,0.943,1.1521,1.0476,48.84,High Risk,Botol Sampel E,Sumber Air E,5
ALVIN-2026-01932,2026-09-18 08:06:26.200,193.15,1.23,0.6438,0.41,0.5269,65.49,Moderate Risk,Botol Sampel C,Sumber Air C,5
ALVIN-2026-01933,2026-09-18 08:06:26.400,707.88,5.86,2.3596,1.9526,2.1561,31.68,High Risk,Botol Sampel E,Sumber Air E,5
ALVIN-2026-01934,2026-09-18 08:06:26.600,118.85,0.81,0.3962,0.2684,0.3323,75.06,Low Risk,Botol Sampel A,Sumber Air A,5
ALVIN-2026-01935,2026-09-18 08:06:26.800,125.53,1.4,0.4184,0.4667,0.4426,69.32,Low Risk,Botol Sampel A,Sumber Air A,5
ALVIN-2026-01936,2026-09-18 08:06:27.000,389.34,2.77,1.2978,0.9234,1.1106,47.38,High Risk,Botol Sampel E,Sumber Air E,5
ALVIN-2026-01937,2026-09-18 08:06:27.200,227.59,2.17,0.7586,0.7238,0.7412,57.43,Moderate Risk,Botol Sampel C,Sumber Air C,5
ALVIN-2026-01938,2026-09-18 08:06:27.400,666.66,5.17,2.2222,1.722,1.9721,33.65,High Risk,Botol Sampel D,Sumber Air D,5
ALVIN-2026-01939,2026-09-18 08:06:27.600,102.29,0.56,0.341,0.1881,0.2646,79.08,Low Risk,Botol Sampel A,Sumber Air A,5
ALVIN-2026-01940,2026-09-18 08:06:27.800,743.95,6.17,2.4798,2.0558,2.2678,30.6,High Risk,Botol Sampel D,Sumber Air D,5
ALVIN-2026-01941,2026-09-18 08:06:28.000,675.02,7.69,2.2501,2.5629,2.4065,29.36,High Risk,Botol Sampel E,Sumber Air E,5
ALVIN-2026-01942,2026-09-18 08:06:28.200,188.6,1.69,0.6287,0.5625,0.5956,62.67,Moderate Risk,Botol Sampel B,Sumber Air B,5
ALVIN-2026-01943,2026-09-18 08:06:28.400,602.92,8.17,2.0097,2.7247,2.3672,29.7,High Risk,Botol Sampel E,Sumber Air E,5
ALVIN-2026-01944,2026-09-18 08:06:28.600,690.91,4.5,2.303,1.5,1.9015,34.46,High Risk,Botol Sampel E,Sumber Air E,5
ALVIN-2026-01945,2026-09-18 08:06:28.800,340.75,3.49,1.1358,1.164,1.1499,46.51,High Risk,Botol Sampel E,Sumber Air E,5
ALVIN-2026-01946,2026-09-18 08:06:29.000,189.56,2.12,0.6319,0.7052,0.6686,59.93,Moderate Risk,Botol Sampel B,Sumber Air B,5
ALVIN-2026-01947,2026-09-18 08:06:29.200,198.27,2.07,0.6609,0.6915,0.6762,59.66,Moderate Risk,Botol Sampel B,Sumber Air B,5
ALVIN-2026-01948,2026-09-18 08:06:29.400,492.32,4.5,1.6411,1.5,1.5705,38.9,High Risk,Botol Sampel D,Sumber Air D,5
ALVIN-2026-01949,2026-09-18 08:06:29.600,667.47,7.24,2.2249,2.4128,2.3188,30.13,High Risk,Botol Sampel E,Sumber Air E,5
ALVIN-2026-01950,2026-09-18 08:06:29.800,258.49,2.23,0.8616,0.7448,0.8032,55.46,Moderate Risk,Botol Sampel B,Sumber Air B,5
ALVIN-2026-01951,2026-09-18 08:06:30.000,500.57,4.5,1.6686,1.5,1.5843,38.7,High Risk,Botol Sampel D,Sumber Air D,5
ALVIN-2026-01952,2026-09-18 08:06:30.200,217.08,1.37,0.7236,0.4578,0.5907,62.87,Moderate Risk,Botol Sampel B,Sumber Air B,5
ALVIN-2026-01953,2026-09-18 08:06:30.400,140.0,1.93,0.4667,0.6447,0.5557,64.28,Moderate Risk,Botol Sampel C,Sumber Air C,5
ALVIN-2026-01954,2026-09-18 08:06:30.600,304.46,2.6,1.0149,0.8664,0.9406,51.53,High Risk,Botol Sampel D,Sumber Air D,5
ALVIN-2026-01955,2026-09-18 08:06:30.800,851.4,8.07,2.838,2.6894,2.7637,26.57,High Risk,Botol Sampel D,Sumber Air D,5
ALVIN-2026-01956,2026-09-18 08:06:31.000,309.41,3.9,1.0314,1.3006,1.166,46.17,High Risk,Botol Sampel E,Sumber Air E,5
ALVIN-2026-01957,2026-09-18 08:06:31.200,539.0,11.14,1.7967,3.7143,2.7555,26.63,High Risk,Botol Sampel D,Sumber Air D,5
ALVIN-2026-01958,2026-09-18 08:06:31.400,154.28,1.92,0.5143,0.6386,0.5764,63.44,Moderate Risk,Botol Sampel C,Sumber Air C,5
ALVIN-2026-01959,2026-09-18 08:06:31.600,356.56,3.51,1.1885,1.1706,1.1795,45.88,High Risk,Botol Sampel E,Sumber Air E,5
ALVIN-2026-01960,2026-09-18 08:06:31.800,758.66,6.37,2.5289,2.1233,2.3261,30.07,High Risk,Botol Sampel D,Sumber Air D,5
ALVIN-2026-01961,2026-09-18 08:06:32.000,292.46,3.82,0.9749,1.2733,1.1241,47.08,High Risk,Botol Sampel E,Sumber Air E,5
ALVIN-2026-01962,2026-09-18 08:06:32.200,115.45,0.66,0.3848,0.2209,0.3028,76.76,Low Risk,Botol Sampel A,Sumber Air A,5
ALVIN-2026-01963,2026-09-18 08:06:32.400,91.75,0.2,0.3058,0.0674,0.1866,84.27,Low Risk,Botol Sampel A,Sumber Air A,5
ALVIN-2026-01964,2026-09-18 08:06:32.600,227.84,2.04,0.7595,0.679,0.7192,58.17,Moderate Risk,Botol Sampel B,Sumber Air B,5
ALVIN-2026-01965,2026-09-18 08:06:32.800,243.06,1.89,0.8102,0.6304,0.7203,58.13,Moderate Risk,Botol Sampel C,Sumber Air C,5
ALVIN-2026-01966,2026-09-18 08:06:33.000,393.37,2.2,1.3112,0.7333,1.0222,49.45,High Risk,Botol Sampel D,Sumber Air D,5
ALVIN-2026-01967,2026-09-18 08:06:33.200,638.36,11.01,2.1279,3.6704,2.8991,25.65,High Risk,Botol Sampel E,Sumber Air E,5
ALVIN-2026-01968,2026-09-18 08:06:33.400,140.68,0.84,0.4689,0.2802,0.3746,72.75,Low Risk,Botol Sampel A,Sumber Air A,5
ALVIN-2026-01969,2026-09-18 08:06:33.600,637.73,7.92,2.1258,2.6391,2.3824,29.56,High Risk,Botol Sampel D,Sumber Air D,5
ALVIN-2026-01970,2026-09-18 08:06:33.800,123.45,0.75,0.4115,0.249,0.3302,75.18,Low Risk,Botol Sampel A,Sumber Air A,5
ALVIN-2026-01971,2026-09-18 08:06:34.000,241.21,2.19,0.804,0.7307,0.7674,56.58,Moderate Risk,Botol Sampel B,Sumber Air B,5
ALVIN-2026-01972,2026-09-18 08:06:34.200,237.2,1.59,0.7907,0.5316,0.6611,60.2,Moderate Risk,Botol Sampel B,Sumber Air B,5
ALVIN-2026-01973,2026-09-18 08:06:34.400,177.02,1.84,0.5901,0.6119,0.601,62.46,Moderate Risk,Botol Sampel B,Sumber Air B,5
ALVIN-2026-01974,2026-09-18 08:06:34.600,315.19,4.01,1.0506,1.338,1.1943,45.57,High Risk,Botol Sampel E,Sumber Air E,5
ALVIN-2026-01975,2026-09-18 08:06:34.800,349.96,5.03,1.1665,1.676,1.4213,41.3,High Risk,Botol Sampel D,Sumber Air D,5
ALVIN-2026-01976,2026-09-18 08:06:35.000,145.0,0.33,0.4833,0.1097,0.2965,77.13,Low Risk,Botol Sampel A,Sumber Air A,5
ALVIN-2026-01977,2026-09-18 08:06:35.200,81.19,1.26,0.2706,0.4212,0.3459,74.3,Low Risk,Botol Sampel A,Sumber Air A,5
ALVIN-2026-01978,2026-09-18 08:06:35.400,66.32,0.79,0.2211,0.2642,0.2426,80.48,Low Risk,Botol Sampel A,Sumber Air A,5
ALVIN-2026-01979,2026-09-18 08:06:35.600,373.8,3.03,1.246,1.0116,1.1288,46.97,High Risk,Botol Sampel D,Sumber Air D,5
ALVIN-2026-01980,2026-09-18 08:06:35.800,148.78,1.96,0.4959,0.654,0.575,63.49,Moderate Risk,Botol Sampel B,Sumber Air B,5
ALVIN-2026-01981,2026-09-18 08:06:36.000,806.14,6.9,2.6871,2.2999,2.4935,28.62,High Risk,Botol Sampel D,Sumber Air D,5
ALVIN-2026-01982,2026-09-18 08:06:36.200,280.0,2.62,0.9333,0.8732,0.9032,52.54,Moderate Risk,Botol Sampel C,Sumber Air C,5
ALVIN-2026-01983,2026-09-18 08:06:36.400,534.52,6.75,1.7817,2.2508,2.0162,33.15,High Risk,Botol Sampel D,Sumber Air D,5
ALVIN-2026-01984,2026-09-18 08:06:36.600,318.37,3.49,1.0612,1.1618,1.1115,47.36,High Risk,Botol Sampel E,Sumber Air E,5
ALVIN-2026-01985,2026-09-18 08:06:36.800,633.6,7.07,2.112,2.3566,2.2343,30.92,High Risk,Botol Sampel D,Sumber Air D,5
ALVIN-2026-01986,2026-09-18 08:06:37.000,360.87,3.92,1.2029,1.3068,1.2548,44.35,High Risk,Botol Sampel E,Sumber Air E,5
ALVIN-2026-01987,2026-09-18 08:06:37.200,202.39,2.35,0.6746,0.7843,0.7294,57.82,Moderate Risk,Botol Sampel C,Sumber Air C,5
ALVIN-2026-01988,2026-09-18 08:06:37.400,348.3,4.63,1.161,1.5442,1.3526,42.51,High Risk,Botol Sampel E,Sumber Air E,5
ALVIN-2026-01989,2026-09-18 08:06:37.600,192.56,2.11,0.6419,0.7041,0.673,59.77,Moderate Risk,Botol Sampel C,Sumber Air C,5
ALVIN-2026-01990,2026-09-18 08:06:37.800,280.0,2.69,0.9333,0.8971,0.9152,52.21,Moderate Risk,Botol Sampel B,Sumber Air B,5
ALVIN-2026-01991,2026-09-18 08:06:38.000,299.41,3.81,0.998,1.2687,1.1334,46.87,High Risk,Botol Sampel E,Sumber Air E,5
ALVIN-2026-01992,2026-09-18 08:06:38.200,107.11,1.24,0.357,0.4134,0.3852,72.19,Low Risk,Botol Sampel A,Sumber Air A,5
ALVIN-2026-01993,2026-09-18 08:06:38.400,224.99,1.68,0.75,0.5596,0.6548,60.43,Moderate Risk,Botol Sampel C,Sumber Air C,5
ALVIN-2026-01994,2026-09-18 08:06:38.600,361.98,4.9,1.2066,1.6328,1.4197,41.33,High Risk,Botol Sampel E,Sumber Air E,5
ALVIN-2026-01995,2026-09-18 08:06:38.800,331.83,3.42,1.1061,1.1415,1.1238,47.09,High Risk,Botol Sampel D,Sumber Air D,5
ALVIN-2026-01996,2026-09-18 08:06:39.000,857.43,8.21,2.8581,2.7374,2.7977,26.33,High Risk,Botol Sampel D,Sumber Air D,5
ALVIN-2026-01997,2026-09-18 08:06:39.200,624.4,5.65,2.0813,1.8826,1.982,33.53,High Risk,Botol Sampel D,Sumber Air D,5
ALVIN-2026-01998,2026-09-18 08:06:39.400,89.84,0.98,0.2995,0.3259,0.3127,76.18,Moderate Risk,Botol Sampel C,Sumber Air C,5
ALVIN-2026-01999,2026-09-18 08:06:39.600,224.36,1.26,0.7479,0.4203,0.5841,63.13,Moderate Risk,Botol Sampel C,Sumber Air C,5
ALVIN-2026-02000,2026-09-18 08:06:39.800,83.31,0.18,0.2777,0.0596,0.1686,85.57,Moderate Risk,Botol Sampel C,Sumber Air C,5
ALVIN-2026-02001,2026-09-18 08:06:40.000,369.1,3.19,1.2303,1.0619,1.1461,46.6,High Risk,Botol Sampel E,Sumber Air E,5
ALVIN-2026-02002,2026-09-18 08:06:40.200,320.99,3.72,1.07,1.2392,1.1546,46.41,High Risk,Botol Sampel D,Sumber Air D,5
ALVIN-2026-02003,2026-09-18 08:06:40.400,306.34,3.03,1.0211,1.0101,1.0156,49.61,High Risk,Botol Sampel E,Sumber Air E,5
ALVIN-2026-02004,2026-09-18 08:06:40.600,215.27,1.99,0.7176,0.6642,0.6909,59.14,Moderate Risk,Botol Sampel B,Sumber Air B,5
ALVIN-2026-02005,2026-09-18 08:06:40.800,280.0,2.56,0.9333,0.8546,0.894,52.8,Moderate Risk,Botol Sampel C,Sumber Air C,5
ALVIN-2026-02006,2026-09-18 08:06:41.000,199.33,2.56,0.6644,0.855,0.7597,56.83,Moderate Risk,Botol Sampel C,Sumber Air C,5
ALVIN-2026-02007,2026-09-18 08:06:41.200,88.16,0.4,0.2939,0.1328,0.2134,82.41,Low Risk,Botol Sampel A,Sumber Air A,5
ALVIN-2026-02008,2026-09-18 08:06:41.400,199.32,1.45,0.6644,0.4842,0.5743,63.52,Moderate Risk,Botol Sampel C,Sumber Air C,5
ALVIN-2026-02009,2026-09-18 08:06:41.600,70.22,0.32,0.2341,0.1082,0.1712,85.38,Low Risk,Botol Sampel A,Sumber Air A,5
ALVIN-2026-02010,2026-09-18 08:06:41.800,71.21,0.75,0.2374,0.2507,0.244,80.39,Moderate Risk,Botol Sampel C,Sumber Air C,5
ALVIN-2026-02011,2026-09-18 08:06:42.000,544.09,8.4,1.8136,2.8007,2.3072,30.24,High Risk,Botol Sampel D,Sumber Air D,5
ALVIN-2026-02012,2026-09-18 08:06:42.200,105.99,0.76,0.3533,0.254,0.3036,76.71,Low Risk,Botol Sampel A,Sumber Air A,5
ALVIN-2026-02013,2026-09-18 08:06:42.400,511.12,6.75,1.7037,2.249,1.9764,33.6,High Risk,Botol Sampel E,Sumber Air E,5
ALVIN-2026-02014,2026-09-18 08:06:42.600,67.19,0.43,0.224,0.1429,0.1834,84.5,Low Risk,Botol Sampel A,Sumber Air A,5
ALVIN-2026-02015,2026-09-18 08:06:42.800,102.25,1.09,0.3408,0.3641,0.3524,73.94,Low Risk,Botol Sampel A,Sumber Air A,5
ALVIN-2026-02016,2026-09-18 08:06:43.000,346.61,3.69,1.1554,1.2292,1.1923,45.61,High Risk,Botol Sampel D,Sumber Air D,5
ALVIN-2026-02017,2026-09-18 08:06:43.200,620.0,4.5,2.0667,1.5,1.7834,35.93,High Risk,Botol Sampel E,Sumber Air E,5
ALVIN-2026-02018,2026-09-18 08:06:43.400,260.76,2.06,0.8692,0.6874,0.7783,56.23,Moderate Risk,Botol Sampel B,Sumber Air B,5
ALVIN-2026-02019,2026-09-18 08:06:43.600,196.23,1.82,0.6541,0.6071,0.6306,61.33,Moderate Risk,Botol Sampel C,Sumber Air C,5
ALVIN-2026-02020,2026-09-18 08:06:43.800,179.96,1.36,0.5999,0.4548,0.5274,65.47,Moderate Risk,Botol Sampel B,Sumber Air B,5
ALVIN-2026-02021,2026-09-18 08:06:44.000,891.45,5.96,2.9715,1.9856,2.4785,28.75,High Risk,Botol Sampel E,Sumber Air E,5
ALVIN-2026-02022,2026-09-18 08:06:44.200,259.1,1.55,0.8637,0.5182,0.6909,59.14,Moderate Risk,Botol Sampel C,Sumber Air C,5
ALVIN-2026-02023,2026-09-18 08:06:44.400,588.79,6.99,1.9626,2.3309,2.1468,31.78,High Risk,Botol Sampel D,Sumber Air D,5
ALVIN-2026-02024,2026-09-18 08:06:44.600,476.24,3.03,1.5875,1.0089,1.2982,43.51,High Risk,Botol Sampel D,Sumber Air D,5
ALVIN-2026-02025,2026-09-18 08:06:44.800,80.64,0.53,0.2688,0.1753,0.222,81.83,Low Risk,Botol Sampel A,Sumber Air A,5
ALVIN-2026-02026,2026-09-18 08:06:45.000,350.8,3.89,1.1693,1.2957,1.2325,44.79,High Risk,Botol Sampel D,Sumber Air D,5
ALVIN-2026-02027,2026-09-18 08:06:45.200,125.84,0.53,0.4195,0.1776,0.2986,77.01,Low Risk,Botol Sampel A,Sumber Air A,5
ALVIN-2026-02028,2026-09-18 08:06:45.400,778.66,5.42,2.5955,1.8063,2.2009,31.24,High Risk,Botol Sampel D,Sumber Air D,5
ALVIN-2026-02029,2026-09-18 08:06:45.600,132.54,0.57,0.4418,0.1895,0.3156,76.01,Low Risk,Botol Sampel A,Sumber Air A,5
ALVIN-2026-02030,2026-09-18 08:06:45.800,202.85,1.75,0.6762,0.5817,0.629,61.39,Moderate Risk,Botol Sampel C,Sumber Air C,5
ALVIN-2026-02031,2026-09-18 08:06:46.000,145.75,1.67,0.4858,0.5563,0.521,65.75,Moderate Risk,Botol Sampel C,Sumber Air C,5
ALVIN-2026-02032,2026-09-18 08:06:46.200,202.09,1.5,0.6736,0.4998,0.5867,63.02,Moderate Risk,Botol Sampel C,Sumber Air C,5
ALVIN-2026-02033,2026-09-18 08:06:46.400,694.8,6.68,2.316,2.2264,2.2712,30.57,High Risk,Botol Sampel D,Sumber Air D,5
ALVIN-2026-02034,2026-09-18 08:06:46.600,400.44,3.32,1.3348,1.1074,1.2211,45.02,High Risk,Botol Sampel D,Sumber Air D,5
ALVIN-2026-02035,2026-09-18 08:06:46.800,744.95,6.84,2.4832,2.2813,2.3822,29.57,High Risk,Botol Sampel E,Sumber Air E,5
ALVIN-2026-02036,2026-09-18 08:06:47.000,764.81,7.15,2.5494,2.3819,2.4656,28.86,High Risk,Botol Sampel E,Sumber Air E,5
ALVIN-2026-02037,2026-09-18 08:06:47.200,675.65,4.81,2.2522,1.6038,1.928,34.15,High Risk,Botol Sampel D,Sumber Air D,5
ALVIN-2026-02038,2026-09-18 08:06:47.400,79.8,0.94,0.266,0.3125,0.2892,77.57,Low Risk,Botol Sampel A,Sumber Air A,5
ALVIN-2026-02039,2026-09-18 08:06:47.600,124.94,0.45,0.4165,0.1506,0.2835,77.91,Moderate Risk,Botol Sampel B,Sumber Air B,5
ALVIN-2026-02040,2026-09-18 08:06:47.800,334.19,3.81,1.114,1.2693,1.1917,45.63,High Risk,Botol Sampel E,Sumber Air E,5
ALVIN-2026-02041,2026-09-18 08:06:48.000,87.15,0.77,0.2905,0.2576,0.274,78.49,Low Risk,Botol Sampel A,Sumber Air A,5
ALVIN-2026-02042,2026-09-18 08:06:48.200,158.65,1.72,0.5288,0.5726,0.5507,64.49,Moderate Risk,Botol Sampel C,Sumber Air C,5
ALVIN-2026-02043,2026-09-18 08:06:48.400,704.04,9.46,2.3468,3.1547,2.7508,26.66,High Risk,Botol Sampel E,Sumber Air E,5
ALVIN-2026-02044,2026-09-18 08:06:48.600,206.03,1.97,0.6868,0.658,0.6724,59.79,Moderate Risk,Botol Sampel C,Sumber Air C,5
ALVIN-2026-02045,2026-09-18 08:06:48.800,291.24,3.82,0.9708,1.2733,1.122,47.13,High Risk,Botol Sampel E,Sumber Air E,5
ALVIN-2026-02046,2026-09-18 08:06:49.000,686.31,6.65,2.2877,2.2178,2.2527,30.74,High Risk,Botol Sampel D,Sumber Air D,5
ALVIN-2026-02047,2026-09-18 08:06:49.200,647.39,6.54,2.158,2.1807,2.1693,31.55,High Risk,Botol Sampel D,Sumber Air D,5
ALVIN-2026-02048,2026-09-18 08:06:49.400,554.62,9.39,1.8487,3.13,2.4894,28.66,High Risk,Botol Sampel E,Sumber Air E,5
ALVIN-2026-02049,2026-09-18 08:06:49.600,94.4,0.6,0.3147,0.2004,0.2576,79.52,Low Risk,Botol Sampel A,Sumber Air A,5
ALVIN-2026-02050,2026-09-18 08:06:49.800,719.93,7.87,2.3998,2.6239,2.5118,28.48,High Risk,Botol Sampel E,Sumber Air E,5
ALVIN-2026-02051,2026-09-18 08:06:50.000,280.0,3.62,0.9333,1.2071,1.0702,48.3,High Risk,Botol Sampel D,Sumber Air D,5
ALVIN-2026-02052,2026-09-18 08:06:50.200,365.0,4.06,1.2167,1.3534,1.285,43.76,High Risk,Botol Sampel D,Sumber Air D,5
ALVIN-2026-02053,2026-09-18 08:06:50.400,189.63,2.25,0.6321,0.7499,0.691,59.14,Moderate Risk,Botol Sampel C,Sumber Air C,5
ALVIN-2026-02054,2026-09-18 08:06:50.600,131.02,0.38,0.4367,0.1271,0.2819,78.01,Moderate Risk,Botol Sampel B,Sumber Air B,5
ALVIN-2026-02055,2026-09-18 08:06:50.800,195.78,2.02,0.6526,0.6738,0.6632,60.13,Moderate Risk,Botol Sampel B,Sumber Air B,5
ALVIN-2026-02056,2026-09-18 08:06:51.000,199.91,1.95,0.6664,0.6484,0.6574,60.34,Moderate Risk,Botol Sampel C,Sumber Air C,5
ALVIN-2026-02057,2026-09-18 08:06:51.200,107.62,0.4,0.3587,0.1337,0.2462,80.24,Low Risk,Botol Sampel A,Sumber Air A,5
ALVIN-2026-02058,2026-09-18 08:06:51.400,386.43,2.2,1.2881,0.7333,1.0107,49.73,High Risk,Botol Sampel E,Sumber Air E,5
ALVIN-2026-02059,2026-09-18 08:06:51.600,536.01,9.24,1.7867,3.0809,2.4338,29.12,High Risk,Botol Sampel E,Sumber Air E,5
ALVIN-2026-02060,2026-09-18 08:06:51.800,109.57,0.69,0.3652,0.2308,0.298,77.04,Moderate Risk,Botol Sampel C,Sumber Air C,5
ALVIN-2026-02061,2026-09-18 08:06:52.000,653.39,6.73,2.178,2.244,2.211,31.14,High Risk,Botol Sampel D,Sumber Air D,5
ALVIN-2026-02062,2026-09-18 08:06:52.200,294.43,2.2,0.9814,0.7333,0.8574,53.84,Moderate Risk,Botol Sampel B,Sumber Air B,5
ALVIN-2026-02063,2026-09-18 08:06:52.400,195.66,2.55,0.6522,0.8485,0.7504,57.13,Moderate Risk,Botol Sampel C,Sumber Air C,5
ALVIN-2026-02064,2026-09-18 08:06:52.600,200.63,2.24,0.6688,0.7474,0.7081,58.54,Moderate Risk,Botol Sampel B,Sumber Air B,5
ALVIN-2026-02065,2026-09-18 08:06:52.800,354.51,4.58,1.1817,1.5268,1.3542,42.48,High Risk,Botol Sampel E,Sumber Air E,5
ALVIN-2026-02066,2026-09-18 08:06:53.000,202.23,2.2,0.6741,0.7328,0.7034,58.71,Moderate Risk,Botol Sampel C,Sumber Air C,5
ALVIN-2026-02067,2026-09-18 08:06:53.200,550.29,6.62,1.8343,2.2075,2.0209,33.1,High Risk,Botol Sampel E,Sumber Air E,5
ALVIN-2026-02068,2026-09-18 08:06:53.400,719.39,7.72,2.398,2.5739,2.486,28.69,High Risk,Botol Sampel E,Sumber Air E,5
ALVIN-2026-02069,2026-09-18 08:06:53.600,715.66,5.21,2.3855,1.7357,2.0606,32.67,High Risk,Botol Sampel D,Sumber Air D,5
ALVIN-2026-02070,2026-09-18 08:06:53.800,324.46,3.53,1.0815,1.1772,1.1294,46.96,High Risk,Botol Sampel E,Sumber Air E,5
ALVIN-2026-02071,2026-09-18 08:06:54.000,287.21,3.24,0.9574,1.0796,1.0185,49.54,High Risk,Botol Sampel D,Sumber Air D,5
ALVIN-2026-02072,2026-09-18 08:06:54.200,227.97,1.79,0.7599,0.5952,0.6776,59.61,Moderate Risk,Botol Sampel B,Sumber Air B,5
ALVIN-2026-02073,2026-09-18 08:06:54.400,618.91,7.23,2.063,2.4102,2.2366,30.9,High Risk,Botol Sampel E,Sumber Air E,5
ALVIN-2026-02074,2026-09-18 08:06:54.600,326.31,2.2,1.0877,0.7333,0.9105,52.34,High Risk,Botol Sampel E,Sumber Air E,5
ALVIN-2026-02075,2026-09-18 08:06:54.800,213.09,1.75,0.7103,0.5839,0.6471,60.71,Moderate Risk,Botol Sampel B,Sumber Air B,5
ALVIN-2026-02076,2026-09-18 08:06:55.000,171.86,1.68,0.5729,0.5613,0.5671,63.81,Moderate Risk,Botol Sampel C,Sumber Air C,5
ALVIN-2026-02077,2026-09-18 08:06:55.200,512.42,7.56,1.7081,2.5207,2.1144,32.11,High Risk,Botol Sampel E,Sumber Air E,5
ALVIN-2026-02078,2026-09-18 08:06:55.400,221.64,1.85,0.7388,0.6179,0.6784,59.58,Moderate Risk,Botol Sampel C,Sumber Air C,5
ALVIN-2026-02079,2026-09-18 08:06:55.600,706.59,4.5,2.3553,1.5,1.9276,34.16,High Risk,Botol Sampel D,Sumber Air D,5
ALVIN-2026-02080,2026-09-18 08:06:55.800,145.0,0.78,0.4833,0.2609,0.3721,72.88,Low Risk,Botol Sampel A,Sumber Air A,5
ALVIN-2026-02081,2026-09-18 08:06:56.000,616.16,6.56,2.0539,2.1867,2.1203,32.05,High Risk,Botol Sampel D,Sumber Air D,5
ALVIN-2026-02082,2026-09-18 08:06:56.200,79.0,0.67,0.2633,0.2242,0.2438,80.4,Low Risk,Botol Sampel A,Sumber Air A,5
ALVIN-2026-02083,2026-09-18 08:06:56.400,214.88,1.77,0.7163,0.5893,0.6528,60.5,Moderate Risk,Botol Sampel B,Sumber Air B,5
ALVIN-2026-02084,2026-09-18 08:06:56.600,280.0,3.46,0.9333,1.1545,1.0439,48.93,High Risk,Botol Sampel E,Sumber Air E,5
ALVIN-2026-02085,2026-09-18 08:06:56.800,397.76,4.0,1.3259,1.3336,1.3298,42.92,High Risk,Botol Sampel E,Sumber Air E,5
ALVIN-2026-02086,2026-09-18 08:06:57.000,704.88,8.76,2.3496,2.9196,2.6346,27.51,High Risk,Botol Sampel E,Sumber Air E,5
ALVIN-2026-02087,2026-09-18 08:06:57.200,244.57,1.93,0.8152,0.6446,0.7299,57.81,Moderate Risk,Botol Sampel C,Sumber Air C,5
ALVIN-2026-02088,2026-09-18 08:06:57.400,834.47,10.83,2.7816,3.6097,3.1956,23.83,High Risk,Botol Sampel D,Sumber Air D,5
ALVIN-2026-02089,2026-09-18 08:06:57.600,562.34,4.5,1.8745,1.5,1.6872,37.21,High Risk,Botol Sampel D,Sumber Air D,5
ALVIN-2026-02090,2026-09-18 08:06:57.800,723.81,5.91,2.4127,1.971,2.1918,31.33,High Risk,Botol Sampel E,Sumber Air E,5
ALVIN-2026-02091,2026-09-18 08:06:58.000,102.79,0.49,0.3426,0.1646,0.2536,79.77,Low Risk,Botol Sampel A,Sumber Air A,5
ALVIN-2026-02092,2026-09-18 08:06:58.200,94.93,0.69,0.3164,0.2301,0.2732,78.54,Low Risk,Botol Sampel A,Sumber Air A,5
ALVIN-2026-02093,2026-09-18 08:06:58.400,109.96,0.76,0.3665,0.2535,0.31,76.34,Moderate Risk,Botol Sampel B,Sumber Air B,5
ALVIN-2026-02094,2026-09-18 08:06:58.600,79.51,0.9,0.265,0.2994,0.2822,77.99,Low Risk,Botol Sampel A,Sumber Air A,5
ALVIN-2026-02095,2026-09-18 08:06:58.800,632.17,9.13,2.1072,3.0449,2.5761,27.96,High Risk,Botol Sampel D,Sumber Air D,5
ALVIN-2026-02096,2026-09-18 08:06:59.000,578.96,7.85,1.9299,2.6167,2.2733,30.55,High Risk,Botol Sampel D,Sumber Air D,5
ALVIN-2026-02097,2026-09-18 08:06:59.200,572.36,6.93,1.9079,2.3085,2.1082,32.17,High Risk,Botol Sampel D,Sumber Air D,5
ALVIN-2026-02098,2026-09-18 08:06:59.400,196.94,1.97,0.6565,0.6574,0.6569,60.35,Moderate Risk,Botol Sampel C,Sumber Air C,5
ALVIN-2026-02099,2026-09-18 08:06:59.600,556.1,8.69,1.8537,2.8982,2.376,29.62,High Risk,Botol Sampel E,Sumber Air E,5
ALVIN-2026-02100,2026-09-18 08:06:59.800,659.43,6.57,2.1981,2.1887,2.1934,31.31,High Risk,Botol Sampel E,Sumber Air E,5
ALVIN-2026-02101,2026-09-18 08:07:00.000,290.84,2.71,0.9695,0.9028,0.9362,51.65,Moderate Risk,Botol Sampel B,Sumber Air B,5
ALVIN-2026-02102,2026-09-18 08:07:00.200,116.42,0.87,0.3881,0.2903,0.3392,74.67,Low Risk,Botol Sampel A,Sumber Air A,5
ALVIN-2026-02103,2026-09-18 08:07:00.400,614.95,4.5,2.0498,1.5,1.7749,36.04,High Risk,Botol Sampel D,Sumber Air D,5
ALVIN-2026-02104,2026-09-18 08:07:00.600,135.78,0.65,0.4526,0.216,0.3343,74.95,Low Risk,Botol Sampel A,Sumber Air A,5
ALVIN-2026-02105,2026-09-18 08:07:00.800,213.84,1.91,0.7128,0.6365,0.6746,59.72,Moderate Risk,Botol Sampel C,Sumber Air C,5
ALVIN-2026-02106,2026-09-18 08:07:01.000,221.45,2.18,0.7382,0.7259,0.732,57.74,Moderate Risk,Botol Sampel C,Sumber Air C,5
ALVIN-2026-02107,2026-09-18 08:07:01.200,104.37,0.42,0.3479,0.1405,0.2442,80.37,Moderate Risk,Botol Sampel B,Sumber Air B,5
ALVIN-2026-02108,2026-09-18 08:07:01.400,736.8,7.5,2.456,2.4988,2.4774,28.76,High Risk,Botol Sampel E,Sumber Air E,5
ALVIN-2026-02109,2026-09-18 08:07:01.600,199.05,2.21,0.6635,0.7364,0.7,58.82,Moderate Risk,Botol Sampel C,Sumber Air C,5
ALVIN-2026-02110,2026-09-18 08:07:01.800,660.63,5.48,2.2021,1.8281,2.0151,33.17,High Risk,Botol Sampel E,Sumber Air E,5
ALVIN-2026-02111,2026-09-18 08:07:02.000,211.65,2.13,0.7055,0.7116,0.7086,58.53,Moderate Risk,Botol Sampel C,Sumber Air C,5
ALVIN-2026-02112,2026-09-18 08:07:02.200,652.98,8.67,2.1766,2.8888,2.5327,28.31,High Risk,Botol Sampel E,Sumber Air E,5
ALVIN-2026-02113,2026-09-18 08:07:02.400,283.88,4.6,0.9463,1.5325,1.2394,44.65,High Risk,Botol Sampel E,Sumber Air E,5
ALVIN-2026-02114,2026-09-18 08:07:02.600,635.8,6.42,2.1193,2.1399,2.1296,31.95,High Risk,Botol Sampel D,Sumber Air D,5
ALVIN-2026-02115,2026-09-18 08:07:02.800,207.38,1.9,0.6913,0.6342,0.6627,60.14,Moderate Risk,Botol Sampel C,Sumber Air C,5
ALVIN-2026-02116,2026-09-18 08:07:03.000,368.89,3.52,1.2296,1.175,1.2023,45.41,High Risk,Botol Sampel E,Sumber Air E,5
ALVIN-2026-02117,2026-09-18 08:07:03.200,663.53,5.26,2.2118,1.7537,1.9828,33.53,High Risk,Botol Sampel D,Sumber Air D,5
ALVIN-2026-02118,2026-09-18 08:07:03.400,221.73,1.55,0.7391,0.5166,0.6278,61.43,Moderate Risk,Botol Sampel C,Sumber Air C,5
ALVIN-2026-02119,2026-09-18 08:07:03.600,472.81,8.88,1.576,2.9611,2.2686,30.59,High Risk,Botol Sampel E,Sumber Air E,5
ALVIN-2026-02120,2026-09-18 08:07:03.800,649.33,6.43,2.1644,2.1419,2.1532,31.71,High Risk,Botol Sampel D,Sumber Air D,5
ALVIN-2026-02121,2026-09-18 08:07:04.000,125.43,0.64,0.4181,0.2147,0.3164,75.96,Low Risk,Botol Sampel A,Sumber Air A,5
ALVIN-2026-02122,2026-09-18 08:07:04.200,42.26,0.16,0.1409,0.0545,0.0977,91.1,Low Risk,Botol Sampel A,Sumber Air A,5
ALVIN-2026-02123,2026-09-18 08:07:04.400,351.51,2.2,1.1717,0.7333,0.9525,51.22,High Risk,Botol Sampel E,Sumber Air E,5
ALVIN-2026-02124,2026-09-18 08:07:04.600,213.43,1.38,0.7114,0.4592,0.5853,63.08,Moderate Risk,Botol Sampel C,Sumber Air C,5
ALVIN-2026-02125,2026-09-18 08:07:04.800,780.38,5.96,2.6013,1.9853,2.2933,30.36,High Risk,Botol Sampel D,Sumber Air D,5
ALVIN-2026-02126,2026-09-18 08:07:05.000,55.03,1.22,0.1834,0.4065,0.295,77.22,Moderate Risk,Botol Sampel B,Sumber Air B,5
ALVIN-2026-02127,2026-09-18 08:07:05.200,637.33,10.17,2.1244,3.3893,2.7568,26.62,High Risk,Botol Sampel E,Sumber Air E,5
ALVIN-2026-02128,2026-09-18 08:07:05.400,100.72,0.41,0.3357,0.135,0.2354,80.95,Low Risk,Botol Sampel A,Sumber Air A,5
ALVIN-2026-02129,2026-09-18 08:07:05.600,122.49,0.91,0.4083,0.3029,0.3556,73.77,Low Risk,Botol Sampel A,Sumber Air A,5
ALVIN-2026-02130,2026-09-18 08:07:05.800,140.0,1.24,0.4667,0.4134,0.44,69.44,Low Risk,Botol Sampel A,Sumber Air A,5
ALVIN-2026-02131,2026-09-18 08:07:06.000,82.59,0.1,0.2753,0.0333,0.1543,86.63,Moderate Risk,Botol Sampel B,Sumber Air B,5
ALVIN-2026-02132,2026-09-18 08:07:06.200,75.47,0.81,0.2516,0.2705,0.261,79.3,Low Risk,Botol Sampel A,Sumber Air A,5
ALVIN-2026-02133,2026-09-18 08:07:06.400,90.58,0.52,0.3019,0.1746,0.2382,80.76,Low Risk,Botol Sampel A,Sumber Air A,5
ALVIN-2026-02134,2026-09-18 08:07:06.600,835.54,9.41,2.7851,3.1373,2.9612,25.24,High Risk,Botol Sampel E,Sumber Air E,5
ALVIN-2026-02135,2026-09-18 08:07:06.800,680.02,7.62,2.2667,2.5416,2.4042,29.38,High Risk,Botol Sampel D,Sumber Air D,5
ALVIN-2026-02136,2026-09-18 08:07:07.000,786.43,7.29,2.6214,2.4316,2.5265,28.36,High Risk,Botol Sampel D,Sumber Air D,5
ALVIN-2026-02137,2026-09-18 08:07:07.200,323.68,2.93,1.0789,0.9755,1.0272,49.33,High Risk,Botol Sampel D,Sumber Air D,5
ALVIN-2026-02138,2026-09-18 08:07:07.400,95.67,0.48,0.3189,0.1606,0.2398,80.66,Low Risk,Botol Sampel A,Sumber Air A,5
ALVIN-2026-02139,2026-09-18 08:07:07.600,604.48,4.57,2.0149,1.5233,1.7691,36.11,High Risk,Botol Sampel D,Sumber Air D,5
ALVIN-2026-02140,2026-09-18 08:07:07.800,303.31,2.86,1.011,0.955,0.983,50.43,High Risk,Botol Sampel D,Sumber Air D,5
ALVIN-2026-02141,2026-09-18 08:07:08.000,224.88,1.56,0.7496,0.5199,0.6348,61.17,Moderate Risk,Botol Sampel B,Sumber Air B,5
ALVIN-2026-02142,2026-09-18 08:07:08.200,675.05,5.55,2.2502,1.8512,2.0507,32.78,High Risk,Botol Sampel E,Sumber Air E,5
ALVIN-2026-02143,2026-09-18 08:07:08.400,204.91,1.53,0.683,0.511,0.597,62.62,Moderate Risk,Botol Sampel C,Sumber Air C,5
ALVIN-2026-02144,2026-09-18 08:07:08.600,327.71,2.98,1.0924,0.9921,1.0423,48.96,High Risk,Botol Sampel E,Sumber Air E,5
ALVIN-2026-02145,2026-09-18 08:07:08.800,504.73,6.36,1.6824,2.1191,1.9008,34.47,High Risk,Botol Sampel D,Sumber Air D,5
ALVIN-2026-02146,2026-09-18 08:07:09.000,141.27,0.29,0.4709,0.0972,0.284,77.88,Low Risk,Botol Sampel A,Sumber Air A,5
ALVIN-2026-02147,2026-09-18 08:07:09.200,660.97,5.57,2.2032,1.857,2.0301,33.0,High Risk,Botol Sampel E,Sumber Air E,5
ALVIN-2026-02148,2026-09-18 08:07:09.400,577.71,7.24,1.9257,2.414,2.1699,31.55,High Risk,Botol Sampel D,Sumber Air D,5
ALVIN-2026-02149,2026-09-18 08:07:09.600,94.62,0.73,0.3154,0.2439,0.2796,78.15,Moderate Risk,Botol Sampel C,Sumber Air C,5
ALVIN-2026-02150,2026-09-18 08:07:09.800,221.58,2.05,0.7386,0.682,0.7103,58.47,Moderate Risk,Botol Sampel C,Sumber Air C,5
ALVIN-2026-02151,2026-09-18 08:07:10.000,337.42,3.37,1.1247,1.1236,1.1242,47.08,High Risk,Botol Sampel D,Sumber Air D,5
ALVIN-2026-02152,2026-09-18 08:07:10.200,97.77,0.17,0.3259,0.0575,0.1917,83.91,Low Risk,Botol Sampel A,Sumber Air A,5
ALVIN-2026-02153,2026-09-18 08:07:10.400,174.22,1.86,0.5807,0.6192,0.6,62.5,Moderate Risk,Botol Sampel B,Sumber Air B,5
ALVIN-2026-02154,2026-09-18 08:07:10.600,379.83,3.95,1.2661,1.3155,1.2908,43.65,High Risk,Botol Sampel D,Sumber Air D,5
ALVIN-2026-02155,2026-09-18 08:07:10.800,92.75,0.31,0.3092,0.1024,0.2058,82.93,Low Risk,Botol Sampel A,Sumber Air A,5
ALVIN-2026-02156,2026-09-18 08:07:11.000,874.39,9.49,2.9146,3.1628,3.0387,24.76,High Risk,Botol Sampel E,Sumber Air E,5
ALVIN-2026-02157,2026-09-18 08:07:11.200,858.63,9.22,2.8621,3.0718,2.9669,25.21,High Risk,Botol Sampel E,Sumber Air E,5
ALVIN-2026-02158,2026-09-18 08:07:11.400,172.03,1.0,0.5734,0.3333,0.4534,68.8,Moderate Risk,Botol Sampel C,Sumber Air C,5
ALVIN-2026-02159,2026-09-18 08:07:11.600,299.43,3.93,0.9981,1.309,1.1536,46.43,High Risk,Botol Sampel E,Sumber Air E,5
ALVIN-2026-02160,2026-09-18 08:07:11.800,65.8,0.46,0.2193,0.1541,0.1867,84.27,Low Risk,Botol Sampel A,Sumber Air A,5
ALVIN-2026-02161,2026-09-18 08:07:12.000,340.61,3.02,1.1354,1.0066,1.071,48.29,High Risk,Botol Sampel D,Sumber Air D,5
ALVIN-2026-02162,2026-09-18 08:07:12.200,383.24,2.83,1.2775,0.9429,1.1102,47.39,High Risk,Botol Sampel E,Sumber Air E,5
ALVIN-2026-02163,2026-09-18 08:07:12.400,359.99,3.39,1.2,1.1308,1.1654,46.18,High Risk,Botol Sampel E,Sumber Air E,5
ALVIN-2026-02164,2026-09-18 08:07:12.600,291.77,4.47,0.9726,1.4896,1.2311,44.82,High Risk,Botol Sampel E,Sumber Air E,5
ALVIN-2026-02165,2026-09-18 08:07:12.800,280.0,3.19,0.9333,1.0643,0.9988,50.03,High Risk,Botol Sampel E,Sumber Air E,5
ALVIN-2026-02166,2026-09-18 08:07:13.000,167.62,1.66,0.5587,0.552,0.5554,64.29,Moderate Risk,Botol Sampel C,Sumber Air C,5
ALVIN-2026-02167,2026-09-18 08:07:13.200,186.38,1.86,0.6213,0.6204,0.6208,61.7,Moderate Risk,Botol Sampel B,Sumber Air B,5
ALVIN-2026-02168,2026-09-18 08:07:13.400,426.0,2.2,1.42,0.7333,1.0766,48.16,High Risk,Botol Sampel D,Sumber Air D,5
ALVIN-2026-02169,2026-09-18 08:07:13.600,721.9,8.09,2.4063,2.6961,2.5512,28.16,High Risk,Botol Sampel E,Sumber Air E,5
ALVIN-2026-02170,2026-09-18 08:07:13.800,290.0,2.01,0.9667,0.6687,0.8177,55.01,Moderate Risk,Botol Sampel C,Sumber Air C,5
ALVIN-2026-02171,2026-09-18 08:07:14.000,322.37,2.2,1.0746,0.7333,0.904,52.52,High Risk,Botol Sampel D,Sumber Air D,5
ALVIN-2026-02172,2026-09-18 08:07:14.200,209.62,1.76,0.6987,0.5853,0.642,60.9,Moderate Risk,Botol Sampel C,Sumber Air C,5
ALVIN-2026-02173,2026-09-18 08:07:14.400,280.0,2.5,0.9333,0.8318,0.8826,53.12,Moderate Risk,Botol Sampel C,Sumber Air C,5
ALVIN-2026-02174,2026-09-18 08:07:14.600,171.05,1.52,0.5702,0.5055,0.5378,65.03,Moderate Risk,Botol Sampel B,Sumber Air B,5
ALVIN-2026-02175,2026-09-18 08:07:14.800,280.0,2.54,0.9333,0.845,0.8892,52.93,Moderate Risk,Botol Sampel C,Sumber Air C,5
ALVIN-2026-02176,2026-09-18 08:07:15.000,101.27,0.49,0.3376,0.1645,0.251,79.94,Low Risk,Botol Sampel A,Sumber Air A,5
ALVIN-2026-02177,2026-09-18 08:07:15.200,125.13,0.66,0.4171,0.2212,0.3192,75.8,Low Risk,Botol Sampel A,Sumber Air A,5
ALVIN-2026-02178,2026-09-18 08:07:15.400,218.52,1.0,0.7284,0.3333,0.5308,65.33,Moderate Risk,Botol Sampel C,Sumber Air C,5
ALVIN-2026-02179,2026-09-18 08:07:15.600,483.87,2.2,1.6129,0.7333,1.1731,46.02,High Risk,Botol Sampel E,Sumber Air E,5
ALVIN-2026-02180,2026-09-18 08:07:15.800,393.58,3.51,1.3119,1.1712,1.2416,44.61,High Risk,Botol Sampel E,Sumber Air E,5
ALVIN-2026-02181,2026-09-18 08:07:16.000,426.24,3.58,1.4208,1.1938,1.3073,43.34,High Risk,Botol Sampel E,Sumber Air E,5
ALVIN-2026-02182,2026-09-18 08:07:16.200,209.63,2.29,0.6988,0.7648,0.7318,57.74,Moderate Risk,Botol Sampel C,Sumber Air C,5
ALVIN-2026-02183,2026-09-18 08:07:16.400,365.91,5.5,1.2197,1.8333,1.5265,39.58,High Risk,Botol Sampel D,Sumber Air D,5
ALVIN-2026-02184,2026-09-18 08:07:16.600,311.21,2.71,1.0374,0.9031,0.9702,50.76,High Risk,Botol Sampel E,Sumber Air E,5
ALVIN-2026-02185,2026-09-18 08:07:16.800,111.91,0.1,0.373,0.0333,0.2032,83.11,Low Risk,Botol Sampel A,Sumber Air A,5
ALVIN-2026-02186,2026-09-18 08:07:17.000,164.91,1.51,0.5497,0.5029,0.5263,65.52,Moderate Risk,Botol Sampel C,Sumber Air C,5
ALVIN-2026-02187,2026-09-18 08:07:17.200,230.34,1.37,0.7678,0.4553,0.6116,62.05,Moderate Risk,Botol Sampel C,Sumber Air C,5
ALVIN-2026-02188,2026-09-18 08:07:17.400,646.26,7.37,2.1542,2.4567,2.3054,30.25,High Risk,Botol Sampel D,Sumber Air D,5
ALVIN-2026-02189,2026-09-18 08:07:17.600,203.68,1.45,0.6789,0.4844,0.5816,63.23,Moderate Risk,Botol Sampel C,Sumber Air C,5
ALVIN-2026-02190,2026-09-18 08:07:17.800,93.83,1.24,0.3128,0.4117,0.3622,73.41,Low Risk,Botol Sampel A,Sumber Air A,5
ALVIN-2026-02191,2026-09-18 08:07:18.000,93.35,1.22,0.3112,0.406,0.3586,73.61,Low Risk,Botol Sampel A,Sumber Air A,5
ALVIN-2026-02192,2026-09-18 08:07:18.200,340.39,4.54,1.1346,1.5148,1.3247,43.02,High Risk,Botol Sampel D,Sumber Air D,5
ALVIN-2026-02193,2026-09-18 08:07:18.400,51.11,0.81,0.1704,0.2709,0.2206,81.93,Low Risk,Botol Sampel A,Sumber Air A,5
ALVIN-2026-02194,2026-09-18 08:07:18.600,184.41,1.95,0.6147,0.6497,0.6322,61.27,Moderate Risk,Botol Sampel C,Sumber Air C,5
ALVIN-2026-02195,2026-09-18 08:07:18.800,204.72,2.41,0.6824,0.8035,0.743,57.37,Moderate Risk,Botol Sampel B,Sumber Air B,5
ALVIN-2026-02196,2026-09-18 08:07:19.000,94.9,0.78,0.3163,0.2613,0.2888,77.59,Low Risk,Botol Sampel A,Sumber Air A,5
ALVIN-2026-02197,2026-09-18 08:07:19.200,295.75,4.67,0.9858,1.5582,1.272,44.01,High Risk,Botol Sampel E,Sumber Air E,5
ALVIN-2026-02198,2026-09-18 08:07:19.400,642.16,4.75,2.1405,1.5825,1.8615,34.95,High Risk,Botol Sampel E,Sumber Air E,5
ALVIN-2026-02199,2026-09-18 08:07:19.600,334.59,3.48,1.1153,1.1591,1.1372,46.79,High Risk,Botol Sampel E,Sumber Air E,5
ALVIN-2026-02200,2026-09-18 08:07:19.800,257.11,1.48,0.857,0.4943,0.6756,59.68,Moderate Risk,Botol Sampel C,Sumber Air C,5
ALVIN-2026-02201,2026-09-18 08:07:20.000,175.8,1.83,0.586,0.6112,0.5986,62.55,Moderate Risk,Botol Sampel B,Sumber Air B,5
ALVIN-2026-02202,2026-09-18 08:07:20.200,280.0,2.2,0.9333,0.7333,0.8333,54.55,Moderate Risk,Botol Sampel B,Sumber Air B,5
ALVIN-2026-02203,2026-09-18 08:07:20.400,404.07,4.04,1.3469,1.3478,1.3474,42.6,High Risk,Botol Sampel E,Sumber Air E,5
ALVIN-2026-02204,2026-09-18 08:07:20.600,172.79,1.42,0.576,0.4744,0.5252,65.57,Moderate Risk,Botol Sampel C,Sumber Air C,5
ALVIN-2026-02205,2026-09-18 08:07:20.800,334.51,3.51,1.115,1.1704,1.1427,46.67,High Risk,Botol Sampel D,Sumber Air D,5
ALVIN-2026-02206,2026-09-18 08:07:21.000,178.84,2.21,0.5961,0.7365,0.6663,60.01,Moderate Risk,Botol Sampel B,Sumber Air B,5
ALVIN-2026-02207,2026-09-18 08:07:21.200,106.84,0.54,0.3561,0.1805,0.2683,78.85,Low Risk,Botol Sampel A,Sumber Air A,5
ALVIN-2026-02208,2026-09-18 08:07:21.400,119.18,0.6,0.3973,0.1995,0.2984,77.02,Moderate Risk,Botol Sampel B,Sumber Air B,5
ALVIN-2026-02209,2026-09-18 08:07:21.600,122.51,0.29,0.4084,0.0971,0.2527,79.83,Low Risk,Botol Sampel A,Sumber Air A,5
ALVIN-2026-02210,2026-09-18 08:07:21.800,467.08,11.56,1.5569,3.8549,2.7059,26.98,High Risk,Botol Sampel D,Sumber Air D,5
ALVIN-2026-02211,2026-09-18 08:07:22.000,269.97,1.58,0.8999,0.5261,0.713,58.38,Moderate Risk,Botol Sampel B,Sumber Air B,5
ALVIN-2026-02212,2026-09-18 08:07:22.200,197.39,1.99,0.658,0.6644,0.6612,60.2,Moderate Risk,Botol Sampel B,Sumber Air B,5
ALVIN-2026-02213,2026-09-18 08:07:22.400,92.78,0.1,0.3093,0.0333,0.1713,85.38,Low Risk,Botol Sampel A,Sumber Air A,5
ALVIN-2026-02214,2026-09-18 08:07:22.600,307.75,3.86,1.0258,1.2861,1.156,46.38,High Risk,Botol Sampel D,Sumber Air D,5
ALVIN-2026-02215,2026-09-18 08:07:22.800,173.37,1.75,0.5779,0.5827,0.5803,63.28,Moderate Risk,Botol Sampel B,Sumber Air B,5
ALVIN-2026-02216,2026-09-18 08:07:23.000,480.16,5.53,1.6005,1.8423,1.7214,36.75,High Risk,Botol Sampel D,Sumber Air D,5
ALVIN-2026-02217,2026-09-18 08:07:23.200,307.8,4.08,1.026,1.3598,1.1929,45.6,High Risk,Botol Sampel E,Sumber Air E,5
ALVIN-2026-02218,2026-09-18 08:07:23.400,320.9,4.46,1.0697,1.4874,1.2786,43.89,High Risk,Botol Sampel E,Sumber Air E,5
ALVIN-2026-02219,2026-09-18 08:07:23.600,204.2,1.43,0.6807,0.4758,0.5782,63.36,Moderate Risk,Botol Sampel C,Sumber Air C,5
ALVIN-2026-02220,2026-09-18 08:07:23.800,83.78,0.82,0.2793,0.2747,0.277,78.31,Low Risk,Botol Sampel A,Sumber Air A,5
ALVIN-2026-02221,2026-09-18 08:07:24.000,240.43,1.11,0.8014,0.3694,0.5854,63.08,Moderate Risk,Botol Sampel B,Sumber Air B,5
ALVIN-2026-02222,2026-09-18 08:07:24.200,854.52,9.5,2.8484,3.1667,3.0076,24.95,High Risk,Botol Sampel D,Sumber Air D,5
ALVIN-2026-02223,2026-09-18 08:07:24.400,647.11,8.06,2.157,2.6861,2.4216,29.23,High Risk,Botol Sampel D,Sumber Air D,5
ALVIN-2026-02224,2026-09-18 08:07:24.600,203.49,1.88,0.6783,0.6276,0.653,60.5,Moderate Risk,Botol Sampel B,Sumber Air B,5
ALVIN-2026-02225,2026-09-18 08:07:24.800,765.68,4.5,2.5523,1.5,2.0262,33.04,High Risk,Botol Sampel E,Sumber Air E,5
ALVIN-2026-02226,2026-09-18 08:07:25.000,196.81,1.5,0.656,0.501,0.5785,63.35,Moderate Risk,Botol Sampel C,Sumber Air C,5
ALVIN-2026-02227,2026-09-18 08:07:25.200,164.03,2.32,0.5468,0.7746,0.6607,60.22,Moderate Risk,Botol Sampel C,Sumber Air C,5
ALVIN-2026-02228,2026-09-18 08:07:25.400,381.69,4.3,1.2723,1.432,1.3522,42.51,High Risk,Botol Sampel D,Sumber Air D,5
ALVIN-2026-02229,2026-09-18 08:07:25.600,215.13,1.52,0.7171,0.5068,0.612,62.03,Moderate Risk,Botol Sampel C,Sumber Air C,5
ALVIN-2026-02230,2026-09-18 08:07:25.800,560.14,11.13,1.8671,3.711,2.789,26.39,High Risk,Botol Sampel E,Sumber Air E,5
ALVIN-2026-02231,2026-09-18 08:07:26.000,735.26,9.0,2.4509,2.9989,2.7249,26.85,High Risk,Botol Sampel E,Sumber Air E,5
ALVIN-2026-02232,2026-09-18 08:07:26.200,314.43,2.78,1.0481,0.9256,0.9868,50.33,High Risk,Botol Sampel D,Sumber Air D,5
ALVIN-2026-02233,2026-09-18 08:07:26.400,337.44,2.51,1.1248,0.8383,0.9816,50.46,High Risk,Botol Sampel D,Sumber Air D,5
ALVIN-2026-02234,2026-09-18 08:07:26.600,244.92,2.87,0.8164,0.9557,0.886,53.02,Moderate Risk,Botol Sampel B,Sumber Air B,5
ALVIN-2026-02235,2026-09-18 08:07:26.800,194.5,1.41,0.6483,0.4702,0.5592,64.14,Moderate Risk,Botol Sampel B,Sumber Air B,5
ALVIN-2026-02236,2026-09-18 08:07:27.000,347.87,4.17,1.1596,1.3901,1.2748,43.96,High Risk,Botol Sampel D,Sumber Air D,5
ALVIN-2026-02237,2026-09-18 08:07:27.200,98.73,0.41,0.3291,0.1378,0.2334,81.08,Low Risk,Botol Sampel A,Sumber Air A,5
ALVIN-2026-02238,2026-09-18 08:07:27.400,106.37,0.73,0.3546,0.244,0.2993,76.96,Low Risk,Botol Sampel A,Sumber Air A,5
ALVIN-2026-02239,2026-09-18 08:07:27.600,120.41,0.61,0.4014,0.2043,0.3028,76.76,Moderate Risk,Botol Sampel C,Sumber Air C,5
ALVIN-2026-02240,2026-09-18 08:07:27.800,663.92,7.11,2.2131,2.3703,2.2917,30.38,High Risk,Botol Sampel D,Sumber Air D,5
ALVIN-2026-02241,2026-09-18 08:07:28.000,251.32,1.53,0.8377,0.511,0.6744,59.72,Moderate Risk,Botol Sampel B,Sumber Air B,5
ALVIN-2026-02242,2026-09-18 08:07:28.200,318.56,3.42,1.0619,1.1389,1.1004,47.61,High Risk,Botol Sampel E,Sumber Air E,5
ALVIN-2026-02243,2026-09-18 08:07:28.400,210.52,1.69,0.7017,0.5634,0.6325,61.26,Moderate Risk,Botol Sampel C,Sumber Air C,5
ALVIN-2026-02244,2026-09-18 08:07:28.600,307.65,5.41,1.0255,1.8023,1.4139,41.43,High Risk,Botol Sampel D,Sumber Air D,5
ALVIN-2026-02245,2026-09-18 08:07:28.800,161.27,1.47,0.5376,0.4914,0.5145,66.03,Moderate Risk,Botol Sampel C,Sumber Air C,5
ALVIN-2026-02246,2026-09-18 08:07:29.000,280.0,2.93,0.9333,0.9751,0.9542,51.17,Moderate Risk,Botol Sampel B,Sumber Air B,5
ALVIN-2026-02247,2026-09-18 08:07:29.200,775.56,4.5,2.5852,1.5,2.0426,32.87,High Risk,Botol Sampel D,Sumber Air D,5
ALVIN-2026-02248,2026-09-18 08:07:29.400,476.81,7.85,1.5894,2.6151,2.1022,32.24,High Risk,Botol Sampel E,Sumber Air E,5
ALVIN-2026-02249,2026-09-18 08:07:29.600,206.5,2.04,0.6883,0.6806,0.6844,59.37,Moderate Risk,Botol Sampel B,Sumber Air B,5
ALVIN-2026-02250,2026-09-18 08:07:29.800,70.58,1.1,0.2353,0.3677,0.3015,76.83,Low Risk,Botol Sampel A,Sumber Air A,5
ALVIN-2026-02251,2026-09-18 08:07:30.000,97.85,0.65,0.3262,0.2177,0.272,78.62,Low Risk,Botol Sampel A,Sumber Air A,5
ALVIN-2026-02252,2026-09-18 08:07:30.200,100.72,0.14,0.3357,0.0475,0.1916,83.92,Low Risk,Botol Sampel A,Sumber Air A,5
ALVIN-2026-02253,2026-09-18 08:07:30.400,329.3,3.99,1.0977,1.3291,1.2134,45.18,High Risk,Botol Sampel E,Sumber Air E,5
ALVIN-2026-02254,2026-09-18 08:07:30.600,100.34,0.1,0.3345,0.0343,0.1844,84.43,Low Risk,Botol Sampel A,Sumber Air A,5
ALVIN-2026-02255,2026-09-18 08:07:30.800,52.18,0.94,0.1739,0.3128,0.2434,80.42,Low Risk,Botol Sampel A,Sumber Air A,5
ALVIN-2026-02256,2026-09-18 08:07:31.000,66.82,0.49,0.2227,0.1622,0.1924,83.86,Low Risk,Botol Sampel A,Sumber Air A,5
ALVIN-2026-02257,2026-09-18 08:07:31.200,289.2,1.56,0.964,0.5204,0.7422,57.4,Moderate Risk,Botol Sampel C,Sumber Air C,5
ALVIN-2026-02258,2026-09-18 08:07:31.400,479.06,4.59,1.5969,1.5314,1.5642,39.0,High Risk,Botol Sampel E,Sumber Air E,5
ALVIN-2026-02259,2026-09-18 08:07:31.600,748.64,4.51,2.4955,1.5043,1.9999,33.33,High Risk,Botol Sampel E,Sumber Air E,5
ALVIN-2026-02260,2026-09-18 08:07:31.800,555.42,7.65,1.8514,2.5485,2.2,31.25,High Risk,Botol Sampel D,Sumber Air D,5
ALVIN-2026-02261,2026-09-18 08:07:32.000,203.75,1.31,0.6792,0.4358,0.5575,64.21,Moderate Risk,Botol Sampel C,Sumber Air C,5
ALVIN-2026-02262,2026-09-18 08:07:32.200,483.32,6.63,1.6111,2.2085,1.9098,34.37,High Risk,Botol Sampel E,Sumber Air E,5
ALVIN-2026-02263,2026-09-18 08:07:32.400,280.0,3.52,0.9333,1.1748,1.0541,48.68,High Risk,Botol Sampel D,Sumber Air D,5
ALVIN-2026-02264,2026-09-18 08:07:32.600,127.6,0.75,0.4253,0.2508,0.338,74.74,Low Risk,Botol Sampel A,Sumber Air A,5
ALVIN-2026-02265,2026-09-18 08:07:32.800,168.95,1.75,0.5632,0.582,0.5726,63.59,Moderate Risk,Botol Sampel B,Sumber Air B,5
ALVIN-2026-02266,2026-09-18 08:07:33.000,75.86,0.74,0.2529,0.2475,0.2502,79.99,Low Risk,Botol Sampel A,Sumber Air A,5
ALVIN-2026-02267,2026-09-18 08:07:33.200,353.23,2.2,1.1774,0.7333,0.9554,51.14,High Risk,Botol Sampel E,Sumber Air E,5
ALVIN-2026-02268,2026-09-18 08:07:33.400,713.4,5.83,2.378,1.9445,2.1612,31.63,High Risk,Botol Sampel D,Sumber Air D,5
ALVIN-2026-02269,2026-09-18 08:07:33.600,737.19,5.3,2.4573,1.7673,2.1123,32.13,High Risk,Botol Sampel E,Sumber Air E,5
ALVIN-2026-02270,2026-09-18 08:07:33.800,130.55,0.67,0.4352,0.2248,0.33,75.19,Low Risk,Botol Sampel A,Sumber Air A,5
ALVIN-2026-02271,2026-09-18 08:07:34.000,250.73,1.84,0.8358,0.6121,0.724,58.0,Moderate Risk,Botol Sampel C,Sumber Air C,5
ALVIN-2026-02272,2026-09-18 08:07:34.200,560.13,7.59,1.8671,2.5292,2.1982,31.27,High Risk,Botol Sampel D,Sumber Air D,5
ALVIN-2026-02273,2026-09-18 08:07:34.400,491.33,5.74,1.6378,1.913,1.7754,36.03,High Risk,Botol Sampel D,Sumber Air D,5
ALVIN-2026-02274,2026-09-18 08:07:34.600,59.76,0.26,0.1992,0.0854,0.1423,87.54,Low Risk,Botol Sampel A,Sumber Air A,5
ALVIN-2026-02275,2026-09-18 08:07:34.800,180.36,1.41,0.6012,0.4688,0.535,65.15,Moderate Risk,Botol Sampel C,Sumber Air C,5
ALVIN-2026-02276,2026-09-18 08:07:35.000,631.95,8.03,2.1065,2.6752,2.3908,29.49,High Risk,Botol Sampel E,Sumber Air E,5
ALVIN-2026-02277,2026-09-18 08:07:35.200,331.58,3.59,1.1053,1.1971,1.1512,46.49,High Risk,Botol Sampel D,Sumber Air D,5
ALVIN-2026-02278,2026-09-18 08:07:35.400,188.98,1.69,0.6299,0.5617,0.5958,62.66,Moderate Risk,Botol Sampel B,Sumber Air B,5
ALVIN-2026-02279,2026-09-18 08:07:35.600,91.33,0.45,0.3044,0.1513,0.2278,81.45,Low Risk,Botol Sampel A,Sumber Air A,5
ALVIN-2026-02280,2026-09-18 08:07:35.800,504.89,4.5,1.683,1.5,1.5915,38.59,High Risk,Botol Sampel E,Sumber Air E,5
ALVIN-2026-02281,2026-09-18 08:07:36.000,77.23,0.6,0.2574,0.1998,0.2286,81.39,Low Risk,Botol Sampel A,Sumber Air A,5
ALVIN-2026-02282,2026-09-18 08:07:36.200,174.8,2.09,0.5827,0.698,0.6404,60.96,Moderate Risk,Botol Sampel C,Sumber Air C,5
ALVIN-2026-02283,2026-09-18 08:07:36.400,135.05,0.63,0.4502,0.2106,0.3304,75.17,Low Risk,Botol Sampel A,Sumber Air A,5
ALVIN-2026-02284,2026-09-18 08:07:36.600,602.59,4.5,2.0086,1.5,1.7543,36.31,High Risk,Botol Sampel E,Sumber Air E,5
ALVIN-2026-02285,2026-09-18 08:07:36.800,658.76,5.54,2.1959,1.8454,2.0206,33.11,High Risk,Botol Sampel D,Sumber Air D,5
ALVIN-2026-02286,2026-09-18 08:07:37.000,341.63,3.3,1.1388,1.101,1.1199,47.17,High Risk,Botol Sampel E,Sumber Air E,5
ALVIN-2026-02287,2026-09-18 08:07:37.200,117.73,0.92,0.3924,0.306,0.3492,74.12,Moderate Risk,Botol Sampel B,Sumber Air B,5
ALVIN-2026-02288,2026-09-18 08:07:37.400,170.56,1.04,0.5685,0.3479,0.4582,68.58,Moderate Risk,Botol Sampel B,Sumber Air B,5
ALVIN-2026-02289,2026-09-18 08:07:37.600,128.73,0.19,0.4291,0.0647,0.2469,80.2,Low Risk,Botol Sampel A,Sumber Air A,5
ALVIN-2026-02290,2026-09-18 08:07:37.800,738.48,6.14,2.4616,2.0478,2.2547,30.72,High Risk,Botol Sampel D,Sumber Air D,5
ALVIN-2026-02291,2026-09-18 08:07:38.000,712.37,5.75,2.3746,1.9158,2.1452,31.79,High Risk,Botol Sampel E,Sumber Air E,5
ALVIN-2026-02292,2026-09-18 08:07:38.200,301.84,2.24,1.0061,0.7458,0.876,53.3,High Risk,Botol Sampel E,Sumber Air E,5
ALVIN-2026-02293,2026-09-18 08:07:38.400,48.97,1.03,0.1632,0.3428,0.253,79.81,Low Risk,Botol Sampel A,Sumber Air A,5
ALVIN-2026-02294,2026-09-18 08:07:38.600,324.89,4.33,1.083,1.4423,1.2626,44.2,High Risk,Botol Sampel D,Sumber Air D,5
ALVIN-2026-02295,2026-09-18 08:07:38.800,228.86,2.0,0.7629,0.6679,0.7154,58.3,Moderate Risk,Botol Sampel B,Sumber Air B,5
ALVIN-2026-02296,2026-09-18 08:07:39.000,228.19,2.06,0.7606,0.686,0.7233,58.03,Moderate Risk,Botol Sampel C,Sumber Air C,5
ALVIN-2026-02297,2026-09-18 08:07:39.200,145.0,0.34,0.4833,0.1136,0.2984,77.02,Low Risk,Botol Sampel A,Sumber Air A,5
ALVIN-2026-02298,2026-09-18 08:07:39.400,182.35,1.81,0.6078,0.6031,0.6054,62.29,Moderate Risk,Botol Sampel C,Sumber Air C,5
ALVIN-2026-02299,2026-09-18 08:07:39.600,702.44,6.83,2.3415,2.2783,2.3099,30.21,High Risk,Botol Sampel D,Sumber Air D,5
ALVIN-2026-02300,2026-09-18 08:07:39.800,280.0,2.31,0.9333,0.7711,0.8522,53.99,Moderate Risk,Botol Sampel C,Sumber Air C,5
ALVIN-2026-02301,2026-09-18 08:07:40.000,108.09,0.36,0.3603,0.1183,0.2393,80.69,Low Risk,Botol Sampel A,Sumber Air A,5
ALVIN-2026-02302,2026-09-18 08:07:40.200,82.2,0.1,0.274,0.0333,0.1536,86.69,Low Risk,Botol Sampel A,Sumber Air A,5
ALVIN-2026-02303,2026-09-18 08:07:40.400,68.27,0.61,0.2276,0.2035,0.2156,82.26,Low Risk,Botol Sampel A,Sumber Air A,5
ALVIN-2026-02304,2026-09-18 08:07:40.600,100.07,0.89,0.3336,0.2968,0.3152,76.03,Low Risk,Botol Sampel A,Sumber Air A,5
ALVIN-2026-02305,2026-09-18 08:07:40.800,379.81,4.6,1.266,1.5344,1.4002,41.66,High Risk,Botol Sampel E,Sumber Air E,5
ALVIN-2026-02306,2026-09-18 08:07:41.000,668.37,8.16,2.2279,2.7186,2.4732,28.79,High Risk,Botol Sampel E,Sumber Air E,5
ALVIN-2026-02307,2026-09-18 08:07:41.200,95.93,0.38,0.3198,0.1281,0.224,81.7,Low Risk,Botol Sampel A,Sumber Air A,5
ALVIN-2026-02308,2026-09-18 08:07:41.400,654.02,4.5,2.1801,1.5,1.84,35.21,High Risk,Botol Sampel E,Sumber Air E,5
ALVIN-2026-02309,2026-09-18 08:07:41.600,363.34,2.99,1.2111,0.9961,1.1036,47.54,High Risk,Botol Sampel D,Sumber Air D,5
ALVIN-2026-02310,2026-09-18 08:07:41.800,206.57,1.5,0.6886,0.4988,0.5937,62.75,Moderate Risk,Botol Sampel C,Sumber Air C,5
ALVIN-2026-02311,2026-09-18 08:07:42.000,706.91,5.41,2.3564,1.8022,2.0793,32.47,High Risk,Botol Sampel E,Sumber Air E,5
ALVIN-2026-02312,2026-09-18 08:07:42.200,111.77,0.67,0.3726,0.2241,0.2984,77.02,Moderate Risk,Botol Sampel B,Sumber Air B,5
ALVIN-2026-02313,2026-09-18 08:07:42.400,88.14,0.61,0.2938,0.2037,0.2488,80.08,Low Risk,Botol Sampel A,Sumber Air A,5
ALVIN-2026-02314,2026-09-18 08:07:42.600,178.24,1.34,0.5941,0.448,0.521,65.75,Moderate Risk,Botol Sampel B,Sumber Air B,5
ALVIN-2026-02315,2026-09-18 08:07:42.800,77.42,0.44,0.2581,0.1457,0.2019,83.2,Low Risk,Botol Sampel A,Sumber Air A,5
ALVIN-2026-02316,2026-09-18 08:07:43.000,844.34,7.06,2.8145,2.3548,2.5846,27.9,High Risk,Botol Sampel D,Sumber Air D,5
ALVIN-2026-02317,2026-09-18 08:07:43.200,66.57,0.94,0.2219,0.3148,0.2684,78.84,Low Risk,Botol Sampel A,Sumber Air A,5
ALVIN-2026-02318,2026-09-18 08:07:43.400,852.96,7.58,2.8432,2.5264,2.6848,27.14,High Risk,Botol Sampel E,Sumber Air E,5
ALVIN-2026-02319,2026-09-18 08:07:43.600,79.93,0.64,0.2664,0.2146,0.2405,80.61,Low Risk,Botol Sampel A,Sumber Air A,5
ALVIN-2026-02320,2026-09-18 08:07:43.800,215.58,1.9,0.7186,0.6332,0.6759,59.67,Moderate Risk,Botol Sampel C,Sumber Air C,5
ALVIN-2026-02321,2026-09-18 08:07:44.000,222.33,1.89,0.7411,0.6296,0.6854,59.33,Moderate Risk,Botol Sampel B,Sumber Air B,5
ALVIN-2026-02322,2026-09-18 08:07:44.200,138.89,0.37,0.463,0.1245,0.2938,77.29,Moderate Risk,Botol Sampel C,Sumber Air C,5
ALVIN-2026-02323,2026-09-18 08:07:44.400,232.53,1.71,0.7751,0.5701,0.6726,59.79,Moderate Risk,Botol Sampel C,Sumber Air C,5
ALVIN-2026-02324,2026-09-18 08:07:44.600,305.42,3.61,1.0181,1.2018,1.11,47.39,High Risk,Botol Sampel D,Sumber Air D,5
ALVIN-2026-02325,2026-09-18 08:07:44.800,370.9,2.48,1.2363,0.8277,1.032,49.21,High Risk,Botol Sampel E,Sumber Air E,5
ALVIN-2026-02326,2026-09-18 08:07:45.000,169.04,1.48,0.5635,0.494,0.5288,65.41,Moderate Risk,Botol Sampel C,Sumber Air C,5
ALVIN-2026-02327,2026-09-18 08:07:45.200,284.96,4.15,0.9499,1.3831,1.1665,46.16,High Risk,Botol Sampel D,Sumber Air D,5
ALVIN-2026-02328,2026-09-18 08:07:45.400,145.0,0.6,0.4833,0.2014,0.3424,74.49,Low Risk,Botol Sampel A,Sumber Air A,5
ALVIN-2026-02329,2026-09-18 08:07:45.600,214.7,1.43,0.7157,0.4752,0.5954,62.68,Moderate Risk,Botol Sampel B,Sumber Air B,5
ALVIN-2026-02330,2026-09-18 08:07:45.800,119.25,0.71,0.3975,0.2369,0.3172,75.92,Low Risk,Botol Sampel A,Sumber Air A,5
ALVIN-2026-02331,2026-09-18 08:07:46.000,94.86,0.31,0.3162,0.1044,0.2103,82.62,Low Risk,Botol Sampel A,Sumber Air A,5
ALVIN-2026-02332,2026-09-18 08:07:46.200,71.14,0.39,0.2371,0.1308,0.184,84.46,Low Risk,Botol Sampel A,Sumber Air A,5
ALVIN-2026-02333,2026-09-18 08:07:46.400,280.0,3.25,0.9333,1.0849,1.0091,49.77,High Risk,Botol Sampel D,Sumber Air D,5
ALVIN-2026-02334,2026-09-18 08:07:46.600,894.76,8.76,2.9825,2.9197,2.9511,25.31,High Risk,Botol Sampel E,Sumber Air E,5
ALVIN-2026-02335,2026-09-18 08:07:46.800,106.0,0.44,0.3533,0.1481,0.2507,79.96,Low Risk,Botol Sampel A,Sumber Air A,5
ALVIN-2026-02336,2026-09-18 08:07:47.000,402.69,2.39,1.3423,0.7973,1.0698,48.31,High Risk,Botol Sampel D,Sumber Air D,5
ALVIN-2026-02337,2026-09-18 08:07:47.200,145.0,0.93,0.4833,0.3096,0.3964,71.61,Low Risk,Botol Sampel A,Sumber Air A,5
ALVIN-2026-02338,2026-09-18 08:07:47.400,398.64,3.63,1.3288,1.2106,1.2697,44.06,High Risk,Botol Sampel E,Sumber Air E,5
ALVIN-2026-02339,2026-09-18 08:07:47.600,808.43,6.58,2.6948,2.193,2.4439,29.04,High Risk,Botol Sampel E,Sumber Air E,5
ALVIN-2026-02340,2026-09-18 08:07:47.800,355.21,2.88,1.184,0.9597,1.0718,48.27,High Risk,Botol Sampel E,Sumber Air E,5
ALVIN-2026-02341,2026-09-18 08:07:48.000,207.83,1.57,0.6928,0.5244,0.6086,62.17,Moderate Risk,Botol Sampel C,Sumber Air C,5
ALVIN-2026-02342,2026-09-18 08:07:48.200,419.44,3.33,1.3981,1.1098,1.2539,44.37,High Risk,Botol Sampel D,Sumber Air D,5
ALVIN-2026-02343,2026-09-18 08:07:48.400,256.99,2.26,0.8566,0.7532,0.8049,55.4,Moderate Risk,Botol Sampel B,Sumber Air B,5
ALVIN-2026-02344,2026-09-18 08:07:48.600,611.91,7.33,2.0397,2.4442,2.242,30.85,High Risk,Botol Sampel D,Sumber Air D,5
ALVIN-2026-02345,2026-09-18 08:07:48.800,605.6,5.88,2.0187,1.9604,1.9896,33.45,High Risk,Botol Sampel E,Sumber Air E,5
ALVIN-2026-02346,2026-09-18 08:07:49.000,626.59,8.38,2.0886,2.7935,2.441,29.06,High Risk,Botol Sampel E,Sumber Air E,5
ALVIN-2026-02347,2026-09-18 08:07:49.200,75.89,0.67,0.253,0.2236,0.2383,80.76,Low Risk,Botol Sampel A,Sumber Air A,5
ALVIN-2026-02348,2026-09-18 08:07:49.400,169.28,2.07,0.5643,0.6907,0.6275,61.44,Moderate Risk,Botol Sampel B,Sumber Air B,5
ALVIN-2026-02349,2026-09-18 08:07:49.600,303.87,3.65,1.0129,1.217,1.1149,47.28,High Risk,Botol Sampel D,Sumber Air D,5
ALVIN-2026-02350,2026-09-18 08:07:49.800,344.28,3.55,1.1476,1.1818,1.1647,46.2,High Risk,Botol Sampel D,Sumber Air D,5
ALVIN-2026-02351,2026-09-18 08:07:50.000,313.49,3.24,1.045,1.0811,1.063,48.47,High Risk,Botol Sampel D,Sumber Air D,5
ALVIN-2026-02352,2026-09-18 08:07:50.200,254.17,1.68,0.8472,0.5584,0.7028,58.73,Moderate Risk,Botol Sampel B,Sumber Air B,5
ALVIN-2026-02353,2026-09-18 08:07:50.400,613.02,11.56,2.0434,3.8526,2.948,25.33,High Risk,Botol Sampel D,Sumber Air D,5
ALVIN-2026-02354,2026-09-18 08:07:50.600,93.25,0.14,0.3108,0.0481,0.1794,84.79,Low Risk,Botol Sampel A,Sumber Air A,5
ALVIN-2026-02355,2026-09-18 08:07:50.800,91.59,0.18,0.3053,0.061,0.1832,84.52,Low Risk,Botol Sampel A,Sumber Air A,5
ALVIN-2026-02356,2026-09-18 08:07:51.000,148.06,2.77,0.4935,0.9226,0.708,58.55,Moderate Risk,Botol Sampel C,Sumber Air C,5
ALVIN-2026-02357,2026-09-18 08:07:51.200,234.2,2.21,0.7807,0.7377,0.7592,56.84,Moderate Risk,Botol Sampel C,Sumber Air C,5
ALVIN-2026-02358,2026-09-18 08:07:51.400,208.98,1.61,0.6966,0.5383,0.6175,61.82,Moderate Risk,Botol Sampel B,Sumber Air B,5
ALVIN-2026-02359,2026-09-18 08:07:51.600,103.1,0.43,0.3437,0.1429,0.2433,80.43,Low Risk,Botol Sampel A,Sumber Air A,5
ALVIN-2026-02360,2026-09-18 08:07:51.800,459.41,3.96,1.5314,1.3206,1.426,41.22,High Risk,Botol Sampel D,Sumber Air D,5
ALVIN-2026-02361,2026-09-18 08:07:52.000,280.0,4.18,0.9333,1.3925,1.1629,46.23,High Risk,Botol Sampel E,Sumber Air E,5
ALVIN-2026-02362,2026-09-18 08:07:52.200,224.08,2.39,0.7469,0.7973,0.7721,56.43,Moderate Risk,Botol Sampel B,Sumber Air B,5
ALVIN-2026-02363,2026-09-18 08:07:52.400,252.74,1.72,0.8425,0.5728,0.7076,58.56,Moderate Risk,Botol Sampel C,Sumber Air C,5
ALVIN-2026-02364,2026-09-18 08:07:52.600,691.34,11.83,2.3045,3.9445,3.1245,24.25,High Risk,Botol Sampel D,Sumber Air D,5
ALVIN-2026-02365,2026-09-18 08:07:52.800,136.72,0.33,0.4557,0.1104,0.2831,77.94,Low Risk,Botol Sampel A,Sumber Air A,5
ALVIN-2026-02366,2026-09-18 08:07:53.000,294.01,3.99,0.98,1.3288,1.1544,46.42,High Risk,Botol Sampel E,Sumber Air E,5
ALVIN-2026-02367,2026-09-18 08:07:53.200,201.72,1.52,0.6724,0.5056,0.589,62.93,Moderate Risk,Botol Sampel B,Sumber Air B,5
ALVIN-2026-02368,2026-09-18 08:07:53.400,796.66,4.5,2.6555,1.5,2.0778,32.49,High Risk,Botol Sampel E,Sumber Air E,5
ALVIN-2026-02369,2026-09-18 08:07:53.600,83.66,0.55,0.2789,0.184,0.2314,81.21,Low Risk,Botol Sampel A,Sumber Air A,5
ALVIN-2026-02370,2026-09-18 08:07:53.800,113.9,1.21,0.3797,0.4043,0.392,71.84,Low Risk,Botol Sampel A,Sumber Air A,5
ALVIN-2026-02371,2026-09-18 08:07:54.000,554.7,7.45,1.849,2.4846,2.1668,31.58,High Risk,Botol Sampel E,Sumber Air E,5
ALVIN-2026-02372,2026-09-18 08:07:54.200,65.62,0.32,0.2187,0.1068,0.1628,86.0,Low Risk,Botol Sampel A,Sumber Air A,5
ALVIN-2026-02373,2026-09-18 08:07:54.400,331.8,3.62,1.106,1.2073,1.1566,46.37,High Risk,Botol Sampel D,Sumber Air D,5
ALVIN-2026-02374,2026-09-18 08:07:54.600,402.02,3.54,1.3401,1.1785,1.2593,44.26,High Risk,Botol Sampel E,Sumber Air E,5
ALVIN-2026-02375,2026-09-18 08:07:54.800,717.29,7.52,2.391,2.5078,2.4494,28.99,High Risk,Botol Sampel E,Sumber Air E,5
ALVIN-2026-02376,2026-09-18 08:07:55.000,204.49,1.88,0.6816,0.6265,0.654,60.46,Moderate Risk,Botol Sampel B,Sumber Air B,5
ALVIN-2026-02377,2026-09-18 08:07:55.200,280.0,3.13,0.9333,1.0434,0.9884,50.29,High Risk,Botol Sampel E,Sumber Air E,5
ALVIN-2026-02378,2026-09-18 08:07:55.400,550.21,10.85,1.834,3.6151,2.7245,26.85,High Risk,Botol Sampel E,Sumber Air E,5
ALVIN-2026-02379,2026-09-18 08:07:55.600,207.06,1.23,0.6902,0.4101,0.5502,64.51,Moderate Risk,Botol Sampel B,Sumber Air B,5
ALVIN-2026-02380,2026-09-18 08:07:55.800,717.83,8.04,2.3928,2.6794,2.5361,28.28,High Risk,Botol Sampel D,Sumber Air D,5
ALVIN-2026-02381,2026-09-18 08:07:56.000,80.04,0.54,0.2668,0.1806,0.2237,81.72,Moderate Risk,Botol Sampel B,Sumber Air B,5
ALVIN-2026-02382,2026-09-18 08:07:56.200,285.81,2.2,0.9527,0.7333,0.843,54.26,Moderate Risk,Botol Sampel B,Sumber Air B,5
ALVIN-2026-02383,2026-09-18 08:07:56.400,332.66,2.98,1.1089,0.993,1.051,48.76,High Risk,Botol Sampel E,Sumber Air E,5
ALVIN-2026-02384,2026-09-18 08:07:56.600,112.46,1.06,0.3749,0.3527,0.3638,73.32,Low Risk,Botol Sampel A,Sumber Air A,5
ALVIN-2026-02385,2026-09-18 08:07:56.800,194.84,1.03,0.6495,0.3434,0.4964,66.83,Moderate Risk,Botol Sampel C,Sumber Air C,5
ALVIN-2026-02386,2026-09-18 08:07:57.000,280.0,2.4,0.9333,0.7984,0.8658,53.6,Moderate Risk,Botol Sampel B,Sumber Air B,5
ALVIN-2026-02387,2026-09-18 08:07:57.200,735.81,6.11,2.4527,2.0381,2.2454,30.81,High Risk,Botol Sampel D,Sumber Air D,5
ALVIN-2026-02388,2026-09-18 08:07:57.400,323.39,3.31,1.078,1.1018,1.0899,47.85,High Risk,Botol Sampel D,Sumber Air D,5
ALVIN-2026-02389,2026-09-18 08:07:57.600,385.53,4.77,1.2851,1.5908,1.4379,41.02,High Risk,Botol Sampel E,Sumber Air E,5
ALVIN-2026-02390,2026-09-18 08:07:57.800,56.13,0.84,0.1871,0.2808,0.234,81.04,Low Risk,Botol Sampel A,Sumber Air A,5
ALVIN-2026-02391,2026-09-18 08:07:58.000,791.79,6.13,2.6393,2.0445,2.3419,29.92,High Risk,Botol Sampel D,Sumber Air D,5
ALVIN-2026-02392,2026-09-18 08:07:58.200,604.86,6.57,2.0162,2.1897,2.103,32.23,High Risk,Botol Sampel E,Sumber Air E,5
ALVIN-2026-02393,2026-09-18 08:07:58.400,226.52,1.44,0.7551,0.4801,0.6176,61.82,Moderate Risk,Botol Sampel C,Sumber Air C,5
ALVIN-2026-02394,2026-09-18 08:07:58.600,158.5,2.0,0.5283,0.6663,0.5973,62.61,Moderate Risk,Botol Sampel B,Sumber Air B,5
ALVIN-2026-02395,2026-09-18 08:07:58.800,634.87,8.2,2.1162,2.7339,2.425,29.2,High Risk,Botol Sampel D,Sumber Air D,5
ALVIN-2026-02396,2026-09-18 08:07:59.000,85.25,0.91,0.2842,0.3041,0.2942,77.27,Low Risk,Botol Sampel A,Sumber Air A,5
ALVIN-2026-02397,2026-09-18 08:07:59.200,375.08,2.93,1.2503,0.9766,1.1134,47.32,High Risk,Botol Sampel E,Sumber Air E,5
ALVIN-2026-02398,2026-09-18 08:07:59.400,360.95,3.74,1.2032,1.2466,1.2249,44.95,High Risk,Botol Sampel E,Sumber Air E,5
ALVIN-2026-02399,2026-09-18 08:07:59.600,333.66,2.92,1.1122,0.9736,1.0429,48.95,High Risk,Botol Sampel E,Sumber Air E,5
ALVIN-2026-02400,2026-09-18 08:07:59.800,689.51,6.72,2.2984,2.2407,2.2695,30.59,High Risk,Botol Sampel E,Sumber Air E,5
ALVIN-2026-02401,2026-09-18 08:08:00.000,280.0,2.84,0.9333,0.9478,0.9406,51.53,Moderate Risk,Botol Sampel C,Sumber Air C,5
ALVIN-2026-02402,2026-09-18 08:08:00.200,695.96,9.52,2.3199,3.1724,2.7462,26.69,High Risk,Botol Sampel E,Sumber Air E,5
ALVIN-2026-02403,2026-09-18 08:08:00.400,372.33,4.63,1.2411,1.5438,1.3925,41.8,High Risk,Botol Sampel D,Sumber Air D,5
ALVIN-2026-02404,2026-09-18 08:08:00.600,341.95,4.59,1.1398,1.5287,1.3342,42.84,High Risk,Botol Sampel D,Sumber Air D,5
ALVIN-2026-02405,2026-09-18 08:08:00.800,415.91,7.21,1.3864,2.4025,1.8944,34.55,High Risk,Botol Sampel E,Sumber Air E,5
ALVIN-2026-02406,2026-09-18 08:08:01.000,191.42,2.0,0.6381,0.6678,0.6529,60.5,Moderate Risk,Botol Sampel B,Sumber Air B,5
ALVIN-2026-02407,2026-09-18 08:08:01.200,59.59,1.04,0.1986,0.3473,0.273,78.55,Low Risk,Botol Sampel A,Sumber Air A,5
ALVIN-2026-02408,2026-09-18 08:08:01.400,816.67,8.38,2.7222,2.7931,2.7576,26.61,High Risk,Botol Sampel D,Sumber Air D,5
ALVIN-2026-02409,2026-09-18 08:08:01.600,133.79,0.62,0.446,0.2078,0.3269,75.36,Low Risk,Botol Sampel A,Sumber Air A,5
ALVIN-2026-02410,2026-09-18 08:08:01.800,332.73,4.2,1.1091,1.4001,1.2546,44.35,High Risk,Botol Sampel E,Sumber Air E,5
ALVIN-2026-02411,2026-09-18 08:08:02.000,114.31,0.5,0.381,0.1667,0.2738,78.51,Low Risk,Botol Sampel A,Sumber Air A,5
ALVIN-2026-02412,2026-09-18 08:08:02.200,180.16,1.21,0.6005,0.4041,0.5023,66.56,Moderate Risk,Botol Sampel B,Sumber Air B,5
ALVIN-2026-02413,2026-09-18 08:08:02.400,383.81,4.74,1.2794,1.5811,1.4302,41.15,High Risk,Botol Sampel D,Sumber Air D,5
ALVIN-2026-02414,2026-09-18 08:08:02.600,114.13,1.18,0.3804,0.3922,0.3863,72.13,Moderate Risk,Botol Sampel B,Sumber Air B,5
ALVIN-2026-02415,2026-09-18 08:08:02.800,380.69,4.84,1.269,1.6145,1.4417,40.96,High Risk,Botol Sampel D,Sumber Air D,5
ALVIN-2026-02416,2026-09-18 08:08:03.000,287.05,4.46,0.9568,1.4879,1.2224,45.0,High Risk,Botol Sampel E,Sumber Air E,5
ALVIN-2026-02417,2026-09-18 08:08:03.200,321.52,3.44,1.0717,1.148,1.1098,47.4,High Risk,Botol Sampel E,Sumber Air E,5
ALVIN-2026-02418,2026-09-18 08:08:03.400,105.04,0.34,0.3501,0.1121,0.2311,81.23,Low Risk,Botol Sampel A,Sumber Air A,5
ALVIN-2026-02419,2026-09-18 08:08:03.600,91.02,0.4,0.3034,0.1344,0.2189,82.04,Low Risk,Botol Sampel A,Sumber Air A,5
ALVIN-2026-02420,2026-09-18 08:08:03.800,104.09,0.81,0.347,0.2687,0.3078,76.46,Low Risk,Botol Sampel A,Sumber Air A,5
ALVIN-2026-02421,2026-09-18 08:08:04.000,83.91,0.45,0.2797,0.1494,0.2146,82.33,Low Risk,Botol Sampel A,Sumber Air A,5
ALVIN-2026-02422,2026-09-18 08:08:04.200,66.98,0.66,0.2233,0.2196,0.2214,81.87,Low Risk,Botol Sampel A,Sumber Air A,5
ALVIN-2026-02423,2026-09-18 08:08:04.400,100.17,0.68,0.3339,0.2271,0.2805,78.09,Low Risk,Botol Sampel A,Sumber Air A,5
ALVIN-2026-02424,2026-09-18 08:08:04.600,180.65,1.61,0.6022,0.5372,0.5697,63.71,Moderate Risk,Botol Sampel C,Sumber Air C,5
ALVIN-2026-02425,2026-09-18 08:08:04.800,230.87,2.22,0.7696,0.7395,0.7546,56.99,Moderate Risk,Botol Sampel C,Sumber Air C,5
ALVIN-2026-02426,2026-09-18 08:08:05.000,138.54,1.19,0.4618,0.3973,0.4296,69.95,Low Risk,Botol Sampel A,Sumber Air A,5
ALVIN-2026-02427,2026-09-18 08:08:05.200,383.82,4.03,1.2794,1.3419,1.3107,43.28,High Risk,Botol Sampel D,Sumber Air D,5
ALVIN-2026-02428,2026-09-18 08:08:05.400,298.92,4.96,0.9964,1.6526,1.3245,43.02,High Risk,Botol Sampel D,Sumber Air D,5
ALVIN-2026-02429,2026-09-18 08:08:05.600,364.14,4.89,1.2138,1.6305,1.4222,41.28,High Risk,Botol Sampel E,Sumber Air E,5
ALVIN-2026-02430,2026-09-18 08:08:05.800,110.39,0.44,0.368,0.1479,0.258,79.49,Low Risk,Botol Sampel A,Sumber Air A,5
ALVIN-2026-02431,2026-09-18 08:08:06.000,621.72,5.3,2.0724,1.7664,1.9194,34.25,High Risk,Botol Sampel E,Sumber Air E,5
ALVIN-2026-02432,2026-09-18 08:08:06.200,280.0,5.01,0.9333,1.6699,1.3016,43.45,High Risk,Botol Sampel D,Sumber Air D,5
ALVIN-2026-02433,2026-09-18 08:08:06.400,226.15,1.85,0.7538,0.6158,0.6848,59.35,Moderate Risk,Botol Sampel C,Sumber Air C,5
ALVIN-2026-02434,2026-09-18 08:08:06.600,784.41,4.5,2.6147,1.5,2.0574,32.71,High Risk,Botol Sampel D,Sumber Air D,5
ALVIN-2026-02435,2026-09-18 08:08:06.800,346.45,3.75,1.1548,1.2506,1.2027,45.4,High Risk,Botol Sampel D,Sumber Air D,5
ALVIN-2026-02436,2026-09-18 08:08:07.000,497.69,8.3,1.659,2.7665,2.2128,31.13,High Risk,Botol Sampel D,Sumber Air D,5
ALVIN-2026-02437,2026-09-18 08:08:07.200,66.16,0.53,0.2205,0.1765,0.1985,83.44,Low Risk,Botol Sampel A,Sumber Air A,5
ALVIN-2026-02438,2026-09-18 08:08:07.400,102.13,0.41,0.3404,0.1353,0.2378,80.79,Moderate Risk,Botol Sampel C,Sumber Air C,5
ALVIN-2026-02439,2026-09-18 08:08:07.600,819.75,7.08,2.7325,2.3599,2.5462,28.2,High Risk,Botol Sampel D,Sumber Air D,5
ALVIN-2026-02440,2026-09-18 08:08:07.800,114.84,0.2,0.3828,0.0672,0.225,81.63,Moderate Risk,Botol Sampel B,Sumber Air B,5
ALVIN-2026-02441,2026-09-18 08:08:08.000,138.89,0.57,0.463,0.1905,0.3268,75.37,Low Risk,Botol Sampel A,Sumber Air A,5
ALVIN-2026-02442,2026-09-18 08:08:08.200,131.22,0.47,0.4374,0.1563,0.2968,77.11,Low Risk,Botol Sampel A,Sumber Air A,5
ALVIN-2026-02443,2026-09-18 08:08:08.400,144.92,0.1,0.4831,0.0333,0.2582,79.48,Low Risk,Botol Sampel A,Sumber Air A,5
ALVIN-2026-02444,2026-09-18 08:08:08.600,90.95,1.01,0.3032,0.3381,0.3206,75.72,Low Risk,Botol Sampel A,Sumber Air A,5
ALVIN-2026-02445,2026-09-18 08:08:08.800,148.52,1.25,0.4951,0.4178,0.4564,68.66,Low Risk,Botol Sampel A,Sumber Air A,5
ALVIN-2026-02446,2026-09-18 08:08:09.000,523.36,8.6,1.7445,2.866,2.3052,30.26,High Risk,Botol Sampel D,Sumber Air D,5
ALVIN-2026-02447,2026-09-18 08:08:09.200,569.06,7.64,1.8969,2.5467,2.2218,31.04,High Risk,Botol Sampel D,Sumber Air D,5
ALVIN-2026-02448,2026-09-18 08:08:09.400,76.57,1.01,0.2552,0.3354,0.2953,77.2,Low Risk,Botol Sampel A,Sumber Air A,5
ALVIN-2026-02449,2026-09-18 08:08:09.600,368.13,2.2,1.2271,0.7333,0.9802,50.5,High Risk,Botol Sampel D,Sumber Air D,5
ALVIN-2026-02450,2026-09-18 08:08:09.800,280.0,2.48,0.9333,0.8263,0.8798,53.2,Moderate Risk,Botol Sampel B,Sumber Air B,5
ALVIN-2026-02451,2026-09-18 08:08:10.000,348.9,4.16,1.163,1.3871,1.275,43.96,High Risk,Botol Sampel E,Sumber Air E,5
ALVIN-2026-02452,2026-09-18 08:08:10.200,201.35,1.83,0.6712,0.6114,0.6413,60.93,Moderate Risk,Botol Sampel B,Sumber Air B,5
ALVIN-2026-02453,2026-09-18 08:08:10.400,170.22,2.09,0.5674,0.6957,0.6316,61.29,Moderate Risk,Botol Sampel B,Sumber Air B,5
ALVIN-2026-02454,2026-09-18 08:08:10.600,294.18,2.81,0.9806,0.9361,0.9584,51.06,Moderate Risk,Botol Sampel B,Sumber Air B,5
ALVIN-2026-02455,2026-09-18 08:08:10.800,81.48,0.7,0.2716,0.2341,0.2528,79.82,Low Risk,Botol Sampel A,Sumber Air A,5
ALVIN-2026-02456,2026-09-18 08:08:11.000,277.28,1.85,0.9243,0.6173,0.7708,56.47,Moderate Risk,Botol Sampel C,Sumber Air C,5
ALVIN-2026-02457,2026-09-18 08:08:11.200,329.58,4.45,1.0986,1.4835,1.291,43.65,High Risk,Botol Sampel E,Sumber Air E,5
ALVIN-2026-02458,2026-09-18 08:08:11.400,79.1,0.7,0.2637,0.2326,0.2482,80.12,Low Risk,Botol Sampel A,Sumber Air A,5
ALVIN-2026-02459,2026-09-18 08:08:11.600,325.41,3.69,1.0847,1.2295,1.1571,46.36,High Risk,Botol Sampel D,Sumber Air D,5
ALVIN-2026-02460,2026-09-18 08:08:11.800,310.75,3.93,1.0358,1.3116,1.1737,46.0,High Risk,Botol Sampel D,Sumber Air D,5
ALVIN-2026-02461,2026-09-18 08:08:12.000,143.23,0.79,0.4774,0.2631,0.3702,72.98,Low Risk,Botol Sampel A,Sumber Air A,5
ALVIN-2026-02462,2026-09-18 08:08:12.200,145.0,0.27,0.4833,0.0914,0.2874,77.68,Low Risk,Botol Sampel A,Sumber Air A,5
ALVIN-2026-02463,2026-09-18 08:08:12.400,90.98,0.95,0.3033,0.3153,0.3093,76.38,Low Risk,Botol Sampel A,Sumber Air A,5
ALVIN-2026-02464,2026-09-18 08:08:12.600,631.0,5.61,2.1033,1.87,1.9866,33.48,High Risk,Botol Sampel D,Sumber Air D,5
ALVIN-2026-02465,2026-09-18 08:08:12.800,790.79,5.65,2.636,1.8833,2.2596,30.68,High Risk,Botol Sampel D,Sumber Air D,5
ALVIN-2026-02466,2026-09-18 08:08:13.000,67.03,0.35,0.2234,0.1171,0.1702,85.46,Moderate Risk,Botol Sampel C,Sumber Air C,5
ALVIN-2026-02467,2026-09-18 08:08:13.200,619.2,6.44,2.064,2.1451,2.1045,32.21,High Risk,Botol Sampel D,Sumber Air D,5
ALVIN-2026-02468,2026-09-18 08:08:13.400,199.1,2.17,0.6637,0.722,0.6928,59.07,Moderate Risk,Botol Sampel C,Sumber Air C,5
ALVIN-2026-02469,2026-09-18 08:08:13.600,82.6,0.46,0.2753,0.1533,0.2143,82.35,Low Risk,Botol Sampel A,Sumber Air A,5
ALVIN-2026-02470,2026-09-18 08:08:13.800,347.32,3.84,1.1577,1.2784,1.218,45.09,High Risk,Botol Sampel E,Sumber Air E,5
ALVIN-2026-02471,2026-09-18 08:08:14.000,467.4,4.5,1.558,1.5,1.529,39.54,High Risk,Botol Sampel D,Sumber Air D,5
ALVIN-2026-02472,2026-09-18 08:08:14.200,176.11,1.18,0.587,0.3926,0.4898,67.12,Moderate Risk,Botol Sampel C,Sumber Air C,5
ALVIN-2026-02473,2026-09-18 08:08:14.400,106.05,0.94,0.3535,0.3143,0.3339,74.97,Low Risk,Botol Sampel A,Sumber Air A,5
ALVIN-2026-02474,2026-09-18 08:08:14.600,731.37,6.41,2.4379,2.1365,2.2872,30.42,High Risk,Botol Sampel D,Sumber Air D,5
ALVIN-2026-02475,2026-09-18 08:08:14.800,784.19,5.69,2.614,1.8968,2.2554,30.72,High Risk,Botol Sampel D,Sumber Air D,5
ALVIN-2026-02476,2026-09-18 08:08:15.000,254.13,1.57,0.8471,0.5231,0.6851,59.34,Moderate Risk,Botol Sampel C,Sumber Air C,5
ALVIN-2026-02477,2026-09-18 08:08:15.200,221.17,1.54,0.7372,0.5134,0.6253,61.53,Moderate Risk,Botol Sampel C,Sumber Air C,5
ALVIN-2026-02478,2026-09-18 08:08:15.400,716.65,8.25,2.3888,2.7503,2.5696,28.01,High Risk,Botol Sampel E,Sumber Air E,5
ALVIN-2026-02479,2026-09-18 08:08:15.600,94.21,0.76,0.314,0.2542,0.2841,77.88,Moderate Risk,Botol Sampel B,Sumber Air B,5
ALVIN-2026-02480,2026-09-18 08:08:15.800,237.08,1.2,0.7903,0.4,0.5952,62.69,Moderate Risk,Botol Sampel B,Sumber Air B,5
ALVIN-2026-02481,2026-09-18 08:08:16.000,261.07,2.26,0.8702,0.7536,0.8119,55.19,Moderate Risk,Botol Sampel C,Sumber Air C,5
ALVIN-2026-02482,2026-09-18 08:08:16.200,125.16,0.59,0.4172,0.1954,0.3063,76.55,Low Risk,Botol Sampel A,Sumber Air A,5
ALVIN-2026-02483,2026-09-18 08:08:16.400,627.92,8.62,2.0931,2.8725,2.4828,28.71,High Risk,Botol Sampel E,Sumber Air E,5
ALVIN-2026-02484,2026-09-18 08:08:16.600,224.93,2.0,0.7498,0.6668,0.7083,58.54,Moderate Risk,Botol Sampel B,Sumber Air B,5
ALVIN-2026-02485,2026-09-18 08:08:16.800,632.76,4.5,2.1092,1.5,1.8046,35.66,High Risk,Botol Sampel E,Sumber Air E,5
ALVIN-2026-02486,2026-09-18 08:08:17.000,280.0,4.31,0.9333,1.4361,1.1847,45.77,High Risk,Botol Sampel E,Sumber Air E,5
ALVIN-2026-02487,2026-09-18 08:08:17.200,524.77,9.52,1.7492,3.1726,2.4609,28.89,High Risk,Botol Sampel E,Sumber Air E,5
ALVIN-2026-02488,2026-09-18 08:08:17.400,80.39,0.56,0.268,0.1877,0.2278,81.45,Low Risk,Botol Sampel A,Sumber Air A,5
ALVIN-2026-02489,2026-09-18 08:08:17.600,324.61,3.02,1.082,1.0074,1.0447,48.91,High Risk,Botol Sampel E,Sumber Air E,5
ALVIN-2026-02490,2026-09-18 08:08:17.800,190.69,1.43,0.6356,0.4761,0.5559,64.27,Moderate Risk,Botol Sampel C,Sumber Air C,5
ALVIN-2026-02491,2026-09-18 08:08:18.000,83.23,0.36,0.2774,0.1201,0.1987,83.42,Low Risk,Botol Sampel A,Sumber Air A,5
ALVIN-2026-02492,2026-09-18 08:08:18.200,533.89,5.56,1.7796,1.8539,1.8168,35.5,High Risk,Botol Sampel D,Sumber Air D,5
ALVIN-2026-02493,2026-09-18 08:08:18.400,357.64,2.2,1.1921,0.7333,0.9627,50.95,High Risk,Botol Sampel E,Sumber Air E,5
ALVIN-2026-02494,2026-09-18 08:08:18.600,829.42,5.48,2.7647,1.8281,2.2964,30.34,High Risk,Botol Sampel E,Sumber Air E,5
ALVIN-2026-02495,2026-09-18 08:08:18.800,78.3,0.68,0.261,0.2271,0.244,80.39,Low Risk,Botol Sampel A,Sumber Air A,5
ALVIN-2026-02496,2026-09-18 08:08:19.000,86.89,0.73,0.2896,0.2449,0.2672,78.91,Low Risk,Botol Sampel A,Sumber Air A,5
ALVIN-2026-02497,2026-09-18 08:08:19.200,106.12,0.7,0.3537,0.2336,0.2936,77.3,Low Risk,Botol Sampel A,Sumber Air A,5
ALVIN-2026-02498,2026-09-18 08:08:19.400,47.36,0.41,0.1579,0.1361,0.147,87.18,Low Risk,Botol Sampel A,Sumber Air A,5
ALVIN-2026-02499,2026-09-18 08:08:19.600,193.46,1.82,0.6449,0.608,0.6264,61.49,Moderate Risk,Botol Sampel B,Sumber Air B,5
ALVIN-2026-02500,2026-09-18 08:08:19.800,250.53,1.8,0.8351,0.6001,0.7176,58.22,Moderate Risk,Botol Sampel C,Sumber Air C,5
ALVIN-2026-02501,2026-09-18 08:08:20.000,179.91,1.74,0.5997,0.5784,0.5891,62.93,Moderate Risk,Botol Sampel B,Sumber Air B,5
ALVIN-2026-02502,2026-09-18 08:08:20.200,537.01,7.52,1.79,2.5077,2.1488,31.76,High Risk,Botol Sampel D,Sumber Air D,5
ALVIN-2026-02503,2026-09-18 08:08:20.400,372.84,3.95,1.2428,1.3151,1.279,43.88,High Risk,Botol Sampel E,Sumber Air E,5
ALVIN-2026-02504,2026-09-18 08:08:20.600,331.73,2.25,1.1058,0.7494,0.9276,51.88,High Risk,Botol Sampel D,Sumber Air D,5
ALVIN-2026-02505,2026-09-18 08:08:20.800,512.36,5.47,1.7079,1.8229,1.7654,36.16,High Risk,Botol Sampel E,Sumber Air E,5
ALVIN-2026-02506,2026-09-18 08:08:21.000,338.47,3.2,1.1282,1.0665,1.0974,47.68,High Risk,Botol Sampel D,Sumber Air D,5
ALVIN-2026-02507,2026-09-18 08:08:21.200,322.18,4.69,1.0739,1.5629,1.3184,43.13,High Risk,Botol Sampel E,Sumber Air E,5
ALVIN-2026-02508,2026-09-18 08:08:21.400,68.74,1.09,0.2291,0.3626,0.2958,77.17,Low Risk,Botol Sampel A,Sumber Air A,5
ALVIN-2026-02509,2026-09-18 08:08:21.600,841.48,6.95,2.8049,2.3169,2.5609,28.08,High Risk,Botol Sampel E,Sumber Air E,5
ALVIN-2026-02510,2026-09-18 08:08:21.800,570.61,4.8,1.902,1.5987,1.7504,36.36,High Risk,Botol Sampel D,Sumber Air D,5
ALVIN-2026-02511,2026-09-18 08:08:22.000,74.24,0.48,0.2475,0.1592,0.2034,83.1,Low Risk,Botol Sampel A,Sumber Air A,5
ALVIN-2026-02512,2026-09-18 08:08:22.200,133.07,0.85,0.4436,0.2847,0.3641,73.31,Low Risk,Botol Sampel A,Sumber Air A,5
ALVIN-2026-02513,2026-09-18 08:08:22.400,708.59,9.74,2.362,3.2474,2.8047,26.28,High Risk,Botol Sampel E,Sumber Air E,5
ALVIN-2026-02514,2026-09-18 08:08:22.600,386.81,3.67,1.2894,1.2243,1.2568,44.31,High Risk,Botol Sampel D,Sumber Air D,5
ALVIN-2026-02515,2026-09-18 08:08:22.800,270.14,1.31,0.9005,0.4358,0.6682,59.94,Moderate Risk,Botol Sampel C,Sumber Air C,5
ALVIN-2026-02516,2026-09-18 08:08:23.000,280.0,3.17,0.9333,1.0552,0.9942,50.15,High Risk,Botol Sampel D,Sumber Air D,5
ALVIN-2026-02517,2026-09-18 08:08:23.200,390.83,2.99,1.3028,0.9952,1.149,46.53,High Risk,Botol Sampel E,Sumber Air E,5
ALVIN-2026-02518,2026-09-18 08:08:23.400,121.39,0.57,0.4046,0.1899,0.2972,77.09,Low Risk,Botol Sampel A,Sumber Air A,5
ALVIN-2026-02519,2026-09-18 08:08:23.600,384.2,3.48,1.2807,1.1584,1.2196,45.05,High Risk,Botol Sampel D,Sumber Air D,5
ALVIN-2026-02520,2026-09-18 08:08:23.800,87.54,0.99,0.2918,0.3301,0.311,76.28,Moderate Risk,Botol Sampel C,Sumber Air C,5
ALVIN-2026-02521,2026-09-18 08:08:24.000,737.83,4.55,2.4594,1.5169,1.9882,33.46,High Risk,Botol Sampel E,Sumber Air E,5
ALVIN-2026-02522,2026-09-18 08:08:24.200,87.8,0.5,0.2927,0.1655,0.2291,81.36,Low Risk,Botol Sampel A,Sumber Air A,5
ALVIN-2026-02523,2026-09-18 08:08:24.400,824.2,7.18,2.7473,2.3924,2.5698,28.01,High Risk,Botol Sampel D,Sumber Air D,5
ALVIN-2026-02524,2026-09-18 08:08:24.600,209.72,2.07,0.6991,0.6913,0.6952,58.99,Moderate Risk,Botol Sampel B,Sumber Air B,5
ALVIN-2026-02525,2026-09-18 08:08:24.800,104.78,0.53,0.3493,0.177,0.2632,79.16,Low Risk,Botol Sampel A,Sumber Air A,5
ALVIN-2026-02526,2026-09-18 08:08:25.000,363.36,2.2,1.2112,0.7333,0.9722,50.7,High Risk,Botol Sampel D,Sumber Air D,5
ALVIN-2026-02527,2026-09-18 08:08:25.200,140.0,2.5,0.4667,0.8319,0.6493,60.63,Moderate Risk,Botol Sampel C,Sumber Air C,5
ALVIN-2026-02528,2026-09-18 08:08:25.400,202.1,1.12,0.6737,0.3721,0.5229,65.66,Moderate Risk,Botol Sampel C,Sumber Air C,5
ALVIN-2026-02529,2026-09-18 08:08:25.600,474.13,3.58,1.5804,1.1947,1.3876,41.88,High Risk,Botol Sampel D,Sumber Air D,5
ALVIN-2026-02530,2026-09-18 08:08:25.800,131.49,0.53,0.4383,0.1762,0.3073,76.49,Low Risk,Botol Sampel A,Sumber Air A,5
ALVIN-2026-02531,2026-09-18 08:08:26.000,337.61,3.68,1.1254,1.2257,1.1755,45.97,High Risk,Botol Sampel D,Sumber Air D,5
ALVIN-2026-02532,2026-09-18 08:08:26.200,151.52,2.11,0.5051,0.7017,0.6034,62.37,Moderate Risk,Botol Sampel B,Sumber Air B,5
ALVIN-2026-02533,2026-09-18 08:08:26.400,204.78,1.75,0.6826,0.5843,0.6335,61.22,Moderate Risk,Botol Sampel B,Sumber Air B,5
ALVIN-2026-02534,2026-09-18 08:08:26.600,618.44,4.5,2.0615,1.5,1.7808,35.96,High Risk,Botol Sampel E,Sumber Air E,5
ALVIN-2026-02535,2026-09-18 08:08:26.800,329.85,4.87,1.0995,1.6233,1.3614,42.35,High Risk,Botol Sampel D,Sumber Air D,5
ALVIN-2026-02536,2026-09-18 08:08:27.000,528.7,10.07,1.7623,3.3573,2.5598,28.09,High Risk,Botol Sampel E,Sumber Air E,5
ALVIN-2026-02537,2026-09-18 08:08:27.200,125.05,0.54,0.4168,0.1802,0.2985,77.01,Low Risk,Botol Sampel A,Sumber Air A,5
ALVIN-2026-02538,2026-09-18 08:08:27.400,371.0,3.19,1.2367,1.0638,1.1502,46.51,High Risk,Botol Sampel E,Sumber Air E,5
ALVIN-2026-02539,2026-09-18 08:08:27.600,95.51,0.9,0.3184,0.2984,0.3084,76.43,Low Risk,Botol Sampel A,Sumber Air A,5
ALVIN-2026-02540,2026-09-18 08:08:27.800,119.91,0.6,0.3997,0.2016,0.3006,76.89,Low Risk,Botol Sampel A,Sumber Air A,5
ALVIN-2026-02541,2026-09-18 08:08:28.000,80.46,0.6,0.2682,0.1988,0.2335,81.07,Low Risk,Botol Sampel A,Sumber Air A,5
ALVIN-2026-02542,2026-09-18 08:08:28.200,405.09,4.01,1.3503,1.3355,1.3429,42.68,High Risk,Botol Sampel D,Sumber Air D,5
ALVIN-2026-02543,2026-09-18 08:08:28.400,565.22,8.41,1.8841,2.8043,2.3442,29.9,High Risk,Botol Sampel D,Sumber Air D,5
ALVIN-2026-02544,2026-09-18 08:08:28.600,305.39,4.17,1.018,1.3889,1.2035,45.38,High Risk,Botol Sampel D,Sumber Air D,5
ALVIN-2026-02545,2026-09-18 08:08:28.800,358.75,2.35,1.1958,0.7828,0.9893,50.27,High Risk,Botol Sampel D,Sumber Air D,5
ALVIN-2026-02546,2026-09-18 08:08:29.000,464.85,7.91,1.5495,2.6377,2.0936,32.32,High Risk,Botol Sampel E,Sumber Air E,5
ALVIN-2026-02547,2026-09-18 08:08:29.200,232.97,2.04,0.7766,0.6786,0.7276,57.88,Moderate Risk,Botol Sampel B,Sumber Air B,5
ALVIN-2026-02548,2026-09-18 08:08:29.400,661.14,5.69,2.2038,1.8958,2.0498,32.79,High Risk,Botol Sampel D,Sumber Air D,5
ALVIN-2026-02549,2026-09-18 08:08:29.600,323.13,4.46,1.0771,1.488,1.2826,43.81,High Risk,Botol Sampel E,Sumber Air E,5
ALVIN-2026-02550,2026-09-18 08:08:29.800,344.38,3.05,1.1479,1.0174,1.0827,48.01,High Risk,Botol Sampel D,Sumber Air D,5
ALVIN-2026-02551,2026-09-18 08:08:30.000,336.26,3.76,1.1209,1.2545,1.1877,45.71,High Risk,Botol Sampel E,Sumber Air E,5
ALVIN-2026-02552,2026-09-18 08:08:30.200,140.0,1.97,0.4667,0.6565,0.5616,64.04,Moderate Risk,Botol Sampel C,Sumber Air C,5
ALVIN-2026-02553,2026-09-18 08:08:30.400,829.89,7.66,2.7663,2.5532,2.6598,27.32,High Risk,Botol Sampel E,Sumber Air E,5
ALVIN-2026-02554,2026-09-18 08:08:30.600,49.98,0.28,0.1666,0.0918,0.1292,88.56,Low Risk,Botol Sampel A,Sumber Air A,5
ALVIN-2026-02555,2026-09-18 08:08:30.800,280.0,2.2,0.9333,0.7333,0.8333,54.55,Moderate Risk,Botol Sampel C,Sumber Air C,5
ALVIN-2026-02556,2026-09-18 08:08:31.000,145.0,1.04,0.4833,0.3471,0.4152,70.66,Low Risk,Botol Sampel A,Sumber Air A,5
ALVIN-2026-02557,2026-09-18 08:08:31.200,809.35,8.16,2.6978,2.7215,2.7096,26.96,High Risk,Botol Sampel E,Sumber Air E,5
ALVIN-2026-02558,2026-09-18 08:08:31.400,219.58,2.19,0.7319,0.729,0.7304,57.79,Moderate Risk,Botol Sampel C,Sumber Air C,5
ALVIN-2026-02559,2026-09-18 08:08:31.600,217.24,1.0,0.7241,0.3333,0.5287,65.42,Moderate Risk,Botol Sampel C,Sumber Air C,5
ALVIN-2026-02560,2026-09-18 08:08:31.800,199.77,1.59,0.6659,0.5303,0.5981,62.57,Moderate Risk,Botol Sampel C,Sumber Air C,5
ALVIN-2026-02561,2026-09-18 08:08:32.000,739.41,6.17,2.4647,2.0578,2.2612,30.66,High Risk,Botol Sampel E,Sumber Air E,5
ALVIN-2026-02562,2026-09-18 08:08:32.200,197.39,2.0,0.658,0.6667,0.6624,60.15,Moderate Risk,Botol Sampel C,Sumber Air C,5
ALVIN-2026-02563,2026-09-18 08:08:32.400,290.0,1.51,0.9667,0.5028,0.7348,57.64,Moderate Risk,Botol Sampel B,Sumber Air B,5
ALVIN-2026-02564,2026-09-18 08:08:32.600,214.18,1.89,0.7139,0.6305,0.6722,59.8,Moderate Risk,Botol Sampel C,Sumber Air C,5
ALVIN-2026-02565,2026-09-18 08:08:32.800,720.77,9.04,2.4026,3.0134,2.708,26.97,High Risk,Botol Sampel E,Sumber Air E,5
ALVIN-2026-02566,2026-09-18 08:08:33.000,402.27,2.68,1.3409,0.8949,1.1179,47.22,High Risk,Botol Sampel D,Sumber Air D,5
ALVIN-2026-02567,2026-09-18 08:08:33.200,167.56,2.18,0.5585,0.7279,0.6432,60.86,Moderate Risk,Botol Sampel C,Sumber Air C,5
ALVIN-2026-02568,2026-09-18 08:08:33.400,96.56,0.51,0.3219,0.1688,0.2454,80.3,Low Risk,Botol Sampel A,Sumber Air A,5
ALVIN-2026-02569,2026-09-18 08:08:33.600,103.56,1.01,0.3452,0.3358,0.3405,74.6,Low Risk,Botol Sampel A,Sumber Air A,5
ALVIN-2026-02570,2026-09-18 08:08:33.800,77.46,0.37,0.2582,0.1232,0.1907,83.98,Low Risk,Botol Sampel A,Sumber Air A,5
ALVIN-2026-02571,2026-09-18 08:08:34.000,635.78,8.86,2.1193,2.9549,2.5371,28.27,High Risk,Botol Sampel E,Sumber Air E,5
ALVIN-2026-02572,2026-09-18 08:08:34.200,324.16,4.09,1.0805,1.3641,1.2223,45.0,High Risk,Botol Sampel E,Sumber Air E,5
ALVIN-2026-02573,2026-09-18 08:08:34.400,870.42,9.45,2.9014,3.1503,3.0258,24.84,High Risk,Botol Sampel D,Sumber Air D,5
ALVIN-2026-02574,2026-09-18 08:08:34.600,216.65,1.35,0.7222,0.4515,0.5868,63.02,Moderate Risk,Botol Sampel B,Sumber Air B,5
ALVIN-2026-02575,2026-09-18 08:08:34.800,377.93,3.65,1.2598,1.216,1.2379,44.68,High Risk,Botol Sampel D,Sumber Air D,5
ALVIN-2026-02576,2026-09-18 08:08:35.000,549.77,7.5,1.8326,2.5005,2.1666,31.58,High Risk,Botol Sampel D,Sumber Air D,5
ALVIN-2026-02577,2026-09-18 08:08:35.200,98.32,0.66,0.3277,0.2193,0.2735,78.52,Moderate Risk,Botol Sampel C,Sumber Air C,5
ALVIN-2026-02578,2026-09-18 08:08:35.400,581.46,6.56,1.9382,2.1859,2.062,32.66,High Risk,Botol Sampel E,Sumber Air E,5
ALVIN-2026-02579,2026-09-18 08:08:35.600,684.05,4.5,2.2802,1.5,1.8901,34.6,High Risk,Botol Sampel E,Sumber Air E,5
ALVIN-2026-02580,2026-09-18 08:08:35.800,326.32,2.68,1.0877,0.8918,0.9897,50.26,High Risk,Botol Sampel D,Sumber Air D,5
ALVIN-2026-02581,2026-09-18 08:08:36.000,103.05,0.75,0.3435,0.2511,0.2973,77.08,Moderate Risk,Botol Sampel B,Sumber Air B,5
ALVIN-2026-02582,2026-09-18 08:08:36.200,203.15,2.1,0.6772,0.6986,0.6879,59.25,Moderate Risk,Botol Sampel C,Sumber Air C,5
ALVIN-2026-02583,2026-09-18 08:08:36.400,87.73,0.38,0.2924,0.127,0.2097,82.67,Low Risk,Botol Sampel A,Sumber Air A,5
ALVIN-2026-02584,2026-09-18 08:08:36.600,584.0,6.17,1.9467,2.0566,2.0016,33.32,High Risk,Botol Sampel D,Sumber Air D,5
ALVIN-2026-02585,2026-09-18 08:08:36.800,781.95,8.67,2.6065,2.8915,2.749,26.67,High Risk,Botol Sampel E,Sumber Air E,5
ALVIN-2026-02586,2026-09-18 08:08:37.000,107.67,0.21,0.3589,0.0689,0.2139,82.38,Moderate Risk,Botol Sampel B,Sumber Air B,5
ALVIN-2026-02587,2026-09-18 08:08:37.200,312.04,3.09,1.0401,1.0302,1.0352,49.14,High Risk,Botol Sampel E,Sumber Air E,5
ALVIN-2026-02588,2026-09-18 08:08:37.400,311.66,3.3,1.0389,1.0985,1.0687,48.34,High Risk,Botol Sampel E,Sumber Air E,5
ALVIN-2026-02589,2026-09-18 08:08:37.600,64.15,0.6,0.2138,0.2011,0.2074,82.82,Low Risk,Botol Sampel A,Sumber Air A,5
ALVIN-2026-02590,2026-09-18 08:08:37.800,201.31,1.78,0.671,0.5918,0.6314,61.3,Moderate Risk,Botol Sampel C,Sumber Air C,5
ALVIN-2026-02591,2026-09-18 08:08:38.000,540.55,7.99,1.8018,2.6646,2.2332,30.93,High Risk,Botol Sampel E,Sumber Air E,5
ALVIN-2026-02592,2026-09-18 08:08:38.200,426.44,3.66,1.4215,1.2187,1.3201,43.1,High Risk,Botol Sampel E,Sumber Air E,5
ALVIN-2026-02593,2026-09-18 08:08:38.400,386.1,2.46,1.287,0.8188,1.0529,48.71,High Risk,Botol Sampel E,Sumber Air E,5
ALVIN-2026-02594,2026-09-18 08:08:38.600,735.38,9.41,2.4513,3.1363,2.7938,26.36,High Risk,Botol Sampel D,Sumber Air D,5
ALVIN-2026-02595,2026-09-18 08:08:38.800,61.57,0.1,0.2052,0.0333,0.1192,89.35,Low Risk,Botol Sampel A,Sumber Air A,5
ALVIN-2026-02596,2026-09-18 08:08:39.000,380.15,3.8,1.2672,1.2654,1.2663,44.12,High Risk,Botol Sampel E,Sumber Air E,5
ALVIN-2026-02597,2026-09-18 08:08:39.200,330.3,3.25,1.101,1.0833,1.0922,47.8,High Risk,Botol Sampel D,Sumber Air D,5
ALVIN-2026-02598,2026-09-18 08:08:39.400,677.96,9.09,2.2599,3.0305,2.6452,27.43,High Risk,Botol Sampel D,Sumber Air D,5
ALVIN-2026-02599,2026-09-18 08:08:39.600,73.88,0.6,0.2463,0.2014,0.2238,81.71,Low Risk,Botol Sampel A,Sumber Air A,5
ALVIN-2026-02600,2026-09-18 08:08:39.800,536.77,5.46,1.7892,1.8189,1.804,35.66,High Risk,Botol Sampel E,Sumber Air E,5
ALVIN-2026-02601,2026-09-18 08:08:40.000,368.51,4.38,1.2284,1.4588,1.3436,42.67,High Risk,Botol Sampel D,Sumber Air D,5
ALVIN-2026-02602,2026-09-18 08:08:40.200,107.79,0.73,0.3593,0.2441,0.3017,76.82,Low Risk,Botol Sampel A,Sumber Air A,5
ALVIN-2026-02603,2026-09-18 08:08:40.400,146.93,1.78,0.4898,0.5932,0.5415,64.87,Moderate Risk,Botol Sampel B,Sumber Air B,5
ALVIN-2026-02604,2026-09-18 08:08:40.600,184.58,2.54,0.6153,0.8472,0.7312,57.76,Moderate Risk,Botol Sampel B,Sumber Air B,5
ALVIN-2026-02605,2026-09-18 08:08:40.800,84.5,0.58,0.2817,0.1943,0.238,80.78,Moderate Risk,Botol Sampel B,Sumber Air B,5
ALVIN-2026-02606,2026-09-18 08:08:41.000,741.9,4.98,2.473,1.6605,2.0668,32.61,High Risk,Botol Sampel D,Sumber Air D,5
ALVIN-2026-02607,2026-09-18 08:08:41.200,77.18,0.8,0.2573,0.2655,0.2614,79.28,Low Risk,Botol Sampel A,Sumber Air A,5
ALVIN-2026-02608,2026-09-18 08:08:41.400,209.91,2.06,0.6997,0.6882,0.694,59.03,Moderate Risk,Botol Sampel B,Sumber Air B,5
ALVIN-2026-02609,2026-09-18 08:08:41.600,784.76,6.93,2.6159,2.3116,2.4638,28.87,High Risk,Botol Sampel E,Sumber Air E,5
ALVIN-2026-02610,2026-09-18 08:08:41.800,107.91,0.64,0.3597,0.2128,0.2862,77.75,Low Risk,Botol Sampel A,Sumber Air A,5
ALVIN-2026-02611,2026-09-18 08:08:42.000,113.19,0.89,0.3773,0.2955,0.3364,74.83,Moderate Risk,Botol Sampel B,Sumber Air B,5
ALVIN-2026-02612,2026-09-18 08:08:42.200,85.03,0.57,0.2834,0.1898,0.2366,80.87,Low Risk,Botol Sampel A,Sumber Air A,5
ALVIN-2026-02613,2026-09-18 08:08:42.400,56.16,0.46,0.1872,0.153,0.1701,85.46,Low Risk,Botol Sampel A,Sumber Air A,5
ALVIN-2026-02614,2026-09-18 08:08:42.600,280.0,3.92,0.9333,1.3069,1.1201,47.17,High Risk,Botol Sampel D,Sumber Air D,5
ALVIN-2026-02615,2026-09-18 08:08:42.800,266.31,2.22,0.8877,0.7393,0.8135,55.14,Moderate Risk,Botol Sampel B,Sumber Air B,5
ALVIN-2026-02616,2026-09-18 08:08:43.000,104.8,0.87,0.3493,0.2906,0.32,75.76,Low Risk,Botol Sampel A,Sumber Air A,5
ALVIN-2026-02617,2026-09-18 08:08:43.200,340.77,2.52,1.1359,0.8403,0.9881,50.3,High Risk,Botol Sampel D,Sumber Air D,5
ALVIN-2026-02618,2026-09-18 08:08:43.400,376.76,3.09,1.2559,1.0291,1.1425,46.67,High Risk,Botol Sampel D,Sumber Air D,5
ALVIN-2026-02619,2026-09-18 08:08:43.600,82.53,0.51,0.2751,0.1689,0.222,81.83,Low Risk,Botol Sampel A,Sumber Air A,5
ALVIN-2026-02620,2026-09-18 08:08:43.800,401.09,4.43,1.337,1.4768,1.4069,41.55,High Risk,Botol Sampel D,Sumber Air D,5
ALVIN-2026-02621,2026-09-18 08:08:44.000,96.04,0.22,0.3201,0.0747,0.1974,83.51,Low Risk,Botol Sampel A,Sumber Air A,5
ALVIN-2026-02622,2026-09-18 08:08:44.200,213.26,1.5,0.7109,0.5001,0.6055,62.29,Moderate Risk,Botol Sampel C,Sumber Air C,5
ALVIN-2026-02623,2026-09-18 08:08:44.400,103.96,0.24,0.3465,0.0801,0.2133,82.42,Low Risk,Botol Sampel A,Sumber Air A,5
ALVIN-2026-02624,2026-09-18 08:08:44.600,160.94,2.31,0.5365,0.771,0.6538,60.47,Moderate Risk,Botol Sampel C,Sumber Air C,5
ALVIN-2026-02625,2026-09-18 08:08:44.800,174.35,2.03,0.5812,0.6765,0.6288,61.39,Moderate Risk,Botol Sampel B,Sumber Air B,5
ALVIN-2026-02626,2026-09-18 08:08:45.000,365.06,3.85,1.2169,1.2844,1.2506,44.43,High Risk,Botol Sampel E,Sumber Air E,5
ALVIN-2026-02627,2026-09-18 08:08:45.200,238.19,1.63,0.794,0.5448,0.6694,59.9,Moderate Risk,Botol Sampel C,Sumber Air C,5
ALVIN-2026-02628,2026-09-18 08:08:45.400,101.13,0.4,0.3371,0.1323,0.2347,80.99,Low Risk,Botol Sampel A,Sumber Air A,5
ALVIN-2026-02629,2026-09-18 08:08:45.600,593.73,7.88,1.9791,2.6283,2.3037,30.27,High Risk,Botol Sampel D,Sumber Air D,5
ALVIN-2026-02630,2026-09-18 08:08:45.800,287.47,2.94,0.9582,0.9784,0.9683,50.81,Moderate Risk,Botol Sampel B,Sumber Air B,5
ALVIN-2026-02631,2026-09-18 08:08:46.000,670.54,5.58,2.2351,1.8592,2.0472,32.82,High Risk,Botol Sampel E,Sumber Air E,5
ALVIN-2026-02632,2026-09-18 08:08:46.200,64.84,0.61,0.2161,0.2037,0.2099,82.65,Low Risk,Botol Sampel A,Sumber Air A,5
ALVIN-2026-02633,2026-09-18 08:08:46.400,85.77,1.07,0.2859,0.3569,0.3214,75.68,Low Risk,Botol Sampel A,Sumber Air A,5
ALVIN-2026-02634,2026-09-18 08:08:46.600,630.65,9.36,2.1022,3.1213,2.6117,27.69,High Risk,Botol Sampel D,Sumber Air D,5
ALVIN-2026-02635,2026-09-18 08:08:46.800,707.56,7.71,2.3585,2.57,2.4642,28.87,High Risk,Botol Sampel D,Sumber Air D,5
ALVIN-2026-02636,2026-09-18 08:08:47.000,243.03,1.38,0.8101,0.4595,0.6348,61.17,Moderate Risk,Botol Sampel C,Sumber Air C,5
ALVIN-2026-02637,2026-09-18 08:08:47.200,690.76,5.38,2.3025,1.7942,2.0484,32.8,High Risk,Botol Sampel E,Sumber Air E,5
ALVIN-2026-02638,2026-09-18 08:08:47.400,87.47,0.65,0.2916,0.2157,0.2537,79.76,Low Risk,Botol Sampel A,Sumber Air A,5
ALVIN-2026-02639,2026-09-18 08:08:47.600,123.15,0.69,0.4105,0.2284,0.3194,75.79,Low Risk,Botol Sampel A,Sumber Air A,5
ALVIN-2026-02640,2026-09-18 08:08:47.800,277.87,1.29,0.9262,0.4293,0.6778,59.6,Moderate Risk,Botol Sampel B,Sumber Air B,5
ALVIN-2026-02641,2026-09-18 08:08:48.000,531.65,6.51,1.7722,2.1708,1.9715,33.65,High Risk,Botol Sampel E,Sumber Air E,5
ALVIN-2026-02642,2026-09-18 08:08:48.200,91.46,0.64,0.3049,0.2122,0.2586,79.45,Low Risk,Botol Sampel A,Sumber Air A,5
ALVIN-2026-02643,2026-09-18 08:08:48.400,236.83,1.86,0.7894,0.6183,0.7038,58.69,Moderate Risk,Botol Sampel B,Sumber Air B,5
ALVIN-2026-02644,2026-09-18 08:08:48.600,451.66,2.61,1.5055,0.8714,1.1884,45.7,High Risk,Botol Sampel D,Sumber Air D,5
ALVIN-2026-02645,2026-09-18 08:08:48.800,234.52,1.13,0.7817,0.3781,0.5799,63.3,Moderate Risk,Botol Sampel B,Sumber Air B,5
ALVIN-2026-02646,2026-09-18 08:08:49.000,92.32,0.56,0.3077,0.1879,0.2478,80.14,Low Risk,Botol Sampel A,Sumber Air A,5
ALVIN-2026-02647,2026-09-18 08:08:49.200,678.43,7.69,2.2614,2.563,2.4122,29.31,High Risk,Botol Sampel D,Sumber Air D,5
ALVIN-2026-02648,2026-09-18 08:08:49.400,253.44,1.88,0.8448,0.6267,0.7358,57.61,Moderate Risk,Botol Sampel B,Sumber Air B,5
ALVIN-2026-02649,2026-09-18 08:08:49.600,218.94,1.92,0.7298,0.6411,0.6854,59.33,Moderate Risk,Botol Sampel B,Sumber Air B,5
ALVIN-2026-02650,2026-09-18 08:08:49.800,367.6,5.06,1.2253,1.6869,1.4561,40.71,High Risk,Botol Sampel E,Sumber Air E,5
ALVIN-2026-02651,2026-09-18 08:08:50.000,388.01,4.25,1.2934,1.4173,1.3554,42.46,High Risk,Botol Sampel E,Sumber Air E,5
ALVIN-2026-02652,2026-09-18 08:08:50.200,71.27,1.36,0.2376,0.4528,0.3452,74.34,Moderate Risk,Botol Sampel C,Sumber Air C,5
ALVIN-2026-02653,2026-09-18 08:08:50.400,573.46,8.71,1.9115,2.9026,2.407,29.35,High Risk,Botol Sampel E,Sumber Air E,5
ALVIN-2026-02654,2026-09-18 08:08:50.600,171.14,2.48,0.5705,0.8267,0.6986,58.87,Moderate Risk,Botol Sampel B,Sumber Air B,5
ALVIN-2026-02655,2026-09-18 08:08:50.800,280.0,2.6,0.9333,0.8655,0.8994,52.65,Moderate Risk,Botol Sampel C,Sumber Air C,5
ALVIN-2026-02656,2026-09-18 08:08:51.000,364.73,3.88,1.2158,1.2944,1.2551,44.34,High Risk,Botol Sampel E,Sumber Air E,5
ALVIN-2026-02657,2026-09-18 08:08:51.200,196.66,1.48,0.6555,0.4937,0.5746,63.51,Moderate Risk,Botol Sampel C,Sumber Air C,5
ALVIN-2026-02658,2026-09-18 08:08:51.400,145.0,1.1,0.4833,0.3676,0.4254,70.16,Low Risk,Botol Sampel A,Sumber Air A,5
ALVIN-2026-02659,2026-09-18 08:08:51.600,185.4,1.91,0.618,0.6351,0.6265,61.48,Moderate Risk,Botol Sampel B,Sumber Air B,5
ALVIN-2026-02660,2026-09-18 08:08:51.800,64.84,0.58,0.2161,0.1949,0.2055,82.95,Low Risk,Botol Sampel A,Sumber Air A,5
ALVIN-2026-02661,2026-09-18 08:08:52.000,174.2,1.18,0.5807,0.3944,0.4876,67.22,Moderate Risk,Botol Sampel B,Sumber Air B,5
ALVIN-2026-02662,2026-09-18 08:08:52.200,720.76,4.5,2.4025,1.5,1.9512,33.88,High Risk,Botol Sampel E,Sumber Air E,5
ALVIN-2026-02663,2026-09-18 08:08:52.400,669.04,8.83,2.2301,2.9446,2.5873,27.88,High Risk,Botol Sampel D,Sumber Air D,5
ALVIN-2026-02664,2026-09-18 08:08:52.600,90.38,0.1,0.3013,0.0333,0.1673,85.67,Low Risk,Botol Sampel A,Sumber Air A,5
ALVIN-2026-02665,2026-09-18 08:08:52.800,115.14,0.62,0.3838,0.2065,0.2951,77.21,Low Risk,Botol Sampel A,Sumber Air A,5
ALVIN-2026-02666,2026-09-18 08:08:53.000,88.36,0.74,0.2945,0.2464,0.2704,78.72,Low Risk,Botol Sampel A,Sumber Air A,5
ALVIN-2026-02667,2026-09-18 08:08:53.200,320.61,3.81,1.0687,1.2707,1.1697,46.09,High Risk,Botol Sampel D,Sumber Air D,5
ALVIN-2026-02668,2026-09-18 08:08:53.400,131.63,0.61,0.4388,0.2031,0.321,75.7,Low Risk,Botol Sampel A,Sumber Air A,5
ALVIN-2026-02669,2026-09-18 08:08:53.600,371.04,3.04,1.2368,1.0145,1.1256,47.05,High Risk,Botol Sampel D,Sumber Air D,5
ALVIN-2026-02670,2026-09-18 08:08:53.800,439.68,7.92,1.4656,2.6407,2.0532,32.75,High Risk,Botol Sampel E,Sumber Air E,5
ALVIN-2026-02671,2026-09-18 08:08:54.000,127.51,0.84,0.425,0.2788,0.3519,73.97,Low Risk,Botol Sampel A,Sumber Air A,5
ALVIN-2026-02672,2026-09-18 08:08:54.200,119.97,0.64,0.3999,0.2146,0.3073,76.49,Moderate Risk,Botol Sampel C,Sumber Air C,5
ALVIN-2026-02673,2026-09-18 08:08:54.400,316.08,2.55,1.0536,0.8489,0.9512,51.25,High Risk,Botol Sampel E,Sumber Air E,5
ALVIN-2026-02674,2026-09-18 08:08:54.600,224.13,1.3,0.7471,0.433,0.59,62.89,Moderate Risk,Botol Sampel C,Sumber Air C,5
ALVIN-2026-02675,2026-09-18 08:08:54.800,404.78,2.2,1.3493,0.7333,1.0413,48.99,High Risk,Botol Sampel D,Sumber Air D,5
ALVIN-2026-02676,2026-09-18 08:08:55.000,716.31,4.5,2.3877,1.5,1.9438,33.97,High Risk,Botol Sampel D,Sumber Air D,5
ALVIN-2026-02677,2026-09-18 08:08:55.200,196.93,1.83,0.6564,0.6099,0.6332,61.23,Moderate Risk,Botol Sampel B,Sumber Air B,5
ALVIN-2026-02678,2026-09-18 08:08:55.400,182.49,1.62,0.6083,0.5386,0.5734,63.56,Moderate Risk,Botol Sampel B,Sumber Air B,5
ALVIN-2026-02679,2026-09-18 08:08:55.600,443.53,3.86,1.4784,1.2852,1.3818,41.99,High Risk,Botol Sampel E,Sumber Air E,5
ALVIN-2026-02680,2026-09-18 08:08:55.800,637.99,4.5,2.1266,1.5,1.8133,35.55,High Risk,Botol Sampel E,Sumber Air E,5
ALVIN-2026-02681,2026-09-18 08:08:56.000,757.56,5.44,2.5252,1.8144,2.1698,31.55,High Risk,Botol Sampel E,Sumber Air E,5
ALVIN-2026-02682,2026-09-18 08:08:56.200,75.17,0.34,0.2506,0.1137,0.1821,84.6,Moderate Risk,Botol Sampel B,Sumber Air B,5
ALVIN-2026-02683,2026-09-18 08:08:56.400,782.26,7.85,2.6075,2.6162,2.6118,27.69,High Risk,Botol Sampel D,Sumber Air D,5
ALVIN-2026-02684,2026-09-18 08:08:56.600,45.79,0.58,0.1526,0.1935,0.173,85.25,Low Risk,Botol Sampel A,Sumber Air A,5
ALVIN-2026-02685,2026-09-18 08:08:56.800,183.84,1.32,0.6128,0.4393,0.526,65.53,Moderate Risk,Botol Sampel B,Sumber Air B,5
ALVIN-2026-02686,2026-09-18 08:08:57.000,280.0,3.98,0.9333,1.3278,1.1306,46.94,High Risk,Botol Sampel D,Sumber Air D,5
ALVIN-2026-02687,2026-09-18 08:08:57.200,93.43,0.11,0.3114,0.0376,0.1745,85.14,Low Risk,Botol Sampel A,Sumber Air A,5
ALVIN-2026-02688,2026-09-18 08:08:57.400,90.98,0.77,0.3033,0.2565,0.2799,78.13,Low Risk,Botol Sampel A,Sumber Air A,5
ALVIN-2026-02689,2026-09-18 08:08:57.600,630.44,9.69,2.1015,3.2304,2.666,27.28,High Risk,Botol Sampel E,Sumber Air E,5
ALVIN-2026-02690,2026-09-18 08:08:57.800,211.02,1.56,0.7034,0.5197,0.6116,62.05,Moderate Risk,Botol Sampel C,Sumber Air C,5
ALVIN-2026-02691,2026-09-18 08:08:58.000,247.66,1.01,0.8255,0.336,0.5808,63.26,Moderate Risk,Botol Sampel B,Sumber Air B,5
ALVIN-2026-02692,2026-09-18 08:08:58.200,365.49,4.96,1.2183,1.6531,1.4357,41.06,High Risk,Botol Sampel D,Sumber Air D,5
ALVIN-2026-02693,2026-09-18 08:08:58.400,109.79,1.1,0.366,0.3673,0.3667,73.17,Low Risk,Botol Sampel A,Sumber Air A,5
ALVIN-2026-02694,2026-09-18 08:08:58.600,616.7,8.41,2.0557,2.8041,2.4299,29.16,High Risk,Botol Sampel E,Sumber Air E,5
ALVIN-2026-02695,2026-09-18 08:08:58.800,376.42,4.2,1.2547,1.4009,1.3278,42.96,High Risk,Botol Sampel D,Sumber Air D,5
ALVIN-2026-02696,2026-09-18 08:08:59.000,125.63,0.46,0.4188,0.1549,0.2868,77.71,Moderate Risk,Botol Sampel B,Sumber Air B,5
ALVIN-2026-02697,2026-09-18 08:08:59.200,621.44,4.5,2.0715,1.5,1.7858,35.9,High Risk,Botol Sampel E,Sumber Air E,5
ALVIN-2026-02698,2026-09-18 08:08:59.400,198.53,1.52,0.6618,0.5053,0.5836,63.15,Moderate Risk,Botol Sampel B,Sumber Air B,5
ALVIN-2026-02699,2026-09-18 08:08:59.600,834.57,9.48,2.7819,3.1585,2.9702,25.19,High Risk,Botol Sampel D,Sumber Air D,5
ALVIN-2026-02700,2026-09-18 08:08:59.800,341.97,4.28,1.1399,1.4268,1.2834,43.79,High Risk,Botol Sampel D,Sumber Air D,5
ALVIN-2026-02701,2026-09-18 08:09:00.000,151.87,2.35,0.5062,0.7832,0.6447,60.8,Moderate Risk,Botol Sampel C,Sumber Air C,5
ALVIN-2026-02702,2026-09-18 08:09:00.200,145.0,0.53,0.4833,0.1766,0.33,75.19,Low Risk,Botol Sampel A,Sumber Air A,5
ALVIN-2026-02703,2026-09-18 08:09:00.400,164.9,2.18,0.5497,0.726,0.6378,61.06,Moderate Risk,Botol Sampel B,Sumber Air B,5
ALVIN-2026-02704,2026-09-18 08:09:00.600,81.34,0.44,0.2711,0.147,0.209,82.71,Moderate Risk,Botol Sampel C,Sumber Air C,5
ALVIN-2026-02705,2026-09-18 08:09:00.800,739.06,4.5,2.4635,1.5,1.9818,33.54,High Risk,Botol Sampel D,Sumber Air D,5
ALVIN-2026-02706,2026-09-18 08:09:01.000,252.87,1.8,0.8429,0.5989,0.7209,58.11,Moderate Risk,Botol Sampel B,Sumber Air B,5
ALVIN-2026-02707,2026-09-18 08:09:01.200,232.67,1.7,0.7756,0.5676,0.6716,59.82,Moderate Risk,Botol Sampel C,Sumber Air C,5
ALVIN-2026-02708,2026-09-18 08:09:01.400,85.31,0.49,0.2844,0.1622,0.2233,81.75,Low Risk,Botol Sampel A,Sumber Air A,5
ALVIN-2026-02709,2026-09-18 08:09:01.600,128.86,0.56,0.4295,0.1871,0.3083,76.44,Low Risk,Botol Sampel A,Sumber Air A,5
ALVIN-2026-02710,2026-09-18 08:09:01.800,95.54,0.96,0.3185,0.3209,0.3197,75.77,Low Risk,Botol Sampel A,Sumber Air A,5
ALVIN-2026-02711,2026-09-18 08:09:02.000,281.36,1.77,0.9379,0.5884,0.7632,56.72,Moderate Risk,Botol Sampel C,Sumber Air C,5
ALVIN-2026-02712,2026-09-18 08:09:02.200,438.89,2.98,1.463,0.9923,1.2277,44.89,High Risk,Botol Sampel E,Sumber Air E,5
ALVIN-2026-02713,2026-09-18 08:09:02.400,220.37,2.25,0.7346,0.7499,0.7423,57.4,Moderate Risk,Botol Sampel B,Sumber Air B,5
ALVIN-2026-02714,2026-09-18 08:09:02.600,83.17,0.66,0.2772,0.2205,0.2488,80.08,Low Risk,Botol Sampel A,Sumber Air A,5
ALVIN-2026-02715,2026-09-18 08:09:02.800,313.68,4.29,1.0456,1.4284,1.237,44.7,High Risk,Botol Sampel D,Sumber Air D,5
ALVIN-2026-02716,2026-09-18 08:09:03.000,223.84,2.68,0.7461,0.8938,0.82,54.95,Moderate Risk,Botol Sampel C,Sumber Air C,5
ALVIN-2026-02717,2026-09-18 08:09:03.200,280.0,3.35,0.9333,1.1177,1.0255,49.37,High Risk,Botol Sampel D,Sumber Air D,5
ALVIN-2026-02718,2026-09-18 08:09:03.400,674.84,8.3,2.2495,2.7678,2.5086,28.5,High Risk,Botol Sampel D,Sumber Air D,5
ALVIN-2026-02719,2026-09-18 08:09:03.600,280.0,4.57,0.9333,1.5229,1.2281,44.88,High Risk,Botol Sampel E,Sumber Air E,5
ALVIN-2026-02720,2026-09-18 08:09:03.800,175.86,1.99,0.5862,0.6618,0.624,61.58,Moderate Risk,Botol Sampel B,Sumber Air B,5
ALVIN-2026-02721,2026-09-18 08:09:04.000,87.96,0.39,0.2932,0.1287,0.211,82.58,Low Risk,Botol Sampel A,Sumber Air A,5
ALVIN-2026-02722,2026-09-18 08:09:04.200,321.39,3.76,1.0713,1.2548,1.163,46.23,High Risk,Botol Sampel D,Sumber Air D,5
ALVIN-2026-02723,2026-09-18 08:09:04.400,809.54,4.5,2.6985,1.5,2.0992,32.27,High Risk,Botol Sampel E,Sumber Air E,5
ALVIN-2026-02724,2026-09-18 08:09:04.600,643.11,9.22,2.1437,3.0718,2.6078,27.72,High Risk,Botol Sampel E,Sumber Air E,5
ALVIN-2026-02725,2026-09-18 08:09:04.800,281.61,2.96,0.9387,0.9872,0.963,50.94,Moderate Risk,Botol Sampel C,Sumber Air C,5
ALVIN-2026-02726,2026-09-18 08:09:05.000,666.46,6.57,2.2215,2.1908,2.2062,31.19,High Risk,Botol Sampel D,Sumber Air D,5
ALVIN-2026-02727,2026-09-18 08:09:05.200,311.1,2.64,1.037,0.8796,0.9583,51.06,High Risk,Botol Sampel E,Sumber Air E,5
ALVIN-2026-02728,2026-09-18 08:09:05.400,586.23,4.76,1.9541,1.5868,1.7704,36.1,High Risk,Botol Sampel E,Sumber Air E,5
ALVIN-2026-02729,2026-09-18 08:09:05.600,240.39,1.81,0.8013,0.6032,0.7022,58.75,Moderate Risk,Botol Sampel C,Sumber Air C,5
ALVIN-2026-02730,2026-09-18 08:09:05.800,659.04,8.31,2.1968,2.7713,2.484,28.7,High Risk,Botol Sampel D,Sumber Air D,5
ALVIN-2026-02731,2026-09-18 08:09:06.000,98.25,0.17,0.3275,0.0582,0.1929,83.83,Moderate Risk,Botol Sampel C,Sumber Air C,5
ALVIN-2026-02732,2026-09-18 08:09:06.200,73.02,0.52,0.2434,0.1731,0.2082,82.77,Low Risk,Botol Sampel A,Sumber Air A,5
ALVIN-2026-02733,2026-09-18 08:09:06.400,261.52,2.21,0.8717,0.737,0.8044,55.42,Moderate Risk,Botol Sampel C,Sumber Air C,5
ALVIN-2026-02734,2026-09-18 08:09:06.600,169.57,1.96,0.5652,0.6537,0.6095,62.13,Moderate Risk,Botol Sampel C,Sumber Air C,5
ALVIN-2026-02735,2026-09-18 08:09:06.800,516.48,7.11,1.7216,2.3684,2.045,32.84,High Risk,Botol Sampel D,Sumber Air D,5
ALVIN-2026-02736,2026-09-18 08:09:07.000,111.11,0.37,0.3704,0.1241,0.2472,80.18,Low Risk,Botol Sampel A,Sumber Air A,5
ALVIN-2026-02737,2026-09-18 08:09:07.200,66.59,0.9,0.222,0.3,0.261,79.3,Moderate Risk,Botol Sampel C,Sumber Air C,5
ALVIN-2026-02738,2026-09-18 08:09:07.400,770.21,8.17,2.5674,2.7249,2.6462,27.43,High Risk,Botol Sampel D,Sumber Air D,5
ALVIN-2026-02739,2026-09-18 08:09:07.600,194.42,1.86,0.6481,0.6214,0.6347,61.17,Moderate Risk,Botol Sampel C,Sumber Air C,5
ALVIN-2026-02740,2026-09-18 08:09:07.800,98.71,0.22,0.329,0.0718,0.2004,83.31,Low Risk,Botol Sampel A,Sumber Air A,5
ALVIN-2026-02741,2026-09-18 08:09:08.000,168.38,1.37,0.5613,0.4559,0.5086,66.29,Moderate Risk,Botol Sampel B,Sumber Air B,5
ALVIN-2026-02742,2026-09-18 08:09:08.200,68.72,0.84,0.2291,0.28,0.2546,79.71,Low Risk,Botol Sampel A,Sumber Air A,5
ALVIN-2026-02743,2026-09-18 08:09:08.400,201.38,1.12,0.6713,0.3732,0.5222,65.69,Moderate Risk,Botol Sampel B,Sumber Air B,5
ALVIN-2026-02744,2026-09-18 08:09:08.600,117.7,0.63,0.3923,0.2094,0.3008,76.88,Low Risk,Botol Sampel A,Sumber Air A,5
ALVIN-2026-02745,2026-09-18 08:09:08.800,660.44,7.97,2.2015,2.6581,2.4298,29.16,High Risk,Botol Sampel D,Sumber Air D,5
ALVIN-2026-02746,2026-09-18 08:09:09.000,696.37,4.5,2.3212,1.5,1.9106,34.36,High Risk,Botol Sampel E,Sumber Air E,5
ALVIN-2026-02747,2026-09-18 08:09:09.200,97.89,0.45,0.3263,0.1505,0.2384,80.75,Moderate Risk,Botol Sampel B,Sumber Air B,5
ALVIN-2026-02748,2026-09-18 08:09:09.400,74.25,0.35,0.2475,0.1175,0.1825,84.57,Low Risk,Botol Sampel A,Sumber Air A,5
ALVIN-2026-02749,2026-09-18 08:09:09.600,212.61,1.6,0.7087,0.5333,0.621,61.69,Moderate Risk,Botol Sampel C,Sumber Air C,5
ALVIN-2026-02750,2026-09-18 08:09:09.800,224.53,1.7,0.7484,0.5662,0.6573,60.34,Moderate Risk,Botol Sampel B,Sumber Air B,5
ALVIN-2026-02751,2026-09-18 08:09:10.000,379.74,3.97,1.2658,1.3233,1.2946,43.58,High Risk,Botol Sampel E,Sumber Air E,5
ALVIN-2026-02752,2026-09-18 08:09:10.200,91.44,0.38,0.3048,0.1266,0.2157,82.26,Low Risk,Botol Sampel A,Sumber Air A,5
ALVIN-2026-02753,2026-09-18 08:09:10.400,636.3,10.79,2.121,3.5972,2.8591,25.91,High Risk,Botol Sampel E,Sumber Air E,5
ALVIN-2026-02754,2026-09-18 08:09:10.600,109.29,0.64,0.3643,0.2136,0.289,77.58,Low Risk,Botol Sampel A,Sumber Air A,5
ALVIN-2026-02755,2026-09-18 08:09:10.800,165.63,1.38,0.5521,0.4602,0.5062,66.39,Moderate Risk,Botol Sampel C,Sumber Air C,5
ALVIN-2026-02756,2026-09-18 08:09:11.000,96.92,0.18,0.3231,0.0598,0.1914,83.93,Low Risk,Botol Sampel A,Sumber Air A,5
ALVIN-2026-02757,2026-09-18 08:09:11.200,131.72,0.51,0.4391,0.1695,0.3043,76.67,Low Risk,Botol Sampel A,Sumber Air A,5
ALVIN-2026-02758,2026-09-18 08:09:11.400,87.03,0.65,0.2901,0.218,0.254,79.74,Low Risk,Botol Sampel A,Sumber Air A,5
ALVIN-2026-02759,2026-09-18 08:09:11.600,280.0,3.68,0.9333,1.2279,1.0806,48.06,High Risk,Botol Sampel D,Sumber Air D,5
ALVIN-2026-02760,2026-09-18 08:09:11.800,277.05,2.02,0.9235,0.6718,0.7976,55.63,Moderate Risk,Botol Sampel B,Sumber Air B,5
ALVIN-2026-02761,2026-09-18 08:09:12.000,285.17,2.93,0.9506,0.9764,0.9635,50.93,Moderate Risk,Botol Sampel B,Sumber Air B,5
ALVIN-2026-02762,2026-09-18 08:09:12.200,423.11,4.56,1.4104,1.5199,1.4652,40.56,High Risk,Botol Sampel E,Sumber Air E,5
ALVIN-2026-02763,2026-09-18 08:09:12.400,81.48,0.58,0.2716,0.1944,0.233,81.1,Low Risk,Botol Sampel A,Sumber Air A,5
ALVIN-2026-02764,2026-09-18 08:09:12.600,204.09,1.34,0.6803,0.4458,0.5631,63.98,Moderate Risk,Botol Sampel C,Sumber Air C,5
ALVIN-2026-02765,2026-09-18 08:09:12.800,83.1,0.25,0.277,0.0834,0.1802,84.73,Low Risk,Botol Sampel A,Sumber Air A,5
ALVIN-2026-02766,2026-09-18 08:09:13.000,128.11,0.76,0.427,0.2542,0.3406,74.59,Low Risk,Botol Sampel A,Sumber Air A,5
ALVIN-2026-02767,2026-09-18 08:09:13.200,280.0,3.58,0.9333,1.1928,1.063,48.47,High Risk,Botol Sampel E,Sumber Air E,5
ALVIN-2026-02768,2026-09-18 08:09:13.400,391.04,3.74,1.3035,1.2474,1.2755,43.95,High Risk,Botol Sampel E,Sumber Air E,5
ALVIN-2026-02769,2026-09-18 08:09:13.600,300.52,3.02,1.0017,1.0074,1.0046,49.89,High Risk,Botol Sampel D,Sumber Air D,5
ALVIN-2026-02770,2026-09-18 08:09:13.800,56.49,0.25,0.1883,0.0838,0.136,88.03,Low Risk,Botol Sampel A,Sumber Air A,5
ALVIN-2026-02771,2026-09-18 08:09:14.000,188.65,1.98,0.6288,0.6595,0.6442,60.82,Moderate Risk,Botol Sampel B,Sumber Air B,5
ALVIN-2026-02772,2026-09-18 08:09:14.200,354.51,4.11,1.1817,1.3717,1.2767,43.92,High Risk,Botol Sampel D,Sumber Air D,5
ALVIN-2026-02773,2026-09-18 08:09:14.400,674.6,10.53,2.2487,3.5109,2.8798,25.77,High Risk,Botol Sampel D,Sumber Air D,5
ALVIN-2026-02774,2026-09-18 08:09:14.600,130.24,0.58,0.4341,0.1947,0.3144,76.08,Low Risk,Botol Sampel A,Sumber Air A,5
ALVIN-2026-02775,2026-09-18 08:09:14.800,326.18,4.17,1.0873,1.3917,1.2395,44.65,High Risk,Botol Sampel E,Sumber Air E,5
ALVIN-2026-02776,2026-09-18 08:09:15.000,563.05,6.65,1.8768,2.2154,2.0461,32.83,High Risk,Botol Sampel E,Sumber Air E,5
ALVIN-2026-02777,2026-09-18 08:09:15.200,674.59,7.77,2.2486,2.5911,2.4199,29.24,High Risk,Botol Sampel E,Sumber Air E,5
ALVIN-2026-02778,2026-09-18 08:09:15.400,635.3,4.5,2.1177,1.5,1.8088,35.6,High Risk,Botol Sampel D,Sumber Air D,5
ALVIN-2026-02779,2026-09-18 08:09:15.600,288.82,1.78,0.9627,0.5925,0.7776,56.26,Moderate Risk,Botol Sampel B,Sumber Air B,5
ALVIN-2026-02780,2026-09-18 08:09:15.800,221.36,1.72,0.7379,0.574,0.656,60.39,Moderate Risk,Botol Sampel B,Sumber Air B,5
ALVIN-2026-02781,2026-09-18 08:09:16.000,523.92,8.57,1.7464,2.8574,2.3019,30.29,High Risk,Botol Sampel E,Sumber Air E,5
ALVIN-2026-02782,2026-09-18 08:09:16.200,114.7,0.37,0.3823,0.1224,0.2523,79.85,Low Risk,Botol Sampel A,Sumber Air A,5
ALVIN-2026-02783,2026-09-18 08:09:16.400,706.82,6.36,2.3561,2.1186,2.2374,30.89,High Risk,Botol Sampel D,Sumber Air D,5
ALVIN-2026-02784,2026-09-18 08:09:16.600,212.29,1.67,0.7076,0.555,0.6313,61.3,Moderate Risk,Botol Sampel C,Sumber Air C,5
ALVIN-2026-02785,2026-09-18 08:09:16.800,84.17,0.74,0.2806,0.2465,0.2636,79.14,Low Risk,Botol Sampel A,Sumber Air A,5
ALVIN-2026-02786,2026-09-18 08:09:17.000,654.36,6.47,2.1812,2.1559,2.1685,31.56,High Risk,Botol Sampel E,Sumber Air E,5
ALVIN-2026-02787,2026-09-18 08:09:17.200,194.45,2.02,0.6482,0.6732,0.6607,60.22,Moderate Risk,Botol Sampel B,Sumber Air B,5
ALVIN-2026-02788,2026-09-18 08:09:17.400,74.3,0.53,0.2477,0.1759,0.2118,82.52,Low Risk,Botol Sampel A,Sumber Air A,5
ALVIN-2026-02789,2026-09-18 08:09:17.600,332.83,4.06,1.1094,1.3536,1.2315,44.81,High Risk,Botol Sampel E,Sumber Air E,5
ALVIN-2026-02790,2026-09-18 08:09:17.800,88.83,0.49,0.2961,0.1628,0.2294,81.34,Low Risk,Botol Sampel A,Sumber Air A,5
ALVIN-2026-02791,2026-09-18 08:09:18.000,108.58,0.67,0.3619,0.224,0.293,77.34,Low Risk,Botol Sampel A,Sumber Air A,5
ALVIN-2026-02792,2026-09-18 08:09:18.200,280.0,2.2,0.9333,0.7333,0.8333,54.55,Moderate Risk,Botol Sampel C,Sumber Air C,5
ALVIN-2026-02793,2026-09-18 08:09:18.400,598.16,10.76,1.9939,3.5868,2.7904,26.38,High Risk,Botol Sampel E,Sumber Air E,5
ALVIN-2026-02794,2026-09-18 08:09:18.600,622.39,8.41,2.0746,2.8017,2.4382,29.08,High Risk,Botol Sampel D,Sumber Air D,5
ALVIN-2026-02795,2026-09-18 08:09:18.800,98.35,0.26,0.3278,0.0869,0.2074,82.82,Low Risk,Botol Sampel A,Sumber Air A,5
ALVIN-2026-02796,2026-09-18 08:09:19.000,289.06,4.65,0.9635,1.5514,1.2574,44.3,High Risk,Botol Sampel D,Sumber Air D,5
ALVIN-2026-02797,2026-09-18 08:09:19.200,772.83,4.5,2.5761,1.5,2.038,32.92,High Risk,Botol Sampel D,Sumber Air D,5
ALVIN-2026-02798,2026-09-18 08:09:19.400,340.81,3.87,1.136,1.2891,1.2125,45.2,High Risk,Botol Sampel E,Sumber Air E,5
ALVIN-2026-02799,2026-09-18 08:09:19.600,93.35,0.64,0.3112,0.2117,0.2614,79.28,Low Risk,Botol Sampel A,Sumber Air A,5
ALVIN-2026-02800,2026-09-18 08:09:19.800,716.78,7.7,2.3893,2.5675,2.4784,28.75,High Risk,Botol Sampel D,Sumber Air D,5
ALVIN-2026-02801,2026-09-18 08:09:20.000,313.68,3.17,1.0456,1.0576,1.0516,48.74,High Risk,Botol Sampel D,Sumber Air D,5
ALVIN-2026-02802,2026-09-18 08:09:20.200,283.92,3.97,0.9464,1.3228,1.1346,46.85,High Risk,Botol Sampel E,Sumber Air E,5
ALVIN-2026-02803,2026-09-18 08:09:20.400,426.29,4.63,1.421,1.542,1.4815,40.3,High Risk,Botol Sampel E,Sumber Air E,5
ALVIN-2026-02804,2026-09-18 08:09:20.600,171.43,2.07,0.5714,0.689,0.6302,61.34,Moderate Risk,Botol Sampel C,Sumber Air C,5
ALVIN-2026-02805,2026-09-18 08:09:20.800,624.68,5.2,2.0823,1.7335,1.9079,34.39,High Risk,Botol Sampel E,Sumber Air E,5
ALVIN-2026-02806,2026-09-18 08:09:21.000,380.02,2.99,1.2667,0.9983,1.1325,46.89,High Risk,Botol Sampel D,Sumber Air D,5
ALVIN-2026-02807,2026-09-18 08:09:21.200,85.87,0.32,0.2862,0.1082,0.1972,83.53,Low Risk,Botol Sampel A,Sumber Air A,5
ALVIN-2026-02808,2026-09-18 08:09:21.400,49.71,0.73,0.1657,0.2437,0.2047,83.01,Low Risk,Botol Sampel A,Sumber Air A,5
ALVIN-2026-02809,2026-09-18 08:09:21.600,386.16,4.33,1.2872,1.4448,1.366,42.27,High Risk,Botol Sampel D,Sumber Air D,5
ALVIN-2026-02810,2026-09-18 08:09:21.800,231.1,1.79,0.7703,0.5982,0.6842,59.38,Moderate Risk,Botol Sampel B,Sumber Air B,5
ALVIN-2026-02811,2026-09-18 08:09:22.000,289.92,2.86,0.9664,0.9549,0.9606,51.0,Moderate Risk,Botol Sampel C,Sumber Air C,5
ALVIN-2026-02812,2026-09-18 08:09:22.200,661.94,6.98,2.2065,2.326,2.2663,30.62,High Risk,Botol Sampel E,Sumber Air E,5
ALVIN-2026-02813,2026-09-18 08:09:22.400,54.03,0.87,0.1801,0.2903,0.2352,80.96,Low Risk,Botol Sampel A,Sumber Air A,5
ALVIN-2026-02814,2026-09-18 08:09:22.600,364.18,2.66,1.2139,0.8872,1.0505,48.77,High Risk,Botol Sampel E,Sumber Air E,5
ALVIN-2026-02815,2026-09-18 08:09:22.800,253.48,1.12,0.8449,0.3723,0.6086,62.17,Moderate Risk,Botol Sampel C,Sumber Air C,5
ALVIN-2026-02816,2026-09-18 08:09:23.000,224.07,1.0,0.7469,0.3333,0.5401,64.93,Moderate Risk,Botol Sampel C,Sumber Air C,5
ALVIN-2026-02817,2026-09-18 08:09:23.200,196.27,1.0,0.6542,0.3333,0.4938,66.94,Moderate Risk,Botol Sampel B,Sumber Air B,5
ALVIN-2026-02818,2026-09-18 08:09:23.400,698.36,6.18,2.3279,2.0615,2.1947,31.3,High Risk,Botol Sampel E,Sumber Air E,5
ALVIN-2026-02819,2026-09-18 08:09:23.600,114.86,0.82,0.3829,0.2722,0.3276,75.32,Low Risk,Botol Sampel A,Sumber Air A,5
ALVIN-2026-02820,2026-09-18 08:09:23.800,97.79,1.2,0.326,0.3996,0.3628,73.38,Low Risk,Botol Sampel A,Sumber Air A,5
ALVIN-2026-02821,2026-09-18 08:09:24.000,254.0,2.53,0.8467,0.8439,0.8453,54.19,Moderate Risk,Botol Sampel C,Sumber Air C,5
ALVIN-2026-02822,2026-09-18 08:09:24.200,79.52,0.26,0.2651,0.0872,0.1762,85.02,Low Risk,Botol Sampel A,Sumber Air A,5
ALVIN-2026-02823,2026-09-18 08:09:24.400,904.3,4.5,3.0143,1.5,2.2572,30.7,High Risk,Botol Sampel D,Sumber Air D,5
ALVIN-2026-02824,2026-09-18 08:09:24.600,407.08,2.72,1.3569,0.9074,1.1322,46.9,High Risk,Botol Sampel E,Sumber Air E,5
ALVIN-2026-02825,2026-09-18 08:09:24.800,454.85,3.12,1.5162,1.0396,1.2779,43.9,High Risk,Botol Sampel D,Sumber Air D,5
ALVIN-2026-02826,2026-09-18 08:09:25.000,806.96,5.58,2.6899,1.8598,2.2748,30.54,High Risk,Botol Sampel E,Sumber Air E,5
ALVIN-2026-02827,2026-09-18 08:09:25.200,248.66,1.54,0.8289,0.5121,0.6705,59.86,Moderate Risk,Botol Sampel B,Sumber Air B,5
ALVIN-2026-02828,2026-09-18 08:09:25.400,288.39,2.12,0.9613,0.7082,0.8348,54.5,Moderate Risk,Botol Sampel B,Sumber Air B,5
ALVIN-2026-02829,2026-09-18 08:09:25.600,198.44,2.23,0.6615,0.7417,0.7016,58.77,Moderate Risk,Botol Sampel C,Sumber Air C,5
ALVIN-2026-02830,2026-09-18 08:09:25.800,548.39,5.04,1.828,1.6806,1.7543,36.31,High Risk,Botol Sampel D,Sumber Air D,5
ALVIN-2026-02831,2026-09-18 08:09:26.000,366.75,2.31,1.2225,0.7706,0.9966,50.09,High Risk,Botol Sampel E,Sumber Air E,5
ALVIN-2026-02832,2026-09-18 08:09:26.200,71.11,0.1,0.237,0.0333,0.1352,88.09,Low Risk,Botol Sampel A,Sumber Air A,5
ALVIN-2026-02833,2026-09-18 08:09:26.400,196.39,1.97,0.6546,0.6582,0.6564,60.37,Moderate Risk,Botol Sampel C,Sumber Air C,5
ALVIN-2026-02834,2026-09-18 08:09:26.600,226.9,2.42,0.7563,0.8059,0.7811,56.15,Moderate Risk,Botol Sampel C,Sumber Air C,5
ALVIN-2026-02835,2026-09-18 08:09:26.800,238.22,2.33,0.7941,0.7753,0.7847,56.03,Moderate Risk,Botol Sampel C,Sumber Air C,5
ALVIN-2026-02836,2026-09-18 08:09:27.000,79.58,0.85,0.2653,0.2848,0.275,78.43,Low Risk,Botol Sampel A,Sumber Air A,5
ALVIN-2026-02837,2026-09-18 08:09:27.200,100.06,0.99,0.3335,0.3291,0.3313,75.11,Moderate Risk,Botol Sampel C,Sumber Air C,5
ALVIN-2026-02838,2026-09-18 08:09:27.400,335.25,5.26,1.1175,1.7525,1.435,41.07,High Risk,Botol Sampel E,Sumber Air E,5
ALVIN-2026-02839,2026-09-18 08:09:27.600,114.37,0.84,0.3812,0.2788,0.33,75.19,Moderate Risk,Botol Sampel C,Sumber Air C,5
ALVIN-2026-02840,2026-09-18 08:09:27.800,83.76,0.76,0.2792,0.2529,0.266,78.99,Low Risk,Botol Sampel A,Sumber Air A,5
ALVIN-2026-02841,2026-09-18 08:09:28.000,470.64,7.33,1.5688,2.4423,2.0056,33.27,High Risk,Botol Sampel D,Sumber Air D,5
ALVIN-2026-02842,2026-09-18 08:09:28.200,248.29,1.98,0.8276,0.6601,0.7438,57.35,Moderate Risk,Botol Sampel C,Sumber Air C,5
ALVIN-2026-02843,2026-09-18 08:09:28.400,687.78,10.6,2.2926,3.533,2.9128,25.56,High Risk,Botol Sampel E,Sumber Air E,5
ALVIN-2026-02844,2026-09-18 08:09:28.600,221.06,2.18,0.7369,0.7282,0.7326,57.72,Moderate Risk,Botol Sampel B,Sumber Air B,5
ALVIN-2026-02845,2026-09-18 08:09:28.800,299.02,2.57,0.9967,0.8552,0.926,51.92,Moderate Risk,Botol Sampel C,Sumber Air C,5
ALVIN-2026-02846,2026-09-18 08:09:29.000,210.33,1.75,0.7011,0.5841,0.6426,60.88,Moderate Risk,Botol Sampel C,Sumber Air C,5
ALVIN-2026-02847,2026-09-18 08:09:29.200,372.44,3.23,1.2415,1.0768,1.1591,46.32,High Risk,Botol Sampel D,Sumber Air D,5
ALVIN-2026-02848,2026-09-18 08:09:29.400,346.22,3.44,1.1541,1.1482,1.1511,46.49,High Risk,Botol Sampel E,Sumber Air E,5
ALVIN-2026-02849,2026-09-18 08:09:29.600,350.84,2.2,1.1695,0.7333,0.9514,51.25,High Risk,Botol Sampel E,Sumber Air E,5
ALVIN-2026-02850,2026-09-18 08:09:29.800,370.41,2.2,1.2347,0.7333,0.984,50.4,High Risk,Botol Sampel E,Sumber Air E,5
ALVIN-2026-02851,2026-09-18 08:09:30.000,377.27,3.68,1.2576,1.2259,1.2418,44.61,High Risk,Botol Sampel E,Sumber Air E,5
ALVIN-2026-02852,2026-09-18 08:09:30.200,442.86,3.09,1.4762,1.0308,1.2535,44.38,High Risk,Botol Sampel D,Sumber Air D,5
ALVIN-2026-02853,2026-09-18 08:09:30.400,112.22,0.18,0.3741,0.0603,0.2172,82.16,Low Risk,Botol Sampel A,Sumber Air A,5
ALVIN-2026-02854,2026-09-18 08:09:30.600,728.38,4.5,2.4279,1.5,1.964,33.74,High Risk,Botol Sampel E,Sumber Air E,5
ALVIN-2026-02855,2026-09-18 08:09:30.800,208.4,1.91,0.6947,0.6371,0.6659,60.03,Moderate Risk,Botol Sampel C,Sumber Air C,5
ALVIN-2026-02856,2026-09-18 08:09:31.000,219.0,2.14,0.73,0.7134,0.7217,58.08,Moderate Risk,Botol Sampel C,Sumber Air C,5
ALVIN-2026-02857,2026-09-18 08:09:31.200,71.08,0.25,0.2369,0.0838,0.1604,86.18,Low Risk,Botol Sampel A,Sumber Air A,5
ALVIN-2026-02858,2026-09-18 08:09:31.400,117.91,0.78,0.393,0.2611,0.327,75.36,Low Risk,Botol Sampel A,Sumber Air A,5
ALVIN-2026-02859,2026-09-18 08:09:31.600,43.97,0.1,0.1466,0.0333,0.09,91.74,Low Risk,Botol Sampel A,Sumber Air A,5
ALVIN-2026-02860,2026-09-18 08:09:31.800,627.02,6.71,2.0901,2.2353,2.1627,31.62,High Risk,Botol Sampel E,Sumber Air E,5
ALVIN-2026-02861,2026-09-18 08:09:32.000,698.97,7.16,2.3299,2.3864,2.3582,29.78,High Risk,Botol Sampel E,Sumber Air E,5
ALVIN-2026-02862,2026-09-18 08:09:32.200,117.86,0.57,0.3929,0.1895,0.2912,77.45,Low Risk,Botol Sampel A,Sumber Air A,5
ALVIN-2026-02863,2026-09-18 08:09:32.400,300.03,4.59,1.0001,1.5294,1.2648,44.15,High Risk,Botol Sampel D,Sumber Air D,5
ALVIN-2026-02864,2026-09-18 08:09:32.600,768.55,7.02,2.5618,2.3388,2.4503,28.98,High Risk,Botol Sampel D,Sumber Air D,5
ALVIN-2026-02865,2026-09-18 08:09:32.800,87.54,0.81,0.2918,0.2696,0.2807,78.08,Low Risk,Botol Sampel A,Sumber Air A,5
ALVIN-2026-02866,2026-09-18 08:09:33.000,240.81,1.67,0.8027,0.5558,0.6792,59.55,Moderate Risk,Botol Sampel B,Sumber Air B,5
ALVIN-2026-02867,2026-09-18 08:09:33.200,373.39,2.2,1.2446,0.7333,0.989,50.28,High Risk,Botol Sampel D,Sumber Air D,5
ALVIN-2026-02868,2026-09-18 08:09:33.400,282.82,5.04,0.9427,1.6788,1.3108,43.28,High Risk,Botol Sampel E,Sumber Air E,5
ALVIN-2026-02869,2026-09-18 08:09:33.600,381.66,4.86,1.2722,1.6201,1.4462,40.88,High Risk,Botol Sampel D,Sumber Air D,5
ALVIN-2026-02870,2026-09-18 08:09:33.800,820.15,9.94,2.7338,3.3145,3.0241,24.85,High Risk,Botol Sampel E,Sumber Air E,5
ALVIN-2026-02871,2026-09-18 08:09:34.000,206.73,1.7,0.6891,0.5658,0.6275,61.44,Moderate Risk,Botol Sampel C,Sumber Air C,5
ALVIN-2026-02872,2026-09-18 08:09:34.200,689.34,5.41,2.2978,1.8029,2.0504,32.78,High Risk,Botol Sampel D,Sumber Air D,5
ALVIN-2026-02873,2026-09-18 08:09:34.400,185.84,2.05,0.6195,0.6831,0.6513,60.56,Moderate Risk,Botol Sampel C,Sumber Air C,5
ALVIN-2026-02874,2026-09-18 08:09:34.600,330.22,2.2,1.1007,0.7333,0.917,52.16,High Risk,Botol Sampel E,Sumber Air E,5
ALVIN-2026-02875,2026-09-18 08:09:34.800,89.45,1.19,0.2982,0.3958,0.347,74.24,Moderate Risk,Botol Sampel B,Sumber Air B,5
ALVIN-2026-02876,2026-09-18 08:09:35.000,452.79,5.24,1.5093,1.7451,1.6272,38.06,High Risk,Botol Sampel E,Sumber Air E,5
ALVIN-2026-02877,2026-09-18 08:09:35.200,196.92,1.13,0.6564,0.3758,0.5161,65.96,Moderate Risk,Botol Sampel B,Sumber Air B,5
ALVIN-2026-02878,2026-09-18 08:09:35.400,601.75,7.37,2.0058,2.4572,2.2315,30.95,High Risk,Botol Sampel E,Sumber Air E,5
ALVIN-2026-02879,2026-09-18 08:09:35.600,63.34,0.98,0.2111,0.3274,0.2692,78.79,Low Risk,Botol Sampel A,Sumber Air A,5
ALVIN-2026-02880,2026-09-18 08:09:35.800,203.85,2.07,0.6795,0.6898,0.6846,59.36,Moderate Risk,Botol Sampel B,Sumber Air B,5
ALVIN-2026-02881,2026-09-18 08:09:36.000,241.83,1.0,0.8061,0.3333,0.5697,63.71,Moderate Risk,Botol Sampel C,Sumber Air C,5
ALVIN-2026-02882,2026-09-18 08:09:36.200,126.59,0.3,0.422,0.0986,0.2603,79.35,Moderate Risk,Botol Sampel C,Sumber Air C,5
ALVIN-2026-02883,2026-09-18 08:09:36.400,526.37,7.54,1.7546,2.5131,2.1338,31.91,High Risk,Botol Sampel D,Sumber Air D,5
ALVIN-2026-02884,2026-09-18 08:09:36.600,592.29,5.53,1.9743,1.8427,1.9085,34.38,High Risk,Botol Sampel E,Sumber Air E,5
ALVIN-2026-02885,2026-09-18 08:09:36.800,766.96,4.82,2.5565,1.6063,2.0814,32.45,High Risk,Botol Sampel E,Sumber Air E,5
ALVIN-2026-02886,2026-09-18 08:09:37.000,126.09,0.76,0.4203,0.2517,0.336,74.85,Moderate Risk,Botol Sampel C,Sumber Air C,5
ALVIN-2026-02887,2026-09-18 08:09:37.200,100.7,1.25,0.3357,0.4161,0.3759,72.68,Low Risk,Botol Sampel A,Sumber Air A,5
ALVIN-2026-02888,2026-09-18 08:09:37.400,304.15,4.39,1.0138,1.4626,1.2382,44.68,High Risk,Botol Sampel E,Sumber Air E,5
ALVIN-2026-02889,2026-09-18 08:09:37.600,418.42,7.66,1.3947,2.5529,1.9738,33.63,High Risk,Botol Sampel D,Sumber Air D,5
ALVIN-2026-02890,2026-09-18 08:09:37.800,336.03,2.28,1.1201,0.7591,0.9396,51.56,High Risk,Botol Sampel E,Sumber Air E,5
ALVIN-2026-02891,2026-09-18 08:09:38.000,290.0,2.14,0.9667,0.7122,0.8394,54.37,Moderate Risk,Botol Sampel B,Sumber Air B,5
ALVIN-2026-02892,2026-09-18 08:09:38.200,280.0,3.27,0.9333,1.0897,1.0115,49.71,High Risk,Botol Sampel D,Sumber Air D,5
ALVIN-2026-02893,2026-09-18 08:09:38.400,537.19,7.7,1.7906,2.5667,2.1787,31.46,High Risk,Botol Sampel D,Sumber Air D,5
ALVIN-2026-02894,2026-09-18 08:09:38.600,128.82,0.4,0.4294,0.1344,0.2819,78.01,Moderate Risk,Botol Sampel C,Sumber Air C,5
ALVIN-2026-02895,2026-09-18 08:09:38.800,165.66,2.28,0.5522,0.7589,0.6556,60.4,Moderate Risk,Botol Sampel B,Sumber Air B,5
ALVIN-2026-02896,2026-09-18 08:09:39.000,129.44,0.55,0.4315,0.1823,0.3069,76.52,Low Risk,Botol Sampel A,Sumber Air A,5
ALVIN-2026-02897,2026-09-18 08:09:39.200,145.0,0.67,0.4833,0.224,0.3536,73.88,Low Risk,Botol Sampel A,Sumber Air A,5
ALVIN-2026-02898,2026-09-18 08:09:39.400,782.91,9.22,2.6097,3.0745,2.8421,26.03,High Risk,Botol Sampel D,Sumber Air D,5
ALVIN-2026-02899,2026-09-18 08:09:39.600,83.21,0.96,0.2774,0.3193,0.2984,77.02,Low Risk,Botol Sampel A,Sumber Air A,5
ALVIN-2026-02900,2026-09-18 08:09:39.800,195.63,2.02,0.6521,0.6726,0.6624,60.15,Moderate Risk,Botol Sampel C,Sumber Air C,5
ALVIN-2026-02901,2026-09-18 08:09:40.000,659.89,7.12,2.1996,2.3747,2.2872,30.42,High Risk,Botol Sampel E,Sumber Air E,5
ALVIN-2026-02902,2026-09-18 08:09:40.200,322.47,3.05,1.0749,1.0159,1.0454,48.89,High Risk,Botol Sampel E,Sumber Air E,5
ALVIN-2026-02903,2026-09-18 08:09:40.400,719.96,6.57,2.3999,2.1915,2.2957,30.34,High Risk,Botol Sampel D,Sumber Air D,5
ALVIN-2026-02904,2026-09-18 08:09:40.600,475.18,3.11,1.5839,1.0366,1.3102,43.29,High Risk,Botol Sampel D,Sumber Air D,5
ALVIN-2026-02905,2026-09-18 08:09:40.800,374.26,3.9,1.2475,1.3004,1.274,43.98,High Risk,Botol Sampel D,Sumber Air D,5
ALVIN-2026-02906,2026-09-18 08:09:41.000,94.79,0.72,0.316,0.2396,0.2778,78.26,Low Risk,Botol Sampel A,Sumber Air A,5
ALVIN-2026-02907,2026-09-18 08:09:41.200,85.76,0.79,0.2859,0.264,0.275,78.43,Low Risk,Botol Sampel A,Sumber Air A,5
ALVIN-2026-02908,2026-09-18 08:09:41.400,294.66,3.65,0.9822,1.2159,1.099,47.64,High Risk,Botol Sampel E,Sumber Air E,5
ALVIN-2026-02909,2026-09-18 08:09:41.600,273.7,1.22,0.9123,0.4072,0.6598,60.25,Moderate Risk,Botol Sampel B,Sumber Air B,5
ALVIN-2026-02910,2026-09-18 08:09:41.800,183.05,1.26,0.6102,0.4202,0.5152,66.0,Moderate Risk,Botol Sampel B,Sumber Air B,5
ALVIN-2026-02911,2026-09-18 08:09:42.000,280.0,3.73,0.9333,1.2431,1.0882,47.89,High Risk,Botol Sampel E,Sumber Air E,5
ALVIN-2026-02912,2026-09-18 08:09:42.200,185.46,1.52,0.6182,0.505,0.5616,64.04,Moderate Risk,Botol Sampel C,Sumber Air C,5
ALVIN-2026-02913,2026-09-18 08:09:42.400,330.18,2.2,1.1006,0.7333,0.917,52.16,High Risk,Botol Sampel E,Sumber Air E,5
ALVIN-2026-02914,2026-09-18 08:09:42.600,283.88,3.32,0.9463,1.1072,1.0268,49.34,High Risk,Botol Sampel E,Sumber Air E,5
ALVIN-2026-02915,2026-09-18 08:09:42.800,637.08,8.96,2.1236,2.9871,2.5553,28.13,High Risk,Botol Sampel D,Sumber Air D,5
ALVIN-2026-02916,2026-09-18 08:09:43.000,87.82,0.76,0.2927,0.2538,0.2732,78.54,Low Risk,Botol Sampel A,Sumber Air A,5
ALVIN-2026-02917,2026-09-18 08:09:43.200,429.42,3.98,1.4314,1.3258,1.3786,42.04,High Risk,Botol Sampel E,Sumber Air E,5
ALVIN-2026-02918,2026-09-18 08:09:43.400,696.11,4.79,2.3204,1.5979,1.9592,33.79,High Risk,Botol Sampel D,Sumber Air D,5
ALVIN-2026-02919,2026-09-18 08:09:43.600,209.77,1.84,0.6992,0.6122,0.6557,60.4,Moderate Risk,Botol Sampel C,Sumber Air C,5
ALVIN-2026-02920,2026-09-18 08:09:43.800,381.94,4.07,1.2731,1.3567,1.3149,43.2,High Risk,Botol Sampel D,Sumber Air D,5
ALVIN-2026-02921,2026-09-18 08:09:44.000,381.5,3.55,1.2717,1.1842,1.2279,44.89,High Risk,Botol Sampel E,Sumber Air E,5
ALVIN-2026-02922,2026-09-18 08:09:44.200,239.01,1.12,0.7967,0.3742,0.5854,63.08,Moderate Risk,Botol Sampel C,Sumber Air C,5
ALVIN-2026-02923,2026-09-18 08:09:44.400,226.6,2.38,0.7553,0.7948,0.775,56.34,Moderate Risk,Botol Sampel B,Sumber Air B,5
ALVIN-2026-02924,2026-09-18 08:09:44.600,93.97,0.39,0.3132,0.1303,0.2218,81.85,Low Risk,Botol Sampel A,Sumber Air A,5
ALVIN-2026-02925,2026-09-18 08:09:44.800,62.75,0.51,0.2092,0.1698,0.1895,84.07,Low Risk,Botol Sampel A,Sumber Air A,5
ALVIN-2026-02926,2026-09-18 08:09:45.000,145.0,0.93,0.4833,0.31,0.3966,71.6,Low Risk,Botol Sampel A,Sumber Air A,5
ALVIN-2026-02927,2026-09-18 08:09:45.200,340.84,3.88,1.1361,1.2931,1.2146,45.15,High Risk,Botol Sampel D,Sumber Air D,5
ALVIN-2026-02928,2026-09-18 08:09:45.400,140.33,0.78,0.4678,0.2615,0.3647,73.28,Moderate Risk,Botol Sampel B,Sumber Air B,5
ALVIN-2026-02929,2026-09-18 08:09:45.600,83.38,0.96,0.2779,0.3213,0.2996,76.95,Low Risk,Botol Sampel A,Sumber Air A,5
ALVIN-2026-02930,2026-09-18 08:09:45.800,101.66,0.32,0.3389,0.1079,0.2234,81.74,Low Risk,Botol Sampel A,Sumber Air A,5
ALVIN-2026-02931,2026-09-18 08:09:46.000,105.67,0.76,0.3522,0.2526,0.3024,76.78,Low Risk,Botol Sampel A,Sumber Air A,5
ALVIN-2026-02932,2026-09-18 08:09:46.200,544.15,10.01,1.8138,3.3366,2.5752,27.97,High Risk,Botol Sampel E,Sumber Air E,5
ALVIN-2026-02933,2026-09-18 08:09:46.400,289.39,1.4,0.9646,0.4669,0.7158,58.28,Moderate Risk,Botol Sampel C,Sumber Air C,5
ALVIN-2026-02934,2026-09-18 08:09:46.600,336.8,5.29,1.1227,1.7627,1.4427,40.94,High Risk,Botol Sampel E,Sumber Air E,5
ALVIN-2026-02935,2026-09-18 08:09:46.800,392.5,3.0,1.3083,1.0,1.1542,46.42,High Risk,Botol Sampel E,Sumber Air E,5
ALVIN-2026-02936,2026-09-18 08:09:47.000,106.54,0.52,0.3551,0.1725,0.2638,79.13,Low Risk,Botol Sampel A,Sumber Air A,5
ALVIN-2026-02937,2026-09-18 08:09:47.200,104.88,0.26,0.3496,0.0851,0.2174,82.14,Low Risk,Botol Sampel A,Sumber Air A,5
ALVIN-2026-02938,2026-09-18 08:09:47.400,98.65,0.23,0.3288,0.0752,0.202,83.19,Moderate Risk,Botol Sampel B,Sumber Air B,5
ALVIN-2026-02939,2026-09-18 08:09:47.600,218.27,2.46,0.7276,0.8197,0.7736,56.38,Moderate Risk,Botol Sampel C,Sumber Air C,5
ALVIN-2026-02940,2026-09-18 08:09:47.800,238.47,1.76,0.7949,0.5876,0.6912,59.13,Moderate Risk,Botol Sampel C,Sumber Air C,5
ALVIN-2026-02941,2026-09-18 08:09:48.000,510.97,8.1,1.7032,2.6996,2.2014,31.24,High Risk,Botol Sampel E,Sumber Air E,5
ALVIN-2026-02942,2026-09-18 08:09:48.200,109.08,0.36,0.3636,0.1204,0.242,80.52,Low Risk,Botol Sampel A,Sumber Air A,5
ALVIN-2026-02943,2026-09-18 08:09:48.400,92.79,0.65,0.3093,0.2177,0.2635,79.15,Low Risk,Botol Sampel A,Sumber Air A,5
ALVIN-2026-02944,2026-09-18 08:09:48.600,365.23,4.54,1.2174,1.5147,1.366,42.27,High Risk,Botol Sampel D,Sumber Air D,5
ALVIN-2026-02945,2026-09-18 08:09:48.800,619.14,7.56,2.0638,2.5194,2.2916,30.38,High Risk,Botol Sampel E,Sumber Air E,5
ALVIN-2026-02946,2026-09-18 08:09:49.000,100.87,0.68,0.3362,0.2269,0.2815,78.03,Moderate Risk,Botol Sampel C,Sumber Air C,5
ALVIN-2026-02947,2026-09-18 08:09:49.200,545.6,9.48,1.8187,3.1593,2.489,28.66,High Risk,Botol Sampel E,Sumber Air E,5
ALVIN-2026-02948,2026-09-18 08:09:49.400,107.65,0.54,0.3588,0.1787,0.2688,78.81,Low Risk,Botol Sampel A,Sumber Air A,5
ALVIN-2026-02949,2026-09-18 08:09:49.600,239.05,1.98,0.7968,0.6605,0.7286,57.85,Moderate Risk,Botol Sampel B,Sumber Air B,5
ALVIN-2026-02950,2026-09-18 08:09:49.800,91.85,0.1,0.3062,0.0333,0.1698,85.48,Low Risk,Botol Sampel A,Sumber Air A,5
ALVIN-2026-02951,2026-09-18 08:09:50.000,646.18,8.96,2.1539,2.9882,2.571,28.0,High Risk,Botol Sampel E,Sumber Air E,5
ALVIN-2026-02952,2026-09-18 08:09:50.200,337.16,3.92,1.1239,1.3064,1.2152,45.14,High Risk,Botol Sampel D,Sumber Air D,5
ALVIN-2026-02953,2026-09-18 08:09:50.400,161.13,2.28,0.5371,0.7612,0.6492,60.64,Moderate Risk,Botol Sampel B,Sumber Air B,5
ALVIN-2026-02954,2026-09-18 08:09:50.600,216.91,1.53,0.723,0.5087,0.6158,61.89,Moderate Risk,Botol Sampel B,Sumber Air B,5
ALVIN-2026-02955,2026-09-18 08:09:50.800,551.39,4.9,1.838,1.6344,1.7362,36.55,High Risk,Botol Sampel E,Sumber Air E,5
ALVIN-2026-02956,2026-09-18 08:09:51.000,83.48,0.1,0.2783,0.0334,0.1558,86.52,Low Risk,Botol Sampel A,Sumber Air A,5
ALVIN-2026-02957,2026-09-18 08:09:51.200,561.8,4.55,1.8727,1.5163,1.6945,37.11,High Risk,Botol Sampel D,Sumber Air D,5
ALVIN-2026-02958,2026-09-18 08:09:51.400,400.0,7.6,1.3333,2.535,1.9342,34.08,High Risk,Botol Sampel D,Sumber Air D,5
ALVIN-2026-02959,2026-09-18 08:09:51.600,934.5,8.84,3.115,2.9474,3.0312,24.81,High Risk,Botol Sampel D,Sumber Air D,5
ALVIN-2026-02960,2026-09-18 08:09:51.800,307.75,2.42,1.0258,0.808,0.9169,52.17,High Risk,Botol Sampel D,Sumber Air D,5
ALVIN-2026-02961,2026-09-18 08:09:52.000,56.72,0.47,0.1891,0.1554,0.1723,85.3,Low Risk,Botol Sampel A,Sumber Air A,5
ALVIN-2026-02962,2026-09-18 08:09:52.200,371.85,3.76,1.2395,1.2531,1.2463,44.52,High Risk,Botol Sampel D,Sumber Air D,5
ALVIN-2026-02963,2026-09-18 08:09:52.400,95.49,0.56,0.3183,0.1855,0.2519,79.88,Low Risk,Botol Sampel A,Sumber Air A,5
ALVIN-2026-02964,2026-09-18 08:09:52.600,719.13,5.68,2.3971,1.8941,2.1456,31.79,High Risk,Botol Sampel E,Sumber Air E,5
ALVIN-2026-02965,2026-09-18 08:09:52.800,77.65,0.63,0.2588,0.2087,0.2338,81.05,Low Risk,Botol Sampel A,Sumber Air A,5
ALVIN-2026-02966,2026-09-18 08:09:53.000,211.68,1.64,0.7056,0.5468,0.6262,61.49,Moderate Risk,Botol Sampel C,Sumber Air C,5
ALVIN-2026-02967,2026-09-18 08:09:53.200,95.86,0.19,0.3195,0.0647,0.1921,83.89,Moderate Risk,Botol Sampel C,Sumber Air C,5
ALVIN-2026-02968,2026-09-18 08:09:53.400,207.16,1.92,0.6905,0.6388,0.6646,60.07,Moderate Risk,Botol Sampel B,Sumber Air B,5
ALVIN-2026-02969,2026-09-18 08:09:53.600,375.47,4.69,1.2516,1.5646,1.4081,41.53,High Risk,Botol Sampel E,Sumber Air E,5
ALVIN-2026-02970,2026-09-18 08:09:53.800,68.71,0.46,0.229,0.1542,0.1916,83.92,Low Risk,Botol Sampel A,Sumber Air A,5
ALVIN-2026-02971,2026-09-18 08:09:54.000,400.0,9.14,1.3333,3.0461,2.1897,31.35,High Risk,Botol Sampel D,Sumber Air D,5
ALVIN-2026-02972,2026-09-18 08:09:54.200,360.75,3.65,1.2025,1.2158,1.2092,45.27,High Risk,Botol Sampel D,Sumber Air D,5
ALVIN-2026-02973,2026-09-18 08:09:54.400,243.82,2.36,0.8127,0.7854,0.799,55.59,Moderate Risk,Botol Sampel C,Sumber Air C,5
ALVIN-2026-02974,2026-09-18 08:09:54.600,76.66,0.42,0.2555,0.1407,0.1981,83.47,Low Risk,Botol Sampel A,Sumber Air A,5
ALVIN-2026-02975,2026-09-18 08:09:54.800,79.97,0.68,0.2666,0.2282,0.2474,80.17,Moderate Risk,Botol Sampel C,Sumber Air C,5
ALVIN-2026-02976,2026-09-18 08:09:55.000,349.7,3.41,1.1657,1.1359,1.1508,46.49,High Risk,Botol Sampel D,Sumber Air D,5
ALVIN-2026-02977,2026-09-18 08:09:55.200,244.64,1.51,0.8155,0.5045,0.66,60.24,Moderate Risk,Botol Sampel B,Sumber Air B,5
ALVIN-2026-02978,2026-09-18 08:09:55.400,703.07,4.58,2.3436,1.5254,1.9345,34.08,High Risk,Botol Sampel E,Sumber Air E,5
ALVIN-2026-02979,2026-09-18 08:09:55.600,200.31,2.37,0.6677,0.7895,0.7286,57.85,Moderate Risk,Botol Sampel C,Sumber Air C,5
ALVIN-2026-02980,2026-09-18 08:09:55.800,778.53,8.56,2.5951,2.8549,2.725,26.85,High Risk,Botol Sampel E,Sumber Air E,5
ALVIN-2026-02981,2026-09-18 08:09:56.000,127.77,0.14,0.4259,0.0482,0.237,80.84,Low Risk,Botol Sampel A,Sumber Air A,5
ALVIN-2026-02982,2026-09-18 08:09:56.200,332.87,2.2,1.1096,0.7333,0.9214,52.05,High Risk,Botol Sampel D,Sumber Air D,5
ALVIN-2026-02983,2026-09-18 08:09:56.400,339.56,3.43,1.1319,1.1432,1.1376,46.78,High Risk,Botol Sampel D,Sumber Air D,5
ALVIN-2026-02984,2026-09-18 08:09:56.600,400.0,8.13,1.3333,2.7092,2.0213,33.1,High Risk,Botol Sampel D,Sumber Air D,5
ALVIN-2026-02985,2026-09-18 08:09:56.800,883.34,6.02,2.9445,2.0069,2.4757,28.77,High Risk,Botol Sampel E,Sumber Air E,5
ALVIN-2026-02986,2026-09-18 08:09:57.000,126.8,0.1,0.4227,0.0333,0.228,81.43,Low Risk,Botol Sampel A,Sumber Air A,5
ALVIN-2026-02987,2026-09-18 08:09:57.200,830.01,8.69,2.7667,2.8959,2.8313,26.1,High Risk,Botol Sampel D,Sumber Air D,5
ALVIN-2026-02988,2026-09-18 08:09:57.400,403.81,4.03,1.346,1.3427,1.3444,42.65,High Risk,Botol Sampel D,Sumber Air D,5
ALVIN-2026-02989,2026-09-18 08:09:57.600,220.63,1.8,0.7354,0.601,0.6682,59.94,Moderate Risk,Botol Sampel B,Sumber Air B,5
ALVIN-2026-02990,2026-09-18 08:09:57.800,206.58,1.7,0.6886,0.5675,0.628,61.43,Moderate Risk,Botol Sampel C,Sumber Air C,5
ALVIN-2026-02991,2026-09-18 08:09:58.000,139.84,0.59,0.4661,0.1972,0.3316,75.1,Moderate Risk,Botol Sampel C,Sumber Air C,5
ALVIN-2026-02992,2026-09-18 08:09:58.200,99.26,0.1,0.3309,0.0333,0.1821,84.6,Low Risk,Botol Sampel A,Sumber Air A,5
ALVIN-2026-02993,2026-09-18 08:09:58.400,297.52,3.84,0.9917,1.2799,1.1358,46.82,High Risk,Botol Sampel D,Sumber Air D,5
ALVIN-2026-02994,2026-09-18 08:09:58.600,227.26,2.25,0.7575,0.7487,0.7531,57.04,Moderate Risk,Botol Sampel C,Sumber Air C,5
ALVIN-2026-02995,2026-09-18 08:09:58.800,221.27,1.93,0.7376,0.6445,0.691,59.14,Moderate Risk,Botol Sampel B,Sumber Air B,5
ALVIN-2026-02996,2026-09-18 08:09:59.000,125.5,0.43,0.4183,0.1433,0.2808,78.08,Moderate Risk,Botol Sampel C,Sumber Air C,5
ALVIN-2026-02997,2026-09-18 08:09:59.200,408.12,3.87,1.3604,1.2903,1.3254,43.0,High Risk,Botol Sampel E,Sumber Air E,5
ALVIN-2026-02998,2026-09-18 08:09:59.400,90.3,1.29,0.301,0.429,0.365,73.26,Low Risk,Botol Sampel A,Sumber Air A,5
ALVIN-2026-02999,2026-09-18 08:09:59.600,605.73,5.61,2.0191,1.8685,1.9438,33.97,High Risk,Botol Sampel E,Sumber Air E,5
ALVIN-2026-03000,2026-09-18 08:09:59.800,558.56,6.35,1.8619,2.1178,1.9898,33.45,High Risk,Botol Sampel E,Sumber Air E,5
ALVIN-2026-03001,2026-09-18 08:10:00.000,549.21,6.52,1.8307,2.1743,2.0025,33.31,High Risk,Botol Sampel E,Sumber Air E,5
ALVIN-2026-03002,2026-09-18 08:10:00.200,87.57,0.75,0.2919,0.2507,0.2713,78.66,Low Risk,Botol Sampel A,Sumber Air A,5
ALVIN-2026-03003,2026-09-18 08:10:00.400,91.34,1.23,0.3045,0.4113,0.3579,73.64,Moderate Risk,Botol Sampel B,Sumber Air B,5
ALVIN-2026-03004,2026-09-18 08:10:00.600,697.35,5.6,2.3245,1.8662,2.0954,32.31,High Risk,Botol Sampel E,Sumber Air E,5
ALVIN-2026-03005,2026-09-18 08:10:00.800,380.34,4.11,1.2678,1.37,1.3189,43.12,High Risk,Botol Sampel E,Sumber Air E,5
ALVIN-2026-03006,2026-09-18 08:10:01.000,80.01,0.55,0.2667,0.1846,0.2256,81.59,Low Risk,Botol Sampel A,Sumber Air A,5
ALVIN-2026-03007,2026-09-18 08:10:01.200,334.06,3.48,1.1135,1.1603,1.1369,46.8,High Risk,Botol Sampel E,Sumber Air E,5
ALVIN-2026-03008,2026-09-18 08:10:01.400,202.64,1.98,0.6755,0.6606,0.668,59.95,Moderate Risk,Botol Sampel B,Sumber Air B,5
ALVIN-2026-03009,2026-09-18 08:10:01.600,104.76,0.89,0.3492,0.2974,0.3233,75.57,Low Risk,Botol Sampel A,Sumber Air A,5
ALVIN-2026-03010,2026-09-18 08:10:01.800,280.0,3.15,0.9333,1.0485,0.9909,50.23,High Risk,Botol Sampel E,Sumber Air E,5
ALVIN-2026-03011,2026-09-18 08:10:02.000,76.35,0.29,0.2545,0.0951,0.1748,85.12,Low Risk,Botol Sampel A,Sumber Air A,5
ALVIN-2026-03012,2026-09-18 08:10:02.200,159.9,1.65,0.533,0.5484,0.5407,64.91,Moderate Risk,Botol Sampel B,Sumber Air B,5
ALVIN-2026-03013,2026-09-18 08:10:02.400,222.58,2.05,0.7419,0.6824,0.7122,58.4,Moderate Risk,Botol Sampel B,Sumber Air B,5
ALVIN-2026-03014,2026-09-18 08:10:02.600,624.0,5.4,2.08,1.8005,1.9402,34.01,High Risk,Botol Sampel E,Sumber Air E,5
ALVIN-2026-03015,2026-09-18 08:10:02.800,310.8,3.8,1.036,1.2676,1.1518,46.47,High Risk,Botol Sampel D,Sumber Air D,5
ALVIN-2026-03016,2026-09-18 08:10:03.000,215.41,1.31,0.718,0.4374,0.5777,63.38,Moderate Risk,Botol Sampel B,Sumber Air B,5
ALVIN-2026-03017,2026-09-18 08:10:03.200,846.91,5.06,2.823,1.6853,2.2542,30.73,High Risk,Botol Sampel E,Sumber Air E,5
ALVIN-2026-03018,2026-09-18 08:10:03.400,787.13,9.71,2.6238,3.2372,2.9305,25.44,High Risk,Botol Sampel D,Sumber Air D,5
ALVIN-2026-03019,2026-09-18 08:10:03.600,280.0,2.95,0.9333,0.983,0.9582,51.07,Moderate Risk,Botol Sampel B,Sumber Air B,5
ALVIN-2026-03020,2026-09-18 08:10:03.800,201.25,1.72,0.6708,0.5725,0.6216,61.67,Moderate Risk,Botol Sampel C,Sumber Air C,5
ALVIN-2026-03021,2026-09-18 08:10:04.000,189.87,2.3,0.6329,0.7681,0.7005,58.81,Moderate Risk,Botol Sampel B,Sumber Air B,5
ALVIN-2026-03022,2026-09-18 08:10:04.200,635.85,4.5,2.1195,1.5,1.8098,35.59,High Risk,Botol Sampel E,Sumber Air E,5
ALVIN-2026-03023,2026-09-18 08:10:04.400,328.8,4.46,1.096,1.4858,1.2909,43.65,High Risk,Botol Sampel E,Sumber Air E,5
ALVIN-2026-03024,2026-09-18 08:10:04.600,605.96,7.44,2.0199,2.4797,2.2498,30.77,High Risk,Botol Sampel D,Sumber Air D,5
ALVIN-2026-03025,2026-09-18 08:10:04.800,342.87,3.42,1.1429,1.1396,1.1412,46.7,High Risk,Botol Sampel E,Sumber Air E,5
ALVIN-2026-03026,2026-09-18 08:10:05.000,125.19,0.88,0.4173,0.2949,0.3561,73.74,Low Risk,Botol Sampel A,Sumber Air A,5
ALVIN-2026-03027,2026-09-18 08:10:05.200,110.52,0.45,0.3684,0.1492,0.2588,79.44,Low Risk,Botol Sampel A,Sumber Air A,5
ALVIN-2026-03028,2026-09-18 08:10:05.400,95.87,0.41,0.3196,0.1356,0.2276,81.46,Low Risk,Botol Sampel A,Sumber Air A,5
ALVIN-2026-03029,2026-09-18 08:10:05.600,87.27,0.74,0.2909,0.2453,0.2681,78.86,Low Risk,Botol Sampel A,Sumber Air A,5
ALVIN-2026-03030,2026-09-18 08:10:05.800,362.47,3.09,1.2082,1.0298,1.119,47.19,High Risk,Botol Sampel E,Sumber Air E,5
ALVIN-2026-03031,2026-09-18 08:10:06.000,660.58,4.5,2.2019,1.5,1.851,35.08,High Risk,Botol Sampel D,Sumber Air D,5
ALVIN-2026-03032,2026-09-18 08:10:06.200,283.18,2.85,0.9439,0.9508,0.9474,51.35,Moderate Risk,Botol Sampel C,Sumber Air C,5
ALVIN-2026-03033,2026-09-18 08:10:06.400,145.0,0.33,0.4833,0.1116,0.2974,77.08,Low Risk,Botol Sampel A,Sumber Air A,5
ALVIN-2026-03034,2026-09-18 08:10:06.600,731.5,7.97,2.4383,2.6568,2.5476,28.19,High Risk,Botol Sampel D,Sumber Air D,5
ALVIN-2026-03035,2026-09-18 08:10:06.800,232.56,1.8,0.7752,0.6011,0.6882,59.23,Moderate Risk,Botol Sampel B,Sumber Air B,5
ALVIN-2026-03036,2026-09-18 08:10:07.000,280.0,3.55,0.9333,1.182,1.0576,48.6,High Risk,Botol Sampel E,Sumber Air E,5
ALVIN-2026-03037,2026-09-18 08:10:07.200,129.11,1.24,0.4304,0.4131,0.4218,70.33,Low Risk,Botol Sampel A,Sumber Air A,5
ALVIN-2026-03038,2026-09-18 08:10:07.400,243.29,2.03,0.811,0.6751,0.743,57.37,Moderate Risk,Botol Sampel C,Sumber Air C,5
ALVIN-2026-03039,2026-09-18 08:10:07.600,312.13,4.78,1.0404,1.5942,1.3173,43.15,High Risk,Botol Sampel D,Sumber Air D,5
ALVIN-2026-03040,2026-09-18 08:10:07.800,161.63,1.68,0.5388,0.5609,0.5498,64.52,Moderate Risk,Botol Sampel B,Sumber Air B,5
ALVIN-2026-03041,2026-09-18 08:10:08.000,54.43,0.66,0.1814,0.2185,0.2,83.33,Moderate Risk,Botol Sampel C,Sumber Air C,5
ALVIN-2026-03042,2026-09-18 08:10:08.200,350.04,2.83,1.1668,0.943,1.0549,48.66,High Risk,Botol Sampel E,Sumber Air E,5
ALVIN-2026-03043,2026-09-18 08:10:08.400,83.06,0.54,0.2769,0.1805,0.2287,81.39,Low Risk,Botol Sampel A,Sumber Air A,5
ALVIN-2026-03044,2026-09-18 08:10:08.600,218.38,1.04,0.7279,0.3452,0.5366,65.08,Moderate Risk,Botol Sampel B,Sumber Air B,5
ALVIN-2026-03045,2026-09-18 08:10:08.800,518.51,5.04,1.7284,1.6791,1.7038,36.98,High Risk,Botol Sampel E,Sumber Air E,5
ALVIN-2026-03046,2026-09-18 08:10:09.000,518.37,6.35,1.7279,2.1168,1.9224,34.22,High Risk,Botol Sampel D,Sumber Air D,5
ALVIN-2026-03047,2026-09-18 08:10:09.200,238.66,1.31,0.7955,0.437,0.6162,61.87,Moderate Risk,Botol Sampel C,Sumber Air C,5
ALVIN-2026-03048,2026-09-18 08:10:09.400,53.71,0.66,0.179,0.2198,0.1994,83.38,Low Risk,Botol Sampel A,Sumber Air A,5
ALVIN-2026-03049,2026-09-18 08:10:09.600,84.4,0.64,0.2813,0.2128,0.247,80.19,Low Risk,Botol Sampel A,Sumber Air A,5
ALVIN-2026-03050,2026-09-18 08:10:09.800,99.09,1.06,0.3303,0.3522,0.3412,74.56,Low Risk,Botol Sampel A,Sumber Air A,5
ALVIN-2026-03051,2026-09-18 08:10:10.000,452.5,7.16,1.5083,2.3856,1.947,33.93,High Risk,Botol Sampel D,Sumber Air D,5
ALVIN-2026-03052,2026-09-18 08:10:10.200,280.09,3.2,0.9336,1.068,1.0008,49.98,High Risk,Botol Sampel D,Sumber Air D,5
ALVIN-2026-03053,2026-09-18 08:10:10.400,566.47,8.45,1.8882,2.8174,2.3528,29.83,High Risk,Botol Sampel E,Sumber Air E,5
ALVIN-2026-03054,2026-09-18 08:10:10.600,373.34,2.95,1.2445,0.9832,1.1138,47.31,High Risk,Botol Sampel E,Sumber Air E,5
ALVIN-2026-03055,2026-09-18 08:10:10.800,280.0,3.48,0.9333,1.1606,1.047,48.85,High Risk,Botol Sampel E,Sumber Air E,5
ALVIN-2026-03056,2026-09-18 08:10:11.000,197.4,1.75,0.658,0.5817,0.6198,61.74,Moderate Risk,Botol Sampel C,Sumber Air C,5
ALVIN-2026-03057,2026-09-18 08:10:11.200,753.52,4.5,2.5117,1.5,2.0058,33.27,High Risk,Botol Sampel E,Sumber Air E,5
ALVIN-2026-03058,2026-09-18 08:10:11.400,505.49,7.62,1.685,2.5393,2.1121,32.13,High Risk,Botol Sampel E,Sumber Air E,5
ALVIN-2026-03059,2026-09-18 08:10:11.600,119.91,0.69,0.3997,0.2311,0.3154,76.02,Moderate Risk,Botol Sampel C,Sumber Air C,5
ALVIN-2026-03060,2026-09-18 08:10:11.800,873.37,6.33,2.9112,2.1088,2.51,28.49,High Risk,Botol Sampel D,Sumber Air D,5
ALVIN-2026-03061,2026-09-18 08:10:12.000,240.68,1.95,0.8023,0.649,0.7256,57.95,Moderate Risk,Botol Sampel B,Sumber Air B,5
ALVIN-2026-03062,2026-09-18 08:10:12.200,715.95,6.53,2.3865,2.1757,2.2811,30.48,High Risk,Botol Sampel D,Sumber Air D,5
ALVIN-2026-03063,2026-09-18 08:10:12.400,372.78,2.72,1.2426,0.9062,1.0744,48.21,High Risk,Botol Sampel D,Sumber Air D,5
ALVIN-2026-03064,2026-09-18 08:10:12.600,193.93,2.57,0.6464,0.8555,0.751,57.11,Moderate Risk,Botol Sampel C,Sumber Air C,5
ALVIN-2026-03065,2026-09-18 08:10:12.800,225.08,1.92,0.7503,0.6387,0.6945,59.01,Moderate Risk,Botol Sampel B,Sumber Air B,5
ALVIN-2026-03066,2026-09-18 08:10:13.000,557.75,10.72,1.8592,3.5724,2.7158,26.91,High Risk,Botol Sampel E,Sumber Air E,5
ALVIN-2026-03067,2026-09-18 08:10:13.200,246.67,1.74,0.8222,0.5808,0.7015,58.77,Moderate Risk,Botol Sampel B,Sumber Air B,5
ALVIN-2026-03068,2026-09-18 08:10:13.400,118.84,1.08,0.3961,0.3597,0.3779,72.57,Low Risk,Botol Sampel A,Sumber Air A,5
ALVIN-2026-03069,2026-09-18 08:10:13.600,351.07,3.36,1.1702,1.1213,1.1458,46.6,High Risk,Botol Sampel E,Sumber Air E,5
ALVIN-2026-03070,2026-09-18 08:10:13.800,578.41,6.69,1.928,2.2286,2.0783,32.49,High Risk,Botol Sampel D,Sumber Air D,5
ALVIN-2026-03071,2026-09-18 08:10:14.000,666.3,6.36,2.221,2.1183,2.1696,31.55,High Risk,Botol Sampel E,Sumber Air E,5
ALVIN-2026-03072,2026-09-18 08:10:14.200,137.81,0.23,0.4594,0.0775,0.2684,78.84,Low Risk,Botol Sampel A,Sumber Air A,5
ALVIN-2026-03073,2026-09-18 08:10:14.400,97.2,0.76,0.324,0.2546,0.2893,77.56,Low Risk,Botol Sampel A,Sumber Air A,5
ALVIN-2026-03074,2026-09-18 08:10:14.600,333.2,5.39,1.1107,1.7957,1.4532,40.76,High Risk,Botol Sampel E,Sumber Air E,5
ALVIN-2026-03075,2026-09-18 08:10:14.800,351.58,5.17,1.1719,1.7227,1.4473,40.86,High Risk,Botol Sampel D,Sumber Air D,5
ALVIN-2026-03076,2026-09-18 08:10:15.000,98.14,0.44,0.3271,0.147,0.237,80.84,Low Risk,Botol Sampel A,Sumber Air A,5
ALVIN-2026-03077,2026-09-18 08:10:15.200,192.7,2.05,0.6423,0.6845,0.6634,60.12,Moderate Risk,Botol Sampel B,Sumber Air B,5
ALVIN-2026-03078,2026-09-18 08:10:15.400,173.09,2.08,0.577,0.6924,0.6347,61.17,Moderate Risk,Botol Sampel C,Sumber Air C,5
ALVIN-2026-03079,2026-09-18 08:10:15.600,280.0,2.36,0.9333,0.7872,0.8602,53.76,Moderate Risk,Botol Sampel C,Sumber Air C,5
ALVIN-2026-03080,2026-09-18 08:10:15.800,245.81,2.19,0.8194,0.7302,0.7748,56.34,Moderate Risk,Botol Sampel B,Sumber Air B,5
ALVIN-2026-03081,2026-09-18 08:10:16.000,233.32,1.52,0.7777,0.5057,0.6417,60.91,Moderate Risk,Botol Sampel C,Sumber Air C,5
ALVIN-2026-03082,2026-09-18 08:10:16.200,310.9,2.98,1.0363,0.9942,1.0152,49.62,High Risk,Botol Sampel D,Sumber Air D,5
ALVIN-2026-03083,2026-09-18 08:10:16.400,79.55,0.47,0.2652,0.1557,0.2104,82.62,Moderate Risk,Botol Sampel C,Sumber Air C,5
ALVIN-2026-03084,2026-09-18 08:10:16.600,207.31,1.71,0.691,0.5713,0.6312,61.3,Moderate Risk,Botol Sampel B,Sumber Air B,5
ALVIN-2026-03085,2026-09-18 08:10:16.800,392.48,4.93,1.3083,1.644,1.4762,40.38,High Risk,Botol Sampel D,Sumber Air D,5
ALVIN-2026-03086,2026-09-18 08:10:17.000,799.43,7.67,2.6648,2.5554,2.6101,27.7,High Risk,Botol Sampel E,Sumber Air E,5
ALVIN-2026-03087,2026-09-18 08:10:17.200,355.6,3.18,1.1853,1.0604,1.1229,47.11,High Risk,Botol Sampel D,Sumber Air D,5
ALVIN-2026-03088,2026-09-18 08:10:17.400,91.58,0.75,0.3053,0.2506,0.278,78.25,Low Risk,Botol Sampel A,Sumber Air A,5
ALVIN-2026-03089,2026-09-18 08:10:17.600,768.24,9.46,2.5608,3.1523,2.8566,25.93,High Risk,Botol Sampel E,Sumber Air E,5
ALVIN-2026-03090,2026-09-18 08:10:17.800,306.65,3.79,1.0222,1.2644,1.1433,46.66,High Risk,Botol Sampel E,Sumber Air E,5
ALVIN-2026-03091,2026-09-18 08:10:18.000,122.59,0.85,0.4086,0.2844,0.3465,74.27,Low Risk,Botol Sampel A,Sumber Air A,5
ALVIN-2026-03092,2026-09-18 08:10:18.200,614.91,6.64,2.0497,2.2136,2.1316,31.93,High Risk,Botol Sampel E,Sumber Air E,5
ALVIN-2026-03093,2026-09-18 08:10:18.400,799.98,4.5,2.6666,1.5,2.0833,32.43,High Risk,Botol Sampel D,Sumber Air D,5
ALVIN-2026-03094,2026-09-18 08:10:18.600,251.69,1.08,0.839,0.3585,0.5988,62.55,Moderate Risk,Botol Sampel C,Sumber Air C,5
ALVIN-2026-03095,2026-09-18 08:10:18.800,746.47,8.54,2.4882,2.8469,2.6676,27.27,High Risk,Botol Sampel D,Sumber Air D,5
ALVIN-2026-03096,2026-09-18 08:10:19.000,198.92,1.22,0.6631,0.4067,0.5349,65.15,Moderate Risk,Botol Sampel B,Sumber Air B,5
ALVIN-2026-03097,2026-09-18 08:10:19.200,256.47,2.25,0.8549,0.7506,0.8028,55.47,Moderate Risk,Botol Sampel B,Sumber Air B,5
ALVIN-2026-03098,2026-09-18 08:10:19.400,198.68,1.97,0.6623,0.6577,0.66,60.24,Moderate Risk,Botol Sampel C,Sumber Air C,5
ALVIN-2026-03099,2026-09-18 08:10:19.600,220.16,1.37,0.7339,0.4559,0.5949,62.7,Moderate Risk,Botol Sampel C,Sumber Air C,5
ALVIN-2026-03100,2026-09-18 08:10:19.800,671.89,7.45,2.2396,2.4819,2.3608,29.75,High Risk,Botol Sampel D,Sumber Air D,5
ALVIN-2026-03101,2026-09-18 08:10:20.000,94.78,0.67,0.3159,0.2217,0.2688,78.81,Low Risk,Botol Sampel A,Sumber Air A,5
ALVIN-2026-03102,2026-09-18 08:10:20.200,292.61,3.23,0.9754,1.0756,1.0255,49.37,High Risk,Botol Sampel D,Sumber Air D,5
ALVIN-2026-03103,2026-09-18 08:10:20.400,352.22,3.1,1.1741,1.0344,1.1042,47.52,High Risk,Botol Sampel D,Sumber Air D,5
ALVIN-2026-03104,2026-09-18 08:10:20.600,95.97,0.46,0.3199,0.1531,0.2365,80.87,Low Risk,Botol Sampel A,Sumber Air A,5
ALVIN-2026-03105,2026-09-18 08:10:20.800,388.49,3.94,1.295,1.3122,1.3036,43.41,High Risk,Botol Sampel D,Sumber Air D,5
ALVIN-2026-03106,2026-09-18 08:10:21.000,727.25,8.18,2.4242,2.7259,2.575,27.97,High Risk,Botol Sampel D,Sumber Air D,5
ALVIN-2026-03107,2026-09-18 08:10:21.200,106.97,0.49,0.3566,0.1647,0.2606,79.33,Moderate Risk,Botol Sampel C,Sumber Air C,5
ALVIN-2026-03108,2026-09-18 08:10:21.400,192.55,1.63,0.6418,0.5429,0.5924,62.8,Moderate Risk,Botol Sampel C,Sumber Air C,5
ALVIN-2026-03109,2026-09-18 08:10:21.600,241.09,2.13,0.8036,0.7088,0.7562,56.94,Moderate Risk,Botol Sampel B,Sumber Air B,5
ALVIN-2026-03110,2026-09-18 08:10:21.800,344.39,4.8,1.148,1.5988,1.3734,42.13,High Risk,Botol Sampel E,Sumber Air E,5
ALVIN-2026-03111,2026-09-18 08:10:22.000,359.13,4.17,1.1971,1.3887,1.2929,43.61,High Risk,Botol Sampel E,Sumber Air E,5
ALVIN-2026-03112,2026-09-18 08:10:22.200,58.81,0.1,0.196,0.0333,0.1146,89.72,Low Risk,Botol Sampel A,Sumber Air A,5
ALVIN-2026-03113,2026-09-18 08:10:22.400,217.32,1.73,0.7244,0.5769,0.6506,60.58,Moderate Risk,Botol Sampel C,Sumber Air C,5
ALVIN-2026-03114,2026-09-18 08:10:22.600,352.17,4.56,1.1739,1.5195,1.3467,42.61,High Risk,Botol Sampel E,Sumber Air E,5
ALVIN-2026-03115,2026-09-18 08:10:22.800,111.67,0.68,0.3722,0.2269,0.2996,76.95,Low Risk,Botol Sampel A,Sumber Air A,5
ALVIN-2026-03116,2026-09-18 08:10:23.000,193.08,1.54,0.6436,0.5147,0.5792,63.32,Moderate Risk,Botol Sampel B,Sumber Air B,5
ALVIN-2026-03117,2026-09-18 08:10:23.200,878.21,7.26,2.9274,2.4215,2.6745,27.21,High Risk,Botol Sampel D,Sumber Air D,5
ALVIN-2026-03118,2026-09-18 08:10:23.400,621.49,9.94,2.0716,3.3142,2.6929,27.08,High Risk,Botol Sampel E,Sumber Air E,5
ALVIN-2026-03119,2026-09-18 08:10:23.600,417.31,3.62,1.391,1.205,1.298,43.52,High Risk,Botol Sampel D,Sumber Air D,5
ALVIN-2026-03120,2026-09-18 08:10:23.800,281.54,2.9,0.9385,0.9667,0.9526,51.21,Moderate Risk,Botol Sampel C,Sumber Air C,5
ALVIN-2026-03121,2026-09-18 08:10:24.000,321.81,4.06,1.0727,1.3526,1.2126,45.2,High Risk,Botol Sampel D,Sumber Air D,5
ALVIN-2026-03122,2026-09-18 08:10:24.200,280.0,3.32,0.9333,1.1067,1.02,49.5,High Risk,Botol Sampel D,Sumber Air D,5
ALVIN-2026-03123,2026-09-18 08:10:24.400,525.97,8.53,1.7532,2.8426,2.2979,30.32,High Risk,Botol Sampel D,Sumber Air D,5
ALVIN-2026-03124,2026-09-18 08:10:24.600,92.54,0.62,0.3085,0.2064,0.2574,79.53,Low Risk,Botol Sampel A,Sumber Air A,5
ALVIN-2026-03125,2026-09-18 08:10:24.800,100.16,0.65,0.3339,0.2165,0.2752,78.42,Low Risk,Botol Sampel A,Sumber Air A,5
ALVIN-2026-03126,2026-09-18 08:10:25.000,94.93,0.86,0.3164,0.2861,0.3012,76.85,Low Risk,Botol Sampel A,Sumber Air A,5
ALVIN-2026-03127,2026-09-18 08:10:25.200,322.37,3.83,1.0746,1.2764,1.1755,45.97,High Risk,Botol Sampel D,Sumber Air D,5
ALVIN-2026-03128,2026-09-18 08:10:25.400,758.26,4.5,2.5275,1.5,2.0138,33.18,High Risk,Botol Sampel E,Sumber Air E,5
ALVIN-2026-03129,2026-09-18 08:10:25.600,187.8,1.77,0.626,0.589,0.6075,62.21,Moderate Risk,Botol Sampel B,Sumber Air B,5
ALVIN-2026-03130,2026-09-18 08:10:25.800,659.17,4.5,2.1972,1.5,1.8486,35.1,High Risk,Botol Sampel E,Sumber Air E,5
ALVIN-2026-03131,2026-09-18 08:10:26.000,145.0,1.03,0.4833,0.3442,0.4138,70.73,Low Risk,Botol Sampel A,Sumber Air A,5
ALVIN-2026-03132,2026-09-18 08:10:26.200,681.04,5.43,2.2701,1.8104,2.0402,32.89,High Risk,Botol Sampel E,Sumber Air E,5
ALVIN-2026-03133,2026-09-18 08:10:26.400,692.69,7.3,2.309,2.4349,2.372,29.66,High Risk,Botol Sampel D,Sumber Air D,5
ALVIN-2026-03134,2026-09-18 08:10:26.600,435.06,5.71,1.4502,1.904,1.6771,37.35,High Risk,Botol Sampel E,Sumber Air E,5
ALVIN-2026-03135,2026-09-18 08:10:26.800,465.26,2.66,1.5509,0.8877,1.2193,45.06,High Risk,Botol Sampel E,Sumber Air E,5
ALVIN-2026-03136,2026-09-18 08:10:27.000,712.86,9.0,2.3762,3.0011,2.6886,27.11,High Risk,Botol Sampel E,Sumber Air E,5
ALVIN-2026-03137,2026-09-18 08:10:27.200,721.2,6.89,2.404,2.296,2.35,29.85,High Risk,Botol Sampel E,Sumber Air E,5
ALVIN-2026-03138,2026-09-18 08:10:27.400,194.99,1.28,0.65,0.4276,0.5388,64.99,Moderate Risk,Botol Sampel B,Sumber Air B,5
ALVIN-2026-03139,2026-09-18 08:10:27.600,583.22,4.92,1.9441,1.6413,1.7927,35.81,High Risk,Botol Sampel D,Sumber Air D,5
ALVIN-2026-03140,2026-09-18 08:10:27.800,227.2,1.62,0.7573,0.5417,0.6495,60.62,Moderate Risk,Botol Sampel C,Sumber Air C,5
ALVIN-2026-03141,2026-09-18 08:10:28.000,78.55,0.58,0.2618,0.1917,0.2268,81.51,Low Risk,Botol Sampel A,Sumber Air A,5
ALVIN-2026-03142,2026-09-18 08:10:28.200,366.65,2.65,1.2222,0.8848,1.0535,48.7,High Risk,Botol Sampel E,Sumber Air E,5
ALVIN-2026-03143,2026-09-18 08:10:28.400,242.53,1.43,0.8084,0.4753,0.6418,60.91,Moderate Risk,Botol Sampel C,Sumber Air C,5
ALVIN-2026-03144,2026-09-18 08:10:28.600,203.46,1.86,0.6782,0.6214,0.6498,60.61,Moderate Risk,Botol Sampel C,Sumber Air C,5
ALVIN-2026-03145,2026-09-18 08:10:28.800,601.02,10.15,2.0034,3.3846,2.694,27.07,High Risk,Botol Sampel E,Sumber Air E,5
ALVIN-2026-03146,2026-09-18 08:10:29.000,811.78,4.98,2.7059,1.6593,2.1826,31.42,High Risk,Botol Sampel E,Sumber Air E,5
ALVIN-2026-03147,2026-09-18 08:10:29.200,328.38,3.82,1.0946,1.2717,1.1832,45.8,High Risk,Botol Sampel D,Sumber Air D,5
ALVIN-2026-03148,2026-09-18 08:10:29.400,354.46,4.32,1.1815,1.4409,1.3112,43.27,High Risk,Botol Sampel D,Sumber Air D,5
ALVIN-2026-03149,2026-09-18 08:10:29.600,702.8,4.5,2.3427,1.5,1.9214,34.23,High Risk,Botol Sampel E,Sumber Air E,5
ALVIN-2026-03150,2026-09-18 08:10:29.800,671.47,6.63,2.2382,2.2096,2.2239,31.02,High Risk,Botol Sampel E,Sumber Air E,5
ALVIN-2026-03151,2026-09-18 08:10:30.000,574.9,5.98,1.9163,1.9939,1.9551,33.84,High Risk,Botol Sampel D,Sumber Air D,5
ALVIN-2026-03152,2026-09-18 08:10:30.200,280.0,3.07,0.9333,1.0239,0.9786,50.54,High Risk,Botol Sampel E,Sumber Air E,5
ALVIN-2026-03153,2026-09-18 08:10:30.400,715.58,7.99,2.3853,2.664,2.5247,28.37,High Risk,Botol Sampel D,Sumber Air D,5
ALVIN-2026-03154,2026-09-18 08:10:30.600,590.27,10.63,1.9676,3.543,2.7553,26.63,High Risk,Botol Sampel E,Sumber Air E,5
ALVIN-2026-03155,2026-09-18 08:10:30.800,894.31,5.17,2.981,1.7233,2.3522,29.83,High Risk,Botol Sampel D,Sumber Air D,5
ALVIN-2026-03156,2026-09-18 08:10:31.000,140.0,2.37,0.4667,0.7909,0.6288,61.39,Moderate Risk,Botol Sampel C,Sumber Air C,5
ALVIN-2026-03157,2026-09-18 08:10:31.200,311.47,5.39,1.0382,1.7978,1.418,41.36,High Risk,Botol Sampel E,Sumber Air E,5
ALVIN-2026-03158,2026-09-18 08:10:31.400,89.22,0.54,0.2974,0.1784,0.2379,80.78,Low Risk,Botol Sampel A,Sumber Air A,5
ALVIN-2026-03159,2026-09-18 08:10:31.600,100.47,0.92,0.3349,0.3053,0.3201,75.75,Low Risk,Botol Sampel A,Sumber Air A,5
ALVIN-2026-03160,2026-09-18 08:10:31.800,145.0,0.33,0.4833,0.111,0.2972,77.09,Moderate Risk,Botol Sampel C,Sumber Air C,5
ALVIN-2026-03161,2026-09-18 08:10:32.000,120.99,0.82,0.4033,0.2727,0.338,74.74,Low Risk,Botol Sampel A,Sumber Air A,5
ALVIN-2026-03162,2026-09-18 08:10:32.200,96.83,1.1,0.3228,0.3683,0.3456,74.32,Low Risk,Botol Sampel A,Sumber Air A,5
ALVIN-2026-03163,2026-09-18 08:10:32.400,85.9,0.99,0.2863,0.3315,0.3089,76.4,Low Risk,Botol Sampel A,Sumber Air A,5
ALVIN-2026-03164,2026-09-18 08:10:32.600,358.04,4.36,1.1935,1.4545,1.324,43.03,High Risk,Botol Sampel E,Sumber Air E,5
ALVIN-2026-03165,2026-09-18 08:10:32.800,348.52,2.58,1.1617,0.8589,1.0103,49.74,High Risk,Botol Sampel E,Sumber Air E,5
ALVIN-2026-03166,2026-09-18 08:10:33.000,661.75,10.7,2.2058,3.5676,2.8867,25.73,High Risk,Botol Sampel D,Sumber Air D,5
ALVIN-2026-03167,2026-09-18 08:10:33.200,650.95,9.28,2.1698,3.0926,2.6312,27.54,High Risk,Botol Sampel E,Sumber Air E,5
ALVIN-2026-03168,2026-09-18 08:10:33.400,75.84,0.84,0.2528,0.2811,0.267,78.93,Low Risk,Botol Sampel A,Sumber Air A,5
ALVIN-2026-03169,2026-09-18 08:10:33.600,225.52,1.02,0.7517,0.3394,0.5456,64.7,Moderate Risk,Botol Sampel C,Sumber Air C,5
ALVIN-2026-03170,2026-09-18 08:10:33.800,96.48,0.17,0.3216,0.0574,0.1895,84.07,Low Risk,Botol Sampel A,Sumber Air A,5
ALVIN-2026-03171,2026-09-18 08:10:34.000,249.21,1.95,0.8307,0.6507,0.7407,57.45,Moderate Risk,Botol Sampel B,Sumber Air B,5
ALVIN-2026-03172,2026-09-18 08:10:34.200,237.87,2.53,0.7929,0.8427,0.8178,55.01,Moderate Risk,Botol Sampel B,Sumber Air B,5
ALVIN-2026-03173,2026-09-18 08:10:34.400,217.65,1.27,0.7255,0.4223,0.5739,63.54,Moderate Risk,Botol Sampel B,Sumber Air B,5
ALVIN-2026-03174,2026-09-18 08:10:34.600,99.11,0.49,0.3304,0.1642,0.2473,80.17,Low Risk,Botol Sampel A,Sumber Air A,5
ALVIN-2026-03175,2026-09-18 08:10:34.800,358.82,3.48,1.1961,1.1607,1.1784,45.91,High Risk,Botol Sampel E,Sumber Air E,5
ALVIN-2026-03176,2026-09-18 08:10:35.000,50.43,0.9,0.1681,0.3,0.234,81.04,Moderate Risk,Botol Sampel B,Sumber Air B,5
ALVIN-2026-03177,2026-09-18 08:10:35.200,321.29,4.03,1.071,1.3444,1.2077,45.3,High Risk,Botol Sampel D,Sumber Air D,5
ALVIN-2026-03178,2026-09-18 08:10:35.400,412.36,3.79,1.3745,1.2637,1.3191,43.12,High Risk,Botol Sampel D,Sumber Air D,5
ALVIN-2026-03179,2026-09-18 08:10:35.600,94.22,0.78,0.3141,0.2611,0.2876,77.66,Moderate Risk,Botol Sampel C,Sumber Air C,5
ALVIN-2026-03180,2026-09-18 08:10:35.800,371.11,4.3,1.237,1.435,1.336,42.81,High Risk,Botol Sampel E,Sumber Air E,5
ALVIN-2026-03181,2026-09-18 08:10:36.000,464.05,9.09,1.5468,3.0284,2.2876,30.42,High Risk,Botol Sampel D,Sumber Air D,5
ALVIN-2026-03182,2026-09-18 08:10:36.200,138.38,0.37,0.4613,0.1249,0.2931,77.33,Low Risk,Botol Sampel A,Sumber Air A,5
ALVIN-2026-03183,2026-09-18 08:10:36.400,62.69,0.7,0.209,0.2333,0.2212,81.89,Low Risk,Botol Sampel A,Sumber Air A,5
ALVIN-2026-03184,2026-09-18 08:10:36.600,320.93,2.93,1.0698,0.9782,1.024,49.41,High Risk,Botol Sampel E,Sumber Air E,5
ALVIN-2026-03185,2026-09-18 08:10:36.800,127.22,0.58,0.4241,0.1941,0.3091,76.39,Low Risk,Botol Sampel A,Sumber Air A,5
ALVIN-2026-03186,2026-09-18 08:10:37.000,99.93,0.9,0.3331,0.3001,0.3166,75.95,Low Risk,Botol Sampel A,Sumber Air A,5
ALVIN-2026-03187,2026-09-18 08:10:37.200,123.4,0.31,0.4113,0.1048,0.258,79.49,Low Risk,Botol Sampel A,Sumber Air A,5
ALVIN-2026-03188,2026-09-18 08:10:37.400,280.0,2.4,0.9333,0.8005,0.8669,53.56,Moderate Risk,Botol Sampel B,Sumber Air B,5
ALVIN-2026-03189,2026-09-18 08:10:37.600,660.52,4.82,2.2017,1.6075,1.9046,34.43,High Risk,Botol Sampel D,Sumber Air D,5
ALVIN-2026-03190,2026-09-18 08:10:37.800,388.47,2.42,1.2949,0.8083,1.0516,48.74,High Risk,Botol Sampel E,Sumber Air E,5
ALVIN-2026-03191,2026-09-18 08:10:38.000,255.34,1.76,0.8511,0.5882,0.7196,58.15,Moderate Risk,Botol Sampel B,Sumber Air B,5
ALVIN-2026-03192,2026-09-18 08:10:38.200,141.48,2.12,0.4716,0.7079,0.5898,62.9,Moderate Risk,Botol Sampel C,Sumber Air C,5
ALVIN-2026-03193,2026-09-18 08:10:38.400,342.38,3.41,1.1413,1.1376,1.1394,46.74,High Risk,Botol Sampel D,Sumber Air D,5
ALVIN-2026-03194,2026-09-18 08:10:38.600,297.92,2.76,0.9931,0.9196,0.9564,51.11,Moderate Risk,Botol Sampel C,Sumber Air C,5
ALVIN-2026-03195,2026-09-18 08:10:38.800,379.41,3.17,1.2647,1.0577,1.1612,46.27,High Risk,Botol Sampel E,Sumber Air E,5
ALVIN-2026-03196,2026-09-18 08:10:39.000,301.37,4.08,1.0046,1.3615,1.183,45.81,High Risk,Botol Sampel D,Sumber Air D,5
ALVIN-2026-03197,2026-09-18 08:10:39.200,585.1,9.4,1.9503,3.1343,2.5423,28.23,High Risk,Botol Sampel E,Sumber Air E,5
ALVIN-2026-03198,2026-09-18 08:10:39.400,603.63,8.14,2.0121,2.7134,2.3628,29.74,High Risk,Botol Sampel D,Sumber Air D,5
ALVIN-2026-03199,2026-09-18 08:10:39.600,178.85,2.19,0.5962,0.7294,0.6628,60.14,Moderate Risk,Botol Sampel B,Sumber Air B,5
ALVIN-2026-03200,2026-09-18 08:10:39.800,106.53,0.34,0.3551,0.1126,0.2338,81.05,Low Risk,Botol Sampel A,Sumber Air A,5
ALVIN-2026-03201,2026-09-18 08:10:40.000,195.12,1.68,0.6504,0.5612,0.6058,62.27,Moderate Risk,Botol Sampel C,Sumber Air C,5
ALVIN-2026-03202,2026-09-18 08:10:40.200,229.31,1.69,0.7644,0.5625,0.6634,60.12,Moderate Risk,Botol Sampel C,Sumber Air C,5
ALVIN-2026-03203,2026-09-18 08:10:40.400,109.18,1.04,0.3639,0.3456,0.3548,73.81,Low Risk,Botol Sampel A,Sumber Air A,5
ALVIN-2026-03204,2026-09-18 08:10:40.600,403.26,4.55,1.3442,1.5159,1.43,41.15,High Risk,Botol Sampel D,Sumber Air D,5
ALVIN-2026-03205,2026-09-18 08:10:40.800,280.0,2.39,0.9333,0.7957,0.8645,53.63,Moderate Risk,Botol Sampel C,Sumber Air C,5
ALVIN-2026-03206,2026-09-18 08:10:41.000,119.39,0.15,0.398,0.0491,0.2236,81.73,Low Risk,Botol Sampel A,Sumber Air A,5
ALVIN-2026-03207,2026-09-18 08:10:41.200,81.03,0.58,0.2701,0.1933,0.2317,81.19,Low Risk,Botol Sampel A,Sumber Air A,5
ALVIN-2026-03208,2026-09-18 08:10:41.400,288.49,1.42,0.9616,0.4718,0.7167,58.25,Moderate Risk,Botol Sampel B,Sumber Air B,5
ALVIN-2026-03209,2026-09-18 08:10:41.600,192.64,1.81,0.6421,0.603,0.6225,61.63,Moderate Risk,Botol Sampel B,Sumber Air B,5
ALVIN-2026-03210,2026-09-18 08:10:41.800,418.96,7.19,1.3965,2.3981,1.8973,34.51,High Risk,Botol Sampel D,Sumber Air D,5
ALVIN-2026-03211,2026-09-18 08:10:42.000,721.84,10.03,2.4061,3.3441,2.8751,25.81,High Risk,Botol Sampel D,Sumber Air D,5
ALVIN-2026-03212,2026-09-18 08:10:42.200,59.86,0.66,0.1995,0.2202,0.2098,82.66,Low Risk,Botol Sampel A,Sumber Air A,5
ALVIN-2026-03213,2026-09-18 08:10:42.400,256.31,2.37,0.8544,0.7883,0.8214,54.9,Moderate Risk,Botol Sampel C,Sumber Air C,5
ALVIN-2026-03214,2026-09-18 08:10:42.600,195.75,2.07,0.6525,0.6904,0.6714,59.83,Moderate Risk,Botol Sampel B,Sumber Air B,5
ALVIN-2026-03215,2026-09-18 08:10:42.800,178.46,1.69,0.5949,0.5619,0.5784,63.36,Moderate Risk,Botol Sampel B,Sumber Air B,5
ALVIN-2026-03216,2026-09-18 08:10:43.000,430.1,4.21,1.4337,1.4034,1.4186,41.35,High Risk,Botol Sampel D,Sumber Air D,5
ALVIN-2026-03217,2026-09-18 08:10:43.200,345.58,3.33,1.1519,1.1094,1.1306,46.94,High Risk,Botol Sampel E,Sumber Air E,5
ALVIN-2026-03218,2026-09-18 08:10:43.400,626.17,10.02,2.0872,3.3407,2.714,26.93,High Risk,Botol Sampel D,Sumber Air D,5
ALVIN-2026-03219,2026-09-18 08:10:43.600,456.15,4.2,1.5205,1.4012,1.4608,40.64,High Risk,Botol Sampel D,Sumber Air D,5
ALVIN-2026-03220,2026-09-18 08:10:43.800,160.36,1.79,0.5345,0.5956,0.5651,63.89,Moderate Risk,Botol Sampel C,Sumber Air C,5
ALVIN-2026-03221,2026-09-18 08:10:44.000,247.16,1.46,0.8239,0.4856,0.6547,60.43,Moderate Risk,Botol Sampel B,Sumber Air B,5
ALVIN-2026-03222,2026-09-18 08:10:44.200,166.64,2.03,0.5555,0.6752,0.6154,61.9,Moderate Risk,Botol Sampel C,Sumber Air C,5
ALVIN-2026-03223,2026-09-18 08:10:44.400,304.97,4.83,1.0166,1.6108,1.3137,43.22,High Risk,Botol Sampel D,Sumber Air D,5
ALVIN-2026-03224,2026-09-18 08:10:44.600,366.63,4.2,1.2221,1.3991,1.3106,43.28,High Risk,Botol Sampel E,Sumber Air E,5
ALVIN-2026-03225,2026-09-18 08:10:44.800,546.08,4.59,1.8203,1.5314,1.6758,37.37,High Risk,Botol Sampel D,Sumber Air D,5
ALVIN-2026-03226,2026-09-18 08:10:45.000,169.78,1.7,0.5659,0.5657,0.5658,63.87,Moderate Risk,Botol Sampel B,Sumber Air B,5
ALVIN-2026-03227,2026-09-18 08:10:45.200,705.86,9.32,2.3529,3.1054,2.7291,26.82,High Risk,Botol Sampel E,Sumber Air E,5
ALVIN-2026-03228,2026-09-18 08:10:45.400,280.0,2.3,0.9333,0.7651,0.8492,54.08,Moderate Risk,Botol Sampel B,Sumber Air B,5
ALVIN-2026-03229,2026-09-18 08:10:45.600,310.37,2.88,1.0346,0.9615,0.998,50.05,High Risk,Botol Sampel D,Sumber Air D,5
ALVIN-2026-03230,2026-09-18 08:10:45.800,599.69,4.5,1.999,1.5,1.7495,36.37,High Risk,Botol Sampel D,Sumber Air D,5
ALVIN-2026-03231,2026-09-18 08:10:46.000,285.51,4.14,0.9517,1.3784,1.165,46.19,High Risk,Botol Sampel E,Sumber Air E,5
ALVIN-2026-03232,2026-09-18 08:10:46.200,110.32,0.59,0.3677,0.1976,0.2826,77.97,Moderate Risk,Botol Sampel C,Sumber Air C,5
ALVIN-2026-03233,2026-09-18 08:10:46.400,290.56,3.97,0.9685,1.3236,1.146,46.6,High Risk,Botol Sampel E,Sumber Air E,5
ALVIN-2026-03234,2026-09-18 08:10:46.600,302.26,4.17,1.0075,1.3903,1.1989,45.48,High Risk,Botol Sampel D,Sumber Air D,5
ALVIN-2026-03235,2026-09-18 08:10:46.800,384.07,3.28,1.2802,1.0926,1.1864,45.74,High Risk,Botol Sampel E,Sumber Air E,5
ALVIN-2026-03236,2026-09-18 08:10:47.000,400.0,6.55,1.3333,2.1838,1.7586,36.25,High Risk,Botol Sampel D,Sumber Air D,5
ALVIN-2026-03237,2026-09-18 08:10:47.200,145.0,1.04,0.4833,0.3474,0.4154,70.65,Low Risk,Botol Sampel A,Sumber Air A,5
ALVIN-2026-03238,2026-09-18 08:10:47.400,522.9,5.5,1.743,1.8329,1.788,35.87,High Risk,Botol Sampel D,Sumber Air D,5
ALVIN-2026-03239,2026-09-18 08:10:47.600,179.53,2.32,0.5984,0.7739,0.6862,59.3,Moderate Risk,Botol Sampel B,Sumber Air B,5
ALVIN-2026-03240,2026-09-18 08:10:47.800,573.22,5.86,1.9107,1.9545,1.9326,34.1,High Risk,Botol Sampel D,Sumber Air D,5
ALVIN-2026-03241,2026-09-18 08:10:48.000,113.13,0.43,0.3771,0.1445,0.2608,79.31,Low Risk,Botol Sampel A,Sumber Air A,5
ALVIN-2026-03242,2026-09-18 08:10:48.200,78.48,0.74,0.2616,0.2482,0.2549,79.69,Low Risk,Botol Sampel A,Sumber Air A,5
ALVIN-2026-03243,2026-09-18 08:10:48.400,64.49,0.4,0.215,0.1328,0.1739,85.19,Low Risk,Botol Sampel A,Sumber Air A,5
ALVIN-2026-03244,2026-09-18 08:10:48.600,705.04,5.09,2.3501,1.6975,2.0238,33.07,High Risk,Botol Sampel D,Sumber Air D,5
ALVIN-2026-03245,2026-09-18 08:10:48.800,229.08,2.21,0.7636,0.737,0.7503,57.13,Moderate Risk,Botol Sampel C,Sumber Air C,5
ALVIN-2026-03246,2026-09-18 08:10:49.000,276.0,1.43,0.92,0.4765,0.6982,58.89,Moderate Risk,Botol Sampel C,Sumber Air C,5
ALVIN-2026-03247,2026-09-18 08:10:49.200,196.81,2.02,0.656,0.6736,0.6648,60.07,Moderate Risk,Botol Sampel B,Sumber Air B,5
ALVIN-2026-03248,2026-09-18 08:10:49.400,280.0,2.63,0.9333,0.8757,0.9045,52.51,Moderate Risk,Botol Sampel B,Sumber Air B,5
ALVIN-2026-03249,2026-09-18 08:10:49.600,755.52,9.75,2.5184,3.25,2.8842,25.75,High Risk,Botol Sampel E,Sumber Air E,5
ALVIN-2026-03250,2026-09-18 08:10:49.800,261.68,1.24,0.8723,0.4134,0.6428,60.87,Moderate Risk,Botol Sampel C,Sumber Air C,5
ALVIN-2026-03251,2026-09-18 08:10:50.000,213.61,1.67,0.712,0.5562,0.6341,61.2,Moderate Risk,Botol Sampel B,Sumber Air B,5
ALVIN-2026-03252,2026-09-18 08:10:50.200,200.89,1.83,0.6696,0.6092,0.6394,61.0,Moderate Risk,Botol Sampel B,Sumber Air B,5
ALVIN-2026-03253,2026-09-18 08:10:50.400,179.86,1.56,0.5995,0.5216,0.5606,64.08,Moderate Risk,Botol Sampel B,Sumber Air B,5
ALVIN-2026-03254,2026-09-18 08:10:50.600,123.65,0.72,0.4122,0.239,0.3256,75.44,Low Risk,Botol Sampel A,Sumber Air A,5
ALVIN-2026-03255,2026-09-18 08:10:50.800,755.96,6.04,2.5199,2.0144,2.2672,30.61,High Risk,Botol Sampel D,Sumber Air D,5
ALVIN-2026-03256,2026-09-18 08:10:51.000,451.34,3.17,1.5045,1.056,1.2803,43.85,High Risk,Botol Sampel D,Sumber Air D,5
ALVIN-2026-03257,2026-09-18 08:10:51.200,366.49,3.71,1.2216,1.2363,1.229,44.86,High Risk,Botol Sampel E,Sumber Air E,5
ALVIN-2026-03258,2026-09-18 08:10:51.400,712.78,6.7,2.3759,2.2337,2.3048,30.26,High Risk,Botol Sampel E,Sumber Air E,5
ALVIN-2026-03259,2026-09-18 08:10:51.600,116.27,0.79,0.3876,0.2635,0.3256,75.44,Low Risk,Botol Sampel A,Sumber Air A,5
ALVIN-2026-03260,2026-09-18 08:10:51.800,59.55,1.17,0.1985,0.3907,0.2946,77.24,Low Risk,Botol Sampel A,Sumber Air A,5
ALVIN-2026-03261,2026-09-18 08:10:52.000,676.39,6.24,2.2546,2.0796,2.1671,31.57,High Risk,Botol Sampel E,Sumber Air E,5
ALVIN-2026-03262,2026-09-18 08:10:52.200,483.95,6.89,1.6132,2.2958,1.9545,33.85,High Risk,Botol Sampel E,Sumber Air E,5
ALVIN-2026-03263,2026-09-18 08:10:52.400,356.64,3.56,1.1888,1.1856,1.1872,45.72,High Risk,Botol Sampel D,Sumber Air D,5
ALVIN-2026-03264,2026-09-18 08:10:52.600,122.94,0.4,0.4098,0.1338,0.2718,78.63,Low Risk,Botol Sampel A,Sumber Air A,5
ALVIN-2026-03265,2026-09-18 08:10:52.800,332.9,2.99,1.1097,0.9973,1.0535,48.7,High Risk,Botol Sampel D,Sumber Air D,5
ALVIN-2026-03266,2026-09-18 08:10:53.000,337.0,5.11,1.1233,1.7025,1.4129,41.44,High Risk,Botol Sampel E,Sumber Air E,5
ALVIN-2026-03267,2026-09-18 08:10:53.200,400.0,6.52,1.3333,2.1729,1.7531,36.32,High Risk,Botol Sampel D,Sumber Air D,5
ALVIN-2026-03268,2026-09-18 08:10:53.400,457.68,3.28,1.5256,1.0925,1.309,43.31,High Risk,Botol Sampel D,Sumber Air D,5
ALVIN-2026-03269,2026-09-18 08:10:53.600,117.75,0.99,0.3925,0.3292,0.3608,73.49,Low Risk,Botol Sampel A,Sumber Air A,5
ALVIN-2026-03270,2026-09-18 08:10:53.800,211.46,2.3,0.7049,0.7672,0.736,57.6,Moderate Risk,Botol Sampel C,Sumber Air C,5
ALVIN-2026-03271,2026-09-18 08:10:54.000,400.0,6.71,1.3333,2.2371,1.7852,35.9,High Risk,Botol Sampel D,Sumber Air D,5
ALVIN-2026-03272,2026-09-18 08:10:54.200,183.02,1.35,0.6101,0.4492,0.5296,65.38,Moderate Risk,Botol Sampel C,Sumber Air C,5
ALVIN-2026-03273,2026-09-18 08:10:54.400,314.05,4.15,1.0468,1.3826,1.2147,45.15,High Risk,Botol Sampel D,Sumber Air D,5
ALVIN-2026-03274,2026-09-18 08:10:54.600,112.73,0.51,0.3758,0.1688,0.2723,78.6,Low Risk,Botol Sampel A,Sumber Air A,5
ALVIN-2026-03275,2026-09-18 08:10:54.800,331.82,2.93,1.1061,0.976,1.041,49.0,High Risk,Botol Sampel D,Sumber Air D,5
ALVIN-2026-03276,2026-09-18 08:10:55.000,589.3,5.2,1.9643,1.7344,1.8494,35.1,High Risk,Botol Sampel E,Sumber Air E,5
ALVIN-2026-03277,2026-09-18 08:10:55.200,109.66,0.58,0.3655,0.1939,0.2797,78.14,Moderate Risk,Botol Sampel C,Sumber Air C,5
ALVIN-2026-03278,2026-09-18 08:10:55.400,351.92,3.79,1.1731,1.2642,1.2186,45.07,High Risk,Botol Sampel D,Sumber Air D,5
ALVIN-2026-03279,2026-09-18 08:10:55.600,100.58,0.54,0.3353,0.1786,0.257,79.55,Low Risk,Botol Sampel A,Sumber Air A,5
ALVIN-2026-03280,2026-09-18 08:10:55.800,101.67,0.94,0.3389,0.3118,0.3254,75.45,Moderate Risk,Botol Sampel B,Sumber Air B,5
ALVIN-2026-03281,2026-09-18 08:10:56.000,565.0,4.5,1.8833,1.5,1.6916,37.15,High Risk,Botol Sampel E,Sumber Air E,5
ALVIN-2026-03282,2026-09-18 08:10:56.200,211.89,2.49,0.7063,0.8294,0.7678,56.57,Moderate Risk,Botol Sampel C,Sumber Air C,5
ALVIN-2026-03283,2026-09-18 08:10:56.400,421.07,2.69,1.4036,0.8959,1.1498,46.52,High Risk,Botol Sampel D,Sumber Air D,5
ALVIN-2026-03284,2026-09-18 08:10:56.600,51.22,0.31,0.1707,0.1042,0.1374,87.92,Low Risk,Botol Sampel A,Sumber Air A,5
ALVIN-2026-03285,2026-09-18 08:10:56.800,229.38,1.89,0.7646,0.6285,0.6966,58.94,Moderate Risk,Botol Sampel B,Sumber Air B,5
ALVIN-2026-03286,2026-09-18 08:10:57.000,295.28,2.99,0.9843,0.9974,0.9908,50.23,Moderate Risk,Botol Sampel C,Sumber Air C,5
ALVIN-2026-03287,2026-09-18 08:10:57.200,135.78,0.58,0.4526,0.1919,0.3222,75.63,Moderate Risk,Botol Sampel B,Sumber Air B,5
ALVIN-2026-03288,2026-09-18 08:10:57.400,166.26,1.29,0.5542,0.4311,0.4926,67.0,Moderate Risk,Botol Sampel B,Sumber Air B,5
ALVIN-2026-03289,2026-09-18 08:10:57.600,305.97,4.25,1.0199,1.4181,1.219,45.07,High Risk,Botol Sampel E,Sumber Air E,5
ALVIN-2026-03290,2026-09-18 08:10:57.800,338.19,3.37,1.1273,1.1237,1.1255,47.05,High Risk,Botol Sampel E,Sumber Air E,5
ALVIN-2026-03291,2026-09-18 08:10:58.000,346.74,3.03,1.1558,1.0111,1.0834,48.0,High Risk,Botol Sampel D,Sumber Air D,5
ALVIN-2026-03292,2026-09-18 08:10:58.200,236.21,1.68,0.7874,0.5609,0.6742,59.73,Moderate Risk,Botol Sampel C,Sumber Air C,5
ALVIN-2026-03293,2026-09-18 08:10:58.400,254.92,1.34,0.8497,0.4464,0.648,60.68,Moderate Risk,Botol Sampel C,Sumber Air C,5
ALVIN-2026-03294,2026-09-18 08:10:58.600,393.67,3.15,1.3122,1.0501,1.1812,45.85,High Risk,Botol Sampel E,Sumber Air E,5
ALVIN-2026-03295,2026-09-18 08:10:58.800,97.85,0.16,0.3262,0.0535,0.1898,84.05,Low Risk,Botol Sampel A,Sumber Air A,5
ALVIN-2026-03296,2026-09-18 08:10:59.000,351.78,2.41,1.1726,0.802,0.9873,50.32,High Risk,Botol Sampel D,Sumber Air D,5
ALVIN-2026-03297,2026-09-18 08:10:59.200,288.54,4.61,0.9618,1.5381,1.25,44.44,High Risk,Botol Sampel E,Sumber Air E,5
ALVIN-2026-03298,2026-09-18 08:10:59.400,770.09,6.66,2.567,2.2202,2.3936,29.47,High Risk,Botol Sampel D,Sumber Air D,5
ALVIN-2026-03299,2026-09-18 08:10:59.600,417.63,3.88,1.3921,1.2946,1.3434,42.67,High Risk,Botol Sampel D,Sumber Air D,5
ALVIN-2026-03300,2026-09-18 08:10:59.800,708.46,7.64,2.3615,2.5455,2.4535,28.96,High Risk,Botol Sampel D,Sumber Air D,5
ALVIN-2026-03301,2026-09-18 08:11:00.000,104.35,0.97,0.3478,0.3246,0.3362,74.84,Low Risk,Botol Sampel A,Sumber Air A,5
ALVIN-2026-03302,2026-09-18 08:11:00.200,761.46,6.32,2.5382,2.1059,2.322,30.1,High Risk,Botol Sampel D,Sumber Air D,5
ALVIN-2026-03303,2026-09-18 08:11:00.400,126.5,0.46,0.4217,0.1538,0.2878,77.65,Low Risk,Botol Sampel A,Sumber Air A,5
ALVIN-2026-03304,2026-09-18 08:11:00.600,221.95,2.14,0.7398,0.7123,0.7261,57.93,Moderate Risk,Botol Sampel C,Sumber Air C,5
ALVIN-2026-03305,2026-09-18 08:11:00.800,338.24,4.1,1.1275,1.3654,1.2464,44.52,High Risk,Botol Sampel D,Sumber Air D,5
ALVIN-2026-03306,2026-09-18 08:11:01.000,310.14,3.79,1.0338,1.2625,1.1482,46.55,High Risk,Botol Sampel D,Sumber Air D,5
ALVIN-2026-03307,2026-09-18 08:11:01.200,145.0,1.03,0.4833,0.344,0.4136,70.74,Low Risk,Botol Sampel A,Sumber Air A,5
ALVIN-2026-03308,2026-09-18 08:11:01.400,241.67,1.58,0.8056,0.5283,0.6669,59.99,Moderate Risk,Botol Sampel B,Sumber Air B,5
ALVIN-2026-03309,2026-09-18 08:11:01.600,347.93,3.22,1.1598,1.0722,1.116,47.26,High Risk,Botol Sampel E,Sumber Air E,5
ALVIN-2026-03310,2026-09-18 08:11:01.800,596.89,9.75,1.9896,3.2493,2.6194,27.63,High Risk,Botol Sampel E,Sumber Air E,5
ALVIN-2026-03311,2026-09-18 08:11:02.000,107.78,0.26,0.3593,0.0871,0.2232,81.75,Low Risk,Botol Sampel A,Sumber Air A,5
ALVIN-2026-03312,2026-09-18 08:11:02.200,460.92,6.42,1.5364,2.1388,1.8376,35.24,High Risk,Botol Sampel E,Sumber Air E,5
ALVIN-2026-03313,2026-09-18 08:11:02.400,264.65,2.26,0.8822,0.7533,0.8178,55.01,Moderate Risk,Botol Sampel C,Sumber Air C,5
ALVIN-2026-03314,2026-09-18 08:11:02.600,605.84,7.99,2.0195,2.6649,2.3422,29.92,High Risk,Botol Sampel E,Sumber Air E,5
ALVIN-2026-03315,2026-09-18 08:11:02.800,232.42,2.22,0.7747,0.7392,0.757,56.92,Moderate Risk,Botol Sampel B,Sumber Air B,5
ALVIN-2026-03316,2026-09-18 08:11:03.000,795.71,7.43,2.6524,2.4751,2.5637,28.06,High Risk,Botol Sampel D,Sumber Air D,5
ALVIN-2026-03317,2026-09-18 08:11:03.200,358.98,3.38,1.1966,1.1276,1.1621,46.25,High Risk,Botol Sampel E,Sumber Air E,5
ALVIN-2026-03318,2026-09-18 08:11:03.400,80.88,1.4,0.2696,0.4667,0.3682,73.09,Low Risk,Botol Sampel A,Sumber Air A,5
ALVIN-2026-03319,2026-09-18 08:11:03.600,683.01,7.54,2.2767,2.5148,2.3958,29.45,High Risk,Botol Sampel D,Sumber Air D,5
ALVIN-2026-03320,2026-09-18 08:11:03.800,105.31,0.38,0.351,0.1268,0.2389,80.72,Moderate Risk,Botol Sampel C,Sumber Air C,5
ALVIN-2026-03321,2026-09-18 08:11:04.000,164.77,1.48,0.5492,0.4939,0.5216,65.72,Moderate Risk,Botol Sampel B,Sumber Air B,5
ALVIN-2026-03322,2026-09-18 08:11:04.200,505.6,9.6,1.6853,3.2007,2.443,29.04,High Risk,Botol Sampel D,Sumber Air D,5
ALVIN-2026-03323,2026-09-18 08:11:04.400,224.88,1.45,0.7496,0.485,0.6173,61.83,Moderate Risk,Botol Sampel B,Sumber Air B,5
ALVIN-2026-03324,2026-09-18 08:11:04.600,595.16,8.14,1.9839,2.7119,2.3479,29.87,High Risk,Botol Sampel E,Sumber Air E,5
ALVIN-2026-03325,2026-09-18 08:11:04.800,340.85,2.22,1.1362,0.7414,0.9388,51.58,High Risk,Botol Sampel E,Sumber Air E,5
ALVIN-2026-03326,2026-09-18 08:11:05.000,227.26,1.14,0.7575,0.3802,0.5688,63.74,Moderate Risk,Botol Sampel B,Sumber Air B,5
ALVIN-2026-03327,2026-09-18 08:11:05.200,581.45,8.64,1.9382,2.8785,2.4084,29.34,High Risk,Botol Sampel E,Sumber Air E,5
ALVIN-2026-03328,2026-09-18 08:11:05.400,290.0,1.81,0.9667,0.6046,0.7856,56.0,Moderate Risk,Botol Sampel C,Sumber Air C,5
ALVIN-2026-03329,2026-09-18 08:11:05.600,172.59,1.0,0.5753,0.3333,0.4543,68.76,Moderate Risk,Botol Sampel B,Sumber Air B,5
ALVIN-2026-03330,2026-09-18 08:11:05.800,120.39,0.75,0.4013,0.2494,0.3254,75.45,Low Risk,Botol Sampel A,Sumber Air A,5
ALVIN-2026-03331,2026-09-18 08:11:06.000,591.04,7.03,1.9701,2.3418,2.1559,31.69,High Risk,Botol Sampel D,Sumber Air D,5
ALVIN-2026-03332,2026-09-18 08:11:06.200,376.8,2.84,1.256,0.9474,1.1017,47.58,High Risk,Botol Sampel D,Sumber Air D,5
ALVIN-2026-03333,2026-09-18 08:11:06.400,389.07,2.2,1.2969,0.7333,1.0151,49.63,High Risk,Botol Sampel D,Sumber Air D,5
ALVIN-2026-03334,2026-09-18 08:11:06.600,111.26,0.91,0.3709,0.3044,0.3376,74.76,Low Risk,Botol Sampel A,Sumber Air A,5
ALVIN-2026-03335,2026-09-18 08:11:06.800,173.24,2.26,0.5775,0.7541,0.6658,60.03,Moderate Risk,Botol Sampel C,Sumber Air C,5
ALVIN-2026-03336,2026-09-18 08:11:07.000,343.8,3.52,1.146,1.1738,1.1599,46.3,High Risk,Botol Sampel D,Sumber Air D,5
ALVIN-2026-03337,2026-09-18 08:11:07.200,145.0,0.88,0.4833,0.2949,0.3891,71.99,Moderate Risk,Botol Sampel C,Sumber Air C,5
ALVIN-2026-03338,2026-09-18 08:11:07.400,328.56,3.7,1.0952,1.2319,1.1635,46.22,High Risk,Botol Sampel D,Sumber Air D,5
ALVIN-2026-03339,2026-09-18 08:11:07.600,586.34,6.2,1.9545,2.0667,2.0106,33.22,High Risk,Botol Sampel E,Sumber Air E,5
ALVIN-2026-03340,2026-09-18 08:11:07.800,758.2,5.46,2.5273,1.8212,2.1742,31.5,High Risk,Botol Sampel D,Sumber Air D,5
ALVIN-2026-03341,2026-09-18 08:11:08.000,81.81,0.67,0.2727,0.2244,0.2486,80.09,Moderate Risk,Botol Sampel B,Sumber Air B,5
ALVIN-2026-03342,2026-09-18 08:11:08.200,180.29,2.17,0.601,0.7236,0.6623,60.16,Moderate Risk,Botol Sampel B,Sumber Air B,5
ALVIN-2026-03343,2026-09-18 08:11:08.400,281.66,2.14,0.9389,0.713,0.826,54.76,Moderate Risk,Botol Sampel B,Sumber Air B,5
ALVIN-2026-03344,2026-09-18 08:11:08.600,107.53,0.83,0.3584,0.2774,0.3179,75.88,Low Risk,Botol Sampel A,Sumber Air A,5
ALVIN-2026-03345,2026-09-18 08:11:08.800,203.86,1.63,0.6795,0.5428,0.6112,62.07,Moderate Risk,Botol Sampel B,Sumber Air B,5
ALVIN-2026-03346,2026-09-18 08:11:09.000,340.01,2.81,1.1334,0.9351,1.0343,49.16,High Risk,Botol Sampel D,Sumber Air D,5
ALVIN-2026-03347,2026-09-18 08:11:09.200,599.13,6.58,1.9971,2.1935,2.0953,32.31,High Risk,Botol Sampel E,Sumber Air E,5
ALVIN-2026-03348,2026-09-18 08:11:09.400,70.76,0.56,0.2359,0.1872,0.2116,82.54,Low Risk,Botol Sampel A,Sumber Air A,5
ALVIN-2026-03349,2026-09-18 08:11:09.600,657.97,5.25,2.1932,1.7488,1.971,33.66,High Risk,Botol Sampel E,Sumber Air E,5
ALVIN-2026-03350,2026-09-18 08:11:09.800,562.4,10.03,1.8747,3.3439,2.6093,27.71,High Risk,Botol Sampel E,Sumber Air E,5
ALVIN-2026-03351,2026-09-18 08:11:10.000,687.49,9.62,2.2916,3.2066,2.7491,26.67,High Risk,Botol Sampel D,Sumber Air D,5
ALVIN-2026-03352,2026-09-18 08:11:10.200,639.96,6.4,2.1332,2.1333,2.1333,31.92,High Risk,Botol Sampel E,Sumber Air E,5
ALVIN-2026-03353,2026-09-18 08:11:10.400,295.82,3.56,0.9861,1.1877,1.0869,47.92,High Risk,Botol Sampel D,Sumber Air D,5
ALVIN-2026-03354,2026-09-18 08:11:10.600,213.3,1.63,0.711,0.5438,0.6274,61.45,Moderate Risk,Botol Sampel C,Sumber Air C,5
ALVIN-2026-03355,2026-09-18 08:11:10.800,292.37,3.92,0.9746,1.3068,1.1407,46.71,High Risk,Botol Sampel D,Sumber Air D,5
ALVIN-2026-03356,2026-09-18 08:11:11.000,207.62,1.4,0.6921,0.4656,0.5789,63.34,Moderate Risk,Botol Sampel B,Sumber Air B,5
ALVIN-2026-03357,2026-09-18 08:11:11.200,305.69,3.0,1.019,0.999,1.009,49.78,High Risk,Botol Sampel E,Sumber Air E,5
ALVIN-2026-03358,2026-09-18 08:11:11.400,84.54,0.38,0.2818,0.1259,0.2038,83.07,Moderate Risk,Botol Sampel C,Sumber Air C,5
ALVIN-2026-03359,2026-09-18 08:11:11.600,280.0,3.7,0.9333,1.232,1.0827,48.01,High Risk,Botol Sampel E,Sumber Air E,5
ALVIN-2026-03360,2026-09-18 08:11:11.800,703.06,8.34,2.3435,2.7801,2.5618,28.08,High Risk,Botol Sampel D,Sumber Air D,5
ALVIN-2026-03361,2026-09-18 08:11:12.000,625.03,10.61,2.0834,3.5367,2.8101,26.25,High Risk,Botol Sampel E,Sumber Air E,5
ALVIN-2026-03362,2026-09-18 08:11:12.200,387.38,4.11,1.2913,1.3712,1.3312,42.9,High Risk,Botol Sampel D,Sumber Air D,5
ALVIN-2026-03363,2026-09-18 08:11:12.400,626.73,5.52,2.0891,1.8384,1.9638,33.74,High Risk,Botol Sampel E,Sumber Air E,5
ALVIN-2026-03364,2026-09-18 08:11:12.600,124.61,0.42,0.4154,0.1388,0.2771,78.3,Low Risk,Botol Sampel A,Sumber Air A,5
ALVIN-2026-03365,2026-09-18 08:11:12.800,280.0,3.71,0.9333,1.2377,1.0855,47.95,High Risk,Botol Sampel E,Sumber Air E,5
ALVIN-2026-03366,2026-09-18 08:11:13.000,283.94,3.3,0.9465,1.0987,1.0226,49.44,High Risk,Botol Sampel E,Sumber Air E,5
ALVIN-2026-03367,2026-09-18 08:11:13.200,204.0,2.3,0.68,0.7664,0.7232,58.03,Moderate Risk,Botol Sampel B,Sumber Air B,5
ALVIN-2026-03368,2026-09-18 08:11:13.400,169.18,1.68,0.5639,0.559,0.5614,64.05,Moderate Risk,Botol Sampel C,Sumber Air C,5
ALVIN-2026-03369,2026-09-18 08:11:13.600,207.88,1.91,0.6929,0.6377,0.6653,60.05,Moderate Risk,Botol Sampel B,Sumber Air B,5
ALVIN-2026-03370,2026-09-18 08:11:13.800,122.56,0.47,0.4085,0.1551,0.2818,78.02,Low Risk,Botol Sampel A,Sumber Air A,5
ALVIN-2026-03371,2026-09-18 08:11:14.000,316.49,3.67,1.055,1.2245,1.1397,46.74,High Risk,Botol Sampel E,Sumber Air E,5
ALVIN-2026-03372,2026-09-18 08:11:14.200,141.12,0.94,0.4704,0.3126,0.3915,71.86,Low Risk,Botol Sampel A,Sumber Air A,5
ALVIN-2026-03373,2026-09-18 08:11:14.400,614.06,9.71,2.0469,3.238,2.6425,27.45,High Risk,Botol Sampel D,Sumber Air D,5
ALVIN-2026-03374,2026-09-18 08:11:14.600,786.89,5.07,2.623,1.6889,2.156,31.69,High Risk,Botol Sampel E,Sumber Air E,5
ALVIN-2026-03375,2026-09-18 08:11:14.800,280.0,2.28,0.9333,0.7596,0.8464,54.16,Moderate Risk,Botol Sampel B,Sumber Air B,5
ALVIN-2026-03376,2026-09-18 08:11:15.000,359.79,2.69,1.1993,0.8959,1.0476,48.84,High Risk,Botol Sampel D,Sumber Air D,5
ALVIN-2026-03377,2026-09-18 08:11:15.200,768.52,7.92,2.5617,2.6414,2.6016,27.77,High Risk,Botol Sampel D,Sumber Air D,5
ALVIN-2026-03378,2026-09-18 08:11:15.400,95.87,0.15,0.3196,0.0503,0.185,84.39,Low Risk,Botol Sampel A,Sumber Air A,5
ALVIN-2026-03379,2026-09-18 08:11:15.600,318.03,4.52,1.0601,1.508,1.2841,43.78,High Risk,Botol Sampel D,Sumber Air D,5
ALVIN-2026-03380,2026-09-18 08:11:15.800,140.0,1.93,0.4667,0.6428,0.5548,64.32,Moderate Risk,Botol Sampel B,Sumber Air B,5
ALVIN-2026-03381,2026-09-18 08:11:16.000,321.98,3.58,1.0733,1.1942,1.1338,46.86,High Risk,Botol Sampel D,Sumber Air D,5
ALVIN-2026-03382,2026-09-18 08:11:16.200,235.45,1.44,0.7848,0.4795,0.6322,61.27,Moderate Risk,Botol Sampel B,Sumber Air B,5
ALVIN-2026-03383,2026-09-18 08:11:16.400,191.88,1.86,0.6396,0.6199,0.6298,61.36,Moderate Risk,Botol Sampel B,Sumber Air B,5
ALVIN-2026-03384,2026-09-18 08:11:16.600,597.96,9.36,1.9932,3.1188,2.556,28.12,High Risk,Botol Sampel E,Sumber Air E,5
ALVIN-2026-03385,2026-09-18 08:11:16.800,487.53,8.84,1.6251,2.9455,2.2853,30.44,High Risk,Botol Sampel E,Sumber Air E,5
ALVIN-2026-03386,2026-09-18 08:11:17.000,105.38,0.62,0.3513,0.2056,0.2784,78.22,Low Risk,Botol Sampel A,Sumber Air A,5
ALVIN-2026-03387,2026-09-18 08:11:17.200,679.47,5.21,2.2649,1.7371,2.001,33.32,High Risk,Botol Sampel E,Sumber Air E,5
ALVIN-2026-03388,2026-09-18 08:11:17.400,195.99,1.99,0.6533,0.6647,0.659,60.28,Moderate Risk,Botol Sampel B,Sumber Air B,5
ALVIN-2026-03389,2026-09-18 08:11:17.600,60.19,1.21,0.2006,0.4029,0.3017,76.82,Low Risk,Botol Sampel A,Sumber Air A,5
ALVIN-2026-03390,2026-09-18 08:11:17.800,711.46,5.99,2.3715,1.9966,2.184,31.41,High Risk,Botol Sampel D,Sumber Air D,5
ALVIN-2026-03391,2026-09-18 08:11:18.000,103.85,0.1,0.3462,0.0333,0.1898,84.05,Low Risk,Botol Sampel A,Sumber Air A,5
ALVIN-2026-03392,2026-09-18 08:11:18.200,308.97,4.71,1.0299,1.5711,1.3005,43.47,High Risk,Botol Sampel D,Sumber Air D,5
ALVIN-2026-03393,2026-09-18 08:11:18.400,96.14,0.3,0.3205,0.0994,0.21,82.64,Low Risk,Botol Sampel A,Sumber Air A,5
ALVIN-2026-03394,2026-09-18 08:11:18.600,210.86,1.91,0.7029,0.6368,0.6699,59.88,Moderate Risk,Botol Sampel C,Sumber Air C,5
ALVIN-2026-03395,2026-09-18 08:11:18.800,102.89,1.36,0.343,0.453,0.398,71.53,Low Risk,Botol Sampel A,Sumber Air A,5
ALVIN-2026-03396,2026-09-18 08:11:19.000,353.35,3.75,1.1778,1.2513,1.2146,45.15,High Risk,Botol Sampel D,Sumber Air D,5
ALVIN-2026-03397,2026-09-18 08:11:19.200,64.46,0.56,0.2149,0.1865,0.2007,83.28,Low Risk,Botol Sampel A,Sumber Air A,5
ALVIN-2026-03398,2026-09-18 08:11:19.400,95.64,0.72,0.3188,0.2393,0.279,78.19,Low Risk,Botol Sampel A,Sumber Air A,5
ALVIN-2026-03399,2026-09-18 08:11:19.600,105.42,0.79,0.3514,0.2633,0.3074,76.49,Low Risk,Botol Sampel A,Sumber Air A,5
ALVIN-2026-03400,2026-09-18 08:11:19.800,229.04,1.7,0.7635,0.5653,0.6644,60.08,Moderate Risk,Botol Sampel C,Sumber Air C,5
ALVIN-2026-03401,2026-09-18 08:11:20.000,758.13,6.89,2.5271,2.298,2.4126,29.3,High Risk,Botol Sampel D,Sumber Air D,5
ALVIN-2026-03402,2026-09-18 08:11:20.200,208.02,2.04,0.6934,0.681,0.6872,59.27,Moderate Risk,Botol Sampel C,Sumber Air C,5
ALVIN-2026-03403,2026-09-18 08:11:20.400,403.05,2.92,1.3435,0.9727,1.1581,46.34,High Risk,Botol Sampel E,Sumber Air E,5
ALVIN-2026-03404,2026-09-18 08:11:20.600,145.0,0.39,0.4833,0.1295,0.3064,76.55,Low Risk,Botol Sampel A,Sumber Air A,5
ALVIN-2026-03405,2026-09-18 08:11:20.800,287.48,3.95,0.9583,1.3183,1.1383,46.77,High Risk,Botol Sampel E,Sumber Air E,5
ALVIN-2026-03406,2026-09-18 08:11:21.000,85.43,0.1,0.2848,0.0333,0.159,86.28,Low Risk,Botol Sampel A,Sumber Air A,5
ALVIN-2026-03407,2026-09-18 08:11:21.200,145.0,0.92,0.4833,0.3067,0.395,71.68,Low Risk,Botol Sampel A,Sumber Air A,5
ALVIN-2026-03408,2026-09-18 08:11:21.400,180.43,1.36,0.6014,0.4533,0.5274,65.47,Moderate Risk,Botol Sampel B,Sumber Air B,5
ALVIN-2026-03409,2026-09-18 08:11:21.600,53.69,0.41,0.179,0.1368,0.1579,86.36,Low Risk,Botol Sampel A,Sumber Air A,5
ALVIN-2026-03410,2026-09-18 08:11:21.800,542.12,4.5,1.8071,1.5,1.6536,37.68,High Risk,Botol Sampel E,Sumber Air E,5
ALVIN-2026-03411,2026-09-18 08:11:22.000,39.42,0.61,0.1314,0.2039,0.1676,85.65,Low Risk,Botol Sampel A,Sumber Air A,5
ALVIN-2026-03412,2026-09-18 08:11:22.200,280.0,3.75,0.9333,1.2507,1.092,47.8,High Risk,Botol Sampel D,Sumber Air D,5
ALVIN-2026-03413,2026-09-18 08:11:22.400,247.74,1.41,0.8258,0.4687,0.6472,60.71,Moderate Risk,Botol Sampel B,Sumber Air B,5
ALVIN-2026-03414,2026-09-18 08:11:22.600,280.0,2.49,0.9333,0.8297,0.8815,53.15,Moderate Risk,Botol Sampel B,Sumber Air B,5
ALVIN-2026-03415,2026-09-18 08:11:22.800,233.32,1.72,0.7777,0.5723,0.675,59.7,Moderate Risk,Botol Sampel B,Sumber Air B,5
ALVIN-2026-03416,2026-09-18 08:11:23.000,186.12,1.89,0.6204,0.63,0.6252,61.53,Moderate Risk,Botol Sampel B,Sumber Air B,5
ALVIN-2026-03417,2026-09-18 08:11:23.200,636.99,5.1,2.1233,1.6984,1.9108,34.35,High Risk,Botol Sampel E,Sumber Air E,5
ALVIN-2026-03418,2026-09-18 08:11:23.400,97.18,0.24,0.3239,0.0803,0.2021,83.19,Moderate Risk,Botol Sampel B,Sumber Air B,5
ALVIN-2026-03419,2026-09-18 08:11:23.600,265.52,1.34,0.8851,0.4464,0.6658,60.03,Moderate Risk,Botol Sampel C,Sumber Air C,5
ALVIN-2026-03420,2026-09-18 08:11:23.800,249.71,2.25,0.8324,0.7492,0.7908,55.84,Moderate Risk,Botol Sampel C,Sumber Air C,5
ALVIN-2026-03421,2026-09-18 08:11:24.000,108.36,0.65,0.3612,0.2172,0.2892,77.57,Low Risk,Botol Sampel A,Sumber Air A,5
ALVIN-2026-03422,2026-09-18 08:11:24.200,65.92,0.79,0.2197,0.2643,0.242,80.52,Low Risk,Botol Sampel A,Sumber Air A,5
ALVIN-2026-03423,2026-09-18 08:11:24.400,737.84,8.1,2.4595,2.6986,2.579,27.94,High Risk,Botol Sampel E,Sumber Air E,5
ALVIN-2026-03424,2026-09-18 08:11:24.600,201.84,2.31,0.6728,0.7707,0.7218,58.08,Moderate Risk,Botol Sampel C,Sumber Air C,5
ALVIN-2026-03425,2026-09-18 08:11:24.800,416.96,5.5,1.3899,1.8333,1.6116,38.29,High Risk,Botol Sampel D,Sumber Air D,5
ALVIN-2026-03426,2026-09-18 08:11:25.000,102.42,0.14,0.3414,0.048,0.1947,83.7,Low Risk,Botol Sampel A,Sumber Air A,5
ALVIN-2026-03427,2026-09-18 08:11:25.200,115.42,0.1,0.3847,0.0333,0.209,82.71,Low Risk,Botol Sampel A,Sumber Air A,5
ALVIN-2026-03428,2026-09-18 08:11:25.400,371.98,2.3,1.2399,0.7659,1.0029,49.93,High Risk,Botol Sampel E,Sumber Air E,5
ALVIN-2026-03429,2026-09-18 08:11:25.600,378.89,2.73,1.263,0.9094,1.0862,47.93,High Risk,Botol Sampel D,Sumber Air D,5
ALVIN-2026-03430,2026-09-18 08:11:25.800,310.32,3.35,1.0344,1.1152,1.0748,48.2,High Risk,Botol Sampel E,Sumber Air E,5
ALVIN-2026-03431,2026-09-18 08:11:26.000,90.97,0.1,0.3032,0.0333,0.1682,85.6,Low Risk,Botol Sampel A,Sumber Air A,5
ALVIN-2026-03432,2026-09-18 08:11:26.200,401.74,3.33,1.3391,1.1091,1.2241,44.96,High Risk,Botol Sampel D,Sumber Air D,5
ALVIN-2026-03433,2026-09-18 08:11:26.400,344.97,3.93,1.1499,1.3113,1.2306,44.83,High Risk,Botol Sampel E,Sumber Air E,5
ALVIN-2026-03434,2026-09-18 08:11:26.600,177.44,1.41,0.5915,0.4711,0.5313,65.3,Moderate Risk,Botol Sampel C,Sumber Air C,5
ALVIN-2026-03435,2026-09-18 08:11:26.800,198.65,2.2,0.6622,0.7323,0.6972,58.92,Moderate Risk,Botol Sampel B,Sumber Air B,5
ALVIN-2026-03436,2026-09-18 08:11:27.000,206.97,1.26,0.6899,0.4195,0.5547,64.32,Moderate Risk,Botol Sampel C,Sumber Air C,5
ALVIN-2026-03437,2026-09-18 08:11:27.200,124.01,0.6,0.4134,0.2014,0.3074,76.49,Low Risk,Botol Sampel A,Sumber Air A,5
ALVIN-2026-03438,2026-09-18 08:11:27.400,194.66,1.71,0.6489,0.5713,0.6101,62.11,Moderate Risk,Botol Sampel C,Sumber Air C,5
ALVIN-2026-03439,2026-09-18 08:11:27.600,89.07,0.69,0.2969,0.2309,0.2639,79.12,Low Risk,Botol Sampel A,Sumber Air A,5
ALVIN-2026-03440,2026-09-18 08:11:27.800,385.4,2.85,1.2847,0.9502,1.1174,47.23,High Risk,Botol Sampel E,Sumber Air E,5
ALVIN-2026-03441,2026-09-18 08:11:28.000,614.99,7.49,2.05,2.4963,2.2732,30.55,High Risk,Botol Sampel D,Sumber Air D,5
ALVIN-2026-03442,2026-09-18 08:11:28.200,175.8,1.77,0.586,0.5901,0.588,62.97,Moderate Risk,Botol Sampel B,Sumber Air B,5
ALVIN-2026-03443,2026-09-18 08:11:28.400,355.82,3.44,1.1861,1.1469,1.1665,46.16,High Risk,Botol Sampel D,Sumber Air D,5
ALVIN-2026-03444,2026-09-18 08:11:28.600,312.19,2.89,1.0406,0.9647,1.0026,49.94,High Risk,Botol Sampel D,Sumber Air D,5
ALVIN-2026-03445,2026-09-18 08:11:28.800,280.0,2.81,0.9333,0.9373,0.9353,51.67,Moderate Risk,Botol Sampel C,Sumber Air C,5
ALVIN-2026-03446,2026-09-18 08:11:29.000,85.83,0.95,0.2861,0.3154,0.3008,76.88,Low Risk,Botol Sampel A,Sumber Air A,5
ALVIN-2026-03447,2026-09-18 08:11:29.200,146.51,1.47,0.4884,0.4894,0.4889,67.16,Low Risk,Botol Sampel A,Sumber Air A,5
ALVIN-2026-03448,2026-09-18 08:11:29.400,391.46,4.52,1.3049,1.5082,1.4066,41.55,High Risk,Botol Sampel D,Sumber Air D,5
ALVIN-2026-03449,2026-09-18 08:11:29.600,532.09,5.42,1.7736,1.8062,1.7899,35.84,High Risk,Botol Sampel D,Sumber Air D,5
ALVIN-2026-03450,2026-09-18 08:11:29.800,284.36,5.36,0.9479,1.786,1.367,42.25,High Risk,Botol Sampel E,Sumber Air E,5
ALVIN-2026-03451,2026-09-18 08:11:30.000,208.68,2.0,0.6956,0.665,0.6803,59.51,Moderate Risk,Botol Sampel B,Sumber Air B,5
ALVIN-2026-03452,2026-09-18 08:11:30.200,103.89,0.66,0.3463,0.2212,0.2838,77.89,Low Risk,Botol Sampel A,Sumber Air A,5
ALVIN-2026-03453,2026-09-18 08:11:30.400,229.24,1.67,0.7641,0.5564,0.6602,60.23,Moderate Risk,Botol Sampel C,Sumber Air C,5
ALVIN-2026-03454,2026-09-18 08:11:30.600,210.5,2.05,0.7017,0.685,0.6934,59.05,Moderate Risk,Botol Sampel B,Sumber Air B,5
ALVIN-2026-03455,2026-09-18 08:11:30.800,643.44,7.82,2.1448,2.6081,2.3764,29.62,High Risk,Botol Sampel E,Sumber Air E,5
ALVIN-2026-03456,2026-09-18 08:11:31.000,411.93,2.69,1.3731,0.8981,1.1356,46.83,High Risk,Botol Sampel E,Sumber Air E,5
ALVIN-2026-03457,2026-09-18 08:11:31.200,104.2,0.39,0.3473,0.1294,0.2384,80.75,Low Risk,Botol Sampel A,Sumber Air A,5
ALVIN-2026-03458,2026-09-18 08:11:31.400,400.0,6.83,1.3333,2.2782,1.8058,35.64,High Risk,Botol Sampel D,Sumber Air D,5
ALVIN-2026-03459,2026-09-18 08:11:31.600,114.88,0.57,0.3829,0.1902,0.2866,77.72,Moderate Risk,Botol Sampel B,Sumber Air B,5
ALVIN-2026-03460,2026-09-18 08:11:31.800,228.97,2.24,0.7632,0.7469,0.755,56.98,Moderate Risk,Botol Sampel B,Sumber Air B,5
ALVIN-2026-03461,2026-09-18 08:11:32.000,614.62,5.41,2.0487,1.8041,1.9264,34.17,High Risk,Botol Sampel E,Sumber Air E,5
ALVIN-2026-03462,2026-09-18 08:11:32.200,225.43,1.91,0.7514,0.6354,0.6934,59.05,Moderate Risk,Botol Sampel C,Sumber Air C,5
ALVIN-2026-03463,2026-09-18 08:11:32.400,166.74,1.9,0.5558,0.6339,0.5948,62.7,Moderate Risk,Botol Sampel B,Sumber Air B,5
ALVIN-2026-03464,2026-09-18 08:11:32.600,224.04,1.81,0.7468,0.6033,0.675,59.7,Moderate Risk,Botol Sampel B,Sumber Air B,5
ALVIN-2026-03465,2026-09-18 08:11:32.800,264.46,1.51,0.8815,0.5037,0.6926,59.08,Moderate Risk,Botol Sampel C,Sumber Air C,5
ALVIN-2026-03466,2026-09-18 08:11:33.000,280.0,3.02,0.9333,1.0077,0.9705,50.75,High Risk,Botol Sampel D,Sumber Air D,5
ALVIN-2026-03467,2026-09-18 08:11:33.200,138.49,0.69,0.4616,0.2296,0.3456,74.32,Low Risk,Botol Sampel A,Sumber Air A,5
ALVIN-2026-03468,2026-09-18 08:11:33.400,184.56,1.91,0.6152,0.6362,0.6257,61.51,Moderate Risk,Botol Sampel B,Sumber Air B,5
ALVIN-2026-03469,2026-09-18 08:11:33.600,600.37,5.19,2.0012,1.7308,1.866,34.89,High Risk,Botol Sampel D,Sumber Air D,5
ALVIN-2026-03470,2026-09-18 08:11:33.800,186.59,1.8,0.622,0.5989,0.6104,62.1,Moderate Risk,Botol Sampel C,Sumber Air C,5
ALVIN-2026-03471,2026-09-18 08:11:34.000,117.98,0.58,0.3933,0.1924,0.2928,77.35,Low Risk,Botol Sampel A,Sumber Air A,5
ALVIN-2026-03472,2026-09-18 08:11:34.200,201.18,1.24,0.6706,0.4132,0.5419,64.86,Moderate Risk,Botol Sampel C,Sumber Air C,5
ALVIN-2026-03473,2026-09-18 08:11:34.400,548.67,4.5,1.8289,1.5,1.6644,37.53,High Risk,Botol Sampel E,Sumber Air E,5
ALVIN-2026-03474,2026-09-18 08:11:34.600,240.61,1.69,0.802,0.5623,0.6822,59.45,Moderate Risk,Botol Sampel B,Sumber Air B,5
ALVIN-2026-03475,2026-09-18 08:11:34.800,238.9,2.07,0.7963,0.6893,0.7428,57.38,Moderate Risk,Botol Sampel B,Sumber Air B,5
ALVIN-2026-03476,2026-09-18 08:11:35.000,383.57,2.36,1.2786,0.788,1.0333,49.18,High Risk,Botol Sampel D,Sumber Air D,5
ALVIN-2026-03477,2026-09-18 08:11:35.200,76.39,0.43,0.2546,0.143,0.1988,83.42,Low Risk,Botol Sampel A,Sumber Air A,5
ALVIN-2026-03478,2026-09-18 08:11:35.400,334.65,3.3,1.1155,1.1014,1.1084,47.43,High Risk,Botol Sampel E,Sumber Air E,5
ALVIN-2026-03479,2026-09-18 08:11:35.600,280.0,4.19,0.9333,1.3978,1.1656,46.18,High Risk,Botol Sampel D,Sumber Air D,5
ALVIN-2026-03480,2026-09-18 08:11:35.800,101.96,1.03,0.3399,0.3447,0.3423,74.5,Low Risk,Botol Sampel A,Sumber Air A,5
ALVIN-2026-03481,2026-09-18 08:11:36.000,100.24,0.88,0.3341,0.2943,0.3142,76.09,Low Risk,Botol Sampel A,Sumber Air A,5
ALVIN-2026-03482,2026-09-18 08:11:36.200,69.56,0.88,0.2319,0.2943,0.2631,79.17,Low Risk,Botol Sampel A,Sumber Air A,5
ALVIN-2026-03483,2026-09-18 08:11:36.400,112.96,0.14,0.3765,0.0451,0.2108,82.59,Low Risk,Botol Sampel A,Sumber Air A,5
ALVIN-2026-03484,2026-09-18 08:11:36.600,191.41,2.17,0.638,0.7223,0.6802,59.52,Moderate Risk,Botol Sampel B,Sumber Air B,5
ALVIN-2026-03485,2026-09-18 08:11:36.800,224.73,1.62,0.7491,0.5404,0.6447,60.8,Moderate Risk,Botol Sampel C,Sumber Air C,5
ALVIN-2026-03486,2026-09-18 08:11:37.000,280.0,2.89,0.9333,0.9629,0.9481,51.33,Moderate Risk,Botol Sampel B,Sumber Air B,5
ALVIN-2026-03487,2026-09-18 08:11:37.200,694.88,6.52,2.3163,2.1725,2.2444,30.82,High Risk,Botol Sampel D,Sumber Air D,5
ALVIN-2026-03488,2026-09-18 08:11:37.400,530.98,6.36,1.7699,2.1191,1.9445,33.96,High Risk,Botol Sampel E,Sumber Air E,5
ALVIN-2026-03489,2026-09-18 08:11:37.600,384.28,2.2,1.2809,0.7333,1.0071,49.82,High Risk,Botol Sampel E,Sumber Air E,5
ALVIN-2026-03490,2026-09-18 08:11:37.800,280.0,4.53,0.9333,1.5111,1.2222,45.0,High Risk,Botol Sampel E,Sumber Air E,5
ALVIN-2026-03491,2026-09-18 08:11:38.000,237.06,1.31,0.7902,0.4368,0.6135,61.98,Moderate Risk,Botol Sampel C,Sumber Air C,5
ALVIN-2026-03492,2026-09-18 08:11:38.200,89.69,0.93,0.299,0.3112,0.3051,76.62,Low Risk,Botol Sampel A,Sumber Air A,5
ALVIN-2026-03493,2026-09-18 08:11:38.400,245.47,1.9,0.8182,0.6323,0.7252,57.96,Moderate Risk,Botol Sampel C,Sumber Air C,5
ALVIN-2026-03494,2026-09-18 08:11:38.600,288.05,2.87,0.9602,0.9566,0.9584,51.06,Moderate Risk,Botol Sampel C,Sumber Air C,5
ALVIN-2026-03495,2026-09-18 08:11:38.800,144.9,1.74,0.483,0.5803,0.5316,65.29,Moderate Risk,Botol Sampel C,Sumber Air C,5
ALVIN-2026-03496,2026-09-18 08:11:39.000,80.01,0.6,0.2667,0.199,0.2328,81.12,Low Risk,Botol Sampel A,Sumber Air A,5
ALVIN-2026-03497,2026-09-18 08:11:39.200,286.3,2.35,0.9543,0.7835,0.8689,53.51,Moderate Risk,Botol Sampel C,Sumber Air C,5
ALVIN-2026-03498,2026-09-18 08:11:39.400,689.33,6.38,2.2978,2.1252,2.2115,31.14,High Risk,Botol Sampel D,Sumber Air D,5
ALVIN-2026-03499,2026-09-18 08:11:39.600,344.54,2.71,1.1485,0.9043,1.0264,49.35,High Risk,Botol Sampel D,Sumber Air D,5
ALVIN-2026-03500,2026-09-18 08:11:39.800,110.09,0.7,0.367,0.2349,0.301,76.86,Moderate Risk,Botol Sampel B,Sumber Air B,5
ALVIN-2026-03501,2026-09-18 08:11:40.000,163.58,1.29,0.5453,0.4291,0.4872,67.24,Moderate Risk,Botol Sampel B,Sumber Air B,5
ALVIN-2026-03502,2026-09-18 08:11:40.200,754.44,6.44,2.5148,2.1471,2.331,30.02,High Risk,Botol Sampel D,Sumber Air D,5
ALVIN-2026-03503,2026-09-18 08:11:40.400,348.84,4.41,1.1628,1.4684,1.3156,43.19,High Risk,Botol Sampel D,Sumber Air D,5
ALVIN-2026-03504,2026-09-18 08:11:40.600,352.78,2.2,1.1759,0.7333,0.9546,51.16,High Risk,Botol Sampel D,Sumber Air D,5
ALVIN-2026-03505,2026-09-18 08:11:40.800,354.0,5.33,1.18,1.7757,1.4779,40.36,High Risk,Botol Sampel D,Sumber Air D,5
ALVIN-2026-03506,2026-09-18 08:11:41.000,65.64,0.63,0.2188,0.2098,0.2143,82.35,Moderate Risk,Botol Sampel C,Sumber Air C,5
ALVIN-2026-03507,2026-09-18 08:11:41.200,236.83,1.23,0.7894,0.4117,0.6006,62.48,Moderate Risk,Botol Sampel C,Sumber Air C,5
ALVIN-2026-03508,2026-09-18 08:11:41.400,541.09,8.91,1.8036,2.9689,2.3862,29.53,High Risk,Botol Sampel E,Sumber Air E,5
ALVIN-2026-03509,2026-09-18 08:11:41.600,198.15,2.23,0.6605,0.7448,0.7026,58.73,Moderate Risk,Botol Sampel C,Sumber Air C,5
ALVIN-2026-03510,2026-09-18 08:11:41.800,63.09,0.5,0.2103,0.1659,0.1881,84.17,Low Risk,Botol Sampel A,Sumber Air A,5
ALVIN-2026-03511,2026-09-18 08:11:42.000,205.97,1.99,0.6866,0.6636,0.6751,59.7,Moderate Risk,Botol Sampel B,Sumber Air B,5
ALVIN-2026-03512,2026-09-18 08:11:42.200,628.08,7.9,2.0936,2.6336,2.3636,29.73,High Risk,Botol Sampel E,Sumber Air E,5
ALVIN-2026-03513,2026-09-18 08:11:42.400,234.69,2.64,0.7823,0.8816,0.832,54.59,Moderate Risk,Botol Sampel B,Sumber Air B,5
ALVIN-2026-03514,2026-09-18 08:11:42.600,419.39,5.5,1.398,1.8327,1.6153,38.24,High Risk,Botol Sampel E,Sumber Air E,5
ALVIN-2026-03515,2026-09-18 08:11:42.800,353.33,3.71,1.1778,1.2367,1.2072,45.31,High Risk,Botol Sampel E,Sumber Air E,5
ALVIN-2026-03516,2026-09-18 08:11:43.000,249.97,1.18,0.8332,0.3935,0.6134,61.98,Moderate Risk,Botol Sampel C,Sumber Air C,5
ALVIN-2026-03517,2026-09-18 08:11:43.200,122.59,0.23,0.4086,0.0759,0.2422,80.5,Low Risk,Botol Sampel A,Sumber Air A,5
ALVIN-2026-03518,2026-09-18 08:11:43.400,811.3,8.86,2.7043,2.953,2.8286,26.12,High Risk,Botol Sampel E,Sumber Air E,5
ALVIN-2026-03519,2026-09-18 08:11:43.600,327.32,2.85,1.0911,0.9505,1.0208,49.49,High Risk,Botol Sampel D,Sumber Air D,5
ALVIN-2026-03520,2026-09-18 08:11:43.800,390.59,3.04,1.302,1.0123,1.1572,46.36,High Risk,Botol Sampel D,Sumber Air D,5
ALVIN-2026-03521,2026-09-18 08:11:44.000,89.47,0.41,0.2982,0.1352,0.2167,82.19,Low Risk,Botol Sampel A,Sumber Air A,5
ALVIN-2026-03522,2026-09-18 08:11:44.200,514.68,6.61,1.7156,2.2039,1.9598,33.79,High Risk,Botol Sampel D,Sumber Air D,5
ALVIN-2026-03523,2026-09-18 08:11:44.400,766.39,6.69,2.5546,2.2309,2.3928,29.47,High Risk,Botol Sampel E,Sumber Air E,5
ALVIN-2026-03524,2026-09-18 08:11:44.600,88.25,0.87,0.2942,0.2909,0.2925,77.37,Low Risk,Botol Sampel A,Sumber Air A,5
ALVIN-2026-03525,2026-09-18 08:11:44.800,562.25,6.57,1.8742,2.19,2.0321,32.98,High Risk,Botol Sampel D,Sumber Air D,5
ALVIN-2026-03526,2026-09-18 08:11:45.000,685.56,9.85,2.2852,3.2819,2.7836,26.43,High Risk,Botol Sampel D,Sumber Air D,5
ALVIN-2026-03527,2026-09-18 08:11:45.200,433.71,4.34,1.4457,1.4465,1.4461,40.88,High Risk,Botol Sampel E,Sumber Air E,5
ALVIN-2026-03528,2026-09-18 08:11:45.400,199.6,2.1,0.6653,0.6987,0.682,59.45,Moderate Risk,Botol Sampel B,Sumber Air B,5
ALVIN-2026-03529,2026-09-18 08:11:45.600,875.7,9.94,2.919,3.3134,3.1162,24.29,High Risk,Botol Sampel D,Sumber Air D,5
ALVIN-2026-03530,2026-09-18 08:11:45.800,105.44,0.57,0.3515,0.1897,0.2706,78.7,Low Risk,Botol Sampel A,Sumber Air A,5
ALVIN-2026-03531,2026-09-18 08:11:46.000,600.66,7.22,2.0022,2.4062,2.2042,31.21,High Risk,Botol Sampel D,Sumber Air D,5
ALVIN-2026-03532,2026-09-18 08:11:46.200,575.46,9.89,1.9182,3.2974,2.6078,27.72,High Risk,Botol Sampel E,Sumber Air E,5
ALVIN-2026-03533,2026-09-18 08:11:46.400,552.62,10.5,1.8421,3.4998,2.671,27.24,High Risk,Botol Sampel E,Sumber Air E,5
ALVIN-2026-03534,2026-09-18 08:11:46.600,714.11,6.1,2.3804,2.0345,2.2074,31.18,High Risk,Botol Sampel D,Sumber Air D,5
ALVIN-2026-03535,2026-09-18 08:11:46.800,292.09,3.14,0.9736,1.0477,1.0106,49.74,High Risk,Botol Sampel E,Sumber Air E,5
ALVIN-2026-03536,2026-09-18 08:11:47.000,134.15,0.64,0.4472,0.2138,0.3305,75.16,Low Risk,Botol Sampel A,Sumber Air A,5
ALVIN-2026-03537,2026-09-18 08:11:47.200,189.84,1.47,0.6328,0.4899,0.5614,64.05,Moderate Risk,Botol Sampel C,Sumber Air C,5
ALVIN-2026-03538,2026-09-18 08:11:47.400,118.15,0.66,0.3938,0.2203,0.307,76.51,Low Risk,Botol Sampel A,Sumber Air A,5
ALVIN-2026-03539,2026-09-18 08:11:47.600,557.77,4.5,1.8592,1.5,1.6796,37.32,High Risk,Botol Sampel D,Sumber Air D,5
ALVIN-2026-03540,2026-09-18 08:11:47.800,292.12,2.2,0.9737,0.7333,0.8535,53.95,Moderate Risk,Botol Sampel B,Sumber Air B,5
ALVIN-2026-03541,2026-09-18 08:11:48.000,280.0,2.89,0.9333,0.965,0.9492,51.3,Moderate Risk,Botol Sampel C,Sumber Air C,5
ALVIN-2026-03542,2026-09-18 08:11:48.200,363.38,3.39,1.2113,1.13,1.1706,46.07,High Risk,Botol Sampel E,Sumber Air E,5
ALVIN-2026-03543,2026-09-18 08:11:48.400,57.62,0.49,0.1921,0.1634,0.1778,84.9,Low Risk,Botol Sampel A,Sumber Air A,5
ALVIN-2026-03544,2026-09-18 08:11:48.600,86.54,1.12,0.2885,0.3731,0.3308,75.14,Low Risk,Botol Sampel A,Sumber Air A,5
ALVIN-2026-03545,2026-09-18 08:11:48.800,74.56,0.71,0.2485,0.2367,0.2426,80.48,Low Risk,Botol Sampel A,Sumber Air A,5
ALVIN-2026-03546,2026-09-18 08:11:49.000,358.47,5.42,1.1949,1.8076,1.5013,39.98,High Risk,Botol Sampel D,Sumber Air D,5
ALVIN-2026-03547,2026-09-18 08:11:49.200,381.82,3.63,1.2727,1.2094,1.241,44.62,High Risk,Botol Sampel D,Sumber Air D,5
ALVIN-2026-03548,2026-09-18 08:11:49.400,135.04,0.61,0.4501,0.2048,0.3274,75.34,Low Risk,Botol Sampel A,Sumber Air A,5
ALVIN-2026-03549,2026-09-18 08:11:49.600,627.33,5.16,2.0911,1.7214,1.9062,34.41,High Risk,Botol Sampel E,Sumber Air E,5
ALVIN-2026-03550,2026-09-18 08:11:49.800,271.37,1.79,0.9046,0.598,0.7513,57.1,Moderate Risk,Botol Sampel B,Sumber Air B,5
ALVIN-2026-03551,2026-09-18 08:11:50.000,184.16,1.97,0.6139,0.6579,0.6359,61.13,Moderate Risk,Botol Sampel B,Sumber Air B,5
ALVIN-2026-03552,2026-09-18 08:11:50.200,217.96,1.76,0.7265,0.5879,0.6572,60.34,Moderate Risk,Botol Sampel B,Sumber Air B,5
ALVIN-2026-03553,2026-09-18 08:11:50.400,144.9,1.03,0.483,0.3435,0.4132,70.76,Low Risk,Botol Sampel A,Sumber Air A,5
ALVIN-2026-03554,2026-09-18 08:11:50.600,140.42,0.96,0.4681,0.3211,0.3946,71.71,Low Risk,Botol Sampel A,Sumber Air A,5
ALVIN-2026-03555,2026-09-18 08:11:50.800,581.08,4.5,1.9369,1.5,1.7184,36.79,High Risk,Botol Sampel D,Sumber Air D,5
ALVIN-2026-03556,2026-09-18 08:11:51.000,155.8,1.5,0.5193,0.5012,0.5102,66.22,Moderate Risk,Botol Sampel B,Sumber Air B,5
ALVIN-2026-03557,2026-09-18 08:11:51.200,127.54,0.76,0.4251,0.2543,0.3397,74.64,Low Risk,Botol Sampel A,Sumber Air A,5
ALVIN-2026-03558,2026-09-18 08:11:51.400,876.68,4.81,2.9223,1.6043,2.2633,30.64,High Risk,Botol Sampel D,Sumber Air D,5
ALVIN-2026-03559,2026-09-18 08:11:51.600,352.74,3.07,1.1758,1.0226,1.0992,47.64,High Risk,Botol Sampel D,Sumber Air D,5
ALVIN-2026-03560,2026-09-18 08:11:51.800,54.51,0.8,0.1817,0.2683,0.225,81.63,Low Risk,Botol Sampel A,Sumber Air A,5
ALVIN-2026-03561,2026-09-18 08:11:52.000,280.0,2.85,0.9333,0.9497,0.9415,51.51,Moderate Risk,Botol Sampel B,Sumber Air B,5
ALVIN-2026-03562,2026-09-18 08:11:52.200,181.76,2.54,0.6059,0.8461,0.726,57.94,Moderate Risk,Botol Sampel C,Sumber Air C,5
ALVIN-2026-03563,2026-09-18 08:11:52.400,104.77,0.7,0.3492,0.2343,0.2918,77.41,Low Risk,Botol Sampel A,Sumber Air A,5
ALVIN-2026-03564,2026-09-18 08:11:52.600,205.52,2.34,0.6851,0.7809,0.733,57.7,Moderate Risk,Botol Sampel C,Sumber Air C,5
ALVIN-2026-03565,2026-09-18 08:11:52.800,307.06,3.32,1.0235,1.1066,1.065,48.43,High Risk,Botol Sampel D,Sumber Air D,5
ALVIN-2026-03566,2026-09-18 08:11:53.000,191.68,2.32,0.6389,0.7736,0.7062,58.61,Moderate Risk,Botol Sampel C,Sumber Air C,5
ALVIN-2026-03567,2026-09-18 08:11:53.200,833.39,5.79,2.778,1.9313,2.3546,29.81,High Risk,Botol Sampel D,Sumber Air D,5
ALVIN-2026-03568,2026-09-18 08:11:53.400,90.79,0.46,0.3026,0.1533,0.228,81.43,Low Risk,Botol Sampel A,Sumber Air A,5
ALVIN-2026-03569,2026-09-18 08:11:53.600,221.45,1.66,0.7382,0.5529,0.6456,60.77,Moderate Risk,Botol Sampel B,Sumber Air B,5
ALVIN-2026-03570,2026-09-18 08:11:53.800,816.59,9.72,2.722,3.24,2.981,25.12,High Risk,Botol Sampel D,Sumber Air D,5
ALVIN-2026-03571,2026-09-18 08:11:54.000,565.46,6.16,1.8849,2.0543,1.9696,33.67,High Risk,Botol Sampel D,Sumber Air D,5
ALVIN-2026-03572,2026-09-18 08:11:54.200,56.66,0.66,0.1889,0.2188,0.2038,83.07,Low Risk,Botol Sampel A,Sumber Air A,5
ALVIN-2026-03573,2026-09-18 08:11:54.400,113.08,0.54,0.3769,0.1815,0.2792,78.17,Low Risk,Botol Sampel A,Sumber Air A,5
ALVIN-2026-03574,2026-09-18 08:11:54.600,109.61,0.4,0.3654,0.1345,0.25,80.0,Low Risk,Botol Sampel A,Sumber Air A,5
ALVIN-2026-03575,2026-09-18 08:11:54.800,343.53,4.14,1.1451,1.3798,1.2624,44.2,High Risk,Botol Sampel E,Sumber Air E,5
ALVIN-2026-03576,2026-09-18 08:11:55.000,172.0,1.91,0.5733,0.6379,0.6056,62.28,Moderate Risk,Botol Sampel B,Sumber Air B,5
ALVIN-2026-03577,2026-09-18 08:11:55.200,149.98,2.49,0.4999,0.8301,0.665,60.06,Moderate Risk,Botol Sampel B,Sumber Air B,5
ALVIN-2026-03578,2026-09-18 08:11:55.400,616.59,6.29,2.0553,2.0952,2.0752,32.52,High Risk,Botol Sampel E,Sumber Air E,5
ALVIN-2026-03579,2026-09-18 08:11:55.600,263.91,1.62,0.8797,0.5402,0.71,58.48,Moderate Risk,Botol Sampel B,Sumber Air B,5
ALVIN-2026-03580,2026-09-18 08:11:55.800,223.3,1.62,0.7443,0.5413,0.6428,60.87,Moderate Risk,Botol Sampel B,Sumber Air B,5
ALVIN-2026-03581,2026-09-18 08:11:56.000,142.45,0.17,0.4748,0.0575,0.2662,78.98,Low Risk,Botol Sampel A,Sumber Air A,5
ALVIN-2026-03582,2026-09-18 08:11:56.200,392.86,4.68,1.3095,1.5599,1.4347,41.07,High Risk,Botol Sampel E,Sumber Air E,5
ALVIN-2026-03583,2026-09-18 08:11:56.400,217.6,1.49,0.7253,0.4953,0.6103,62.1,Moderate Risk,Botol Sampel B,Sumber Air B,5
ALVIN-2026-03584,2026-09-18 08:11:56.600,195.84,1.45,0.6528,0.4821,0.5674,63.8,Moderate Risk,Botol Sampel B,Sumber Air B,5
ALVIN-2026-03585,2026-09-18 08:11:56.800,380.0,3.85,1.2667,1.2834,1.275,43.96,High Risk,Botol Sampel E,Sumber Air E,5
ALVIN-2026-03586,2026-09-18 08:11:57.000,407.32,3.03,1.3577,1.0094,1.1835,45.8,High Risk,Botol Sampel E,Sumber Air E,5
ALVIN-2026-03587,2026-09-18 08:11:57.200,329.68,2.91,1.0989,0.9711,1.035,49.14,High Risk,Botol Sampel E,Sumber Air E,5
ALVIN-2026-03588,2026-09-18 08:11:57.400,123.62,0.88,0.4121,0.2947,0.3534,73.89,Low Risk,Botol Sampel A,Sumber Air A,5
ALVIN-2026-03589,2026-09-18 08:11:57.600,108.05,0.53,0.3602,0.1752,0.2677,78.88,Low Risk,Botol Sampel A,Sumber Air A,5
ALVIN-2026-03590,2026-09-18 08:11:57.800,285.3,3.68,0.951,1.2277,1.0894,47.86,High Risk,Botol Sampel D,Sumber Air D,5
ALVIN-2026-03591,2026-09-18 08:11:58.000,573.3,4.5,1.911,1.5,1.7055,36.96,High Risk,Botol Sampel E,Sumber Air E,5
ALVIN-2026-03592,2026-09-18 08:11:58.200,687.12,5.81,2.2904,1.9359,2.1132,32.12,High Risk,Botol Sampel E,Sumber Air E,5
ALVIN-2026-03593,2026-09-18 08:11:58.400,89.22,0.69,0.2974,0.23,0.2637,79.13,Low Risk,Botol Sampel A,Sumber Air A,5
ALVIN-2026-03594,2026-09-18 08:11:58.600,230.23,2.02,0.7674,0.6733,0.7204,58.13,Moderate Risk,Botol Sampel B,Sumber Air B,5
ALVIN-2026-03595,2026-09-18 08:11:58.800,391.45,2.67,1.3048,0.8886,1.0967,47.69,High Risk,Botol Sampel E,Sumber Air E,5
ALVIN-2026-03596,2026-09-18 08:11:59.000,228.51,1.66,0.7617,0.5521,0.6569,60.35,Moderate Risk,Botol Sampel B,Sumber Air B,5
ALVIN-2026-03597,2026-09-18 08:11:59.200,120.58,0.46,0.4019,0.1542,0.278,78.25,Moderate Risk,Botol Sampel B,Sumber Air B,5
ALVIN-2026-03598,2026-09-18 08:11:59.400,125.85,0.22,0.4195,0.0725,0.246,80.26,Low Risk,Botol Sampel A,Sumber Air A,5
ALVIN-2026-03599,2026-09-18 08:11:59.600,326.11,2.2,1.087,0.7333,0.9102,52.35,High Risk,Botol Sampel E,Sumber Air E,5
ALVIN-2026-03600,2026-09-18 08:11:59.800,842.15,6.51,2.8072,2.171,2.4891,28.66,High Risk,Botol Sampel E,Sumber Air E,5
ALVIN-2026-03601,2026-09-18 08:12:00.000,431.51,5.19,1.4384,1.7311,1.5848,38.69,High Risk,Botol Sampel E,Sumber Air E,5
ALVIN-2026-03602,2026-09-18 08:12:00.200,480.43,5.4,1.6014,1.7989,1.7002,37.03,High Risk,Botol Sampel D,Sumber Air D,5
ALVIN-2026-03603,2026-09-18 08:12:00.400,207.5,2.09,0.6917,0.6964,0.6941,59.03,Moderate Risk,Botol Sampel B,Sumber Air B,5
ALVIN-2026-03604,2026-09-18 08:12:00.600,78.97,0.15,0.2632,0.049,0.1561,86.5,Low Risk,Botol Sampel A,Sumber Air A,5
ALVIN-2026-03605,2026-09-18 08:12:00.800,241.3,1.52,0.8043,0.5082,0.6562,60.38,Moderate Risk,Botol Sampel B,Sumber Air B,5
ALVIN-2026-03606,2026-09-18 08:12:01.000,503.55,7.45,1.6785,2.4824,2.0804,32.46,High Risk,Botol Sampel E,Sumber Air E,5
ALVIN-2026-03607,2026-09-18 08:12:01.200,54.96,0.81,0.1832,0.269,0.2261,81.56,Moderate Risk,Botol Sampel C,Sumber Air C,5
ALVIN-2026-03608,2026-09-18 08:12:01.400,106.44,0.41,0.3548,0.1366,0.2457,80.28,Moderate Risk,Botol Sampel C,Sumber Air C,5
ALVIN-2026-03609,2026-09-18 08:12:01.600,113.86,0.47,0.3795,0.1564,0.268,78.86,Low Risk,Botol Sampel A,Sumber Air A,5
ALVIN-2026-03610,2026-09-18 08:12:01.800,98.85,0.72,0.3295,0.2395,0.2845,77.85,Low Risk,Botol Sampel A,Sumber Air A,5
ALVIN-2026-03611,2026-09-18 08:12:02.000,80.06,0.41,0.2669,0.1368,0.2019,83.2,Low Risk,Botol Sampel A,Sumber Air A,5
ALVIN-2026-03612,2026-09-18 08:12:02.200,516.07,8.47,1.7202,2.8249,2.2726,30.56,High Risk,Botol Sampel E,Sumber Air E,5
ALVIN-2026-03613,2026-09-18 08:12:02.400,428.51,2.63,1.4284,0.8759,1.1522,46.46,High Risk,Botol Sampel D,Sumber Air D,5
ALVIN-2026-03614,2026-09-18 08:12:02.600,832.84,8.76,2.7761,2.9213,2.8487,25.98,High Risk,Botol Sampel D,Sumber Air D,5
ALVIN-2026-03615,2026-09-18 08:12:02.800,179.91,1.42,0.5997,0.4741,0.5369,65.07,Moderate Risk,Botol Sampel C,Sumber Air C,5
ALVIN-2026-03616,2026-09-18 08:12:03.000,762.89,9.15,2.543,3.051,2.797,26.34,High Risk,Botol Sampel E,Sumber Air E,5
ALVIN-2026-03617,2026-09-18 08:12:03.200,200.17,1.8,0.6672,0.6002,0.6337,61.21,Moderate Risk,Botol Sampel B,Sumber Air B,5
ALVIN-2026-03618,2026-09-18 08:12:03.400,738.87,6.59,2.4629,2.1968,2.3298,30.03,High Risk,Botol Sampel E,Sumber Air E,5
ALVIN-2026-03619,2026-09-18 08:12:03.600,181.37,2.06,0.6046,0.6867,0.6457,60.76,Moderate Risk,Botol Sampel B,Sumber Air B,5
ALVIN-2026-03620,2026-09-18 08:12:03.800,363.45,4.41,1.2115,1.469,1.3403,42.73,High Risk,Botol Sampel D,Sumber Air D,5
ALVIN-2026-03621,2026-09-18 08:12:04.000,319.43,3.82,1.0648,1.275,1.1699,46.09,High Risk,Botol Sampel D,Sumber Air D,5
ALVIN-2026-03622,2026-09-18 08:12:04.200,487.98,3.67,1.6266,1.2235,1.4251,41.24,High Risk,Botol Sampel E,Sumber Air E,5
ALVIN-2026-03623,2026-09-18 08:12:04.400,306.3,2.86,1.021,0.9534,0.9872,50.32,High Risk,Botol Sampel E,Sumber Air E,5
ALVIN-2026-03624,2026-09-18 08:12:04.600,216.26,2.03,0.7209,0.6781,0.6995,58.84,Moderate Risk,Botol Sampel C,Sumber Air C,5
ALVIN-2026-03625,2026-09-18 08:12:04.800,145.0,0.49,0.4833,0.1635,0.3234,75.56,Low Risk,Botol Sampel A,Sumber Air A,5
ALVIN-2026-03626,2026-09-18 08:12:05.000,105.12,1.05,0.3504,0.3486,0.3495,74.1,Low Risk,Botol Sampel A,Sumber Air A,5
ALVIN-2026-03627,2026-09-18 08:12:05.200,409.99,3.57,1.3666,1.1887,1.2776,43.91,High Risk,Botol Sampel E,Sumber Air E,5
ALVIN-2026-03628,2026-09-18 08:12:05.400,630.51,10.51,2.1017,3.5022,2.802,26.3,High Risk,Botol Sampel E,Sumber Air E,5
ALVIN-2026-03629,2026-09-18 08:12:05.600,224.11,2.06,0.747,0.6857,0.7164,58.26,Moderate Risk,Botol Sampel C,Sumber Air C,5
ALVIN-2026-03630,2026-09-18 08:12:05.800,308.66,5.14,1.0289,1.7118,1.3704,42.19,High Risk,Botol Sampel E,Sumber Air E,5
ALVIN-2026-03631,2026-09-18 08:12:06.000,290.0,1.39,0.9667,0.4627,0.7147,58.32,Moderate Risk,Botol Sampel C,Sumber Air C,5
ALVIN-2026-03632,2026-09-18 08:12:06.200,179.95,1.47,0.5998,0.4893,0.5446,64.74,Moderate Risk,Botol Sampel B,Sumber Air B,5
ALVIN-2026-03633,2026-09-18 08:12:06.400,303.22,4.4,1.0107,1.468,1.2394,44.65,High Risk,Botol Sampel D,Sumber Air D,5
ALVIN-2026-03634,2026-09-18 08:12:06.600,491.84,7.81,1.6395,2.6044,2.122,32.03,High Risk,Botol Sampel E,Sumber Air E,5
ALVIN-2026-03635,2026-09-18 08:12:06.800,384.51,4.22,1.2817,1.4072,1.3445,42.65,High Risk,Botol Sampel D,Sumber Air D,5
ALVIN-2026-03636,2026-09-18 08:12:07.000,400.0,7.85,1.3333,2.6154,1.9744,33.62,High Risk,Botol Sampel D,Sumber Air D,5
ALVIN-2026-03637,2026-09-18 08:12:07.200,307.64,3.14,1.0255,1.0463,1.0359,49.12,High Risk,Botol Sampel E,Sumber Air E,5
ALVIN-2026-03638,2026-09-18 08:12:07.400,771.43,10.98,2.5714,3.6587,3.115,24.3,High Risk,Botol Sampel D,Sumber Air D,5
ALVIN-2026-03639,2026-09-18 08:12:07.600,457.9,3.92,1.5263,1.3063,1.4163,41.39,High Risk,Botol Sampel E,Sumber Air E,5
ALVIN-2026-03640,2026-09-18 08:12:07.800,809.66,6.27,2.6989,2.091,2.395,29.46,High Risk,Botol Sampel E,Sumber Air E,5
ALVIN-2026-03641,2026-09-18 08:12:08.000,336.95,4.59,1.1232,1.5314,1.3273,42.97,High Risk,Botol Sampel D,Sumber Air D,5
ALVIN-2026-03642,2026-09-18 08:12:08.200,592.0,9.35,1.9733,3.1159,2.5446,28.21,High Risk,Botol Sampel D,Sumber Air D,5
ALVIN-2026-03643,2026-09-18 08:12:08.400,83.18,0.68,0.2773,0.2274,0.2523,79.85,Low Risk,Botol Sampel A,Sumber Air A,5
ALVIN-2026-03644,2026-09-18 08:12:08.600,108.75,0.1,0.3625,0.0333,0.1979,83.48,Moderate Risk,Botol Sampel B,Sumber Air B,5
ALVIN-2026-03645,2026-09-18 08:12:08.800,280.0,2.97,0.9333,0.9916,0.9624,50.96,Moderate Risk,Botol Sampel B,Sumber Air B,5
ALVIN-2026-03646,2026-09-18 08:12:09.000,132.71,0.79,0.4424,0.2622,0.3523,73.95,Low Risk,Botol Sampel A,Sumber Air A,5
ALVIN-2026-03647,2026-09-18 08:12:09.200,352.37,2.2,1.1746,0.7333,0.954,51.18,High Risk,Botol Sampel D,Sumber Air D,5
ALVIN-2026-03648,2026-09-18 08:12:09.400,280.0,3.54,0.9333,1.1786,1.056,48.64,High Risk,Botol Sampel E,Sumber Air E,5
ALVIN-2026-03649,2026-09-18 08:12:09.600,300.73,2.39,1.0024,0.7968,0.8996,52.64,High Risk,Botol Sampel D,Sumber Air D,5
ALVIN-2026-03650,2026-09-18 08:12:09.800,346.66,4.5,1.1555,1.5016,1.3285,42.95,High Risk,Botol Sampel D,Sumber Air D,5
ALVIN-2026-03651,2026-09-18 08:12:10.000,865.29,5.88,2.8843,1.9595,2.4219,29.22,High Risk,Botol Sampel E,Sumber Air E,5
ALVIN-2026-03652,2026-09-18 08:12:10.200,111.8,0.57,0.3727,0.1904,0.2815,78.03,Low Risk,Botol Sampel A,Sumber Air A,5
ALVIN-2026-03653,2026-09-18 08:12:10.400,849.33,6.67,2.8311,2.2245,2.5278,28.35,High Risk,Botol Sampel E,Sumber Air E,5
ALVIN-2026-03654,2026-09-18 08:12:10.600,371.75,4.52,1.2392,1.5059,1.3726,42.15,High Risk,Botol Sampel D,Sumber Air D,5
ALVIN-2026-03655,2026-09-18 08:12:10.800,352.13,3.18,1.1738,1.0613,1.1176,47.22,High Risk,Botol Sampel D,Sumber Air D,5
ALVIN-2026-03656,2026-09-18 08:12:11.000,290.0,1.8,0.9667,0.5997,0.7832,56.08,Moderate Risk,Botol Sampel B,Sumber Air B,5
ALVIN-2026-03657,2026-09-18 08:12:11.200,348.98,3.84,1.1633,1.2812,1.2222,45.0,High Risk,Botol Sampel E,Sumber Air E,5
ALVIN-2026-03658,2026-09-18 08:12:11.400,334.86,4.07,1.1162,1.3563,1.2362,44.72,High Risk,Botol Sampel E,Sumber Air E,5
ALVIN-2026-03659,2026-09-18 08:12:11.600,329.83,3.58,1.0994,1.1936,1.1465,46.59,High Risk,Botol Sampel D,Sumber Air D,5
ALVIN-2026-03660,2026-09-18 08:12:11.800,635.91,9.01,2.1197,3.0042,2.562,28.07,High Risk,Botol Sampel E,Sumber Air E,5
ALVIN-2026-03661,2026-09-18 08:12:12.000,269.33,2.28,0.8978,0.7584,0.8281,54.7,Moderate Risk,Botol Sampel B,Sumber Air B,5
ALVIN-2026-03662,2026-09-18 08:12:12.200,395.16,3.8,1.3172,1.2665,1.2918,43.63,High Risk,Botol Sampel D,Sumber Air D,5
ALVIN-2026-03663,2026-09-18 08:12:12.400,400.97,3.32,1.3366,1.1067,1.2216,45.01,High Risk,Botol Sampel E,Sumber Air E,5
ALVIN-2026-03664,2026-09-18 08:12:12.600,521.01,4.96,1.7367,1.6546,1.6956,37.1,High Risk,Botol Sampel E,Sumber Air E,5
ALVIN-2026-03665,2026-09-18 08:12:12.800,695.52,4.5,2.3184,1.5,1.9092,34.37,High Risk,Botol Sampel D,Sumber Air D,5
ALVIN-2026-03666,2026-09-18 08:12:13.000,125.06,0.79,0.4169,0.2635,0.3402,74.62,Moderate Risk,Botol Sampel C,Sumber Air C,5
ALVIN-2026-03667,2026-09-18 08:12:13.200,370.58,3.2,1.2353,1.0674,1.1513,46.48,High Risk,Botol Sampel D,Sumber Air D,5
ALVIN-2026-03668,2026-09-18 08:12:13.400,110.26,1.02,0.3675,0.3393,0.3534,73.89,Low Risk,Botol Sampel A,Sumber Air A,5
ALVIN-2026-03669,2026-09-18 08:12:13.600,400.0,4.5,1.3333,1.5,1.4166,41.38,High Risk,Botol Sampel D,Sumber Air D,5
ALVIN-2026-03670,2026-09-18 08:12:13.800,189.34,2.25,0.6311,0.7493,0.6902,59.16,Moderate Risk,Botol Sampel B,Sumber Air B,5
ALVIN-2026-03671,2026-09-18 08:12:14.000,673.45,9.75,2.2448,3.2484,2.7466,26.69,High Risk,Botol Sampel D,Sumber Air D,5
ALVIN-2026-03672,2026-09-18 08:12:14.200,209.88,1.39,0.6996,0.4647,0.5821,63.21,Moderate Risk,Botol Sampel B,Sumber Air B,5
ALVIN-2026-03673,2026-09-18 08:12:14.400,303.64,2.79,1.0121,0.93,0.971,50.74,High Risk,Botol Sampel D,Sumber Air D,5
ALVIN-2026-03674,2026-09-18 08:12:14.600,139.74,0.1,0.4658,0.0333,0.2496,80.03,Low Risk,Botol Sampel A,Sumber Air A,5
ALVIN-2026-03675,2026-09-18 08:12:14.800,211.58,2.12,0.7053,0.7059,0.7056,58.63,Moderate Risk,Botol Sampel C,Sumber Air C,5
ALVIN-2026-03676,2026-09-18 08:12:15.000,185.77,2.35,0.6192,0.7828,0.701,58.79,Moderate Risk,Botol Sampel B,Sumber Air B,5
ALVIN-2026-03677,2026-09-18 08:12:15.200,290.0,1.65,0.9667,0.5498,0.7582,56.88,Moderate Risk,Botol Sampel C,Sumber Air C,5
ALVIN-2026-03678,2026-09-18 08:12:15.400,738.7,8.26,2.4623,2.7539,2.6081,27.72,High Risk,Botol Sampel D,Sumber Air D,5
ALVIN-2026-03679,2026-09-18 08:12:15.600,341.69,2.96,1.139,0.9853,1.0622,48.49,High Risk,Botol Sampel D,Sumber Air D,5
ALVIN-2026-03680,2026-09-18 08:12:15.800,89.19,0.83,0.2973,0.2755,0.2864,77.74,Low Risk,Botol Sampel A,Sumber Air A,5
ALVIN-2026-03681,2026-09-18 08:12:16.000,489.66,4.5,1.6322,1.5,1.5661,38.97,High Risk,Botol Sampel E,Sumber Air E,5
ALVIN-2026-03682,2026-09-18 08:12:16.200,592.11,6.41,1.9737,2.1358,2.0548,32.74,High Risk,Botol Sampel D,Sumber Air D,5
ALVIN-2026-03683,2026-09-18 08:12:16.400,596.39,4.5,1.988,1.5,1.744,36.44,High Risk,Botol Sampel E,Sumber Air E,5
ALVIN-2026-03684,2026-09-18 08:12:16.600,204.88,2.83,0.6829,0.9447,0.8138,55.13,Moderate Risk,Botol Sampel B,Sumber Air B,5
ALVIN-2026-03685,2026-09-18 08:12:16.800,366.71,3.15,1.2224,1.0504,1.1364,46.81,High Risk,Botol Sampel D,Sumber Air D,5
ALVIN-2026-03686,2026-09-18 08:12:17.000,119.08,0.37,0.3969,0.1244,0.2606,79.33,Low Risk,Botol Sampel A,Sumber Air A,5
ALVIN-2026-03687,2026-09-18 08:12:17.200,395.14,3.63,1.3171,1.2089,1.263,44.19,High Risk,Botol Sampel D,Sumber Air D,5
ALVIN-2026-03688,2026-09-18 08:12:17.400,296.27,3.85,0.9876,1.282,1.1348,46.84,High Risk,Botol Sampel D,Sumber Air D,5
ALVIN-2026-03689,2026-09-18 08:12:17.600,82.69,0.64,0.2756,0.2134,0.2445,80.35,Low Risk,Botol Sampel A,Sumber Air A,5
ALVIN-2026-03690,2026-09-18 08:12:17.800,97.18,0.63,0.3239,0.2088,0.2664,78.96,Low Risk,Botol Sampel A,Sumber Air A,5
ALVIN-2026-03691,2026-09-18 08:12:18.000,204.29,1.94,0.681,0.6481,0.6646,60.07,Moderate Risk,Botol Sampel B,Sumber Air B,5
ALVIN-2026-03692,2026-09-18 08:12:18.200,316.52,2.61,1.0551,0.8695,0.9623,50.96,High Risk,Botol Sampel E,Sumber Air E,5
ALVIN-2026-03693,2026-09-18 08:12:18.400,400.0,8.91,1.3333,2.9687,2.151,31.74,High Risk,Botol Sampel D,Sumber Air D,5
ALVIN-2026-03694,2026-09-18 08:12:18.600,304.8,4.3,1.016,1.4348,1.2254,44.94,High Risk,Botol Sampel E,Sumber Air E,5
ALVIN-2026-03695,2026-09-18 08:12:18.800,348.91,3.16,1.163,1.0519,1.1074,47.45,High Risk,Botol Sampel E,Sumber Air E,5
ALVIN-2026-03696,2026-09-18 08:12:19.000,237.35,2.03,0.7912,0.6762,0.7337,57.68,Moderate Risk,Botol Sampel B,Sumber Air B,5
ALVIN-2026-03697,2026-09-18 08:12:19.200,77.88,0.74,0.2596,0.2458,0.2527,79.83,Low Risk,Botol Sampel A,Sumber Air A,5
ALVIN-2026-03698,2026-09-18 08:12:19.400,73.71,0.82,0.2457,0.2733,0.2595,79.4,Low Risk,Botol Sampel A,Sumber Air A,5
ALVIN-2026-03699,2026-09-18 08:12:19.600,226.88,1.6,0.7563,0.532,0.6442,60.82,Moderate Risk,Botol Sampel C,Sumber Air C,5
ALVIN-2026-03700,2026-09-18 08:12:19.800,85.23,1.0,0.2841,0.3337,0.3089,76.4,Low Risk,Botol Sampel A,Sumber Air A,5
ALVIN-2026-03701,2026-09-18 08:12:20.000,584.58,10.54,1.9486,3.5119,2.7302,26.81,High Risk,Botol Sampel E,Sumber Air E,5
ALVIN-2026-03702,2026-09-18 08:12:20.200,108.68,0.48,0.3623,0.1584,0.2604,79.34,Low Risk,Botol Sampel A,Sumber Air A,5
ALVIN-2026-03703,2026-09-18 08:12:20.400,304.87,2.92,1.0162,0.9745,0.9954,50.12,High Risk,Botol Sampel E,Sumber Air E,5
ALVIN-2026-03704,2026-09-18 08:12:20.600,685.09,5.95,2.2836,1.9831,2.1334,31.91,High Risk,Botol Sampel D,Sumber Air D,5
ALVIN-2026-03705,2026-09-18 08:12:20.800,292.09,3.85,0.9736,1.2848,1.1292,46.97,High Risk,Botol Sampel D,Sumber Air D,5
ALVIN-2026-03706,2026-09-18 08:12:21.000,199.31,1.73,0.6644,0.5783,0.6214,61.68,Moderate Risk,Botol Sampel C,Sumber Air C,5
ALVIN-2026-03707,2026-09-18 08:12:21.200,878.65,4.5,2.9288,1.5,2.2144,31.11,High Risk,Botol Sampel E,Sumber Air E,5
ALVIN-2026-03708,2026-09-18 08:12:21.400,209.66,2.72,0.6989,0.9082,0.8036,55.44,Moderate Risk,Botol Sampel C,Sumber Air C,5
ALVIN-2026-03709,2026-09-18 08:12:21.600,372.39,3.45,1.2413,1.1487,1.195,45.56,High Risk,Botol Sampel D,Sumber Air D,5
ALVIN-2026-03710,2026-09-18 08:12:21.800,362.95,2.2,1.2098,0.7333,0.9716,50.72,High Risk,Botol Sampel E,Sumber Air E,5
ALVIN-2026-03711,2026-09-18 08:12:22.000,848.09,9.04,2.827,3.0134,2.9202,25.51,High Risk,Botol Sampel D,Sumber Air D,5
ALVIN-2026-03712,2026-09-18 08:12:22.200,93.97,1.0,0.3132,0.3338,0.3235,75.56,Low Risk,Botol Sampel A,Sumber Air A,5
ALVIN-2026-03713,2026-09-18 08:12:22.400,107.38,0.45,0.3579,0.1489,0.2534,79.78,Low Risk,Botol Sampel A,Sumber Air A,5
ALVIN-2026-03714,2026-09-18 08:12:22.600,212.3,1.0,0.7077,0.3333,0.5205,65.77,Moderate Risk,Botol Sampel B,Sumber Air B,5
ALVIN-2026-03715,2026-09-18 08:12:22.800,654.95,5.26,2.1832,1.7518,1.9675,33.7,High Risk,Botol Sampel E,Sumber Air E,5
ALVIN-2026-03716,2026-09-18 08:12:23.000,280.0,4.7,0.9333,1.5654,1.2494,44.46,High Risk,Botol Sampel E,Sumber Air E,5
ALVIN-2026-03717,2026-09-18 08:12:23.200,82.31,0.35,0.2744,0.1175,0.1959,83.62,Low Risk,Botol Sampel A,Sumber Air A,5
ALVIN-2026-03718,2026-09-18 08:12:23.400,560.23,4.54,1.8674,1.5147,1.691,37.16,High Risk,Botol Sampel E,Sumber Air E,5
ALVIN-2026-03719,2026-09-18 08:12:23.600,223.17,1.54,0.7439,0.5144,0.6292,61.38,Moderate Risk,Botol Sampel B,Sumber Air B,5
ALVIN-2026-03720,2026-09-18 08:12:23.800,351.52,3.93,1.1717,1.311,1.2414,44.61,High Risk,Botol Sampel D,Sumber Air D,5
ALVIN-2026-03721,2026-09-18 08:12:24.000,299.37,2.82,0.9979,0.9399,0.9689,50.79,Moderate Risk,Botol Sampel B,Sumber Air B,5
ALVIN-2026-03722,2026-09-18 08:12:24.200,390.36,3.5,1.3012,1.1663,1.2337,44.77,High Risk,Botol Sampel E,Sumber Air E,5
ALVIN-2026-03723,2026-09-18 08:12:24.400,213.59,2.19,0.712,0.7316,0.7218,58.08,Moderate Risk,Botol Sampel B,Sumber Air B,5
ALVIN-2026-03724,2026-09-18 08:12:24.600,942.65,6.41,3.1422,2.1383,2.6402,27.47,High Risk,Botol Sampel D,Sumber Air D,5
ALVIN-2026-03725,2026-09-18 08:12:24.800,76.43,0.18,0.2548,0.0611,0.158,86.36,Low Risk,Botol Sampel A,Sumber Air A,5
ALVIN-2026-03726,2026-09-18 08:12:25.000,347.97,2.43,1.1599,0.8089,0.9844,50.39,High Risk,Botol Sampel E,Sumber Air E,5
ALVIN-2026-03727,2026-09-18 08:12:25.200,140.0,1.93,0.4667,0.6429,0.5548,64.32,Moderate Risk,Botol Sampel B,Sumber Air B,5
ALVIN-2026-03728,2026-09-18 08:12:25.400,214.43,1.54,0.7148,0.5144,0.6146,61.93,Moderate Risk,Botol Sampel B,Sumber Air B,5
ALVIN-2026-03729,2026-09-18 08:12:25.600,762.1,6.65,2.5403,2.2171,2.3787,29.6,High Risk,Botol Sampel E,Sumber Air E,5
ALVIN-2026-03730,2026-09-18 08:12:25.800,141.92,0.76,0.4731,0.2518,0.3625,73.39,Low Risk,Botol Sampel A,Sumber Air A,5
ALVIN-2026-03731,2026-09-18 08:12:26.000,223.82,1.02,0.7461,0.3386,0.5424,64.83,Moderate Risk,Botol Sampel B,Sumber Air B,5
ALVIN-2026-03732,2026-09-18 08:12:26.200,126.37,0.83,0.4212,0.2782,0.3497,74.09,Low Risk,Botol Sampel A,Sumber Air A,5
ALVIN-2026-03733,2026-09-18 08:12:26.400,83.07,0.21,0.2769,0.0705,0.1737,85.2,Low Risk,Botol Sampel A,Sumber Air A,5
ALVIN-2026-03734,2026-09-18 08:12:26.600,193.85,1.48,0.6462,0.4947,0.5704,63.68,Moderate Risk,Botol Sampel C,Sumber Air C,5
ALVIN-2026-03735,2026-09-18 08:12:26.800,217.73,1.91,0.7258,0.6379,0.6819,59.46,Moderate Risk,Botol Sampel B,Sumber Air B,5
ALVIN-2026-03736,2026-09-18 08:12:27.000,90.24,0.76,0.3008,0.2518,0.2763,78.35,Low Risk,Botol Sampel A,Sumber Air A,5
ALVIN-2026-03737,2026-09-18 08:12:27.200,153.48,1.42,0.5116,0.4733,0.4925,67.0,Moderate Risk,Botol Sampel B,Sumber Air B,5
ALVIN-2026-03738,2026-09-18 08:12:27.400,535.31,6.15,1.7844,2.0509,1.9176,34.27,High Risk,Botol Sampel E,Sumber Air E,5
ALVIN-2026-03739,2026-09-18 08:12:27.600,65.9,0.39,0.2197,0.1296,0.1746,85.14,Low Risk,Botol Sampel A,Sumber Air A,5
ALVIN-2026-03740,2026-09-18 08:12:27.800,845.18,6.14,2.8173,2.0452,2.4312,29.14,High Risk,Botol Sampel E,Sumber Air E,5
ALVIN-2026-03741,2026-09-18 08:12:28.000,111.69,0.51,0.3723,0.1691,0.2707,78.7,Low Risk,Botol Sampel A,Sumber Air A,5
ALVIN-2026-03742,2026-09-18 08:12:28.200,231.1,1.4,0.7703,0.4665,0.6184,61.79,Moderate Risk,Botol Sampel B,Sumber Air B,5
ALVIN-2026-03743,2026-09-18 08:12:28.400,328.17,3.85,1.0939,1.2843,1.1891,45.68,High Risk,Botol Sampel D,Sumber Air D,5
ALVIN-2026-03744,2026-09-18 08:12:28.600,337.4,2.71,1.1247,0.9035,1.0141,49.65,High Risk,Botol Sampel E,Sumber Air E,5
ALVIN-2026-03745,2026-09-18 08:12:28.800,103.02,0.63,0.3434,0.2093,0.2764,78.35,Low Risk,Botol Sampel A,Sumber Air A,5
ALVIN-2026-03746,2026-09-18 08:12:29.000,593.94,6.68,1.9798,2.2257,2.1028,32.23,High Risk,Botol Sampel E,Sumber Air E,5
ALVIN-2026-03747,2026-09-18 08:12:29.200,790.19,7.68,2.634,2.5587,2.5964,27.81,High Risk,Botol Sampel D,Sumber Air D,5
ALVIN-2026-03748,2026-09-18 08:12:29.400,281.86,2.61,0.9395,0.8709,0.9052,52.49,Moderate Risk,Botol Sampel C,Sumber Air C,5
ALVIN-2026-03749,2026-09-18 08:12:29.600,591.56,6.6,1.9719,2.1996,2.0858,32.41,High Risk,Botol Sampel D,Sumber Air D,5
ALVIN-2026-03750,2026-09-18 08:12:29.800,259.15,1.74,0.8638,0.5784,0.7211,58.1,Moderate Risk,Botol Sampel B,Sumber Air B,5
ALVIN-2026-03751,2026-09-18 08:12:30.000,725.34,5.83,2.4178,1.9421,2.18,31.45,High Risk,Botol Sampel D,Sumber Air D,5
ALVIN-2026-03752,2026-09-18 08:12:30.200,597.43,6.57,1.9914,2.1899,2.0906,32.36,High Risk,Botol Sampel E,Sumber Air E,5
ALVIN-2026-03753,2026-09-18 08:12:30.400,125.39,0.88,0.418,0.2935,0.3558,73.76,Low Risk,Botol Sampel A,Sumber Air A,5
ALVIN-2026-03754,2026-09-18 08:12:30.600,551.39,9.03,1.838,3.0112,2.4246,29.2,High Risk,Botol Sampel E,Sumber Air E,5
ALVIN-2026-03755,2026-09-18 08:12:30.800,85.74,0.47,0.2858,0.1571,0.2214,81.87,Low Risk,Botol Sampel A,Sumber Air A,5
ALVIN-2026-03756,2026-09-18 08:12:31.000,614.99,7.2,2.05,2.4006,2.2253,31.0,High Risk,Botol Sampel D,Sumber Air D,5
ALVIN-2026-03757,2026-09-18 08:12:31.200,287.5,2.44,0.9583,0.8128,0.8856,53.03,Moderate Risk,Botol Sampel B,Sumber Air B,5
ALVIN-2026-03758,2026-09-18 08:12:31.400,163.08,1.9,0.5436,0.6339,0.5888,62.94,Moderate Risk,Botol Sampel B,Sumber Air B,5
ALVIN-2026-03759,2026-09-18 08:12:31.600,731.19,9.26,2.4373,3.0858,2.7615,26.59,High Risk,Botol Sampel E,Sumber Air E,5
ALVIN-2026-03760,2026-09-18 08:12:31.800,854.81,7.09,2.8494,2.3641,2.6068,27.73,High Risk,Botol Sampel E,Sumber Air E,5
ALVIN-2026-03761,2026-09-18 08:12:32.000,259.49,2.39,0.865,0.7964,0.8307,54.62,Moderate Risk,Botol Sampel C,Sumber Air C,5
ALVIN-2026-03762,2026-09-18 08:12:32.200,92.63,0.43,0.3088,0.1438,0.2263,81.55,Low Risk,Botol Sampel A,Sumber Air A,5
ALVIN-2026-03763,2026-09-18 08:12:32.400,97.76,0.66,0.3259,0.2191,0.2725,78.59,Low Risk,Botol Sampel A,Sumber Air A,5
ALVIN-2026-03764,2026-09-18 08:12:32.600,162.57,1.78,0.5419,0.5924,0.5672,63.81,Moderate Risk,Botol Sampel B,Sumber Air B,5
ALVIN-2026-03765,2026-09-18 08:12:32.800,73.57,0.57,0.2452,0.1888,0.217,82.17,Low Risk,Botol Sampel A,Sumber Air A,5
ALVIN-2026-03766,2026-09-18 08:12:33.000,90.18,0.1,0.3006,0.0333,0.1669,85.7,Low Risk,Botol Sampel A,Sumber Air A,5
ALVIN-2026-03767,2026-09-18 08:12:33.200,280.0,3.12,0.9333,1.0416,0.9874,50.32,High Risk,Botol Sampel E,Sumber Air E,5
ALVIN-2026-03768,2026-09-18 08:12:33.400,284.96,3.26,0.9499,1.0867,1.0183,49.55,High Risk,Botol Sampel E,Sumber Air E,5
ALVIN-2026-03769,2026-09-18 08:12:33.600,81.47,0.38,0.2716,0.1266,0.1991,83.4,Low Risk,Botol Sampel A,Sumber Air A,5
ALVIN-2026-03770,2026-09-18 08:12:33.800,157.63,1.3,0.5254,0.4322,0.4788,67.62,Moderate Risk,Botol Sampel C,Sumber Air C,5
ALVIN-2026-03771,2026-09-18 08:12:34.000,520.58,7.0,1.7353,2.3323,2.0338,32.96,High Risk,Botol Sampel E,Sumber Air E,5
ALVIN-2026-03772,2026-09-18 08:12:34.200,892.93,7.62,2.9764,2.5412,2.7588,26.6,High Risk,Botol Sampel E,Sumber Air E,5
ALVIN-2026-03773,2026-09-18 08:12:34.400,195.42,2.02,0.6514,0.6726,0.662,60.17,Moderate Risk,Botol Sampel B,Sumber Air B,5
ALVIN-2026-03774,2026-09-18 08:12:34.600,690.2,6.25,2.3007,2.0818,2.1912,31.34,High Risk,Botol Sampel E,Sumber Air E,5
ALVIN-2026-03775,2026-09-18 08:12:34.800,140.0,2.0,0.4667,0.6654,0.566,63.86,Moderate Risk,Botol Sampel B,Sumber Air B,5
ALVIN-2026-03776,2026-09-18 08:12:35.000,632.52,7.96,2.1084,2.6536,2.381,29.58,High Risk,Botol Sampel D,Sumber Air D,5
ALVIN-2026-03777,2026-09-18 08:12:35.200,187.25,1.32,0.6242,0.441,0.5326,65.25,Moderate Risk,Botol Sampel C,Sumber Air C,5
ALVIN-2026-03778,2026-09-18 08:12:35.400,128.34,0.65,0.4278,0.2157,0.3218,75.65,Low Risk,Botol Sampel A,Sumber Air A,5
ALVIN-2026-03779,2026-09-18 08:12:35.600,105.07,1.29,0.3502,0.4284,0.3893,71.98,Low Risk,Botol Sampel A,Sumber Air A,5
ALVIN-2026-03780,2026-09-18 08:12:35.800,124.63,0.44,0.4154,0.1464,0.2809,78.07,Moderate Risk,Botol Sampel B,Sumber Air B,5
ALVIN-2026-03781,2026-09-18 08:12:36.000,108.77,0.77,0.3626,0.2555,0.309,76.39,Low Risk,Botol Sampel A,Sumber Air A,5
ALVIN-2026-03782,2026-09-18 08:12:36.200,119.82,0.61,0.3994,0.2028,0.3011,76.86,Low Risk,Botol Sampel A,Sumber Air A,5
ALVIN-2026-03783,2026-09-18 08:12:36.400,206.16,2.37,0.6872,0.789,0.7381,57.53,Moderate Risk,Botol Sampel B,Sumber Air B,5
ALVIN-2026-03784,2026-09-18 08:12:36.600,102.96,0.99,0.3432,0.3302,0.3367,74.81,Low Risk,Botol Sampel A,Sumber Air A,5
ALVIN-2026-03785,2026-09-18 08:12:36.800,190.76,2.12,0.6359,0.7074,0.6717,59.82,Moderate Risk,Botol Sampel C,Sumber Air C,5
ALVIN-2026-03786,2026-09-18 08:12:37.000,205.88,2.03,0.6863,0.6768,0.6816,59.47,Moderate Risk,Botol Sampel B,Sumber Air B,5
ALVIN-2026-03787,2026-09-18 08:12:37.200,217.6,1.64,0.7253,0.5452,0.6352,61.15,Moderate Risk,Botol Sampel C,Sumber Air C,5
ALVIN-2026-03788,2026-09-18 08:12:37.400,71.27,0.77,0.2376,0.2576,0.2476,80.15,Moderate Risk,Botol Sampel C,Sumber Air C,5
ALVIN-2026-03789,2026-09-18 08:12:37.600,191.13,1.74,0.6371,0.5808,0.609,62.15,Moderate Risk,Botol Sampel B,Sumber Air B,5
ALVIN-2026-03790,2026-09-18 08:12:37.800,725.04,6.77,2.4168,2.256,2.3364,29.97,High Risk,Botol Sampel D,Sumber Air D,5
ALVIN-2026-03791,2026-09-18 08:12:38.000,826.83,4.59,2.7561,1.5298,2.143,31.82,High Risk,Botol Sampel E,Sumber Air E,5
ALVIN-2026-03792,2026-09-18 08:12:38.200,296.78,2.67,0.9893,0.8914,0.9404,51.54,Moderate Risk,Botol Sampel B,Sumber Air B,5
ALVIN-2026-03793,2026-09-18 08:12:38.400,280.0,2.83,0.9333,0.9442,0.9388,51.58,Moderate Risk,Botol Sampel C,Sumber Air C,5
ALVIN-2026-03794,2026-09-18 08:12:38.600,223.47,1.87,0.7449,0.6227,0.6838,59.39,Moderate Risk,Botol Sampel B,Sumber Air B,5
ALVIN-2026-03795,2026-09-18 08:12:38.800,145.06,1.85,0.4835,0.6173,0.5504,64.5,Moderate Risk,Botol Sampel B,Sumber Air B,5
ALVIN-2026-03796,2026-09-18 08:12:39.000,581.68,4.95,1.9389,1.6489,1.7939,35.79,High Risk,Botol Sampel D,Sumber Air D,5
ALVIN-2026-03797,2026-09-18 08:12:39.200,86.08,0.63,0.2869,0.2098,0.2484,80.1,Moderate Risk,Botol Sampel C,Sumber Air C,5
ALVIN-2026-03798,2026-09-18 08:12:39.400,368.15,5.5,1.2272,1.8333,1.5303,39.52,High Risk,Botol Sampel E,Sumber Air E,5
ALVIN-2026-03799,2026-09-18 08:12:39.600,643.06,8.1,2.1435,2.7007,2.4221,29.22,High Risk,Botol Sampel D,Sumber Air D,5
ALVIN-2026-03800,2026-09-18 08:12:39.800,125.76,0.8,0.4192,0.2669,0.343,74.46,Low Risk,Botol Sampel A,Sumber Air A,5
ALVIN-2026-03801,2026-09-18 08:12:40.000,409.82,3.52,1.3661,1.1722,1.2692,44.07,High Risk,Botol Sampel E,Sumber Air E,5
ALVIN-2026-03802,2026-09-18 08:12:40.200,145.0,0.66,0.4833,0.2196,0.3514,74.0,Moderate Risk,Botol Sampel B,Sumber Air B,5
ALVIN-2026-03803,2026-09-18 08:12:40.400,371.04,2.84,1.2368,0.9479,1.0924,47.79,High Risk,Botol Sampel E,Sumber Air E,5
ALVIN-2026-03804,2026-09-18 08:12:40.600,647.22,7.78,2.1574,2.5941,2.3758,29.62,High Risk,Botol Sampel D,Sumber Air D,5
ALVIN-2026-03805,2026-09-18 08:12:40.800,356.34,3.15,1.1878,1.0487,1.1182,47.21,High Risk,Botol Sampel D,Sumber Air D,5
ALVIN-2026-03806,2026-09-18 08:12:41.000,560.16,6.44,1.8672,2.1483,2.0077,33.25,High Risk,Botol Sampel D,Sumber Air D,5
ALVIN-2026-03807,2026-09-18 08:12:41.200,176.45,1.52,0.5882,0.5075,0.5478,64.61,Moderate Risk,Botol Sampel C,Sumber Air C,5
ALVIN-2026-03808,2026-09-18 08:12:41.400,75.12,0.4,0.2504,0.1328,0.1916,83.92,Low Risk,Botol Sampel A,Sumber Air A,5
ALVIN-2026-03809,2026-09-18 08:12:41.600,280.0,3.09,0.9333,1.0298,0.9816,50.46,High Risk,Botol Sampel D,Sumber Air D,5
ALVIN-2026-03810,2026-09-18 08:12:41.800,72.69,1.07,0.2423,0.3582,0.3002,76.91,Low Risk,Botol Sampel A,Sumber Air A,5
ALVIN-2026-03811,2026-09-18 08:12:42.000,108.74,0.41,0.3625,0.1351,0.2488,80.08,Low Risk,Botol Sampel A,Sumber Air A,5
ALVIN-2026-03812,2026-09-18 08:12:42.200,354.18,2.2,1.1806,0.7333,0.957,51.1,High Risk,Botol Sampel D,Sumber Air D,5
ALVIN-2026-03813,2026-09-18 08:12:42.400,518.61,6.19,1.7287,2.0623,1.8955,34.54,High Risk,Botol Sampel E,Sumber Air E,5
ALVIN-2026-03814,2026-09-18 08:12:42.600,530.36,10.59,1.7679,3.5299,2.6489,27.41,High Risk,Botol Sampel E,Sumber Air E,5
ALVIN-2026-03815,2026-09-18 08:12:42.800,55.64,0.67,0.1855,0.2243,0.2049,82.99,Low Risk,Botol Sampel A,Sumber Air A,5
ALVIN-2026-03816,2026-09-18 08:12:43.000,254.11,2.22,0.847,0.7398,0.7934,55.76,Moderate Risk,Botol Sampel C,Sumber Air C,5
ALVIN-2026-03817,2026-09-18 08:12:43.200,583.15,6.4,1.9438,2.1332,2.0385,32.91,High Risk,Botol Sampel E,Sumber Air E,5
ALVIN-2026-03818,2026-09-18 08:12:43.400,572.39,4.5,1.908,1.5,1.704,36.98,High Risk,Botol Sampel D,Sumber Air D,5
ALVIN-2026-03819,2026-09-18 08:12:43.600,369.22,3.46,1.2307,1.1541,1.1924,45.61,High Risk,Botol Sampel D,Sumber Air D,5
ALVIN-2026-03820,2026-09-18 08:12:43.800,684.91,6.28,2.283,2.0935,2.1882,31.37,High Risk,Botol Sampel D,Sumber Air D,5
ALVIN-2026-03821,2026-09-18 08:12:44.000,67.84,0.37,0.2261,0.1229,0.1745,85.14,Low Risk,Botol Sampel A,Sumber Air A,5
ALVIN-2026-03822,2026-09-18 08:12:44.200,175.53,2.16,0.5851,0.7202,0.6526,60.51,Moderate Risk,Botol Sampel C,Sumber Air C,5
ALVIN-2026-03823,2026-09-18 08:12:44.400,291.78,3.82,0.9726,1.2745,1.1236,47.09,High Risk,Botol Sampel E,Sumber Air E,5
ALVIN-2026-03824,2026-09-18 08:12:44.600,173.71,1.83,0.579,0.6111,0.595,62.7,Moderate Risk,Botol Sampel B,Sumber Air B,5
ALVIN-2026-03825,2026-09-18 08:12:44.800,414.98,2.2,1.3833,0.7333,1.0583,48.58,High Risk,Botol Sampel D,Sumber Air D,5
ALVIN-2026-03826,2026-09-18 08:12:45.000,219.56,1.64,0.7319,0.5456,0.6387,61.02,Moderate Risk,Botol Sampel C,Sumber Air C,5
ALVIN-2026-03827,2026-09-18 08:12:45.200,125.6,0.15,0.4187,0.0504,0.2346,81.0,Low Risk,Botol Sampel A,Sumber Air A,5
ALVIN-2026-03828,2026-09-18 08:12:45.400,303.53,3.77,1.0118,1.2561,1.134,46.86,High Risk,Botol Sampel D,Sumber Air D,5
ALVIN-2026-03829,2026-09-18 08:12:45.600,320.15,3.5,1.0672,1.1675,1.1174,47.23,High Risk,Botol Sampel E,Sumber Air E,5
ALVIN-2026-03830,2026-09-18 08:12:45.800,773.84,9.27,2.5795,3.0909,2.8352,26.07,High Risk,Botol Sampel D,Sumber Air D,5
ALVIN-2026-03831,2026-09-18 08:12:46.000,90.14,0.49,0.3005,0.1634,0.232,81.17,Low Risk,Botol Sampel A,Sumber Air A,5
ALVIN-2026-03832,2026-09-18 08:12:46.200,183.69,1.98,0.6123,0.6606,0.6364,61.11,Moderate Risk,Botol Sampel C,Sumber Air C,5
ALVIN-2026-03833,2026-09-18 08:12:46.400,145.0,0.67,0.4833,0.2246,0.354,73.86,Moderate Risk,Botol Sampel C,Sumber Air C,5
ALVIN-2026-03834,2026-09-18 08:12:46.600,712.26,7.2,2.3742,2.4014,2.3878,29.52,High Risk,Botol Sampel D,Sumber Air D,5
ALVIN-2026-03835,2026-09-18 08:12:46.800,625.88,8.87,2.0863,2.957,2.5216,28.4,High Risk,Botol Sampel D,Sumber Air D,5
ALVIN-2026-03836,2026-09-18 08:12:47.000,202.58,1.57,0.6753,0.523,0.5992,62.53,Moderate Risk,Botol Sampel B,Sumber Air B,5
ALVIN-2026-03837,2026-09-18 08:12:47.200,229.5,1.88,0.765,0.6268,0.6959,58.97,Moderate Risk,Botol Sampel B,Sumber Air B,5
ALVIN-2026-03838,2026-09-18 08:12:47.400,113.32,0.1,0.3777,0.0333,0.2055,82.95,Low Risk,Botol Sampel A,Sumber Air A,5
ALVIN-2026-03839,2026-09-18 08:12:47.600,670.54,5.7,2.2351,1.8986,2.0668,32.61,High Risk,Botol Sampel D,Sumber Air D,5
ALVIN-2026-03840,2026-09-18 08:12:47.800,206.53,2.39,0.6884,0.7953,0.7418,57.41,Moderate Risk,Botol Sampel C,Sumber Air C,5
ALVIN-2026-03841,2026-09-18 08:12:48.000,312.52,3.13,1.0417,1.0431,1.0424,48.96,High Risk,Botol Sampel D,Sumber Air D,5
ALVIN-2026-03842,2026-09-18 08:12:48.200,329.52,3.82,1.0984,1.2733,1.1858,45.75,High Risk,Botol Sampel E,Sumber Air E,5
ALVIN-2026-03843,2026-09-18 08:12:48.400,91.75,0.47,0.3058,0.1579,0.2318,81.18,Moderate Risk,Botol Sampel B,Sumber Air B,5
ALVIN-2026-03844,2026-09-18 08:12:48.600,398.3,2.41,1.3277,0.8022,1.065,48.43,High Risk,Botol Sampel E,Sumber Air E,5
ALVIN-2026-03845,2026-09-18 08:12:48.800,115.49,0.19,0.385,0.0637,0.2244,81.67,Low Risk,Botol Sampel A,Sumber Air A,5
ALVIN-2026-03846,2026-09-18 08:12:49.000,190.38,1.67,0.6346,0.5551,0.5949,62.7,Moderate Risk,Botol Sampel C,Sumber Air C,5
ALVIN-2026-03847,2026-09-18 08:12:49.200,255.05,1.81,0.8502,0.6031,0.7266,57.92,Moderate Risk,Botol Sampel C,Sumber Air C,5
ALVIN-2026-03848,2026-09-18 08:12:49.400,76.84,0.74,0.2561,0.2456,0.2508,79.95,Low Risk,Botol Sampel A,Sumber Air A,5
ALVIN-2026-03849,2026-09-18 08:12:49.600,163.83,1.84,0.5461,0.6131,0.5796,63.31,Moderate Risk,Botol Sampel C,Sumber Air C,5
ALVIN-2026-03850,2026-09-18 08:12:49.800,149.5,1.73,0.4983,0.5773,0.5378,65.03,Moderate Risk,Botol Sampel C,Sumber Air C,5
ALVIN-2026-03851,2026-09-18 08:12:50.000,243.72,2.08,0.8124,0.692,0.7522,57.07,Moderate Risk,Botol Sampel B,Sumber Air B,5
ALVIN-2026-03852,2026-09-18 08:12:50.200,432.9,4.5,1.443,1.5,1.4715,40.46,High Risk,Botol Sampel E,Sumber Air E,5
ALVIN-2026-03853,2026-09-18 08:12:50.400,179.79,1.37,0.5993,0.4571,0.5282,65.44,Moderate Risk,Botol Sampel B,Sumber Air B,5
ALVIN-2026-03854,2026-09-18 08:12:50.600,638.63,5.36,2.1288,1.7882,1.9585,33.8,High Risk,Botol Sampel E,Sumber Air E,5
ALVIN-2026-03855,2026-09-18 08:12:50.800,198.88,2.19,0.6629,0.7306,0.6968,58.93,Moderate Risk,Botol Sampel C,Sumber Air C,5
ALVIN-2026-03856,2026-09-18 08:12:51.000,451.34,10.29,1.5045,3.429,2.4667,28.85,High Risk,Botol Sampel E,Sumber Air E,5
ALVIN-2026-03857,2026-09-18 08:12:51.200,733.3,9.0,2.4443,2.9985,2.7214,26.87,High Risk,Botol Sampel D,Sumber Air D,5
ALVIN-2026-03858,2026-09-18 08:12:51.400,93.22,0.28,0.3107,0.0937,0.2022,83.18,Low Risk,Botol Sampel A,Sumber Air A,5
ALVIN-2026-03859,2026-09-18 08:12:51.600,222.54,1.74,0.7418,0.5814,0.6616,60.18,Moderate Risk,Botol Sampel C,Sumber Air C,5
ALVIN-2026-03860,2026-09-18 08:12:51.800,781.87,7.17,2.6062,2.389,2.4976,28.59,High Risk,Botol Sampel D,Sumber Air D,5
ALVIN-2026-03861,2026-09-18 08:12:52.000,86.82,0.43,0.2894,0.1447,0.217,82.17,Low Risk,Botol Sampel A,Sumber Air A,5
ALVIN-2026-03862,2026-09-18 08:12:52.200,140.11,0.48,0.467,0.1608,0.3139,76.11,Low Risk,Botol Sampel A,Sumber Air A,5
ALVIN-2026-03863,2026-09-18 08:12:52.400,118.58,0.8,0.3953,0.2683,0.3318,75.09,Low Risk,Botol Sampel A,Sumber Air A,5
ALVIN-2026-03864,2026-09-18 08:12:52.600,226.71,2.12,0.7557,0.7081,0.7319,57.74,Moderate Risk,Botol Sampel C,Sumber Air C,5
ALVIN-2026-03865,2026-09-18 08:12:52.800,310.76,3.28,1.0359,1.0938,1.0648,48.43,High Risk,Botol Sampel E,Sumber Air E,5
ALVIN-2026-03866,2026-09-18 08:12:53.000,182.63,1.69,0.6088,0.5625,0.5856,63.07,Moderate Risk,Botol Sampel C,Sumber Air C,5
ALVIN-2026-03867,2026-09-18 08:12:53.200,652.44,6.99,2.1748,2.3289,2.2518,30.75,High Risk,Botol Sampel E,Sumber Air E,5
ALVIN-2026-03868,2026-09-18 08:12:53.400,302.13,5.1,1.0071,1.7014,1.3542,42.48,High Risk,Botol Sampel D,Sumber Air D,5
ALVIN-2026-03869,2026-09-18 08:12:53.600,679.09,5.51,2.2636,1.8372,2.0504,32.78,High Risk,Botol Sampel E,Sumber Air E,5
ALVIN-2026-03870,2026-09-18 08:12:53.800,645.68,6.22,2.1523,2.0724,2.1124,32.13,High Risk,Botol Sampel D,Sumber Air D,5
ALVIN-2026-03871,2026-09-18 08:12:54.000,203.69,1.92,0.679,0.6393,0.6592,60.27,Moderate Risk,Botol Sampel B,Sumber Air B,5
ALVIN-2026-03872,2026-09-18 08:12:54.200,127.62,1.26,0.4254,0.4203,0.4228,70.28,Low Risk,Botol Sampel A,Sumber Air A,5
ALVIN-2026-03873,2026-09-18 08:12:54.400,224.58,1.63,0.7486,0.5435,0.646,60.75,Moderate Risk,Botol Sampel B,Sumber Air B,5
ALVIN-2026-03874,2026-09-18 08:12:54.600,298.19,4.08,0.994,1.3615,1.1778,45.92,High Risk,Botol Sampel D,Sumber Air D,5
ALVIN-2026-03875,2026-09-18 08:12:54.800,205.17,1.46,0.6839,0.4852,0.5846,63.11,Moderate Risk,Botol Sampel C,Sumber Air C,5
ALVIN-2026-03876,2026-09-18 08:12:55.000,90.61,0.55,0.302,0.1843,0.2432,80.44,Low Risk,Botol Sampel A,Sumber Air A,5
ALVIN-2026-03877,2026-09-18 08:12:55.200,252.05,1.53,0.8402,0.5107,0.6754,59.69,Moderate Risk,Botol Sampel C,Sumber Air C,5
ALVIN-2026-03878,2026-09-18 08:12:55.400,220.69,1.56,0.7356,0.521,0.6283,61.41,Moderate Risk,Botol Sampel B,Sumber Air B,5
ALVIN-2026-03879,2026-09-18 08:12:55.600,123.69,0.62,0.4123,0.2081,0.3102,76.32,Low Risk,Botol Sampel A,Sumber Air A,5
ALVIN-2026-03880,2026-09-18 08:12:55.800,699.43,6.52,2.3314,2.1722,2.2518,30.75,High Risk,Botol Sampel D,Sumber Air D,5
ALVIN-2026-03881,2026-09-18 08:12:56.000,719.91,5.08,2.3997,1.6931,2.0464,32.83,High Risk,Botol Sampel E,Sumber Air E,5
ALVIN-2026-03882,2026-09-18 08:12:56.200,137.36,0.64,0.4579,0.2121,0.335,74.91,Moderate Risk,Botol Sampel C,Sumber Air C,5
ALVIN-2026-03883,2026-09-18 08:12:56.400,702.15,5.94,2.3405,1.9802,2.1604,31.64,High Risk,Botol Sampel E,Sumber Air E,5
ALVIN-2026-03884,2026-09-18 08:12:56.600,107.87,0.83,0.3596,0.2775,0.3186,75.84,Low Risk,Botol Sampel A,Sumber Air A,5
ALVIN-2026-03885,2026-09-18 08:12:56.800,709.85,5.16,2.3662,1.7214,2.0438,32.85,High Risk,Botol Sampel D,Sumber Air D,5
ALVIN-2026-03886,2026-09-18 08:12:57.000,417.83,4.61,1.3928,1.5365,1.4646,40.57,High Risk,Botol Sampel E,Sumber Air E,5
ALVIN-2026-03887,2026-09-18 08:12:57.200,213.87,1.28,0.7129,0.4263,0.5696,63.71,Moderate Risk,Botol Sampel C,Sumber Air C,5
ALVIN-2026-03888,2026-09-18 08:12:57.400,279.21,1.39,0.9307,0.4637,0.6972,58.92,Moderate Risk,Botol Sampel B,Sumber Air B,5
ALVIN-2026-03889,2026-09-18 08:12:57.600,166.16,1.93,0.5539,0.6442,0.599,62.54,Moderate Risk,Botol Sampel C,Sumber Air C,5
ALVIN-2026-03890,2026-09-18 08:12:57.800,238.43,2.0,0.7948,0.6682,0.7315,57.75,Moderate Risk,Botol Sampel B,Sumber Air B,5
ALVIN-2026-03891,2026-09-18 08:12:58.000,362.09,2.2,1.207,0.7343,0.9706,50.75,High Risk,Botol Sampel D,Sumber Air D,5
ALVIN-2026-03892,2026-09-18 08:12:58.200,206.06,2.6,0.6869,0.866,0.7764,56.29,Moderate Risk,Botol Sampel B,Sumber Air B,5
ALVIN-2026-03893,2026-09-18 08:12:58.400,327.15,2.2,1.0905,0.7333,0.9119,52.3,High Risk,Botol Sampel E,Sumber Air E,5
ALVIN-2026-03894,2026-09-18 08:12:58.600,68.92,0.67,0.2297,0.2239,0.2268,81.51,Low Risk,Botol Sampel A,Sumber Air A,5
ALVIN-2026-03895,2026-09-18 08:12:58.800,228.81,1.92,0.7627,0.6397,0.7012,58.78,Moderate Risk,Botol Sampel B,Sumber Air B,5
ALVIN-2026-03896,2026-09-18 08:12:59.000,790.25,4.5,2.6342,1.5,2.0671,32.6,High Risk,Botol Sampel D,Sumber Air D,5
ALVIN-2026-03897,2026-09-18 08:12:59.200,303.71,3.83,1.0124,1.2765,1.1444,46.63,High Risk,Botol Sampel D,Sumber Air D,5
ALVIN-2026-03898,2026-09-18 08:12:59.400,703.18,4.56,2.3439,1.5185,1.9312,34.12,High Risk,Botol Sampel D,Sumber Air D,5
ALVIN-2026-03899,2026-09-18 08:12:59.600,868.66,6.74,2.8955,2.2461,2.5708,28.0,High Risk,Botol Sampel D,Sumber Air D,5
ALVIN-2026-03900,2026-09-18 08:12:59.800,881.1,10.7,2.937,3.5664,3.2517,23.52,High Risk,Botol Sampel D,Sumber Air D,5
ALVIN-2026-03901,2026-09-18 08:13:00.000,72.15,0.54,0.2405,0.179,0.2098,82.66,Low Risk,Botol Sampel A,Sumber Air A,5
ALVIN-2026-03902,2026-09-18 08:13:00.200,140.0,2.07,0.4667,0.6907,0.5787,63.34,Moderate Risk,Botol Sampel C,Sumber Air C,5
ALVIN-2026-03903,2026-09-18 08:13:00.400,69.69,1.05,0.2323,0.3498,0.2911,77.45,Low Risk,Botol Sampel A,Sumber Air A,5
ALVIN-2026-03904,2026-09-18 08:13:00.600,600.03,8.81,2.0001,2.9354,2.4678,28.84,High Risk,Botol Sampel D,Sumber Air D,5
ALVIN-2026-03905,2026-09-18 08:13:00.800,188.93,1.64,0.6298,0.5452,0.5875,62.99,Moderate Risk,Botol Sampel C,Sumber Air C,5
ALVIN-2026-03906,2026-09-18 08:13:01.000,427.3,4.3,1.4243,1.4327,1.4285,41.18,High Risk,Botol Sampel D,Sumber Air D,5
ALVIN-2026-03907,2026-09-18 08:13:01.200,297.77,3.62,0.9926,1.2073,1.1,47.62,High Risk,Botol Sampel D,Sumber Air D,5
ALVIN-2026-03908,2026-09-18 08:13:01.400,407.88,4.55,1.3596,1.5178,1.4387,41.01,High Risk,Botol Sampel E,Sumber Air E,5
ALVIN-2026-03909,2026-09-18 08:13:01.600,75.76,1.01,0.2525,0.3359,0.2942,77.27,Low Risk,Botol Sampel A,Sumber Air A,5
ALVIN-2026-03910,2026-09-18 08:13:01.800,89.52,0.24,0.2984,0.0788,0.1886,84.13,Low Risk,Botol Sampel A,Sumber Air A,5
ALVIN-2026-03911,2026-09-18 08:13:02.000,316.37,3.25,1.0546,1.0821,1.0684,48.35,High Risk,Botol Sampel E,Sumber Air E,5
ALVIN-2026-03912,2026-09-18 08:13:02.200,166.4,1.75,0.5547,0.5838,0.5692,63.73,Moderate Risk,Botol Sampel B,Sumber Air B,5
ALVIN-2026-03913,2026-09-18 08:13:02.400,349.84,2.2,1.1661,0.7333,0.9497,51.29,High Risk,Botol Sampel D,Sumber Air D,5
ALVIN-2026-03914,2026-09-18 08:13:02.600,103.96,0.57,0.3465,0.1913,0.2689,78.81,Low Risk,Botol Sampel A,Sumber Air A,5
ALVIN-2026-03915,2026-09-18 08:13:02.800,198.69,1.87,0.6623,0.6224,0.6424,60.89,Moderate Risk,Botol Sampel C,Sumber Air C,5
ALVIN-2026-03916,2026-09-18 08:13:03.000,280.23,1.44,0.9341,0.4816,0.7078,58.55,Moderate Risk,Botol Sampel C,Sumber Air C,5
ALVIN-2026-03917,2026-09-18 08:13:03.200,339.86,3.75,1.1329,1.2485,1.1907,45.65,High Risk,Botol Sampel E,Sumber Air E,5
ALVIN-2026-03918,2026-09-18 08:13:03.400,624.92,10.96,2.0831,3.6548,2.869,25.85,High Risk,Botol Sampel E,Sumber Air E,5
ALVIN-2026-03919,2026-09-18 08:13:03.600,231.51,2.66,0.7717,0.8862,0.829,54.67,Moderate Risk,Botol Sampel C,Sumber Air C,5
ALVIN-2026-03920,2026-09-18 08:13:03.800,231.34,2.19,0.7711,0.7287,0.7499,57.15,Moderate Risk,Botol Sampel B,Sumber Air B,5
ALVIN-2026-03921,2026-09-18 08:13:04.000,87.24,0.88,0.2908,0.2943,0.2925,77.37,Low Risk,Botol Sampel A,Sumber Air A,5
ALVIN-2026-03922,2026-09-18 08:13:04.200,262.29,2.19,0.8743,0.7293,0.8018,55.5,Moderate Risk,Botol Sampel C,Sumber Air C,5
ALVIN-2026-03923,2026-09-18 08:13:04.400,639.48,5.8,2.1316,1.9348,2.0332,32.97,High Risk,Botol Sampel D,Sumber Air D,5
ALVIN-2026-03924,2026-09-18 08:13:04.600,64.3,0.63,0.2143,0.2088,0.2116,82.54,Low Risk,Botol Sampel A,Sumber Air A,5
ALVIN-2026-03925,2026-09-18 08:13:04.800,305.03,3.23,1.0168,1.0778,1.0473,48.84,High Risk,Botol Sampel E,Sumber Air E,5
ALVIN-2026-03926,2026-09-18 08:13:05.000,135.06,0.19,0.4502,0.0618,0.256,79.62,Moderate Risk,Botol Sampel B,Sumber Air B,5
ALVIN-2026-03927,2026-09-18 08:13:05.200,198.82,1.98,0.6627,0.6589,0.6608,60.21,Moderate Risk,Botol Sampel B,Sumber Air B,5
ALVIN-2026-03928,2026-09-18 08:13:05.400,306.96,5.19,1.0232,1.7305,1.3769,42.07,High Risk,Botol Sampel D,Sumber Air D,5
ALVIN-2026-03929,2026-09-18 08:13:05.600,195.02,1.82,0.6501,0.607,0.6285,61.41,Moderate Risk,Botol Sampel B,Sumber Air B,5
ALVIN-2026-03930,2026-09-18 08:13:05.800,744.29,6.64,2.481,2.2131,2.347,29.88,High Risk,Botol Sampel D,Sumber Air D,5
ALVIN-2026-03931,2026-09-18 08:13:06.000,326.6,2.9,1.0887,0.9669,1.0278,49.31,High Risk,Botol Sampel E,Sumber Air E,5
ALVIN-2026-03932,2026-09-18 08:13:06.200,361.65,3.52,1.2055,1.1749,1.1902,45.66,High Risk,Botol Sampel E,Sumber Air E,5
ALVIN-2026-03933,2026-09-18 08:13:06.400,379.48,2.66,1.2649,0.8871,1.076,48.17,High Risk,Botol Sampel E,Sumber Air E,5
ALVIN-2026-03934,2026-09-18 08:13:06.600,155.46,1.87,0.5182,0.624,0.5711,63.65,Moderate Risk,Botol Sampel C,Sumber Air C,5
ALVIN-2026-03935,2026-09-18 08:13:06.800,315.89,2.2,1.053,0.7333,0.8931,52.82,High Risk,Botol Sampel E,Sumber Air E,5
ALVIN-2026-03936,2026-09-18 08:13:07.000,367.89,2.98,1.2263,0.9923,1.1093,47.41,High Risk,Botol Sampel E,Sumber Air E,5
ALVIN-2026-03937,2026-09-18 08:13:07.200,66.63,0.44,0.2221,0.1471,0.1846,84.42,Low Risk,Botol Sampel A,Sumber Air A,5
ALVIN-2026-03938,2026-09-18 08:13:07.400,442.13,10.09,1.4738,3.3621,2.418,29.26,High Risk,Botol Sampel E,Sumber Air E,5
ALVIN-2026-03939,2026-09-18 08:13:07.600,798.4,7.27,2.6613,2.4241,2.5427,28.23,High Risk,Botol Sampel D,Sumber Air D,5
ALVIN-2026-03940,2026-09-18 08:13:07.800,770.99,9.17,2.57,3.0558,2.8129,26.23,High Risk,Botol Sampel D,Sumber Air D,5
ALVIN-2026-03941,2026-09-18 08:13:08.000,59.02,0.61,0.1967,0.205,0.2008,83.28,Low Risk,Botol Sampel A,Sumber Air A,5
ALVIN-2026-03942,2026-09-18 08:13:08.200,97.88,0.29,0.3263,0.0958,0.211,82.58,Low Risk,Botol Sampel A,Sumber Air A,5
ALVIN-2026-03943,2026-09-18 08:13:08.400,580.57,6.62,1.9352,2.2079,2.0716,32.56,High Risk,Botol Sampel E,Sumber Air E,5
ALVIN-2026-03944,2026-09-18 08:13:08.600,866.14,9.14,2.8871,3.0457,2.9664,25.21,High Risk,Botol Sampel E,Sumber Air E,5
ALVIN-2026-03945,2026-09-18 08:13:08.800,911.04,4.5,3.0368,1.5,2.2684,30.6,High Risk,Botol Sampel D,Sumber Air D,5
ALVIN-2026-03946,2026-09-18 08:13:09.000,229.97,2.88,0.7666,0.961,0.8638,53.65,Moderate Risk,Botol Sampel C,Sumber Air C,5
ALVIN-2026-03947,2026-09-18 08:13:09.200,687.32,7.8,2.2911,2.6007,2.4459,29.02,High Risk,Botol Sampel D,Sumber Air D,5
ALVIN-2026-03948,2026-09-18 08:13:09.400,375.55,3.68,1.2518,1.2282,1.24,44.64,High Risk,Botol Sampel E,Sumber Air E,5
ALVIN-2026-03949,2026-09-18 08:13:09.600,634.24,8.17,2.1141,2.724,2.4191,29.25,High Risk,Botol Sampel E,Sumber Air E,5
ALVIN-2026-03950,2026-09-18 08:13:09.800,297.41,4.24,0.9914,1.4139,1.2026,45.4,High Risk,Botol Sampel D,Sumber Air D,5
ALVIN-2026-03951,2026-09-18 08:13:10.000,184.91,2.0,0.6164,0.666,0.6412,60.93,Moderate Risk,Botol Sampel B,Sumber Air B,5
ALVIN-2026-03952,2026-09-18 08:13:10.200,372.07,3.9,1.2402,1.2989,1.2696,44.06,High Risk,Botol Sampel E,Sumber Air E,5
ALVIN-2026-03953,2026-09-18 08:13:10.400,541.05,10.56,1.8035,3.5188,2.6612,27.31,High Risk,Botol Sampel E,Sumber Air E,5
ALVIN-2026-03954,2026-09-18 08:13:10.600,296.58,4.09,0.9886,1.3634,1.176,45.96,High Risk,Botol Sampel E,Sumber Air E,5
ALVIN-2026-03955,2026-09-18 08:13:10.800,228.58,1.63,0.7619,0.5433,0.6526,60.51,Moderate Risk,Botol Sampel B,Sumber Air B,5
ALVIN-2026-03956,2026-09-18 08:13:11.000,596.08,4.72,1.9869,1.5741,1.7805,35.96,High Risk,Botol Sampel E,Sumber Air E,5
ALVIN-2026-03957,2026-09-18 08:13:11.200,122.81,0.29,0.4094,0.0972,0.2533,79.79,Low Risk,Botol Sampel A,Sumber Air A,5
ALVIN-2026-03958,2026-09-18 08:13:11.400,292.51,4.67,0.975,1.5568,1.2659,44.13,High Risk,Botol Sampel E,Sumber Air E,5
ALVIN-2026-03959,2026-09-18 08:13:11.600,104.55,0.67,0.3485,0.2219,0.2852,77.81,Moderate Risk,Botol Sampel C,Sumber Air C,5
ALVIN-2026-03960,2026-09-18 08:13:11.800,220.45,2.33,0.7348,0.7777,0.7562,56.94,Moderate Risk,Botol Sampel C,Sumber Air C,5
ALVIN-2026-03961,2026-09-18 08:13:12.000,74.94,0.86,0.2498,0.2863,0.268,78.86,Low Risk,Botol Sampel A,Sumber Air A,5
ALVIN-2026-03962,2026-09-18 08:13:12.200,632.08,5.0,2.1069,1.6678,1.8874,34.63,High Risk,Botol Sampel E,Sumber Air E,5
ALVIN-2026-03963,2026-09-18 08:13:12.400,212.0,1.78,0.7067,0.5946,0.6506,60.58,Moderate Risk,Botol Sampel B,Sumber Air B,5
ALVIN-2026-03964,2026-09-18 08:13:12.600,705.64,7.17,2.3521,2.3906,2.3714,29.66,High Risk,Botol Sampel D,Sumber Air D,5
ALVIN-2026-03965,2026-09-18 08:13:12.800,198.71,1.74,0.6624,0.5797,0.621,61.69,Moderate Risk,Botol Sampel B,Sumber Air B,5
ALVIN-2026-03966,2026-09-18 08:13:13.000,233.69,1.34,0.779,0.4453,0.6122,62.03,Moderate Risk,Botol Sampel C,Sumber Air C,5
ALVIN-2026-03967,2026-09-18 08:13:13.200,407.05,2.8,1.3568,0.9333,1.145,46.62,High Risk,Botol Sampel E,Sumber Air E,5
ALVIN-2026-03968,2026-09-18 08:13:13.400,288.92,3.89,0.9631,1.2979,1.1305,46.94,High Risk,Botol Sampel E,Sumber Air E,5
ALVIN-2026-03969,2026-09-18 08:13:13.600,92.92,0.6,0.3097,0.1993,0.2545,79.71,Moderate Risk,Botol Sampel C,Sumber Air C,5
ALVIN-2026-03970,2026-09-18 08:13:13.800,79.86,0.62,0.2662,0.2068,0.2365,80.87,Low Risk,Botol Sampel A,Sumber Air A,5
ALVIN-2026-03971,2026-09-18 08:13:14.000,61.45,0.21,0.2048,0.0698,0.1373,87.93,Low Risk,Botol Sampel A,Sumber Air A,5
ALVIN-2026-03972,2026-09-18 08:13:14.200,203.51,1.5,0.6784,0.5005,0.5894,62.92,Moderate Risk,Botol Sampel C,Sumber Air C,5
ALVIN-2026-03973,2026-09-18 08:13:14.400,194.15,2.32,0.6472,0.7748,0.711,58.45,Moderate Risk,Botol Sampel B,Sumber Air B,5
ALVIN-2026-03974,2026-09-18 08:13:14.600,85.08,1.4,0.2836,0.4667,0.3752,72.72,Moderate Risk,Botol Sampel B,Sumber Air B,5
ALVIN-2026-03975,2026-09-18 08:13:14.800,350.47,3.72,1.1682,1.2406,1.2044,45.36,High Risk,Botol Sampel E,Sumber Air E,5
ALVIN-2026-03976,2026-09-18 08:13:15.000,81.98,0.18,0.2733,0.0606,0.1669,85.7,Low Risk,Botol Sampel A,Sumber Air A,5
ALVIN-2026-03977,2026-09-18 08:13:15.200,78.15,0.12,0.2605,0.0391,0.1498,86.97,Low Risk,Botol Sampel A,Sumber Air A,5
ALVIN-2026-03978,2026-09-18 08:13:15.400,224.35,2.26,0.7478,0.7548,0.7513,57.1,Moderate Risk,Botol Sampel B,Sumber Air B,5
ALVIN-2026-03979,2026-09-18 08:13:15.600,359.9,4.04,1.1997,1.3455,1.2726,44.0,High Risk,Botol Sampel E,Sumber Air E,5
ALVIN-2026-03980,2026-09-18 08:13:15.800,100.47,0.96,0.3349,0.319,0.3269,75.36,Low Risk,Botol Sampel A,Sumber Air A,5
ALVIN-2026-03981,2026-09-18 08:13:16.000,672.75,4.5,2.2425,1.5,1.8712,34.83,High Risk,Botol Sampel E,Sumber Air E,5
ALVIN-2026-03982,2026-09-18 08:13:16.200,280.0,4.64,0.9333,1.5463,1.2398,44.65,High Risk,Botol Sampel E,Sumber Air E,5
ALVIN-2026-03983,2026-09-18 08:13:16.400,111.01,0.66,0.37,0.2206,0.2953,77.2,Low Risk,Botol Sampel A,Sumber Air A,5
ALVIN-2026-03984,2026-09-18 08:13:16.600,191.76,1.9,0.6392,0.6323,0.6358,61.13,Moderate Risk,Botol Sampel B,Sumber Air B,5
ALVIN-2026-03985,2026-09-18 08:13:16.800,271.66,2.23,0.9055,0.742,0.8238,54.83,Moderate Risk,Botol Sampel B,Sumber Air B,5
ALVIN-2026-03986,2026-09-18 08:13:17.000,76.46,0.88,0.2549,0.2919,0.2734,78.53,Moderate Risk,Botol Sampel B,Sumber Air B,5
ALVIN-2026-03987,2026-09-18 08:13:17.200,140.0,1.97,0.4667,0.6575,0.5621,64.02,Moderate Risk,Botol Sampel C,Sumber Air C,5
ALVIN-2026-03988,2026-09-18 08:13:17.400,189.11,1.5,0.6304,0.4993,0.5648,63.91,Moderate Risk,Botol Sampel C,Sumber Air C,5
ALVIN-2026-03989,2026-09-18 08:13:17.600,322.62,3.84,1.0754,1.2816,1.1785,45.9,High Risk,Botol Sampel D,Sumber Air D,5
ALVIN-2026-03990,2026-09-18 08:13:17.800,134.59,0.62,0.4486,0.208,0.3283,75.28,Low Risk,Botol Sampel A,Sumber Air A,5
ALVIN-2026-03991,2026-09-18 08:13:18.000,373.41,3.79,1.2447,1.2621,1.2534,44.38,High Risk,Botol Sampel D,Sumber Air D,5
ALVIN-2026-03992,2026-09-18 08:13:18.200,109.03,0.85,0.3634,0.2826,0.323,75.59,Low Risk,Botol Sampel A,Sumber Air A,5
ALVIN-2026-03993,2026-09-18 08:13:18.400,167.44,1.5,0.5581,0.5016,0.5298,65.37,Moderate Risk,Botol Sampel B,Sumber Air B,5
ALVIN-2026-03994,2026-09-18 08:13:18.600,401.88,4.1,1.3396,1.3672,1.3534,42.49,High Risk,Botol Sampel D,Sumber Air D,5
ALVIN-2026-03995,2026-09-18 08:13:18.800,582.27,13.17,1.9409,4.3916,3.1663,24.0,High Risk,Botol Sampel D,Sumber Air D,5
ALVIN-2026-03996,2026-09-18 08:13:19.000,349.52,3.16,1.1651,1.053,1.109,47.42,High Risk,Botol Sampel D,Sumber Air D,5
ALVIN-2026-03997,2026-09-18 08:13:19.200,369.07,3.96,1.2302,1.3215,1.2758,43.94,High Risk,Botol Sampel D,Sumber Air D,5
ALVIN-2026-03998,2026-09-18 08:13:19.400,88.54,0.83,0.2951,0.2766,0.2858,77.77,Low Risk,Botol Sampel A,Sumber Air A,5
ALVIN-2026-03999,2026-09-18 08:13:19.600,72.08,0.34,0.2403,0.1129,0.1766,84.99,Moderate Risk,Botol Sampel B,Sumber Air B,5
ALVIN-2026-04000,2026-09-18 08:13:19.800,262.03,2.2,0.8734,0.7318,0.8026,55.48,Moderate Risk,Botol Sampel C,Sumber Air C,5
ALVIN-2026-04001,2026-09-18 08:13:20.000,755.05,7.95,2.5168,2.6494,2.5831,27.91,High Risk,Botol Sampel D,Sumber Air D,5
ALVIN-2026-04002,2026-09-18 08:13:20.200,919.87,4.5,3.0662,1.5,2.2831,30.46,High Risk,Botol Sampel E,Sumber Air E,5
ALVIN-2026-04003,2026-09-18 08:13:20.400,260.75,2.73,0.8692,0.9113,0.8902,52.9,Moderate Risk,Botol Sampel B,Sumber Air B,5
ALVIN-2026-04004,2026-09-18 08:13:20.600,131.16,0.91,0.4372,0.3049,0.371,72.94,Low Risk,Botol Sampel A,Sumber Air A,5
ALVIN-2026-04005,2026-09-18 08:13:20.800,230.5,1.57,0.7683,0.5225,0.6454,60.78,Moderate Risk,Botol Sampel C,Sumber Air C,5
ALVIN-2026-04006,2026-09-18 08:13:21.000,474.6,7.7,1.582,2.5677,2.0748,32.52,High Risk,Botol Sampel E,Sumber Air E,5
ALVIN-2026-04007,2026-09-18 08:13:21.200,74.31,1.0,0.2477,0.3344,0.291,77.46,Low Risk,Botol Sampel A,Sumber Air A,5
ALVIN-2026-04008,2026-09-18 08:13:21.400,895.09,7.05,2.9836,2.3497,2.6666,27.27,High Risk,Botol Sampel E,Sumber Air E,5
ALVIN-2026-04009,2026-09-18 08:13:21.600,91.34,0.6,0.3045,0.1992,0.2518,79.88,Low Risk,Botol Sampel A,Sumber Air A,5
ALVIN-2026-04010,2026-09-18 08:13:21.800,172.64,2.15,0.5755,0.717,0.6462,60.75,Moderate Risk,Botol Sampel C,Sumber Air C,5
ALVIN-2026-04011,2026-09-18 08:13:22.000,434.58,4.78,1.4486,1.5925,1.5206,39.67,High Risk,Botol Sampel D,Sumber Air D,5
ALVIN-2026-04012,2026-09-18 08:13:22.200,746.65,5.01,2.4888,1.6692,2.079,32.48,High Risk,Botol Sampel D,Sumber Air D,5
ALVIN-2026-04013,2026-09-18 08:13:22.400,446.24,3.89,1.4875,1.2982,1.3929,41.79,High Risk,Botol Sampel D,Sumber Air D,5
ALVIN-2026-04014,2026-09-18 08:13:22.600,145.0,0.65,0.4833,0.218,0.3506,74.04,Low Risk,Botol Sampel A,Sumber Air A,5
ALVIN-2026-04015,2026-09-18 08:13:22.800,109.46,1.03,0.3649,0.3433,0.3541,73.85,Low Risk,Botol Sampel A,Sumber Air A,5
ALVIN-2026-04016,2026-09-18 08:13:23.000,283.57,3.52,0.9452,1.1738,1.0595,48.56,High Risk,Botol Sampel E,Sumber Air E,5
ALVIN-2026-04017,2026-09-18 08:13:23.200,254.08,1.78,0.8469,0.5948,0.7208,58.11,Moderate Risk,Botol Sampel C,Sumber Air C,5
ALVIN-2026-04018,2026-09-18 08:13:23.400,231.12,1.64,0.7704,0.5475,0.6589,60.28,Moderate Risk,Botol Sampel C,Sumber Air C,5
ALVIN-2026-04019,2026-09-18 08:13:23.600,409.0,3.73,1.3633,1.2438,1.3036,43.41,High Risk,Botol Sampel D,Sumber Air D,5
ALVIN-2026-04020,2026-09-18 08:13:23.800,302.94,2.99,1.0098,0.995,1.0024,49.94,High Risk,Botol Sampel E,Sumber Air E,5
ALVIN-2026-04021,2026-09-18 08:13:24.000,183.58,1.7,0.6119,0.5654,0.5886,62.95,Moderate Risk,Botol Sampel C,Sumber Air C,5
ALVIN-2026-04022,2026-09-18 08:13:24.200,852.63,7.37,2.8421,2.4582,2.6502,27.4,High Risk,Botol Sampel E,Sumber Air E,5
ALVIN-2026-04023,2026-09-18 08:13:24.400,228.85,1.23,0.7628,0.4089,0.5858,63.06,Moderate Risk,Botol Sampel B,Sumber Air B,5
ALVIN-2026-04024,2026-09-18 08:13:24.600,554.0,6.34,1.8467,2.1145,1.9806,33.55,High Risk,Botol Sampel E,Sumber Air E,5
ALVIN-2026-04025,2026-09-18 08:13:24.800,230.4,1.8,0.768,0.5997,0.6839,59.39,Moderate Risk,Botol Sampel B,Sumber Air B,5
ALVIN-2026-04026,2026-09-18 08:13:25.000,366.22,2.98,1.2207,0.9942,1.1074,47.45,High Risk,Botol Sampel E,Sumber Air E,5
ALVIN-2026-04027,2026-09-18 08:13:25.200,636.87,7.35,2.1229,2.4494,2.2862,30.43,High Risk,Botol Sampel D,Sumber Air D,5
ALVIN-2026-04028,2026-09-18 08:13:25.400,364.75,2.49,1.2158,0.8309,1.0234,49.42,High Risk,Botol Sampel E,Sumber Air E,5
ALVIN-2026-04029,2026-09-18 08:13:25.600,396.43,2.74,1.3214,0.9127,1.117,47.24,High Risk,Botol Sampel D,Sumber Air D,5
ALVIN-2026-04030,2026-09-18 08:13:25.800,83.31,0.2,0.2777,0.0671,0.1724,85.3,Moderate Risk,Botol Sampel B,Sumber Air B,5
ALVIN-2026-04031,2026-09-18 08:13:26.000,644.99,9.24,2.15,3.0817,2.6158,27.66,High Risk,Botol Sampel D,Sumber Air D,5
ALVIN-2026-04032,2026-09-18 08:13:26.200,223.15,1.51,0.7438,0.5024,0.6231,61.61,Moderate Risk,Botol Sampel B,Sumber Air B,5
ALVIN-2026-04033,2026-09-18 08:13:26.400,656.23,7.27,2.1874,2.4218,2.3046,30.26,High Risk,Botol Sampel D,Sumber Air D,5
ALVIN-2026-04034,2026-09-18 08:13:26.600,638.05,6.01,2.1268,2.0041,2.0655,32.62,High Risk,Botol Sampel D,Sumber Air D,5
ALVIN-2026-04035,2026-09-18 08:13:26.800,92.35,0.6,0.3078,0.1984,0.2531,79.8,Low Risk,Botol Sampel A,Sumber Air A,5
ALVIN-2026-04036,2026-09-18 08:13:27.000,280.0,3.28,0.9333,1.093,1.0132,49.67,High Risk,Botol Sampel E,Sumber Air E,5
ALVIN-2026-04037,2026-09-18 08:13:27.200,440.21,6.7,1.4674,2.2317,1.8496,35.09,High Risk,Botol Sampel E,Sumber Air E,5
ALVIN-2026-04038,2026-09-18 08:13:27.400,76.19,0.73,0.254,0.245,0.2495,80.03,Low Risk,Botol Sampel A,Sumber Air A,5
ALVIN-2026-04039,2026-09-18 08:13:27.600,280.0,3.46,0.9333,1.1532,1.0432,48.94,High Risk,Botol Sampel D,Sumber Air D,5
ALVIN-2026-04040,2026-09-18 08:13:27.800,57.21,0.22,0.1907,0.0729,0.1318,88.35,Low Risk,Botol Sampel A,Sumber Air A,5
ALVIN-2026-04041,2026-09-18 08:13:28.000,128.75,0.61,0.4292,0.2027,0.316,75.99,Low Risk,Botol Sampel A,Sumber Air A,5
ALVIN-2026-04042,2026-09-18 08:13:28.200,296.81,3.3,0.9894,1.0987,1.044,48.92,High Risk,Botol Sampel D,Sumber Air D,5
ALVIN-2026-04043,2026-09-18 08:13:28.400,251.16,2.57,0.8372,0.8566,0.8469,54.14,Moderate Risk,Botol Sampel C,Sumber Air C,5
ALVIN-2026-04044,2026-09-18 08:13:28.600,521.67,6.61,1.7389,2.2043,1.9716,33.65,High Risk,Botol Sampel D,Sumber Air D,5
ALVIN-2026-04045,2026-09-18 08:13:28.800,359.03,4.05,1.1968,1.3498,1.2733,43.99,High Risk,Botol Sampel D,Sumber Air D,5
ALVIN-2026-04046,2026-09-18 08:13:29.000,94.0,0.46,0.3133,0.1539,0.2336,81.06,Low Risk,Botol Sampel A,Sumber Air A,5
ALVIN-2026-04047,2026-09-18 08:13:29.200,77.73,1.04,0.2591,0.3476,0.3034,76.72,Low Risk,Botol Sampel A,Sumber Air A,5
ALVIN-2026-04048,2026-09-18 08:13:29.400,89.8,0.88,0.2993,0.2923,0.2958,77.17,Low Risk,Botol Sampel A,Sumber Air A,5
ALVIN-2026-04049,2026-09-18 08:13:29.600,104.57,0.65,0.3486,0.2162,0.2824,77.98,Moderate Risk,Botol Sampel B,Sumber Air B,5
ALVIN-2026-04050,2026-09-18 08:13:29.800,145.0,0.4,0.4833,0.133,0.3082,76.44,Low Risk,Botol Sampel A,Sumber Air A,5
ALVIN-2026-04051,2026-09-18 08:13:30.000,280.0,4.9,0.9333,1.6333,1.2833,43.8,High Risk,Botol Sampel D,Sumber Air D,5
ALVIN-2026-04052,2026-09-18 08:13:30.200,794.36,6.31,2.6479,2.103,2.3754,29.63,High Risk,Botol Sampel E,Sumber Air E,5
ALVIN-2026-04053,2026-09-18 08:13:30.400,421.81,4.46,1.406,1.4881,1.447,40.87,High Risk,Botol Sampel E,Sumber Air E,5
ALVIN-2026-04054,2026-09-18 08:13:30.600,303.5,3.77,1.0117,1.2566,1.1342,46.86,High Risk,Botol Sampel E,Sumber Air E,5
ALVIN-2026-04055,2026-09-18 08:13:30.800,219.86,1.57,0.7329,0.5223,0.6276,61.44,Moderate Risk,Botol Sampel C,Sumber Air C,5
ALVIN-2026-04056,2026-09-18 08:13:31.000,140.0,1.46,0.4667,0.4866,0.4766,67.72,Low Risk,Botol Sampel A,Sumber Air A,5
ALVIN-2026-04057,2026-09-18 08:13:31.200,164.62,1.93,0.5487,0.6434,0.596,62.66,Moderate Risk,Botol Sampel C,Sumber Air C,5
ALVIN-2026-04058,2026-09-18 08:13:31.400,334.42,4.1,1.1147,1.3659,1.2403,44.64,High Risk,Botol Sampel E,Sumber Air E,5
ALVIN-2026-04059,2026-09-18 08:13:31.600,113.23,1.07,0.3774,0.3566,0.367,73.15,Low Risk,Botol Sampel A,Sumber Air A,5
ALVIN-2026-04060,2026-09-18 08:13:31.800,569.26,9.85,1.8975,3.2837,2.5906,27.85,High Risk,Botol Sampel E,Sumber Air E,5
ALVIN-2026-04061,2026-09-18 08:13:32.000,208.7,1.54,0.6957,0.5146,0.6052,62.3,Moderate Risk,Botol Sampel C,Sumber Air C,5
ALVIN-2026-04062,2026-09-18 08:13:32.200,305.02,3.33,1.0167,1.1094,1.063,48.47,High Risk,Botol Sampel D,Sumber Air D,5
ALVIN-2026-04063,2026-09-18 08:13:32.400,321.43,4.12,1.0714,1.3741,1.2228,44.99,High Risk,Botol Sampel E,Sumber Air E,5
ALVIN-2026-04064,2026-09-18 08:13:32.600,175.72,1.19,0.5857,0.3967,0.4912,67.06,Moderate Risk,Botol Sampel C,Sumber Air C,5
ALVIN-2026-04065,2026-09-18 08:13:32.800,253.68,2.11,0.8456,0.7049,0.7752,56.33,Moderate Risk,Botol Sampel C,Sumber Air C,5
ALVIN-2026-04066,2026-09-18 08:13:33.000,316.94,3.12,1.0565,1.0386,1.0476,48.84,High Risk,Botol Sampel D,Sumber Air D,5
ALVIN-2026-04067,2026-09-18 08:13:33.200,200.03,1.27,0.6668,0.4224,0.5446,64.74,Moderate Risk,Botol Sampel B,Sumber Air B,5
ALVIN-2026-04068,2026-09-18 08:13:33.400,307.37,3.77,1.0246,1.2558,1.1402,46.72,High Risk,Botol Sampel E,Sumber Air E,5
ALVIN-2026-04069,2026-09-18 08:13:33.600,583.45,6.71,1.9448,2.2358,2.0903,32.36,High Risk,Botol Sampel E,Sumber Air E,5
ALVIN-2026-04070,2026-09-18 08:13:33.800,185.79,2.18,0.6193,0.7263,0.6728,59.78,Moderate Risk,Botol Sampel C,Sumber Air C,5
ALVIN-2026-04071,2026-09-18 08:13:34.000,345.49,4.35,1.1516,1.4503,1.3009,43.46,High Risk,Botol Sampel D,Sumber Air D,5
ALVIN-2026-04072,2026-09-18 08:13:34.200,140.0,1.79,0.4667,0.5977,0.5322,65.27,Moderate Risk,Botol Sampel C,Sumber Air C,5
ALVIN-2026-04073,2026-09-18 08:13:34.400,99.29,1.06,0.331,0.3539,0.3425,74.49,Low Risk,Botol Sampel A,Sumber Air A,5
ALVIN-2026-04074,2026-09-18 08:13:34.600,280.0,3.79,0.9333,1.262,1.0976,47.67,High Risk,Botol Sampel D,Sumber Air D,5
ALVIN-2026-04075,2026-09-18 08:13:34.800,102.91,0.51,0.343,0.1709,0.257,79.55,Low Risk,Botol Sampel A,Sumber Air A,5
ALVIN-2026-04076,2026-09-18 08:13:35.000,281.63,3.07,0.9388,1.0241,0.9814,50.47,High Risk,Botol Sampel E,Sumber Air E,5
ALVIN-2026-04077,2026-09-18 08:13:35.200,363.94,3.11,1.2131,1.0383,1.1257,47.04,High Risk,Botol Sampel E,Sumber Air E,5
ALVIN-2026-04078,2026-09-18 08:13:35.400,64.62,0.78,0.2154,0.2614,0.2384,80.75,Low Risk,Botol Sampel A,Sumber Air A,5
ALVIN-2026-04079,2026-09-18 08:13:35.600,655.18,4.59,2.1839,1.5299,1.8569,35.0,High Risk,Botol Sampel E,Sumber Air E,5
ALVIN-2026-04080,2026-09-18 08:13:35.800,315.93,5.12,1.0531,1.7071,1.3801,42.02,High Risk,Botol Sampel E,Sumber Air E,5
ALVIN-2026-04081,2026-09-18 08:13:36.000,94.63,0.64,0.3154,0.2121,0.2638,79.13,Low Risk,Botol Sampel A,Sumber Air A,5
ALVIN-2026-04082,2026-09-18 08:13:36.200,139.52,0.59,0.4651,0.1966,0.3308,75.14,Low Risk,Botol Sampel A,Sumber Air A,5
ALVIN-2026-04083,2026-09-18 08:13:36.400,815.79,4.61,2.7193,1.5371,2.1282,31.97,High Risk,Botol Sampel E,Sumber Air E,5
ALVIN-2026-04084,2026-09-18 08:13:36.600,249.48,2.14,0.8316,0.7122,0.7719,56.44,Moderate Risk,Botol Sampel C,Sumber Air C,5
ALVIN-2026-04085,2026-09-18 08:13:36.800,174.49,2.04,0.5816,0.6811,0.6314,61.3,Moderate Risk,Botol Sampel B,Sumber Air B,5
ALVIN-2026-04086,2026-09-18 08:13:37.000,337.75,4.21,1.1258,1.4047,1.2652,44.15,High Risk,Botol Sampel D,Sumber Air D,5
ALVIN-2026-04087,2026-09-18 08:13:37.200,280.0,3.37,0.9333,1.1223,1.0278,49.31,High Risk,Botol Sampel D,Sumber Air D,5
ALVIN-2026-04088,2026-09-18 08:13:37.400,586.77,5.24,1.9559,1.7466,1.8512,35.07,High Risk,Botol Sampel D,Sumber Air D,5
ALVIN-2026-04089,2026-09-18 08:13:37.600,443.51,7.23,1.4784,2.411,1.9447,33.96,High Risk,Botol Sampel E,Sumber Air E,5
ALVIN-2026-04090,2026-09-18 08:13:37.800,228.7,1.32,0.7623,0.4386,0.6004,62.48,Moderate Risk,Botol Sampel C,Sumber Air C,5
ALVIN-2026-04091,2026-09-18 08:13:38.000,326.39,3.24,1.088,1.0788,1.0834,48.0,High Risk,Botol Sampel D,Sumber Air D,5
ALVIN-2026-04092,2026-09-18 08:13:38.200,708.13,6.84,2.3604,2.2786,2.3195,30.13,High Risk,Botol Sampel D,Sumber Air D,5
ALVIN-2026-04093,2026-09-18 08:13:38.400,129.95,0.21,0.4332,0.0699,0.2516,79.9,Low Risk,Botol Sampel A,Sumber Air A,5
ALVIN-2026-04094,2026-09-18 08:13:38.600,78.99,0.1,0.2633,0.0333,0.1483,87.09,Low Risk,Botol Sampel A,Sumber Air A,5
ALVIN-2026-04095,2026-09-18 08:13:38.800,204.94,1.51,0.6831,0.504,0.5936,62.75,Moderate Risk,Botol Sampel C,Sumber Air C,5
ALVIN-2026-04096,2026-09-18 08:13:39.000,280.0,3.03,0.9333,1.0092,0.9712,50.73,High Risk,Botol Sampel E,Sumber Air E,5
ALVIN-2026-04097,2026-09-18 08:13:39.200,92.67,0.63,0.3089,0.2096,0.2592,79.42,Low Risk,Botol Sampel A,Sumber Air A,5
ALVIN-2026-04098,2026-09-18 08:13:39.400,608.56,8.25,2.0285,2.7497,2.3891,29.51,High Risk,Botol Sampel E,Sumber Air E,5
ALVIN-2026-04099,2026-09-18 08:13:39.600,487.12,7.45,1.6237,2.4835,2.0536,32.75,High Risk,Botol Sampel E,Sumber Air E,5
ALVIN-2026-04100,2026-09-18 08:13:39.800,89.32,0.77,0.2977,0.2577,0.2777,78.27,Low Risk,Botol Sampel A,Sumber Air A,5
ALVIN-2026-04101,2026-09-18 08:13:40.000,294.93,3.77,0.9831,1.256,1.1196,47.18,High Risk,Botol Sampel E,Sumber Air E,5
ALVIN-2026-04102,2026-09-18 08:13:40.200,214.83,1.28,0.7161,0.426,0.571,63.65,Moderate Risk,Botol Sampel C,Sumber Air C,5
ALVIN-2026-04103,2026-09-18 08:13:40.400,114.86,0.46,0.3829,0.1518,0.2673,78.91,Low Risk,Botol Sampel A,Sumber Air A,5
ALVIN-2026-04104,2026-09-18 08:13:40.600,35.18,1.13,0.1173,0.3755,0.2464,80.23,Moderate Risk,Botol Sampel B,Sumber Air B,5
ALVIN-2026-04105,2026-09-18 08:13:40.800,500.0,3.31,1.6667,1.1024,1.3846,41.94,High Risk,Botol Sampel D,Sumber Air D,5
ALVIN-2026-04106,2026-09-18 08:13:41.000,109.91,0.87,0.3664,0.2914,0.3289,75.25,Moderate Risk,Botol Sampel C,Sumber Air C,5
ALVIN-2026-04107,2026-09-18 08:13:41.200,521.2,6.11,1.7373,2.0376,1.8874,34.63,High Risk,Botol Sampel D,Sumber Air D,5
ALVIN-2026-04108,2026-09-18 08:13:41.400,92.41,0.44,0.308,0.1453,0.2266,81.53,Low Risk,Botol Sampel A,Sumber Air A,5
ALVIN-2026-04109,2026-09-18 08:13:41.600,814.13,7.49,2.7138,2.4963,2.6051,27.74,High Risk,Botol Sampel E,Sumber Air E,5
ALVIN-2026-04110,2026-09-18 08:13:41.800,94.89,0.43,0.3163,0.1417,0.229,81.37,Low Risk,Botol Sampel A,Sumber Air A,5
ALVIN-2026-04111,2026-09-18 08:13:42.000,191.76,1.6,0.6392,0.533,0.5861,63.05,Moderate Risk,Botol Sampel C,Sumber Air C,5
ALVIN-2026-04112,2026-09-18 08:13:42.200,411.93,3.25,1.3731,1.0839,1.2285,44.87,High Risk,Botol Sampel E,Sumber Air E,5
ALVIN-2026-04113,2026-09-18 08:13:42.400,452.48,8.1,1.5083,2.7006,2.1044,32.21,High Risk,Botol Sampel D,Sumber Air D,5
ALVIN-2026-04114,2026-09-18 08:13:42.600,338.83,4.03,1.1294,1.3433,1.2363,44.72,High Risk,Botol Sampel D,Sumber Air D,5
ALVIN-2026-04115,2026-09-18 08:13:42.800,353.18,3.03,1.1773,1.0085,1.0929,47.78,High Risk,Botol Sampel E,Sumber Air E,5
ALVIN-2026-04116,2026-09-18 08:13:43.000,604.58,6.0,2.0153,1.9994,2.0073,33.25,High Risk,Botol Sampel D,Sumber Air D,5
ALVIN-2026-04117,2026-09-18 08:13:43.200,127.8,0.54,0.426,0.1798,0.3029,76.75,Moderate Risk,Botol Sampel C,Sumber Air C,5
ALVIN-2026-04118,2026-09-18 08:13:43.400,192.48,1.7,0.6416,0.5651,0.6034,62.37,Moderate Risk,Botol Sampel B,Sumber Air B,5
ALVIN-2026-04119,2026-09-18 08:13:43.600,80.0,0.93,0.2667,0.3106,0.2886,77.6,Low Risk,Botol Sampel A,Sumber Air A,5
ALVIN-2026-04120,2026-09-18 08:13:43.800,797.67,5.92,2.6589,1.9741,2.3165,30.15,High Risk,Botol Sampel E,Sumber Air E,5
ALVIN-2026-04121,2026-09-18 08:13:44.000,73.11,0.3,0.2437,0.1011,0.1724,85.3,Moderate Risk,Botol Sampel B,Sumber Air B,5
ALVIN-2026-04122,2026-09-18 08:13:44.200,265.77,2.6,0.8859,0.8673,0.8766,53.29,Moderate Risk,Botol Sampel C,Sumber Air C,5
ALVIN-2026-04123,2026-09-18 08:13:44.400,281.57,3.32,0.9386,1.1057,1.0221,49.45,High Risk,Botol Sampel D,Sumber Air D,5
ALVIN-2026-04124,2026-09-18 08:13:44.600,241.74,1.54,0.8058,0.5134,0.6596,60.26,Moderate Risk,Botol Sampel B,Sumber Air B,5
ALVIN-2026-04125,2026-09-18 08:13:44.800,90.64,0.42,0.3021,0.14,0.221,81.9,Low Risk,Botol Sampel A,Sumber Air A,5
ALVIN-2026-04126,2026-09-18 08:13:45.000,110.77,0.21,0.3692,0.0683,0.2188,82.05,Low Risk,Botol Sampel A,Sumber Air A,5
ALVIN-2026-04127,2026-09-18 08:13:45.200,145.0,1.01,0.4833,0.3352,0.4092,70.96,Low Risk,Botol Sampel A,Sumber Air A,5
ALVIN-2026-04128,2026-09-18 08:13:45.400,125.07,0.57,0.4169,0.1897,0.3033,76.73,Low Risk,Botol Sampel A,Sumber Air A,5
ALVIN-2026-04129,2026-09-18 08:13:45.600,326.34,4.81,1.0878,1.6037,1.3458,42.63,High Risk,Botol Sampel E,Sumber Air E,5
ALVIN-2026-04130,2026-09-18 08:13:45.800,87.72,0.44,0.2924,0.1453,0.2188,82.05,Moderate Risk,Botol Sampel B,Sumber Air B,5
ALVIN-2026-04131,2026-09-18 08:13:46.000,209.09,2.41,0.697,0.8024,0.7497,57.15,Moderate Risk,Botol Sampel C,Sumber Air C,5
ALVIN-2026-04132,2026-09-18 08:13:46.200,195.58,1.48,0.6519,0.492,0.572,63.61,Moderate Risk,Botol Sampel C,Sumber Air C,5
ALVIN-2026-04133,2026-09-18 08:13:46.400,145.0,0.37,0.4833,0.1221,0.3027,76.76,Low Risk,Botol Sampel A,Sumber Air A,5
ALVIN-2026-04134,2026-09-18 08:13:46.600,100.85,0.58,0.3362,0.193,0.2646,79.08,Moderate Risk,Botol Sampel C,Sumber Air C,5
ALVIN-2026-04135,2026-09-18 08:13:46.800,314.89,4.69,1.0496,1.564,1.3068,43.35,High Risk,Botol Sampel E,Sumber Air E,5
ALVIN-2026-04136,2026-09-18 08:13:47.000,355.35,4.38,1.1845,1.4597,1.3221,43.06,High Risk,Botol Sampel E,Sumber Air E,5
ALVIN-2026-04137,2026-09-18 08:13:47.200,324.98,3.71,1.0833,1.2353,1.1593,46.31,High Risk,Botol Sampel E,Sumber Air E,5
ALVIN-2026-04138,2026-09-18 08:13:47.400,87.04,0.47,0.2901,0.1551,0.2226,81.79,Low Risk,Botol Sampel A,Sumber Air A,5
ALVIN-2026-04139,2026-09-18 08:13:47.600,307.23,3.13,1.0241,1.0417,1.0329,49.19,High Risk,Botol Sampel E,Sumber Air E,5
ALVIN-2026-04140,2026-09-18 08:13:47.800,154.45,2.12,0.5148,0.7061,0.6104,62.1,Moderate Risk,Botol Sampel B,Sumber Air B,5
ALVIN-2026-04141,2026-09-18 08:13:48.000,310.85,3.1,1.0362,1.0342,1.0352,49.14,High Risk,Botol Sampel E,Sumber Air E,5
ALVIN-2026-04142,2026-09-18 08:13:48.200,195.28,1.09,0.6509,0.3636,0.5072,66.35,Moderate Risk,Botol Sampel B,Sumber Air B,5
ALVIN-2026-04143,2026-09-18 08:13:48.400,211.89,1.81,0.7063,0.6044,0.6554,60.41,Moderate Risk,Botol Sampel B,Sumber Air B,5
ALVIN-2026-04144,2026-09-18 08:13:48.600,72.92,0.84,0.2431,0.2803,0.2617,79.26,Low Risk,Botol Sampel A,Sumber Air A,5
ALVIN-2026-04145,2026-09-18 08:13:48.800,355.16,3.63,1.1839,1.2093,1.1966,45.52,High Risk,Botol Sampel E,Sumber Air E,5
ALVIN-2026-04146,2026-09-18 08:13:49.000,107.76,1.1,0.3592,0.365,0.3621,73.42,Low Risk,Botol Sampel A,Sumber Air A,5
ALVIN-2026-04147,2026-09-18 08:13:49.200,395.38,4.34,1.3179,1.4476,1.3828,41.97,High Risk,Botol Sampel D,Sumber Air D,5
ALVIN-2026-04148,2026-09-18 08:13:49.400,330.48,5.5,1.1016,1.8333,1.4674,40.53,High Risk,Botol Sampel D,Sumber Air D,5
ALVIN-2026-04149,2026-09-18 08:13:49.600,888.15,7.37,2.9605,2.4578,2.7092,26.96,High Risk,Botol Sampel E,Sumber Air E,5
ALVIN-2026-04150,2026-09-18 08:13:49.800,109.76,0.73,0.3659,0.2417,0.3038,76.7,Low Risk,Botol Sampel A,Sumber Air A,5
ALVIN-2026-04151,2026-09-18 08:13:50.000,125.67,0.57,0.4189,0.1893,0.3041,76.68,Moderate Risk,Botol Sampel C,Sumber Air C,5
ALVIN-2026-04152,2026-09-18 08:13:50.200,538.44,4.61,1.7948,1.5352,1.665,37.52,High Risk,Botol Sampel E,Sumber Air E,5
ALVIN-2026-04153,2026-09-18 08:13:50.400,343.55,3.68,1.1452,1.2262,1.1857,45.75,High Risk,Botol Sampel D,Sumber Air D,5
ALVIN-2026-04154,2026-09-18 08:13:50.600,652.19,5.93,2.174,1.9771,2.0755,32.52,High Risk,Botol Sampel D,Sumber Air D,5
ALVIN-2026-04155,2026-09-18 08:13:50.800,132.9,0.5,0.443,0.1666,0.3048,76.64,Low Risk,Botol Sampel A,Sumber Air A,5
ALVIN-2026-04156,2026-09-18 08:13:51.000,278.46,1.49,0.9282,0.4951,0.7116,58.42,Moderate Risk,Botol Sampel B,Sumber Air B,5
ALVIN-2026-04157,2026-09-18 08:13:51.200,69.37,0.37,0.2312,0.1246,0.1779,84.9,Low Risk,Botol Sampel A,Sumber Air A,5
ALVIN-2026-04158,2026-09-18 08:13:51.400,376.61,2.25,1.2554,0.7484,1.0019,49.95,High Risk,Botol Sampel D,Sumber Air D,5
ALVIN-2026-04159,2026-09-18 08:13:51.600,576.09,5.22,1.9203,1.7404,1.8304,35.33,High Risk,Botol Sampel E,Sumber Air E,5
ALVIN-2026-04160,2026-09-18 08:13:51.800,547.39,7.12,1.8246,2.3739,2.0992,32.27,High Risk,Botol Sampel E,Sumber Air E,5
ALVIN-2026-04161,2026-09-18 08:13:52.000,202.89,1.46,0.6763,0.4856,0.581,63.25,Moderate Risk,Botol Sampel C,Sumber Air C,5
ALVIN-2026-04162,2026-09-18 08:13:52.200,526.8,6.23,1.756,2.0763,1.9162,34.29,High Risk,Botol Sampel D,Sumber Air D,5
ALVIN-2026-04163,2026-09-18 08:13:52.400,107.96,0.39,0.3599,0.1295,0.2447,80.34,Moderate Risk,Botol Sampel C,Sumber Air C,5
ALVIN-2026-04164,2026-09-18 08:13:52.600,153.59,2.01,0.512,0.6686,0.5903,62.88,Moderate Risk,Botol Sampel B,Sumber Air B,5
ALVIN-2026-04165,2026-09-18 08:13:52.800,99.03,1.17,0.3301,0.3912,0.3607,73.49,Low Risk,Botol Sampel A,Sumber Air A,5
ALVIN-2026-04166,2026-09-18 08:13:53.000,303.8,3.93,1.0127,1.3107,1.1617,46.26,High Risk,Botol Sampel D,Sumber Air D,5
ALVIN-2026-04167,2026-09-18 08:13:53.200,348.8,3.26,1.1627,1.0871,1.1249,47.06,High Risk,Botol Sampel E,Sumber Air E,5
ALVIN-2026-04168,2026-09-18 08:13:53.400,123.85,0.23,0.4128,0.0779,0.2454,80.3,Low Risk,Botol Sampel A,Sumber Air A,5
ALVIN-2026-04169,2026-09-18 08:13:53.600,118.16,0.68,0.3939,0.2279,0.3109,76.28,Low Risk,Botol Sampel A,Sumber Air A,5
ALVIN-2026-04170,2026-09-18 08:13:53.800,400.0,6.22,1.3333,2.0746,1.704,36.98,High Risk,Botol Sampel E,Sumber Air E,5
ALVIN-2026-04171,2026-09-18 08:13:54.000,88.65,0.3,0.2955,0.0994,0.1974,83.51,Low Risk,Botol Sampel A,Sumber Air A,5
ALVIN-2026-04172,2026-09-18 08:13:54.200,233.38,2.13,0.7779,0.7098,0.7438,57.35,Moderate Risk,Botol Sampel B,Sumber Air B,5
ALVIN-2026-04173,2026-09-18 08:13:54.400,101.75,0.57,0.3392,0.1916,0.2654,79.03,Low Risk,Botol Sampel A,Sumber Air A,5
ALVIN-2026-04174,2026-09-18 08:13:54.600,314.57,3.44,1.0486,1.1463,1.0974,47.68,High Risk,Botol Sampel E,Sumber Air E,5
ALVIN-2026-04175,2026-09-18 08:13:54.800,592.62,4.5,1.9754,1.5,1.7377,36.53,High Risk,Botol Sampel D,Sumber Air D,5
ALVIN-2026-04176,2026-09-18 08:13:55.000,145.0,0.38,0.4833,0.1272,0.3052,76.62,Low Risk,Botol Sampel A,Sumber Air A,5
ALVIN-2026-04177,2026-09-18 08:13:55.200,208.69,1.86,0.6956,0.6188,0.6572,60.34,Moderate Risk,Botol Sampel B,Sumber Air B,5
ALVIN-2026-04178,2026-09-18 08:13:55.400,321.99,2.67,1.0733,0.8897,0.9815,50.47,High Risk,Botol Sampel E,Sumber Air E,5
ALVIN-2026-04179,2026-09-18 08:13:55.600,175.71,1.3,0.5857,0.4349,0.5103,66.21,Moderate Risk,Botol Sampel C,Sumber Air C,5
ALVIN-2026-04180,2026-09-18 08:13:55.800,588.01,7.43,1.96,2.4769,2.2184,31.07,High Risk,Botol Sampel D,Sumber Air D,5
ALVIN-2026-04181,2026-09-18 08:13:56.000,225.42,1.67,0.7514,0.5577,0.6546,60.44,Moderate Risk,Botol Sampel B,Sumber Air B,5
ALVIN-2026-04182,2026-09-18 08:13:56.200,542.24,6.27,1.8075,2.0901,1.9488,33.91,High Risk,Botol Sampel D,Sumber Air D,5
ALVIN-2026-04183,2026-09-18 08:13:56.400,70.48,0.48,0.2349,0.1601,0.1975,83.51,Low Risk,Botol Sampel A,Sumber Air A,5
ALVIN-2026-04184,2026-09-18 08:13:56.600,130.36,0.63,0.4345,0.2087,0.3216,75.67,Moderate Risk,Botol Sampel C,Sumber Air C,5
ALVIN-2026-04185,2026-09-18 08:13:56.800,126.9,1.03,0.423,0.3418,0.3824,72.34,Low Risk,Botol Sampel A,Sumber Air A,5
ALVIN-2026-04186,2026-09-18 08:13:57.000,125.52,0.8,0.4184,0.2661,0.3422,74.5,Low Risk,Botol Sampel A,Sumber Air A,5
ALVIN-2026-04187,2026-09-18 08:13:57.200,808.42,5.91,2.6947,1.9692,2.332,30.01,High Risk,Botol Sampel D,Sumber Air D,5
ALVIN-2026-04188,2026-09-18 08:13:57.400,104.77,0.85,0.3492,0.2824,0.3158,76.0,Low Risk,Botol Sampel A,Sumber Air A,5
ALVIN-2026-04189,2026-09-18 08:13:57.600,346.02,3.97,1.1534,1.3245,1.239,44.66,High Risk,Botol Sampel D,Sumber Air D,5
ALVIN-2026-04190,2026-09-18 08:13:57.800,73.73,0.2,0.2458,0.0655,0.1556,86.54,Low Risk,Botol Sampel A,Sumber Air A,5
ALVIN-2026-04191,2026-09-18 08:13:58.000,159.0,2.64,0.53,0.8815,0.7058,58.62,Moderate Risk,Botol Sampel C,Sumber Air C,5
ALVIN-2026-04192,2026-09-18 08:13:58.200,131.19,0.34,0.4373,0.1131,0.2752,78.42,Moderate Risk,Botol Sampel C,Sumber Air C,5
ALVIN-2026-04193,2026-09-18 08:13:58.400,56.49,1.19,0.1883,0.3956,0.292,77.4,Low Risk,Botol Sampel A,Sumber Air A,5
ALVIN-2026-04194,2026-09-18 08:13:58.600,189.47,1.96,0.6316,0.6524,0.642,60.9,Moderate Risk,Botol Sampel C,Sumber Air C,5
ALVIN-2026-04195,2026-09-18 08:13:58.800,944.04,8.88,3.1468,2.9593,3.053,24.67,High Risk,Botol Sampel E,Sumber Air E,5
ALVIN-2026-04196,2026-09-18 08:13:59.000,179.14,1.52,0.5971,0.5074,0.5522,64.42,Moderate Risk,Botol Sampel C,Sumber Air C,5
ALVIN-2026-04197,2026-09-18 08:13:59.200,313.35,3.4,1.0445,1.1341,1.0893,47.86,High Risk,Botol Sampel E,Sumber Air E,5
ALVIN-2026-04198,2026-09-18 08:13:59.400,614.16,8.31,2.0472,2.7691,2.4082,29.34,High Risk,Botol Sampel D,Sumber Air D,5
ALVIN-2026-04199,2026-09-18 08:13:59.600,306.33,2.95,1.0211,0.984,1.0025,49.94,High Risk,Botol Sampel D,Sumber Air D,5
ALVIN-2026-04200,2026-09-18 08:13:59.800,120.18,1.21,0.4006,0.4036,0.4021,71.32,Low Risk,Botol Sampel A,Sumber Air A,5
ALVIN-2026-04201,2026-09-18 08:14:00.000,240.46,1.0,0.8015,0.3333,0.5674,63.8,Moderate Risk,Botol Sampel B,Sumber Air B,5
ALVIN-2026-04202,2026-09-18 08:14:00.200,866.21,12.5,2.8874,4.1675,3.5274,22.09,High Risk,Botol Sampel E,Sumber Air E,5
ALVIN-2026-04203,2026-09-18 08:14:00.400,323.31,3.01,1.0777,1.0035,1.0406,49.01,High Risk,Botol Sampel D,Sumber Air D,5
ALVIN-2026-04204,2026-09-18 08:14:00.600,682.88,10.05,2.2763,3.3511,2.8137,26.22,High Risk,Botol Sampel E,Sumber Air E,5
ALVIN-2026-04205,2026-09-18 08:14:00.800,244.18,1.36,0.8139,0.4538,0.6338,61.21,Moderate Risk,Botol Sampel B,Sumber Air B,5
ALVIN-2026-04206,2026-09-18 08:14:01.000,223.8,1.64,0.746,0.5458,0.6459,60.76,Moderate Risk,Botol Sampel B,Sumber Air B,5
ALVIN-2026-04207,2026-09-18 08:14:01.200,552.6,8.66,1.842,2.8854,2.3637,29.73,High Risk,Botol Sampel D,Sumber Air D,5
ALVIN-2026-04208,2026-09-18 08:14:01.400,321.73,4.15,1.0724,1.3826,1.2275,44.89,High Risk,Botol Sampel D,Sumber Air D,5
ALVIN-2026-04209,2026-09-18 08:14:01.600,556.97,6.54,1.8566,2.1785,2.0176,33.14,High Risk,Botol Sampel D,Sumber Air D,5
ALVIN-2026-04210,2026-09-18 08:14:01.800,317.88,5.12,1.0596,1.7059,1.3828,41.97,High Risk,Botol Sampel E,Sumber Air E,5
ALVIN-2026-04211,2026-09-18 08:14:02.000,518.26,4.76,1.7275,1.5862,1.6568,37.64,High Risk,Botol Sampel E,Sumber Air E,5
ALVIN-2026-04212,2026-09-18 08:14:02.200,362.57,4.14,1.2086,1.3803,1.2944,43.58,High Risk,Botol Sampel D,Sumber Air D,5
ALVIN-2026-04213,2026-09-18 08:14:02.400,545.6,6.55,1.8187,2.1824,2.0006,33.33,High Risk,Botol Sampel D,Sumber Air D,5
ALVIN-2026-04214,2026-09-18 08:14:02.600,244.36,1.63,0.8145,0.5444,0.6794,59.55,Moderate Risk,Botol Sampel C,Sumber Air C,5
ALVIN-2026-04215,2026-09-18 08:14:02.800,367.69,3.1,1.2256,1.0336,1.1296,46.96,High Risk,Botol Sampel E,Sumber Air E,5
ALVIN-2026-04216,2026-09-18 08:14:03.000,438.39,2.93,1.4613,0.9756,1.2184,45.08,High Risk,Botol Sampel D,Sumber Air D,5
ALVIN-2026-04217,2026-09-18 08:14:03.200,740.58,5.27,2.4686,1.7581,2.1134,32.12,High Risk,Botol Sampel D,Sumber Air D,5
ALVIN-2026-04218,2026-09-18 08:14:03.400,651.58,6.52,2.1719,2.1748,2.1734,31.51,High Risk,Botol Sampel D,Sumber Air D,5
ALVIN-2026-04219,2026-09-18 08:14:03.600,100.71,0.87,0.3357,0.2898,0.3127,76.18,Low Risk,Botol Sampel A,Sumber Air A,5
ALVIN-2026-04220,2026-09-18 08:14:03.800,239.39,1.0,0.798,0.3333,0.5656,63.87,Moderate Risk,Botol Sampel C,Sumber Air C,5
ALVIN-2026-04221,2026-09-18 08:14:04.000,327.01,3.08,1.09,1.025,1.0575,48.6,High Risk,Botol Sampel E,Sumber Air E,5
ALVIN-2026-04222,2026-09-18 08:14:04.200,121.99,0.1,0.4066,0.0333,0.22,81.97,Low Risk,Botol Sampel A,Sumber Air A,5
ALVIN-2026-04223,2026-09-18 08:14:04.400,101.9,0.51,0.3397,0.1705,0.2551,79.67,Moderate Risk,Botol Sampel C,Sumber Air C,5
ALVIN-2026-04224,2026-09-18 08:14:04.600,589.96,7.97,1.9665,2.6572,2.3118,30.2,High Risk,Botol Sampel E,Sumber Air E,5
ALVIN-2026-04225,2026-09-18 08:14:04.800,685.52,10.05,2.2851,3.349,2.817,26.2,High Risk,Botol Sampel E,Sumber Air E,5
ALVIN-2026-04226,2026-09-18 08:14:05.000,73.58,0.79,0.2453,0.2635,0.2544,79.72,Low Risk,Botol Sampel A,Sumber Air A,5
ALVIN-2026-04227,2026-09-18 08:14:05.200,711.98,5.54,2.3733,1.8465,2.1099,32.16,High Risk,Botol Sampel D,Sumber Air D,5
ALVIN-2026-04228,2026-09-18 08:14:05.400,133.63,0.44,0.4454,0.1462,0.2958,77.17,Low Risk,Botol Sampel A,Sumber Air A,5
ALVIN-2026-04229,2026-09-18 08:14:05.600,668.06,6.61,2.2269,2.2022,2.2146,31.11,High Risk,Botol Sampel E,Sumber Air E,5
ALVIN-2026-04230,2026-09-18 08:14:05.800,145.0,0.27,0.4833,0.0887,0.286,77.76,Moderate Risk,Botol Sampel C,Sumber Air C,5
ALVIN-2026-04231,2026-09-18 08:14:06.000,676.74,6.16,2.2558,2.0533,2.1546,31.7,High Risk,Botol Sampel E,Sumber Air E,5
ALVIN-2026-04232,2026-09-18 08:14:06.200,236.73,2.08,0.7891,0.6917,0.7404,57.46,Moderate Risk,Botol Sampel B,Sumber Air B,5
ALVIN-2026-04233,2026-09-18 08:14:06.400,88.24,0.28,0.2941,0.0917,0.1929,83.83,Low Risk,Botol Sampel A,Sumber Air A,5
ALVIN-2026-04234,2026-09-18 08:14:06.600,190.96,1.51,0.6365,0.5039,0.5702,63.69,Moderate Risk,Botol Sampel B,Sumber Air B,5
ALVIN-2026-04235,2026-09-18 08:14:06.800,818.94,7.17,2.7298,2.3903,2.56,28.09,High Risk,Botol Sampel E,Sumber Air E,5
ALVIN-2026-04236,2026-09-18 08:14:07.000,738.08,9.04,2.4603,3.013,2.7366,26.76,High Risk,Botol Sampel D,Sumber Air D,5
ALVIN-2026-04237,2026-09-18 08:14:07.200,211.1,2.17,0.7037,0.7218,0.7128,58.38,Moderate Risk,Botol Sampel B,Sumber Air B,5
ALVIN-2026-04238,2026-09-18 08:14:07.400,358.01,3.99,1.1934,1.3288,1.2611,44.23,High Risk,Botol Sampel D,Sumber Air D,5
ALVIN-2026-04239,2026-09-18 08:14:07.600,349.51,3.96,1.165,1.3211,1.243,44.58,High Risk,Botol Sampel D,Sumber Air D,5
ALVIN-2026-04240,2026-09-18 08:14:07.800,741.26,8.94,2.4709,2.9793,2.7251,26.84,High Risk,Botol Sampel D,Sumber Air D,5
ALVIN-2026-04241,2026-09-18 08:14:08.000,198.43,1.47,0.6614,0.4888,0.5751,63.49,Moderate Risk,Botol Sampel B,Sumber Air B,5
ALVIN-2026-04242,2026-09-18 08:14:08.200,567.0,4.5,1.89,1.5,1.695,37.11,High Risk,Botol Sampel D,Sumber Air D,5
ALVIN-2026-04243,2026-09-18 08:14:08.400,210.2,1.72,0.7007,0.5739,0.6373,61.08,Moderate Risk,Botol Sampel B,Sumber Air B,5
ALVIN-2026-04244,2026-09-18 08:14:08.600,797.06,7.26,2.6569,2.4186,2.5378,28.27,High Risk,Botol Sampel E,Sumber Air E,5
ALVIN-2026-04245,2026-09-18 08:14:08.800,165.95,1.35,0.5532,0.4496,0.5014,66.6,Moderate Risk,Botol Sampel B,Sumber Air B,5
ALVIN-2026-04246,2026-09-18 08:14:09.000,244.16,1.36,0.8139,0.4549,0.6344,61.18,Moderate Risk,Botol Sampel C,Sumber Air C,5
ALVIN-2026-04247,2026-09-18 08:14:09.200,251.31,2.27,0.8377,0.7573,0.7975,55.63,Moderate Risk,Botol Sampel C,Sumber Air C,5
ALVIN-2026-04248,2026-09-18 08:14:09.400,399.93,3.43,1.3331,1.1417,1.2374,44.69,High Risk,Botol Sampel D,Sumber Air D,5
ALVIN-2026-04249,2026-09-18 08:14:09.600,342.41,4.26,1.1414,1.4211,1.2812,43.84,High Risk,Botol Sampel D,Sumber Air D,5
ALVIN-2026-04250,2026-09-18 08:14:09.800,76.31,0.89,0.2544,0.2969,0.2756,78.39,Low Risk,Botol Sampel A,Sumber Air A,5
ALVIN-2026-04251,2026-09-18 08:14:10.000,130.06,0.25,0.4335,0.0831,0.2583,79.47,Low Risk,Botol Sampel A,Sumber Air A,5
ALVIN-2026-04252,2026-09-18 08:14:10.200,77.88,0.74,0.2596,0.2451,0.2524,79.85,Low Risk,Botol Sampel A,Sumber Air A,5
ALVIN-2026-04253,2026-09-18 08:14:10.400,78.08,1.0,0.2603,0.3341,0.2972,77.09,Low Risk,Botol Sampel A,Sumber Air A,5
ALVIN-2026-04254,2026-09-18 08:14:10.600,175.24,2.52,0.5841,0.8386,0.7113,58.44,Moderate Risk,Botol Sampel B,Sumber Air B,5
ALVIN-2026-04255,2026-09-18 08:14:10.800,379.09,2.98,1.2636,0.9933,1.1284,46.98,High Risk,Botol Sampel D,Sumber Air D,5
ALVIN-2026-04256,2026-09-18 08:14:11.000,330.35,3.46,1.1012,1.1534,1.1273,47.01,High Risk,Botol Sampel D,Sumber Air D,5
ALVIN-2026-04257,2026-09-18 08:14:11.200,203.53,1.89,0.6784,0.6315,0.6549,60.43,Moderate Risk,Botol Sampel B,Sumber Air B,5
ALVIN-2026-04258,2026-09-18 08:14:11.400,648.85,4.5,2.1628,1.5,1.8314,35.32,High Risk,Botol Sampel E,Sumber Air E,5
ALVIN-2026-04259,2026-09-18 08:14:11.600,602.44,8.11,2.0081,2.7018,2.355,29.81,High Risk,Botol Sampel E,Sumber Air E,5
ALVIN-2026-04260,2026-09-18 08:14:11.800,258.43,1.5,0.8614,0.4996,0.6805,59.51,Moderate Risk,Botol Sampel C,Sumber Air C,5
ALVIN-2026-04261,2026-09-18 08:14:12.000,294.29,2.2,0.981,0.7333,0.8572,53.84,Moderate Risk,Botol Sampel B,Sumber Air B,5
ALVIN-2026-04262,2026-09-18 08:14:12.200,194.0,1.22,0.6467,0.4082,0.5274,65.47,Moderate Risk,Botol Sampel C,Sumber Air C,5
ALVIN-2026-04263,2026-09-18 08:14:12.400,426.82,4.31,1.4227,1.4366,1.4296,41.16,High Risk,Botol Sampel E,Sumber Air E,5
ALVIN-2026-04264,2026-09-18 08:14:12.600,66.45,0.57,0.2215,0.1889,0.2052,82.97,Low Risk,Botol Sampel A,Sumber Air A,5
ALVIN-2026-04265,2026-09-18 08:14:12.800,329.64,2.52,1.0988,0.8398,0.9693,50.78,High Risk,Botol Sampel D,Sumber Air D,5
ALVIN-2026-04266,2026-09-18 08:14:13.000,505.74,7.23,1.6858,2.4104,2.0481,32.81,High Risk,Botol Sampel D,Sumber Air D,5
ALVIN-2026-04267,2026-09-18 08:14:13.200,846.43,7.52,2.8214,2.5055,2.6634,27.3,High Risk,Botol Sampel D,Sumber Air D,5
ALVIN-2026-04268,2026-09-18 08:14:13.400,105.31,0.34,0.351,0.1143,0.2326,81.13,Low Risk,Botol Sampel A,Sumber Air A,5
ALVIN-2026-04269,2026-09-18 08:14:13.600,610.59,6.17,2.0353,2.0568,2.046,32.83,High Risk,Botol Sampel E,Sumber Air E,5
ALVIN-2026-04270,2026-09-18 08:14:13.800,187.35,1.04,0.6245,0.3475,0.486,67.29,Moderate Risk,Botol Sampel C,Sumber Air C,5
ALVIN-2026-04271,2026-09-18 08:14:14.000,568.88,5.39,1.8963,1.7956,1.846,35.14,High Risk,Botol Sampel D,Sumber Air D,5
ALVIN-2026-04272,2026-09-18 08:14:14.200,206.69,2.47,0.689,0.822,0.7555,56.96,Moderate Risk,Botol Sampel C,Sumber Air C,5
ALVIN-2026-04273,2026-09-18 08:14:14.400,113.8,0.72,0.3793,0.2391,0.3092,76.38,Low Risk,Botol Sampel A,Sumber Air A,5
ALVIN-2026-04274,2026-09-18 08:14:14.600,77.93,0.61,0.2598,0.2024,0.2311,81.23,Moderate Risk,Botol Sampel B,Sumber Air B,5
ALVIN-2026-04275,2026-09-18 08:14:14.800,684.77,6.06,2.2826,2.02,2.1513,31.73,High Risk,Botol Sampel E,Sumber Air E,5
ALVIN-2026-04276,2026-09-18 08:14:15.000,221.96,1.62,0.7399,0.5399,0.6399,60.98,Moderate Risk,Botol Sampel B,Sumber Air B,5
ALVIN-2026-04277,2026-09-18 08:14:15.200,281.91,1.72,0.9397,0.5723,0.756,56.95,Moderate Risk,Botol Sampel B,Sumber Air B,5
ALVIN-2026-04278,2026-09-18 08:14:15.400,139.96,0.33,0.4665,0.109,0.2878,77.65,Low Risk,Botol Sampel A,Sumber Air A,5
ALVIN-2026-04279,2026-09-18 08:14:15.600,597.37,7.41,1.9912,2.4708,2.231,30.95,High Risk,Botol Sampel E,Sumber Air E,5
ALVIN-2026-04280,2026-09-18 08:14:15.800,936.0,4.5,3.12,1.5,2.31,30.21,High Risk,Botol Sampel D,Sumber Air D,5
ALVIN-2026-04281,2026-09-18 08:14:16.000,617.82,5.81,2.0594,1.9367,1.998,33.36,High Risk,Botol Sampel D,Sumber Air D,5
ALVIN-2026-04282,2026-09-18 08:14:16.200,197.58,1.86,0.6586,0.6208,0.6397,60.99,Moderate Risk,Botol Sampel C,Sumber Air C,5
ALVIN-2026-04283,2026-09-18 08:14:16.400,480.74,7.23,1.6025,2.4094,2.006,33.27,High Risk,Botol Sampel D,Sumber Air D,5
ALVIN-2026-04284,2026-09-18 08:14:16.600,290.0,1.96,0.9667,0.6518,0.8092,55.27,Moderate Risk,Botol Sampel B,Sumber Air B,5
ALVIN-2026-04285,2026-09-18 08:14:16.800,222.18,2.24,0.7406,0.747,0.7438,57.35,Moderate Risk,Botol Sampel C,Sumber Air C,5
ALVIN-2026-04286,2026-09-18 08:14:17.000,561.36,8.89,1.8712,2.9634,2.4173,29.26,High Risk,Botol Sampel D,Sumber Air D,5
ALVIN-2026-04287,2026-09-18 08:14:17.200,284.45,2.86,0.9482,0.9517,0.95,51.28,Moderate Risk,Botol Sampel C,Sumber Air C,5
ALVIN-2026-04288,2026-09-18 08:14:17.400,211.51,2.13,0.705,0.7088,0.7069,58.59,Moderate Risk,Botol Sampel C,Sumber Air C,5
ALVIN-2026-04289,2026-09-18 08:14:17.600,295.78,2.64,0.9859,0.8797,0.9328,51.74,Moderate Risk,Botol Sampel C,Sumber Air C,5
ALVIN-2026-04290,2026-09-18 08:14:17.800,144.87,1.95,0.4829,0.6484,0.5656,63.87,Moderate Risk,Botol Sampel B,Sumber Air B,5
ALVIN-2026-04291,2026-09-18 08:14:18.000,657.63,8.08,2.1921,2.6917,2.4419,29.05,High Risk,Botol Sampel D,Sumber Air D,5
ALVIN-2026-04292,2026-09-18 08:14:18.200,252.52,1.76,0.8417,0.588,0.7148,58.32,Moderate Risk,Botol Sampel C,Sumber Air C,5
ALVIN-2026-04293,2026-09-18 08:14:18.400,235.53,1.3,0.7851,0.4331,0.6091,62.15,Moderate Risk,Botol Sampel B,Sumber Air B,5
ALVIN-2026-04294,2026-09-18 08:14:18.600,211.1,1.68,0.7037,0.5614,0.6325,61.26,Moderate Risk,Botol Sampel C,Sumber Air C,5
ALVIN-2026-04295,2026-09-18 08:14:18.800,355.58,5.5,1.1853,1.8333,1.5093,39.85,High Risk,Botol Sampel E,Sumber Air E,5
ALVIN-2026-04296,2026-09-18 08:14:19.000,655.73,6.44,2.1858,2.1457,2.1658,31.59,High Risk,Botol Sampel D,Sumber Air D,5
ALVIN-2026-04297,2026-09-18 08:14:19.200,280.0,3.26,0.9333,1.0865,1.0099,49.75,High Risk,Botol Sampel D,Sumber Air D,5
ALVIN-2026-04298,2026-09-18 08:14:19.400,635.35,7.74,2.1178,2.581,2.3494,29.86,High Risk,Botol Sampel D,Sumber Air D,5
ALVIN-2026-04299,2026-09-18 08:14:19.600,109.53,0.44,0.3651,0.1471,0.2561,79.61,Low Risk,Botol Sampel A,Sumber Air A,5
ALVIN-2026-04300,2026-09-18 08:14:19.800,75.63,0.29,0.2521,0.0982,0.1752,85.09,Low Risk,Botol Sampel A,Sumber Air A,5
ALVIN-2026-04301,2026-09-18 08:14:20.000,133.56,1.08,0.4452,0.3603,0.4028,71.29,Low Risk,Botol Sampel A,Sumber Air A,5
ALVIN-2026-04302,2026-09-18 08:14:20.200,411.7,2.87,1.3723,0.9571,1.1647,46.2,High Risk,Botol Sampel D,Sumber Air D,5
ALVIN-2026-04303,2026-09-18 08:14:20.400,93.21,0.48,0.3107,0.1612,0.236,80.91,Low Risk,Botol Sampel A,Sumber Air A,5
ALVIN-2026-04304,2026-09-18 08:14:20.600,817.89,7.53,2.7263,2.5092,2.6178,27.64,High Risk,Botol Sampel D,Sumber Air D,5
ALVIN-2026-04305,2026-09-18 08:14:20.800,326.38,3.99,1.0879,1.3292,1.2086,45.28,High Risk,Botol Sampel E,Sumber Air E,5
ALVIN-2026-04306,2026-09-18 08:14:21.000,254.09,1.79,0.847,0.5975,0.7223,58.06,Moderate Risk,Botol Sampel B,Sumber Air B,5
ALVIN-2026-04307,2026-09-18 08:14:21.200,370.66,3.54,1.2355,1.1806,1.208,45.29,High Risk,Botol Sampel D,Sumber Air D,5
ALVIN-2026-04308,2026-09-18 08:14:21.400,340.99,3.28,1.1366,1.0921,1.1144,47.29,High Risk,Botol Sampel D,Sumber Air D,5
ALVIN-2026-04309,2026-09-18 08:14:21.600,102.29,0.61,0.341,0.2034,0.2722,78.6,Low Risk,Botol Sampel A,Sumber Air A,5
ALVIN-2026-04310,2026-09-18 08:14:21.800,128.84,0.74,0.4295,0.246,0.3378,74.75,Moderate Risk,Botol Sampel B,Sumber Air B,5
ALVIN-2026-04311,2026-09-18 08:14:22.000,280.0,3.07,0.9333,1.0242,0.9788,50.54,High Risk,Botol Sampel E,Sumber Air E,5
ALVIN-2026-04312,2026-09-18 08:14:22.200,552.99,4.5,1.8433,1.5,1.6716,37.43,High Risk,Botol Sampel D,Sumber Air D,5
ALVIN-2026-04313,2026-09-18 08:14:22.400,311.69,2.38,1.039,0.7949,0.917,52.16,High Risk,Botol Sampel E,Sumber Air E,5
ALVIN-2026-04314,2026-09-18 08:14:22.600,374.77,4.06,1.2492,1.3522,1.3007,43.47,High Risk,Botol Sampel E,Sumber Air E,5
ALVIN-2026-04315,2026-09-18 08:14:22.800,198.84,1.81,0.6628,0.6047,0.6338,61.21,Moderate Risk,Botol Sampel C,Sumber Air C,5
ALVIN-2026-04316,2026-09-18 08:14:23.000,641.86,6.53,2.1395,2.177,2.1582,31.66,High Risk,Botol Sampel E,Sumber Air E,5
ALVIN-2026-04317,2026-09-18 08:14:23.200,83.67,0.1,0.2789,0.0333,0.1561,86.5,Low Risk,Botol Sampel A,Sumber Air A,5
ALVIN-2026-04318,2026-09-18 08:14:23.400,51.59,0.97,0.172,0.3242,0.2481,80.12,Low Risk,Botol Sampel A,Sumber Air A,5
ALVIN-2026-04319,2026-09-18 08:14:23.600,239.4,1.2,0.798,0.4007,0.5994,62.52,Moderate Risk,Botol Sampel B,Sumber Air B,5
ALVIN-2026-04320,2026-09-18 08:14:23.800,82.64,0.47,0.2755,0.1569,0.2162,82.22,Low Risk,Botol Sampel A,Sumber Air A,5
ALVIN-2026-04321,2026-09-18 08:14:24.000,179.75,1.72,0.5992,0.5733,0.5862,63.04,Moderate Risk,Botol Sampel B,Sumber Air B,5
ALVIN-2026-04322,2026-09-18 08:14:24.200,122.34,0.15,0.4078,0.0497,0.2288,81.38,Low Risk,Botol Sampel A,Sumber Air A,5
ALVIN-2026-04323,2026-09-18 08:14:24.400,220.86,1.52,0.7362,0.5067,0.6215,61.67,Moderate Risk,Botol Sampel B,Sumber Air B,5
ALVIN-2026-04324,2026-09-18 08:14:24.600,70.6,0.58,0.2353,0.1933,0.2143,82.35,Low Risk,Botol Sampel A,Sumber Air A,5
ALVIN-2026-04325,2026-09-18 08:14:24.800,214.12,1.38,0.7137,0.4616,0.5876,62.99,Moderate Risk,Botol Sampel B,Sumber Air B,5
ALVIN-2026-04326,2026-09-18 08:14:25.000,97.32,0.41,0.3244,0.1375,0.231,81.23,Low Risk,Botol Sampel A,Sumber Air A,5
ALVIN-2026-04327,2026-09-18 08:14:25.200,371.03,2.69,1.2368,0.8966,1.0667,48.39,High Risk,Botol Sampel E,Sumber Air E,5
ALVIN-2026-04328,2026-09-18 08:14:25.400,280.0,2.2,0.9333,0.7333,0.8333,54.55,Moderate Risk,Botol Sampel C,Sumber Air C,5
ALVIN-2026-04329,2026-09-18 08:14:25.600,376.85,3.22,1.2562,1.0729,1.1646,46.2,High Risk,Botol Sampel E,Sumber Air E,5
ALVIN-2026-04330,2026-09-18 08:14:25.800,349.75,3.34,1.1658,1.1145,1.1402,46.72,High Risk,Botol Sampel E,Sumber Air E,5
ALVIN-2026-04331,2026-09-18 08:14:26.000,645.53,7.45,2.1518,2.4839,2.3178,30.14,High Risk,Botol Sampel D,Sumber Air D,5
ALVIN-2026-04332,2026-09-18 08:14:26.200,216.9,1.9,0.723,0.634,0.6785,59.58,Moderate Risk,Botol Sampel B,Sumber Air B,5
ALVIN-2026-04333,2026-09-18 08:14:26.400,294.03,2.31,0.9801,0.7706,0.8754,53.32,Moderate Risk,Botol Sampel B,Sumber Air B,5
ALVIN-2026-04334,2026-09-18 08:14:26.600,766.91,8.66,2.5564,2.8875,2.722,26.87,High Risk,Botol Sampel D,Sumber Air D,5
ALVIN-2026-04335,2026-09-18 08:14:26.800,527.09,8.15,1.757,2.7174,2.2372,30.89,High Risk,Botol Sampel D,Sumber Air D,5
ALVIN-2026-04336,2026-09-18 08:14:27.000,769.83,7.22,2.5661,2.4058,2.486,28.69,High Risk,Botol Sampel D,Sumber Air D,5
ALVIN-2026-04337,2026-09-18 08:14:27.200,215.0,1.86,0.7167,0.6189,0.6678,59.96,Moderate Risk,Botol Sampel C,Sumber Air C,5
ALVIN-2026-04338,2026-09-18 08:14:27.400,86.56,0.52,0.2885,0.1721,0.2303,81.28,Low Risk,Botol Sampel A,Sumber Air A,5
ALVIN-2026-04339,2026-09-18 08:14:27.600,724.27,6.21,2.4142,2.0704,2.2423,30.84,High Risk,Botol Sampel E,Sumber Air E,5
ALVIN-2026-04340,2026-09-18 08:14:27.800,399.38,2.97,1.3313,0.9899,1.1606,46.28,High Risk,Botol Sampel E,Sumber Air E,5
ALVIN-2026-04341,2026-09-18 08:14:28.000,202.18,1.68,0.6739,0.5599,0.6169,61.85,Moderate Risk,Botol Sampel C,Sumber Air C,5
ALVIN-2026-04342,2026-09-18 08:14:28.200,121.46,0.47,0.4049,0.1562,0.2805,78.09,Low Risk,Botol Sampel A,Sumber Air A,5
ALVIN-2026-04343,2026-09-18 08:14:28.400,383.11,2.68,1.277,0.8926,1.0848,47.97,High Risk,Botol Sampel D,Sumber Air D,5
ALVIN-2026-04344,2026-09-18 08:14:28.600,240.35,1.54,0.8012,0.5138,0.6575,60.33,Moderate Risk,Botol Sampel C,Sumber Air C,5
ALVIN-2026-04345,2026-09-18 08:14:28.800,112.82,0.23,0.3761,0.077,0.2266,81.53,Low Risk,Botol Sampel A,Sumber Air A,5
ALVIN-2026-04346,2026-09-18 08:14:29.000,187.65,2.57,0.6255,0.8557,0.7406,57.45,Moderate Risk,Botol Sampel C,Sumber Air C,5
ALVIN-2026-04347,2026-09-18 08:14:29.200,64.2,0.13,0.214,0.0435,0.1288,88.59,Low Risk,Botol Sampel A,Sumber Air A,5
ALVIN-2026-04348,2026-09-18 08:14:29.400,340.34,4.58,1.1345,1.5255,1.33,42.92,High Risk,Botol Sampel D,Sumber Air D,5
ALVIN-2026-04349,2026-09-18 08:14:29.600,195.92,1.79,0.6531,0.5982,0.6256,61.52,Moderate Risk,Botol Sampel B,Sumber Air B,5
ALVIN-2026-04350,2026-09-18 08:14:29.800,105.19,0.36,0.3506,0.1211,0.2358,80.92,Low Risk,Botol Sampel A,Sumber Air A,5
ALVIN-2026-04351,2026-09-18 08:14:30.000,112.15,0.18,0.3738,0.0615,0.2176,82.13,Moderate Risk,Botol Sampel C,Sumber Air C,5
ALVIN-2026-04352,2026-09-18 08:14:30.200,87.96,0.73,0.2932,0.2423,0.2678,78.88,Low Risk,Botol Sampel A,Sumber Air A,5
ALVIN-2026-04353,2026-09-18 08:14:30.400,356.9,4.13,1.1897,1.3766,1.2832,43.8,High Risk,Botol Sampel E,Sumber Air E,5
ALVIN-2026-04354,2026-09-18 08:14:30.600,655.67,5.29,2.1856,1.7643,1.975,33.61,High Risk,Botol Sampel E,Sumber Air E,5
ALVIN-2026-04355,2026-09-18 08:14:30.800,777.84,6.91,2.5928,2.3023,2.4475,29.01,High Risk,Botol Sampel E,Sumber Air E,5
ALVIN-2026-04356,2026-09-18 08:14:31.000,115.66,0.76,0.3855,0.2522,0.3188,75.83,Low Risk,Botol Sampel A,Sumber Air A,5
ALVIN-2026-04357,2026-09-18 08:14:31.200,402.36,3.18,1.3412,1.0599,1.2006,45.44,High Risk,Botol Sampel E,Sumber Air E,5
ALVIN-2026-04358,2026-09-18 08:14:31.400,158.28,1.63,0.5276,0.5446,0.5361,65.1,Moderate Risk,Botol Sampel C,Sumber Air C,5
ALVIN-2026-04359,2026-09-18 08:14:31.600,166.5,1.5,0.555,0.4997,0.5274,65.47,Moderate Risk,Botol Sampel C,Sumber Air C,5
ALVIN-2026-04360,2026-09-18 08:14:31.800,123.41,0.73,0.4114,0.244,0.3277,75.32,Low Risk,Botol Sampel A,Sumber Air A,5
ALVIN-2026-04361,2026-09-18 08:14:32.000,82.89,0.34,0.2763,0.1139,0.1951,83.68,Low Risk,Botol Sampel A,Sumber Air A,5
ALVIN-2026-04362,2026-09-18 08:14:32.200,103.52,0.57,0.3451,0.1886,0.2669,78.93,Low Risk,Botol Sampel A,Sumber Air A,5
ALVIN-2026-04363,2026-09-18 08:14:32.400,676.26,4.71,2.2542,1.5694,1.9118,34.34,High Risk,Botol Sampel D,Sumber Air D,5
ALVIN-2026-04364,2026-09-18 08:14:32.600,108.01,0.92,0.36,0.3064,0.3332,75.01,Low Risk,Botol Sampel A,Sumber Air A,5
ALVIN-2026-04365,2026-09-18 08:14:32.800,146.17,1.52,0.4872,0.5081,0.4976,66.77,Moderate Risk,Botol Sampel B,Sumber Air B,5
ALVIN-2026-04366,2026-09-18 08:14:33.000,391.97,2.85,1.3066,0.9494,1.128,46.99,High Risk,Botol Sampel D,Sumber Air D,5
ALVIN-2026-04367,2026-09-18 08:14:33.200,88.84,1.1,0.2961,0.3659,0.331,75.13,Low Risk,Botol Sampel A,Sumber Air A,5
ALVIN-2026-04368,2026-09-18 08:14:33.400,105.21,0.85,0.3507,0.284,0.3174,75.91,Low Risk,Botol Sampel A,Sumber Air A,5
ALVIN-2026-04369,2026-09-18 08:14:33.600,114.79,0.1,0.3826,0.0333,0.208,82.78,Low Risk,Botol Sampel A,Sumber Air A,5
ALVIN-2026-04370,2026-09-18 08:14:33.800,361.1,4.01,1.2037,1.3368,1.2702,44.05,High Risk,Botol Sampel D,Sumber Air D,5
ALVIN-2026-04371,2026-09-18 08:14:34.000,56.92,0.96,0.1897,0.321,0.2554,79.66,Moderate Risk,Botol Sampel B,Sumber Air B,5
ALVIN-2026-04372,2026-09-18 08:14:34.200,254.63,1.72,0.8488,0.5738,0.7113,58.44,Moderate Risk,Botol Sampel B,Sumber Air B,5
ALVIN-2026-04373,2026-09-18 08:14:34.400,218.68,1.54,0.7289,0.514,0.6215,61.67,Moderate Risk,Botol Sampel C,Sumber Air C,5
ALVIN-2026-04374,2026-09-18 08:14:34.600,597.59,10.97,1.992,3.6566,2.8243,26.15,High Risk,Botol Sampel E,Sumber Air E,5
ALVIN-2026-04375,2026-09-18 08:14:34.800,307.41,3.26,1.0247,1.0857,1.0552,48.66,High Risk,Botol Sampel E,Sumber Air E,5
ALVIN-2026-04376,2026-09-18 08:14:35.000,223.26,1.0,0.7442,0.3333,0.5387,64.99,Moderate Risk,Botol Sampel B,Sumber Air B,5
ALVIN-2026-04377,2026-09-18 08:14:35.200,86.76,0.9,0.2892,0.2985,0.2938,77.29,Low Risk,Botol Sampel A,Sumber Air A,5
ALVIN-2026-04378,2026-09-18 08:14:35.400,115.2,0.84,0.384,0.2787,0.3314,75.11,Low Risk,Botol Sampel A,Sumber Air A,5
ALVIN-2026-04379,2026-09-18 08:14:35.600,214.01,1.87,0.7134,0.6232,0.6683,59.94,Moderate Risk,Botol Sampel C,Sumber Air C,5
ALVIN-2026-04380,2026-09-18 08:14:35.800,183.12,1.77,0.6104,0.5891,0.5998,62.51,Moderate Risk,Botol Sampel C,Sumber Air C,5
ALVIN-2026-04381,2026-09-18 08:14:36.000,115.34,0.38,0.3845,0.1269,0.2557,79.64,Low Risk,Botol Sampel A,Sumber Air A,5
ALVIN-2026-04382,2026-09-18 08:14:36.200,389.37,3.59,1.2979,1.1968,1.2474,44.5,High Risk,Botol Sampel D,Sumber Air D,5
ALVIN-2026-04383,2026-09-18 08:14:36.400,222.7,1.38,0.7423,0.4608,0.6016,62.44,Moderate Risk,Botol Sampel B,Sumber Air B,5
ALVIN-2026-04384,2026-09-18 08:14:36.600,708.71,5.49,2.3624,1.8292,2.0958,32.3,High Risk,Botol Sampel E,Sumber Air E,5
ALVIN-2026-04385,2026-09-18 08:14:36.800,119.04,0.1,0.3968,0.0333,0.215,82.3,Low Risk,Botol Sampel A,Sumber Air A,5
ALVIN-2026-04386,2026-09-18 08:14:37.000,60.98,0.91,0.2033,0.3023,0.2528,79.82,Moderate Risk,Botol Sampel C,Sumber Air C,5
ALVIN-2026-04387,2026-09-18 08:14:37.200,144.83,1.55,0.4828,0.5179,0.5004,66.65,Moderate Risk,Botol Sampel B,Sumber Air B,5
ALVIN-2026-04388,2026-09-18 08:14:37.400,208.32,1.88,0.6944,0.6276,0.661,60.2,Moderate Risk,Botol Sampel C,Sumber Air C,5
ALVIN-2026-04389,2026-09-18 08:14:37.600,66.18,0.95,0.2206,0.3164,0.2685,78.83,Low Risk,Botol Sampel A,Sumber Air A,5
ALVIN-2026-04390,2026-09-18 08:14:37.800,280.0,3.77,0.9333,1.2574,1.0954,47.72,High Risk,Botol Sampel E,Sumber Air E,5
ALVIN-2026-04391,2026-09-18 08:14:38.000,843.4,11.13,2.8113,3.7099,3.2606,23.47,High Risk,Botol Sampel D,Sumber Air D,5
ALVIN-2026-04392,2026-09-18 08:14:38.200,198.9,2.8,0.663,0.9335,0.7982,55.61,Moderate Risk,Botol Sampel B,Sumber Air B,5
ALVIN-2026-04393,2026-09-18 08:14:38.400,280.0,2.69,0.9333,0.8971,0.9152,52.21,Moderate Risk,Botol Sampel C,Sumber Air C,5
ALVIN-2026-04394,2026-09-18 08:14:38.600,224.84,1.16,0.7495,0.3854,0.5674,63.8,Moderate Risk,Botol Sampel C,Sumber Air C,5
ALVIN-2026-04395,2026-09-18 08:14:38.800,494.61,8.52,1.6487,2.8399,2.2443,30.82,High Risk,Botol Sampel D,Sumber Air D,5
ALVIN-2026-04396,2026-09-18 08:14:39.000,322.23,2.92,1.0741,0.974,1.024,49.41,High Risk,Botol Sampel D,Sumber Air D,5
ALVIN-2026-04397,2026-09-18 08:14:39.200,208.87,1.9,0.6962,0.6344,0.6653,60.05,Moderate Risk,Botol Sampel C,Sumber Air C,5
ALVIN-2026-04398,2026-09-18 08:14:39.400,168.33,1.84,0.5611,0.6125,0.5868,63.02,Moderate Risk,Botol Sampel B,Sumber Air B,5
ALVIN-2026-04399,2026-09-18 08:14:39.600,208.65,1.16,0.6955,0.3868,0.5412,64.88,Moderate Risk,Botol Sampel C,Sumber Air C,5
ALVIN-2026-04400,2026-09-18 08:14:39.800,528.38,6.93,1.7613,2.3088,2.035,32.95,High Risk,Botol Sampel D,Sumber Air D,5
ALVIN-2026-04401,2026-09-18 08:14:40.000,306.32,2.77,1.0211,0.9241,0.9726,50.69,High Risk,Botol Sampel E,Sumber Air E,5
ALVIN-2026-04402,2026-09-18 08:14:40.200,180.54,1.79,0.6018,0.5969,0.5994,62.52,Moderate Risk,Botol Sampel C,Sumber Air C,5
ALVIN-2026-04403,2026-09-18 08:14:40.400,625.24,6.54,2.0841,2.181,2.1326,31.92,High Risk,Botol Sampel E,Sumber Air E,5
ALVIN-2026-04404,2026-09-18 08:14:40.600,223.35,2.07,0.7445,0.6896,0.717,58.24,Moderate Risk,Botol Sampel B,Sumber Air B,5
ALVIN-2026-04405,2026-09-18 08:14:40.800,813.36,7.68,2.7112,2.5598,2.6355,27.51,High Risk,Botol Sampel D,Sumber Air D,5
ALVIN-2026-04406,2026-09-18 08:14:41.000,112.05,0.51,0.3735,0.1693,0.2714,78.65,Low Risk,Botol Sampel A,Sumber Air A,5
ALVIN-2026-04407,2026-09-18 08:14:41.200,610.91,9.67,2.0364,3.2235,2.63,27.55,High Risk,Botol Sampel D,Sumber Air D,5
ALVIN-2026-04408,2026-09-18 08:14:41.400,401.17,3.83,1.3372,1.2777,1.3074,43.34,High Risk,Botol Sampel D,Sumber Air D,5
ALVIN-2026-04409,2026-09-18 08:14:41.600,112.28,0.7,0.3743,0.2334,0.3038,76.7,Low Risk,Botol Sampel A,Sumber Air A,5
ALVIN-2026-04410,2026-09-18 08:14:41.800,892.85,6.39,2.9762,2.1299,2.553,28.15,High Risk,Botol Sampel E,Sumber Air E,5
ALVIN-2026-04411,2026-09-18 08:14:42.000,182.51,2.45,0.6084,0.8164,0.7124,58.4,Moderate Risk,Botol Sampel C,Sumber Air C,5
ALVIN-2026-04412,2026-09-18 08:14:42.200,728.24,11.13,2.4275,3.71,3.0688,24.58,High Risk,Botol Sampel D,Sumber Air D,5
ALVIN-2026-04413,2026-09-18 08:14:42.400,303.22,3.16,1.0107,1.0533,1.032,49.21,High Risk,Botol Sampel D,Sumber Air D,5
ALVIN-2026-04414,2026-09-18 08:14:42.600,75.84,0.48,0.2528,0.16,0.2064,82.89,Low Risk,Botol Sampel A,Sumber Air A,5
ALVIN-2026-04415,2026-09-18 08:14:42.800,125.0,0.54,0.4167,0.1812,0.299,76.98,Low Risk,Botol Sampel A,Sumber Air A,5
ALVIN-2026-04416,2026-09-18 08:14:43.000,279.57,2.76,0.9319,0.919,0.9254,51.94,Moderate Risk,Botol Sampel C,Sumber Air C,5
ALVIN-2026-04417,2026-09-18 08:14:43.200,666.18,4.5,2.2206,1.5,1.8603,34.96,High Risk,Botol Sampel E,Sumber Air E,5
ALVIN-2026-04418,2026-09-18 08:14:43.400,591.19,9.38,1.9706,3.1251,2.5478,28.19,High Risk,Botol Sampel D,Sumber Air D,5
ALVIN-2026-04419,2026-09-18 08:14:43.600,181.26,1.6,0.6042,0.5339,0.5691,63.73,Moderate Risk,Botol Sampel C,Sumber Air C,5
ALVIN-2026-04420,2026-09-18 08:14:43.800,182.65,1.42,0.6088,0.4722,0.5405,64.91,Moderate Risk,Botol Sampel C,Sumber Air C,5
ALVIN-2026-04421,2026-09-18 08:14:44.000,30.0,0.59,0.1,0.1969,0.1484,87.08,Low Risk,Botol Sampel A,Sumber Air A,5
ALVIN-2026-04422,2026-09-18 08:14:44.200,131.27,0.78,0.4376,0.2584,0.348,74.18,Low Risk,Botol Sampel A,Sumber Air A,5
ALVIN-2026-04423,2026-09-18 08:14:44.400,376.47,3.23,1.2549,1.0775,1.1662,46.16,High Risk,Botol Sampel D,Sumber Air D,5
ALVIN-2026-04424,2026-09-18 08:14:44.600,630.87,7.42,2.1029,2.4734,2.2882,30.41,High Risk,Botol Sampel D,Sumber Air D,5
ALVIN-2026-04425,2026-09-18 08:14:44.800,634.41,5.92,2.1147,1.9743,2.0445,32.85,High Risk,Botol Sampel E,Sumber Air E,5
ALVIN-2026-04426,2026-09-18 08:14:45.000,280.0,4.12,0.9333,1.3743,1.1538,46.43,High Risk,Botol Sampel E,Sumber Air E,5
ALVIN-2026-04427,2026-09-18 08:14:45.200,89.59,0.66,0.2986,0.2215,0.26,79.37,Low Risk,Botol Sampel A,Sumber Air A,5
ALVIN-2026-04428,2026-09-18 08:14:45.400,125.35,0.89,0.4178,0.2972,0.3575,73.66,Moderate Risk,Botol Sampel B,Sumber Air B,5
ALVIN-2026-04429,2026-09-18 08:14:45.600,114.56,0.14,0.3819,0.0479,0.2149,82.31,Low Risk,Botol Sampel A,Sumber Air A,5
ALVIN-2026-04430,2026-09-18 08:14:45.800,448.25,5.55,1.4942,1.8497,1.672,37.43,High Risk,Botol Sampel D,Sumber Air D,5
ALVIN-2026-04431,2026-09-18 08:14:46.000,420.67,4.5,1.4022,1.5,1.4511,40.8,High Risk,Botol Sampel E,Sumber Air E,5
ALVIN-2026-04432,2026-09-18 08:14:46.200,76.97,0.46,0.2566,0.1529,0.2047,83.01,Low Risk,Botol Sampel A,Sumber Air A,5
ALVIN-2026-04433,2026-09-18 08:14:46.400,145.0,0.76,0.4833,0.2519,0.3676,73.12,Low Risk,Botol Sampel A,Sumber Air A,5
ALVIN-2026-04434,2026-09-18 08:14:46.600,510.76,6.34,1.7025,2.1125,1.9075,34.39,High Risk,Botol Sampel E,Sumber Air E,5
ALVIN-2026-04435,2026-09-18 08:14:46.800,293.73,3.87,0.9791,1.2889,1.134,46.86,High Risk,Botol Sampel E,Sumber Air E,5
ALVIN-2026-04436,2026-09-18 08:14:47.000,111.01,0.37,0.37,0.124,0.247,80.19,Low Risk,Botol Sampel A,Sumber Air A,5
ALVIN-2026-04437,2026-09-18 08:14:47.200,377.8,3.99,1.2593,1.3286,1.294,43.59,High Risk,Botol Sampel D,Sumber Air D,5
ALVIN-2026-04438,2026-09-18 08:14:47.400,81.95,0.59,0.2732,0.1975,0.2354,80.95,Moderate Risk,Botol Sampel C,Sumber Air C,5
ALVIN-2026-04439,2026-09-18 08:14:47.600,280.0,4.11,0.9333,1.3685,1.1509,46.49,High Risk,Botol Sampel E,Sumber Air E,5
ALVIN-2026-04440,2026-09-18 08:14:47.800,114.19,0.45,0.3806,0.15,0.2653,79.03,Low Risk,Botol Sampel A,Sumber Air A,5
ALVIN-2026-04441,2026-09-18 08:14:48.000,403.72,3.17,1.3457,1.0575,1.2016,45.42,High Risk,Botol Sampel E,Sumber Air E,5
ALVIN-2026-04442,2026-09-18 08:14:48.200,164.35,1.81,0.5478,0.6049,0.5763,63.44,Moderate Risk,Botol Sampel B,Sumber Air B,5
ALVIN-2026-04443,2026-09-18 08:14:48.400,218.79,1.51,0.7293,0.5036,0.6164,61.87,Moderate Risk,Botol Sampel C,Sumber Air C,5
ALVIN-2026-04444,2026-09-18 08:14:48.600,202.06,1.07,0.6735,0.3558,0.5147,66.02,Moderate Risk,Botol Sampel B,Sumber Air B,5
ALVIN-2026-04445,2026-09-18 08:14:48.800,64.35,0.75,0.2145,0.2484,0.2314,81.21,Low Risk,Botol Sampel A,Sumber Air A,5
ALVIN-2026-04446,2026-09-18 08:14:49.000,48.45,0.76,0.1615,0.253,0.2072,82.84,Moderate Risk,Botol Sampel B,Sumber Air B,5
ALVIN-2026-04447,2026-09-18 08:14:49.200,84.27,0.9,0.2809,0.2992,0.2901,77.51,Low Risk,Botol Sampel A,Sumber Air A,5
ALVIN-2026-04448,2026-09-18 08:14:49.400,341.24,3.89,1.1375,1.2951,1.2163,45.12,High Risk,Botol Sampel E,Sumber Air E,5
ALVIN-2026-04449,2026-09-18 08:14:49.600,406.23,3.64,1.3541,1.2126,1.2834,43.79,High Risk,Botol Sampel E,Sumber Air E,5
ALVIN-2026-04450,2026-09-18 08:14:49.800,125.35,0.86,0.4178,0.2852,0.3515,73.99,Low Risk,Botol Sampel A,Sumber Air A,5
ALVIN-2026-04451,2026-09-18 08:14:50.000,354.92,2.72,1.1831,0.9076,1.0454,48.89,High Risk,Botol Sampel D,Sumber Air D,5
ALVIN-2026-04452,2026-09-18 08:14:50.200,63.93,0.92,0.2131,0.3075,0.2603,79.35,Low Risk,Botol Sampel A,Sumber Air A,5
ALVIN-2026-04453,2026-09-18 08:14:50.400,229.55,2.68,0.7652,0.8926,0.8289,54.68,Moderate Risk,Botol Sampel B,Sumber Air B,5
ALVIN-2026-04454,2026-09-18 08:14:50.600,314.36,5.14,1.0479,1.7124,1.3802,42.01,High Risk,Botol Sampel D,Sumber Air D,5
ALVIN-2026-04455,2026-09-18 08:14:50.800,100.99,0.2,0.3366,0.0679,0.2023,83.17,Low Risk,Botol Sampel A,Sumber Air A,5
ALVIN-2026-04456,2026-09-18 08:14:51.000,686.79,8.92,2.2893,2.9746,2.6319,27.53,High Risk,Botol Sampel E,Sumber Air E,5
ALVIN-2026-04457,2026-09-18 08:14:51.200,184.83,1.07,0.6161,0.3552,0.4856,67.31,Moderate Risk,Botol Sampel B,Sumber Air B,5
ALVIN-2026-04458,2026-09-18 08:14:51.400,282.08,1.27,0.9403,0.4236,0.682,59.45,Moderate Risk,Botol Sampel C,Sumber Air C,5
ALVIN-2026-04459,2026-09-18 08:14:51.600,197.53,1.79,0.6584,0.5958,0.6271,61.46,Moderate Risk,Botol Sampel C,Sumber Air C,5
ALVIN-2026-04460,2026-09-18 08:14:51.800,364.25,3.66,1.2142,1.2205,1.2174,45.1,High Risk,Botol Sampel E,Sumber Air E,5
ALVIN-2026-04461,2026-09-18 08:14:52.000,137.44,0.76,0.4581,0.2536,0.3558,73.76,Low Risk,Botol Sampel A,Sumber Air A,5
ALVIN-2026-04462,2026-09-18 08:14:52.200,45.73,0.73,0.1524,0.2421,0.1972,83.53,Low Risk,Botol Sampel A,Sumber Air A,5
ALVIN-2026-04463,2026-09-18 08:14:52.400,516.34,4.5,1.7211,1.5,1.6106,38.31,High Risk,Botol Sampel D,Sumber Air D,5
ALVIN-2026-04464,2026-09-18 08:14:52.600,116.04,0.83,0.3868,0.2769,0.3318,75.09,Low Risk,Botol Sampel A,Sumber Air A,5
ALVIN-2026-04465,2026-09-18 08:14:52.800,319.75,3.95,1.0658,1.317,1.1914,45.63,High Risk,Botol Sampel D,Sumber Air D,5
ALVIN-2026-04466,2026-09-18 08:14:53.000,553.64,7.98,1.8455,2.6597,2.2526,30.74,High Risk,Botol Sampel E,Sumber Air E,5
ALVIN-2026-04467,2026-09-18 08:14:53.200,71.12,0.84,0.2371,0.2808,0.259,79.43,Low Risk,Botol Sampel A,Sumber Air A,5
ALVIN-2026-04468,2026-09-18 08:14:53.400,280.0,2.45,0.9333,0.818,0.8756,53.32,Moderate Risk,Botol Sampel C,Sumber Air C,5
ALVIN-2026-04469,2026-09-18 08:14:53.600,479.04,3.88,1.5968,1.2941,1.4455,40.89,High Risk,Botol Sampel E,Sumber Air E,5
ALVIN-2026-04470,2026-09-18 08:14:53.800,95.49,0.29,0.3183,0.0965,0.2074,82.82,Low Risk,Botol Sampel A,Sumber Air A,5
ALVIN-2026-04471,2026-09-18 08:14:54.000,91.78,0.56,0.3059,0.1872,0.2466,80.22,Low Risk,Botol Sampel A,Sumber Air A,5
ALVIN-2026-04472,2026-09-18 08:14:54.200,208.99,2.17,0.6966,0.7234,0.71,58.48,Moderate Risk,Botol Sampel C,Sumber Air C,5
ALVIN-2026-04473,2026-09-18 08:14:54.400,96.89,0.47,0.323,0.1564,0.2397,80.66,Low Risk,Botol Sampel A,Sumber Air A,5
ALVIN-2026-04474,2026-09-18 08:14:54.600,353.78,3.54,1.1793,1.1786,1.179,45.89,High Risk,Botol Sampel E,Sumber Air E,5
ALVIN-2026-04475,2026-09-18 08:14:54.800,101.12,0.86,0.3371,0.2875,0.3123,76.2,Low Risk,Botol Sampel A,Sumber Air A,5
ALVIN-2026-04476,2026-09-18 08:14:55.000,355.36,2.94,1.1845,0.9812,1.0828,48.01,High Risk,Botol Sampel D,Sumber Air D,5
ALVIN-2026-04477,2026-09-18 08:14:55.200,482.71,8.24,1.609,2.7476,2.1783,31.46,High Risk,Botol Sampel D,Sumber Air D,5
ALVIN-2026-04478,2026-09-18 08:14:55.400,653.45,5.88,2.1782,1.9594,2.0688,32.59,High Risk,Botol Sampel D,Sumber Air D,5
ALVIN-2026-04479,2026-09-18 08:14:55.600,228.96,2.25,0.7632,0.7512,0.7572,56.91,Moderate Risk,Botol Sampel B,Sumber Air B,5
ALVIN-2026-04480,2026-09-18 08:14:55.800,602.83,6.04,2.0094,2.0117,2.0106,33.22,High Risk,Botol Sampel E,Sumber Air E,5
ALVIN-2026-04481,2026-09-18 08:14:56.000,666.05,6.27,2.2202,2.0885,2.1544,31.7,High Risk,Botol Sampel E,Sumber Air E,5
ALVIN-2026-04482,2026-09-18 08:14:56.200,280.0,3.47,0.9333,1.1568,1.045,48.9,High Risk,Botol Sampel E,Sumber Air E,5
ALVIN-2026-04483,2026-09-18 08:14:56.400,137.3,0.58,0.4577,0.1925,0.3251,75.47,Moderate Risk,Botol Sampel C,Sumber Air C,5
ALVIN-2026-04484,2026-09-18 08:14:56.600,280.0,3.36,0.9333,1.1194,1.0263,49.35,High Risk,Botol Sampel D,Sumber Air D,5
ALVIN-2026-04485,2026-09-18 08:14:56.800,184.79,1.75,0.616,0.5821,0.599,62.54,Moderate Risk,Botol Sampel B,Sumber Air B,5
ALVIN-2026-04486,2026-09-18 08:14:57.000,745.54,4.5,2.4851,1.5,1.9926,33.42,High Risk,Botol Sampel D,Sumber Air D,5
ALVIN-2026-04487,2026-09-18 08:14:57.200,257.34,1.93,0.8578,0.6439,0.7508,57.12,Moderate Risk,Botol Sampel C,Sumber Air C,5
ALVIN-2026-04488,2026-09-18 08:14:57.400,400.0,9.88,1.3333,3.2922,2.3128,30.19,High Risk,Botol Sampel D,Sumber Air D,5
ALVIN-2026-04489,2026-09-18 08:14:57.600,296.11,3.55,0.987,1.1841,1.0856,47.95,High Risk,Botol Sampel E,Sumber Air E,5
ALVIN-2026-04490,2026-09-18 08:14:57.800,751.68,5.73,2.5056,1.9086,2.2071,31.18,High Risk,Botol Sampel D,Sumber Air D,5
ALVIN-2026-04491,2026-09-18 08:14:58.000,280.0,4.25,0.9333,1.4173,1.1753,45.97,High Risk,Botol Sampel E,Sumber Air E,5
ALVIN-2026-04492,2026-09-18 08:14:58.200,876.09,7.74,2.9203,2.5809,2.7506,26.66,High Risk,Botol Sampel D,Sumber Air D,5
ALVIN-2026-04493,2026-09-18 08:14:58.400,105.42,0.39,0.3514,0.1316,0.2415,80.55,Low Risk,Botol Sampel A,Sumber Air A,5
ALVIN-2026-04494,2026-09-18 08:14:58.600,103.75,0.55,0.3458,0.1828,0.2643,79.1,Low Risk,Botol Sampel A,Sumber Air A,5
ALVIN-2026-04495,2026-09-18 08:14:58.800,84.33,0.73,0.2811,0.2439,0.2625,79.21,Low Risk,Botol Sampel A,Sumber Air A,5
ALVIN-2026-04496,2026-09-18 08:14:59.000,103.84,0.78,0.3461,0.2584,0.3022,76.79,Low Risk,Botol Sampel A,Sumber Air A,5
ALVIN-2026-04497,2026-09-18 08:14:59.200,90.4,0.54,0.3013,0.1812,0.2412,80.57,Low Risk,Botol Sampel A,Sumber Air A,5
ALVIN-2026-04498,2026-09-18 08:14:59.400,109.59,1.02,0.3653,0.3402,0.3528,73.92,Moderate Risk,Botol Sampel B,Sumber Air B,5
ALVIN-2026-04499,2026-09-18 08:14:59.600,154.96,2.14,0.5165,0.7124,0.6144,61.94,Moderate Risk,Botol Sampel B,Sumber Air B,5
ALVIN-2026-04500,2026-09-18 08:14:59.800,140.0,1.62,0.4667,0.5408,0.5037,66.5,Moderate Risk,Botol Sampel C,Sumber Air C,5
ALVIN-2026-04501,2026-09-18 08:15:00.000,464.07,6.46,1.5469,2.1518,1.8494,35.1,High Risk,Botol Sampel D,Sumber Air D,5
ALVIN-2026-04502,2026-09-18 08:15:00.200,267.12,1.47,0.8904,0.4885,0.6894,59.19,Moderate Risk,Botol Sampel C,Sumber Air C,5
ALVIN-2026-04503,2026-09-18 08:15:00.400,326.73,3.21,1.0891,1.0711,1.0801,48.07,High Risk,Botol Sampel D,Sumber Air D,5
ALVIN-2026-04504,2026-09-18 08:15:00.600,184.66,2.24,0.6155,0.7474,0.6814,59.47,Moderate Risk,Botol Sampel C,Sumber Air C,5
ALVIN-2026-04505,2026-09-18 08:15:00.800,253.06,1.92,0.8435,0.6402,0.7418,57.41,Moderate Risk,Botol Sampel B,Sumber Air B,5
ALVIN-2026-04506,2026-09-18 08:15:01.000,629.4,6.2,2.098,2.0668,2.0824,32.44,High Risk,Botol Sampel E,Sumber Air E,5
ALVIN-2026-04507,2026-09-18 08:15:01.200,679.91,7.64,2.2664,2.5456,2.406,29.36,High Risk,Botol Sampel D,Sumber Air D,5
ALVIN-2026-04508,2026-09-18 08:15:01.400,77.13,0.68,0.2571,0.2267,0.2419,80.52,Low Risk,Botol Sampel A,Sumber Air A,5
ALVIN-2026-04509,2026-09-18 08:15:01.600,245.61,1.68,0.8187,0.5609,0.6898,59.18,Moderate Risk,Botol Sampel B,Sumber Air B,5
ALVIN-2026-04510,2026-09-18 08:15:01.800,97.21,0.81,0.324,0.2703,0.2972,77.09,Low Risk,Botol Sampel A,Sumber Air A,5
ALVIN-2026-04511,2026-09-18 08:15:02.000,327.93,3.0,1.0931,1.0016,1.0474,48.84,High Risk,Botol Sampel E,Sumber Air E,5
ALVIN-2026-04512,2026-09-18 08:15:02.200,638.76,6.74,2.1292,2.2477,2.1884,31.36,High Risk,Botol Sampel E,Sumber Air E,5
ALVIN-2026-04513,2026-09-18 08:15:02.400,280.0,2.84,0.9333,0.9471,0.9402,51.54,Moderate Risk,Botol Sampel B,Sumber Air B,5
ALVIN-2026-04514,2026-09-18 08:15:02.600,216.8,1.11,0.7227,0.3707,0.5467,64.65,Moderate Risk,Botol Sampel C,Sumber Air C,5
ALVIN-2026-04515,2026-09-18 08:15:02.800,520.6,6.94,1.7353,2.3132,2.0243,33.07,High Risk,Botol Sampel D,Sumber Air D,5
ALVIN-2026-04516,2026-09-18 08:15:03.000,109.41,0.69,0.3647,0.2288,0.2968,77.11,Low Risk,Botol Sampel A,Sumber Air A,5
ALVIN-2026-04517,2026-09-18 08:15:03.200,271.1,1.0,0.9037,0.3333,0.6185,61.79,Moderate Risk,Botol Sampel B,Sumber Air B,5
ALVIN-2026-04518,2026-09-18 08:15:03.400,120.15,0.69,0.4005,0.23,0.3153,76.03,Low Risk,Botol Sampel A,Sumber Air A,5
ALVIN-2026-04519,2026-09-18 08:15:03.600,816.73,7.68,2.7224,2.5611,2.6418,27.46,High Risk,Botol Sampel E,Sumber Air E,5
ALVIN-2026-04520,2026-09-18 08:15:03.800,337.44,2.2,1.1248,0.7333,0.929,51.84,High Risk,Botol Sampel E,Sumber Air E,5
ALVIN-2026-04521,2026-09-18 08:15:04.000,131.91,1.15,0.4397,0.3845,0.4121,70.82,Low Risk,Botol Sampel A,Sumber Air A,5
ALVIN-2026-04522,2026-09-18 08:15:04.200,117.89,0.62,0.393,0.2056,0.2993,76.96,Low Risk,Botol Sampel A,Sumber Air A,5
ALVIN-2026-04523,2026-09-18 08:15:04.400,213.44,1.34,0.7115,0.448,0.5798,63.3,Moderate Risk,Botol Sampel B,Sumber Air B,5
ALVIN-2026-04524,2026-09-18 08:15:04.600,574.25,7.2,1.9142,2.3985,2.1563,31.68,High Risk,Botol Sampel D,Sumber Air D,5
ALVIN-2026-04525,2026-09-18 08:15:04.800,37.82,0.1,0.1261,0.0333,0.0797,92.62,Low Risk,Botol Sampel A,Sumber Air A,5
ALVIN-2026-04526,2026-09-18 08:15:05.000,863.35,4.78,2.8778,1.5919,2.2349,30.91,High Risk,Botol Sampel D,Sumber Air D,5
ALVIN-2026-04527,2026-09-18 08:15:05.200,389.36,2.63,1.2979,0.8757,1.0868,47.92,High Risk,Botol Sampel D,Sumber Air D,5
ALVIN-2026-04528,2026-09-18 08:15:05.400,322.49,4.46,1.075,1.486,1.2805,43.85,High Risk,Botol Sampel E,Sumber Air E,5
ALVIN-2026-04529,2026-09-18 08:15:05.600,681.75,5.84,2.2725,1.9468,2.1097,32.16,High Risk,Botol Sampel E,Sumber Air E,5
ALVIN-2026-04530,2026-09-18 08:15:05.800,116.97,0.99,0.3899,0.3286,0.3592,73.57,Low Risk,Botol Sampel A,Sumber Air A,5
ALVIN-2026-04531,2026-09-18 08:15:06.000,94.08,0.58,0.3136,0.1936,0.2536,79.77,Moderate Risk,Botol Sampel C,Sumber Air C,5
ALVIN-2026-04532,2026-09-18 08:15:06.200,91.72,0.65,0.3057,0.2156,0.2607,79.32,Low Risk,Botol Sampel A,Sumber Air A,5
ALVIN-2026-04533,2026-09-18 08:15:06.400,280.0,5.1,0.9333,1.699,1.3162,43.17,High Risk,Botol Sampel E,Sumber Air E,5
ALVIN-2026-04534,2026-09-18 08:15:06.600,701.23,4.5,2.3374,1.5,1.9187,34.26,High Risk,Botol Sampel D,Sumber Air D,5
ALVIN-2026-04535,2026-09-18 08:15:06.800,130.68,0.71,0.4356,0.2368,0.3362,74.84,Low Risk,Botol Sampel A,Sumber Air A,5
ALVIN-2026-04536,2026-09-18 08:15:07.000,539.77,4.5,1.7992,1.5,1.6496,37.74,High Risk,Botol Sampel E,Sumber Air E,5
ALVIN-2026-04537,2026-09-18 08:15:07.200,69.69,0.63,0.2323,0.2104,0.2214,81.87,Low Risk,Botol Sampel A,Sumber Air A,5
ALVIN-2026-04538,2026-09-18 08:15:07.400,804.91,7.43,2.683,2.4762,2.5796,27.94,High Risk,Botol Sampel E,Sumber Air E,5
ALVIN-2026-04539,2026-09-18 08:15:07.600,246.7,2.52,0.8223,0.841,0.8316,54.6,Moderate Risk,Botol Sampel C,Sumber Air C,5
ALVIN-2026-04540,2026-09-18 08:15:07.800,389.36,3.81,1.2979,1.2692,1.2836,43.79,High Risk,Botol Sampel E,Sumber Air E,5
ALVIN-2026-04541,2026-09-18 08:15:08.000,398.12,3.11,1.3271,1.0381,1.1826,45.82,High Risk,Botol Sampel E,Sumber Air E,5
ALVIN-2026-04542,2026-09-18 08:15:08.200,222.43,2.44,0.7414,0.814,0.7777,56.25,Moderate Risk,Botol Sampel B,Sumber Air B,5
ALVIN-2026-04543,2026-09-18 08:15:08.400,110.12,0.82,0.3671,0.2745,0.3208,75.71,Low Risk,Botol Sampel A,Sumber Air A,5
ALVIN-2026-04544,2026-09-18 08:15:08.600,241.17,1.49,0.8039,0.4951,0.6495,60.62,Moderate Risk,Botol Sampel B,Sumber Air B,5
ALVIN-2026-04545,2026-09-18 08:15:08.800,221.04,2.54,0.7368,0.8453,0.791,55.83,Moderate Risk,Botol Sampel C,Sumber Air C,5
ALVIN-2026-04546,2026-09-18 08:15:09.000,231.73,1.98,0.7724,0.6615,0.717,58.24,Moderate Risk,Botol Sampel C,Sumber Air C,5
ALVIN-2026-04547,2026-09-18 08:15:09.200,410.06,4.09,1.3669,1.3634,1.3651,42.28,High Risk,Botol Sampel E,Sumber Air E,5
ALVIN-2026-04548,2026-09-18 08:15:09.400,104.16,0.43,0.3472,0.1441,0.2456,80.28,Moderate Risk,Botol Sampel B,Sumber Air B,5
ALVIN-2026-04549,2026-09-18 08:15:09.600,203.11,1.74,0.677,0.5801,0.6285,61.41,Moderate Risk,Botol Sampel B,Sumber Air B,5
ALVIN-2026-04550,2026-09-18 08:15:09.800,316.54,3.83,1.0551,1.2777,1.1664,46.16,High Risk,Botol Sampel D,Sumber Air D,5
ALVIN-2026-04551,2026-09-18 08:15:10.000,123.13,1.2,0.4104,0.4003,0.4054,71.15,Low Risk,Botol Sampel A,Sumber Air A,5
ALVIN-2026-04552,2026-09-18 08:15:10.200,128.34,0.38,0.4278,0.1272,0.2775,78.28,Low Risk,Botol Sampel A,Sumber Air A,5
ALVIN-2026-04553,2026-09-18 08:15:10.400,331.12,4.29,1.1037,1.4303,1.267,44.11,High Risk,Botol Sampel E,Sumber Air E,5
ALVIN-2026-04554,2026-09-18 08:15:10.600,96.93,0.23,0.3231,0.076,0.1996,83.36,Low Risk,Botol Sampel A,Sumber Air A,5
ALVIN-2026-04555,2026-09-18 08:15:10.800,130.94,0.46,0.4365,0.1549,0.2957,77.18,Moderate Risk,Botol Sampel C,Sumber Air C,5
ALVIN-2026-04556,2026-09-18 08:15:11.000,184.91,2.07,0.6164,0.6912,0.6538,60.47,Moderate Risk,Botol Sampel B,Sumber Air B,5
ALVIN-2026-04557,2026-09-18 08:15:11.200,246.85,1.61,0.8228,0.5355,0.6791,59.56,Moderate Risk,Botol Sampel B,Sumber Air B,5
ALVIN-2026-04558,2026-09-18 08:15:11.400,311.94,4.1,1.0398,1.3657,1.2028,45.4,High Risk,Botol Sampel E,Sumber Air E,5
ALVIN-2026-04559,2026-09-18 08:15:11.600,110.46,0.96,0.3682,0.3206,0.3444,74.38,Low Risk,Botol Sampel A,Sumber Air A,5
ALVIN-2026-04560,2026-09-18 08:15:11.800,293.74,3.69,0.9791,1.2284,1.1038,47.53,High Risk,Botol Sampel D,Sumber Air D,5
ALVIN-2026-04561,2026-09-18 08:15:12.000,209.55,1.88,0.6985,0.6259,0.6622,60.16,Moderate Risk,Botol Sampel C,Sumber Air C,5
ALVIN-2026-04562,2026-09-18 08:15:12.200,737.65,6.77,2.4588,2.2556,2.3572,29.79,High Risk,Botol Sampel E,Sumber Air E,5
ALVIN-2026-04563,2026-09-18 08:15:12.400,217.67,1.18,0.7256,0.3936,0.5596,64.12,Moderate Risk,Botol Sampel C,Sumber Air C,5
ALVIN-2026-04564,2026-09-18 08:15:12.600,309.91,3.99,1.033,1.3285,1.1808,45.85,High Risk,Botol Sampel E,Sumber Air E,5
ALVIN-2026-04565,2026-09-18 08:15:12.800,101.12,0.67,0.3371,0.2219,0.2795,78.16,Moderate Risk,Botol Sampel C,Sumber Air C,5
ALVIN-2026-04566,2026-09-18 08:15:13.000,487.89,3.45,1.6263,1.1485,1.3874,41.89,High Risk,Botol Sampel D,Sumber Air D,5
ALVIN-2026-04567,2026-09-18 08:15:13.200,137.79,0.93,0.4593,0.3111,0.3852,72.19,Low Risk,Botol Sampel A,Sumber Air A,5
ALVIN-2026-04568,2026-09-18 08:15:13.400,212.03,1.63,0.7068,0.5436,0.6252,61.53,Moderate Risk,Botol Sampel B,Sumber Air B,5
ALVIN-2026-04569,2026-09-18 08:15:13.600,890.18,4.5,2.9673,1.5,2.2336,30.93,High Risk,Botol Sampel D,Sumber Air D,5
ALVIN-2026-04570,2026-09-18 08:15:13.800,236.2,1.52,0.7873,0.5068,0.647,60.72,Moderate Risk,Botol Sampel C,Sumber Air C,5
ALVIN-2026-04571,2026-09-18 08:15:14.000,472.1,3.88,1.5737,1.2922,1.433,41.1,High Risk,Botol Sampel D,Sumber Air D,5
ALVIN-2026-04572,2026-09-18 08:15:14.200,211.96,1.52,0.7065,0.505,0.6058,62.27,Moderate Risk,Botol Sampel B,Sumber Air B,5
ALVIN-2026-04573,2026-09-18 08:15:14.400,229.32,1.93,0.7644,0.6421,0.7032,58.71,Moderate Risk,Botol Sampel B,Sumber Air B,5
ALVIN-2026-04574,2026-09-18 08:15:14.600,299.04,2.37,0.9968,0.7904,0.8936,52.81,Moderate Risk,Botol Sampel B,Sumber Air B,5
ALVIN-2026-04575,2026-09-18 08:15:14.800,635.71,8.89,2.119,2.9637,2.5414,28.24,High Risk,Botol Sampel E,Sumber Air E,5
ALVIN-2026-04576,2026-09-18 08:15:15.000,100.25,0.85,0.3342,0.2838,0.309,76.39,Moderate Risk,Botol Sampel B,Sumber Air B,5
ALVIN-2026-04577,2026-09-18 08:15:15.200,101.61,0.33,0.3387,0.1087,0.2237,81.72,Moderate Risk,Botol Sampel C,Sumber Air C,5
ALVIN-2026-04578,2026-09-18 08:15:15.400,175.35,2.16,0.5845,0.7203,0.6524,60.52,Moderate Risk,Botol Sampel C,Sumber Air C,5
ALVIN-2026-04579,2026-09-18 08:15:15.600,248.44,2.01,0.8281,0.6688,0.7484,57.2,Moderate Risk,Botol Sampel B,Sumber Air B,5
ALVIN-2026-04580,2026-09-18 08:15:15.800,266.86,2.3,0.8895,0.7679,0.8287,54.68,Moderate Risk,Botol Sampel B,Sumber Air B,5
ALVIN-2026-04581,2026-09-18 08:15:16.000,601.55,11.14,2.0052,3.7134,2.8593,25.91,High Risk,Botol Sampel E,Sumber Air E,5
ALVIN-2026-04582,2026-09-18 08:15:16.200,395.25,4.17,1.3175,1.3913,1.3544,42.47,High Risk,Botol Sampel D,Sumber Air D,5
ALVIN-2026-04583,2026-09-18 08:15:16.400,103.12,0.89,0.3437,0.2975,0.3206,75.72,Low Risk,Botol Sampel A,Sumber Air A,5
ALVIN-2026-04584,2026-09-18 08:15:16.600,390.27,3.57,1.3009,1.1904,1.2456,44.53,High Risk,Botol Sampel D,Sumber Air D,5
ALVIN-2026-04585,2026-09-18 08:15:16.800,230.59,1.61,0.7686,0.537,0.6528,60.5,Moderate Risk,Botol Sampel C,Sumber Air C,5
ALVIN-2026-04586,2026-09-18 08:15:17.000,194.15,2.03,0.6472,0.676,0.6616,60.18,Moderate Risk,Botol Sampel C,Sumber Air C,5
ALVIN-2026-04587,2026-09-18 08:15:17.200,596.56,10.33,1.9885,3.4437,2.7161,26.91,High Risk,Botol Sampel D,Sumber Air D,5
ALVIN-2026-04588,2026-09-18 08:15:17.400,617.81,5.64,2.0594,1.8795,1.9694,33.68,High Risk,Botol Sampel D,Sumber Air D,5
ALVIN-2026-04589,2026-09-18 08:15:17.600,233.85,2.13,0.7795,0.7108,0.7452,57.3,Moderate Risk,Botol Sampel C,Sumber Air C,5
ALVIN-2026-04590,2026-09-18 08:15:17.800,127.51,0.1,0.425,0.0333,0.2292,81.35,Low Risk,Botol Sampel A,Sumber Air A,5
ALVIN-2026-04591,2026-09-18 08:15:18.000,201.49,2.0,0.6716,0.6662,0.6689,59.92,Moderate Risk,Botol Sampel B,Sumber Air B,5
ALVIN-2026-04592,2026-09-18 08:15:18.200,100.99,0.41,0.3366,0.1379,0.2372,80.83,Low Risk,Botol Sampel A,Sumber Air A,5
ALVIN-2026-04593,2026-09-18 08:15:18.400,726.88,8.26,2.4229,2.7542,2.5885,27.87,High Risk,Botol Sampel E,Sumber Air E,5
ALVIN-2026-04594,2026-09-18 08:15:18.600,238.86,1.68,0.7962,0.5587,0.6774,59.62,Moderate Risk,Botol Sampel B,Sumber Air B,5
ALVIN-2026-04595,2026-09-18 08:15:18.800,217.99,2.36,0.7266,0.7852,0.7559,56.95,Moderate Risk,Botol Sampel C,Sumber Air C,5
ALVIN-2026-04596,2026-09-18 08:15:19.000,693.27,5.09,2.3109,1.6959,2.0034,33.3,High Risk,Botol Sampel E,Sumber Air E,5
ALVIN-2026-04597,2026-09-18 08:15:19.200,364.87,3.1,1.2162,1.035,1.1256,47.05,High Risk,Botol Sampel E,Sumber Air E,5
ALVIN-2026-04598,2026-09-18 08:15:19.400,685.76,6.42,2.2859,2.1412,2.2135,31.12,High Risk,Botol Sampel E,Sumber Air E,5
ALVIN-2026-04599,2026-09-18 08:15:19.600,95.36,0.94,0.3179,0.3143,0.3161,75.98,Low Risk,Botol Sampel A,Sumber Air A,5
ALVIN-2026-04600,2026-09-18 08:15:19.800,82.09,0.87,0.2736,0.2897,0.2816,78.03,Moderate Risk,Botol Sampel B,Sumber Air B,5
ALVIN-2026-04601,2026-09-18 08:15:20.000,101.51,0.22,0.3384,0.0732,0.2058,82.93,Low Risk,Botol Sampel A,Sumber Air A,5
ALVIN-2026-04602,2026-09-18 08:15:20.200,246.01,1.9,0.82,0.6318,0.7259,57.94,Moderate Risk,Botol Sampel B,Sumber Air B,5
ALVIN-2026-04603,2026-09-18 08:15:20.400,362.91,3.06,1.2097,1.0198,1.1147,47.29,High Risk,Botol Sampel E,Sumber Air E,5
ALVIN-2026-04604,2026-09-18 08:15:20.600,83.47,0.21,0.2782,0.0693,0.1738,85.19,Low Risk,Botol Sampel A,Sumber Air A,5
ALVIN-2026-04605,2026-09-18 08:15:20.800,192.35,1.55,0.6412,0.5179,0.5796,63.31,Moderate Risk,Botol Sampel B,Sumber Air B,5
ALVIN-2026-04606,2026-09-18 08:15:21.000,338.86,5.01,1.1295,1.6715,1.4005,41.66,High Risk,Botol Sampel E,Sumber Air E,5
ALVIN-2026-04607,2026-09-18 08:15:21.200,280.0,4.3,0.9333,1.4342,1.1837,45.79,High Risk,Botol Sampel D,Sumber Air D,5
ALVIN-2026-04608,2026-09-18 08:15:21.400,318.4,4.6,1.0613,1.5317,1.2965,43.54,High Risk,Botol Sampel E,Sumber Air E,5
ALVIN-2026-04609,2026-09-18 08:15:21.600,359.48,3.3,1.1983,1.0992,1.1488,46.54,High Risk,Botol Sampel D,Sumber Air D,5
ALVIN-2026-04610,2026-09-18 08:15:21.800,191.8,1.89,0.6393,0.6315,0.6354,61.15,Moderate Risk,Botol Sampel B,Sumber Air B,5
ALVIN-2026-04611,2026-09-18 08:15:22.000,253.2,1.58,0.844,0.5258,0.6849,59.35,Moderate Risk,Botol Sampel C,Sumber Air C,5
ALVIN-2026-04612,2026-09-18 08:15:22.200,213.45,1.96,0.7115,0.6544,0.6829,59.42,Moderate Risk,Botol Sampel C,Sumber Air C,5
ALVIN-2026-04613,2026-09-18 08:15:22.400,221.3,1.1,0.7377,0.3664,0.552,64.43,Moderate Risk,Botol Sampel B,Sumber Air B,5
ALVIN-2026-04614,2026-09-18 08:15:22.600,889.06,9.11,2.9635,3.0362,2.9998,25.0,High Risk,Botol Sampel D,Sumber Air D,5
ALVIN-2026-04615,2026-09-18 08:15:22.800,445.22,4.17,1.4841,1.3892,1.4366,41.04,High Risk,Botol Sampel D,Sumber Air D,5
ALVIN-2026-04616,2026-09-18 08:15:23.000,602.46,7.68,2.0082,2.5605,2.2844,30.45,High Risk,Botol Sampel D,Sumber Air D,5
ALVIN-2026-04617,2026-09-18 08:15:23.200,810.86,9.02,2.7029,3.0058,2.8544,25.94,High Risk,Botol Sampel D,Sumber Air D,5
ALVIN-2026-04618,2026-09-18 08:15:23.400,635.0,9.39,2.1167,3.1297,2.6232,27.6,High Risk,Botol Sampel E,Sumber Air E,5
ALVIN-2026-04619,2026-09-18 08:15:23.600,246.56,2.44,0.8219,0.8144,0.8181,55.0,Moderate Risk,Botol Sampel B,Sumber Air B,5
ALVIN-2026-04620,2026-09-18 08:15:23.800,283.55,3.17,0.9452,1.0575,1.0014,49.97,High Risk,Botol Sampel E,Sumber Air E,5
ALVIN-2026-04621,2026-09-18 08:15:24.000,437.32,2.33,1.4577,0.7776,1.1176,47.22,High Risk,Botol Sampel E,Sumber Air E,5
ALVIN-2026-04622,2026-09-18 08:15:24.200,447.95,4.3,1.4932,1.4344,1.4638,40.59,High Risk,Botol Sampel E,Sumber Air E,5
ALVIN-2026-04623,2026-09-18 08:15:24.400,366.86,5.34,1.2229,1.78,1.5015,39.98,High Risk,Botol Sampel D,Sumber Air D,5
ALVIN-2026-04624,2026-09-18 08:15:24.600,64.43,0.49,0.2148,0.163,0.1889,84.11,Low Risk,Botol Sampel A,Sumber Air A,5
ALVIN-2026-04625,2026-09-18 08:15:24.800,291.76,3.51,0.9725,1.1705,1.0715,48.27,High Risk,Botol Sampel D,Sumber Air D,5
ALVIN-2026-04626,2026-09-18 08:15:25.000,295.67,2.2,0.9856,0.7333,0.8594,53.78,Moderate Risk,Botol Sampel C,Sumber Air C,5
ALVIN-2026-04627,2026-09-18 08:15:25.200,344.54,3.89,1.1485,1.2956,1.222,45.0,High Risk,Botol Sampel D,Sumber Air D,5
ALVIN-2026-04628,2026-09-18 08:15:25.400,474.11,9.24,1.5804,3.0787,2.3296,30.03,High Risk,Botol Sampel E,Sumber Air E,5
ALVIN-2026-04629,2026-09-18 08:15:25.600,327.75,2.86,1.0925,0.9528,1.0226,49.44,High Risk,Botol Sampel E,Sumber Air E,5
ALVIN-2026-04630,2026-09-18 08:15:25.800,742.69,5.36,2.4756,1.7868,2.1312,31.94,High Risk,Botol Sampel D,Sumber Air D,5
ALVIN-2026-04631,2026-09-18 08:15:26.000,269.06,1.5,0.8969,0.5003,0.6986,58.87,Moderate Risk,Botol Sampel B,Sumber Air B,5
ALVIN-2026-04632,2026-09-18 08:15:26.200,449.91,5.78,1.4997,1.9271,1.7134,36.85,High Risk,Botol Sampel D,Sumber Air D,5
ALVIN-2026-04633,2026-09-18 08:15:26.400,188.26,2.67,0.6275,0.8886,0.758,56.88,Moderate Risk,Botol Sampel C,Sumber Air C,5
ALVIN-2026-04634,2026-09-18 08:15:26.600,146.31,1.57,0.4877,0.5228,0.5052,66.44,Moderate Risk,Botol Sampel B,Sumber Air B,5
ALVIN-2026-04635,2026-09-18 08:15:26.800,264.6,2.7,0.882,0.9001,0.891,52.88,Moderate Risk,Botol Sampel C,Sumber Air C,5
ALVIN-2026-04636,2026-09-18 08:15:27.000,280.0,3.48,0.9333,1.1588,1.0461,48.87,High Risk,Botol Sampel E,Sumber Air E,5
ALVIN-2026-04637,2026-09-18 08:15:27.200,666.79,6.83,2.2226,2.2758,2.2492,30.78,High Risk,Botol Sampel E,Sumber Air E,5
ALVIN-2026-04638,2026-09-18 08:15:27.400,400.0,8.12,1.3333,2.7076,2.0204,33.11,High Risk,Botol Sampel D,Sumber Air D,5
ALVIN-2026-04639,2026-09-18 08:15:27.600,140.0,1.78,0.4667,0.5935,0.5301,65.36,Moderate Risk,Botol Sampel C,Sumber Air C,5
ALVIN-2026-04640,2026-09-18 08:15:27.800,226.18,1.4,0.7539,0.4663,0.6101,62.11,Moderate Risk,Botol Sampel B,Sumber Air B,5
ALVIN-2026-04641,2026-09-18 08:15:28.000,467.79,5.88,1.5593,1.9592,1.7592,36.24,High Risk,Botol Sampel D,Sumber Air D,5
ALVIN-2026-04642,2026-09-18 08:15:28.200,233.83,1.63,0.7794,0.5444,0.6619,60.17,Moderate Risk,Botol Sampel B,Sumber Air B,5
ALVIN-2026-04643,2026-09-18 08:15:28.400,189.03,1.15,0.6301,0.3849,0.5075,66.33,Moderate Risk,Botol Sampel B,Sumber Air B,5
ALVIN-2026-04644,2026-09-18 08:15:28.600,406.12,2.9,1.3537,0.9675,1.1606,46.28,High Risk,Botol Sampel E,Sumber Air E,5
ALVIN-2026-04645,2026-09-18 08:15:28.800,377.02,3.88,1.2567,1.2949,1.2758,43.94,High Risk,Botol Sampel E,Sumber Air E,5
ALVIN-2026-04646,2026-09-18 08:15:29.000,502.22,6.47,1.6741,2.1571,1.9156,34.3,High Risk,Botol Sampel D,Sumber Air D,5
ALVIN-2026-04647,2026-09-18 08:15:29.200,197.52,2.28,0.6584,0.7594,0.7089,58.52,Moderate Risk,Botol Sampel C,Sumber Air C,5
ALVIN-2026-04648,2026-09-18 08:15:29.400,494.58,6.75,1.6486,2.2506,1.9496,33.9,High Risk,Botol Sampel D,Sumber Air D,5
ALVIN-2026-04649,2026-09-18 08:15:29.600,243.59,1.97,0.812,0.6579,0.735,57.64,Moderate Risk,Botol Sampel B,Sumber Air B,5
ALVIN-2026-04650,2026-09-18 08:15:29.800,459.17,7.94,1.5306,2.6458,2.0882,32.38,High Risk,Botol Sampel E,Sumber Air E,5
ALVIN-2026-04651,2026-09-18 08:15:30.000,187.77,2.38,0.6259,0.7927,0.7093,58.5,Moderate Risk,Botol Sampel C,Sumber Air C,5
ALVIN-2026-04652,2026-09-18 08:15:30.200,605.13,6.12,2.0171,2.0393,2.0282,33.02,High Risk,Botol Sampel E,Sumber Air E,5
ALVIN-2026-04653,2026-09-18 08:15:30.400,388.47,3.42,1.2949,1.1385,1.2167,45.11,High Risk,Botol Sampel E,Sumber Air E,5
ALVIN-2026-04654,2026-09-18 08:15:30.600,375.32,2.6,1.2511,0.8655,1.0583,48.58,High Risk,Botol Sampel D,Sumber Air D,5
ALVIN-2026-04655,2026-09-18 08:15:30.800,635.09,5.32,2.117,1.7721,1.9446,33.96,High Risk,Botol Sampel E,Sumber Air E,5
ALVIN-2026-04656,2026-09-18 08:15:31.000,175.52,2.22,0.5851,0.74,0.6626,60.15,Moderate Risk,Botol Sampel B,Sumber Air B,5
ALVIN-2026-04657,2026-09-18 08:15:31.200,244.97,1.95,0.8166,0.6515,0.734,57.67,Moderate Risk,Botol Sampel B,Sumber Air B,5
ALVIN-2026-04658,2026-09-18 08:15:31.400,712.49,6.48,2.375,2.1586,2.2668,30.61,High Risk,Botol Sampel E,Sumber Air E,5
ALVIN-2026-04659,2026-09-18 08:15:31.600,314.21,3.09,1.0474,1.0284,1.0379,49.07,High Risk,Botol Sampel E,Sumber Air E,5
ALVIN-2026-04660,2026-09-18 08:15:31.800,699.9,5.41,2.333,1.8042,2.0686,32.59,High Risk,Botol Sampel D,Sumber Air D,5
ALVIN-2026-04661,2026-09-18 08:15:32.000,228.54,2.25,0.7618,0.7513,0.7566,56.93,Moderate Risk,Botol Sampel B,Sumber Air B,5
ALVIN-2026-04662,2026-09-18 08:15:32.200,116.98,0.82,0.3899,0.2735,0.3317,75.09,Low Risk,Botol Sampel A,Sumber Air A,5
ALVIN-2026-04663,2026-09-18 08:15:32.400,220.27,1.89,0.7342,0.6292,0.6817,59.46,Moderate Risk,Botol Sampel B,Sumber Air B,5
ALVIN-2026-04664,2026-09-18 08:15:32.600,372.6,2.2,1.242,0.7333,0.9876,50.31,High Risk,Botol Sampel E,Sumber Air E,5
ALVIN-2026-04665,2026-09-18 08:15:32.800,387.58,2.42,1.2919,0.8059,1.0489,48.81,High Risk,Botol Sampel E,Sumber Air E,5
ALVIN-2026-04666,2026-09-18 08:15:33.000,328.22,2.76,1.0941,0.9211,1.0076,49.81,High Risk,Botol Sampel D,Sumber Air D,5
ALVIN-2026-04667,2026-09-18 08:15:33.200,121.54,0.56,0.4051,0.1851,0.2951,77.21,Low Risk,Botol Sampel A,Sumber Air A,5
ALVIN-2026-04668,2026-09-18 08:15:33.400,922.33,5.26,3.0744,1.7539,2.4141,29.29,High Risk,Botol Sampel E,Sumber Air E,5
ALVIN-2026-04669,2026-09-18 08:15:33.600,195.28,1.85,0.6509,0.6169,0.6339,61.2,Moderate Risk,Botol Sampel C,Sumber Air C,5
ALVIN-2026-04670,2026-09-18 08:15:33.800,280.0,2.2,0.9333,0.7333,0.8333,54.55,Moderate Risk,Botol Sampel C,Sumber Air C,5
ALVIN-2026-04671,2026-09-18 08:15:34.000,233.0,2.2,0.7767,0.7339,0.7553,56.97,Moderate Risk,Botol Sampel B,Sumber Air B,5
ALVIN-2026-04672,2026-09-18 08:15:34.200,552.8,6.36,1.8427,2.1201,1.9814,33.54,High Risk,Botol Sampel E,Sumber Air E,5
ALVIN-2026-04673,2026-09-18 08:15:34.400,145.71,2.21,0.4857,0.7356,0.6106,62.09,Moderate Risk,Botol Sampel C,Sumber Air C,5
ALVIN-2026-04674,2026-09-18 08:15:34.600,281.21,5.16,0.9374,1.7201,1.3287,42.94,High Risk,Botol Sampel E,Sumber Air E,5
ALVIN-2026-04675,2026-09-18 08:15:34.800,238.22,2.25,0.7941,0.7513,0.7727,56.41,Moderate Risk,Botol Sampel B,Sumber Air B,5
ALVIN-2026-04676,2026-09-18 08:15:35.000,194.3,2.02,0.6477,0.6739,0.6608,60.21,Moderate Risk,Botol Sampel C,Sumber Air C,5
ALVIN-2026-04677,2026-09-18 08:15:35.200,234.79,1.39,0.7826,0.4619,0.6222,61.64,Moderate Risk,Botol Sampel B,Sumber Air B,5
ALVIN-2026-04678,2026-09-18 08:15:35.400,286.53,2.17,0.9551,0.7239,0.8395,54.36,Moderate Risk,Botol Sampel C,Sumber Air C,5
ALVIN-2026-04679,2026-09-18 08:15:35.600,322.15,3.2,1.0738,1.0652,1.0695,48.32,High Risk,Botol Sampel D,Sumber Air D,5
ALVIN-2026-04680,2026-09-18 08:15:35.800,375.25,3.46,1.2508,1.1532,1.202,45.41,High Risk,Botol Sampel D,Sumber Air D,5
ALVIN-2026-04681,2026-09-18 08:15:36.000,668.65,8.73,2.2288,2.9088,2.5688,28.02,High Risk,Botol Sampel D,Sumber Air D,5
ALVIN-2026-04682,2026-09-18 08:15:36.200,106.31,0.28,0.3544,0.0925,0.2234,81.74,Moderate Risk,Botol Sampel B,Sumber Air B,5
ALVIN-2026-04683,2026-09-18 08:15:36.400,280.0,4.55,0.9333,1.5154,1.2244,44.96,High Risk,Botol Sampel D,Sumber Air D,5
ALVIN-2026-04684,2026-09-18 08:15:36.600,262.58,1.7,0.8753,0.5654,0.7204,58.13,Moderate Risk,Botol Sampel B,Sumber Air B,5
ALVIN-2026-04685,2026-09-18 08:15:36.800,326.66,3.12,1.0889,1.0392,1.064,48.45,High Risk,Botol Sampel D,Sumber Air D,5
ALVIN-2026-04686,2026-09-18 08:15:37.000,162.77,2.17,0.5426,0.725,0.6338,61.21,Moderate Risk,Botol Sampel C,Sumber Air C,5
ALVIN-2026-04687,2026-09-18 08:15:37.200,742.89,5.72,2.4763,1.9056,2.191,31.34,High Risk,Botol Sampel D,Sumber Air D,5
ALVIN-2026-04688,2026-09-18 08:15:37.400,102.33,0.48,0.3411,0.1601,0.2506,79.96,Low Risk,Botol Sampel A,Sumber Air A,5
ALVIN-2026-04689,2026-09-18 08:15:37.600,228.38,1.86,0.7613,0.6215,0.6914,59.12,Moderate Risk,Botol Sampel B,Sumber Air B,5
ALVIN-2026-04690,2026-09-18 08:15:37.800,61.4,0.81,0.2047,0.2715,0.2381,80.77,Low Risk,Botol Sampel A,Sumber Air A,5
ALVIN-2026-04691,2026-09-18 08:15:38.000,121.64,0.84,0.4055,0.281,0.3433,74.44,Low Risk,Botol Sampel A,Sumber Air A,5
ALVIN-2026-04692,2026-09-18 08:15:38.200,171.56,2.44,0.5719,0.8123,0.6921,59.1,Moderate Risk,Botol Sampel C,Sumber Air C,5
ALVIN-2026-04693,2026-09-18 08:15:38.400,687.74,6.97,2.2925,2.3239,2.3082,30.23,High Risk,Botol Sampel D,Sumber Air D,5
ALVIN-2026-04694,2026-09-18 08:15:38.600,374.88,3.34,1.2496,1.1133,1.1814,45.84,High Risk,Botol Sampel D,Sumber Air D,5
ALVIN-2026-04695,2026-09-18 08:15:38.800,243.56,1.53,0.8119,0.5092,0.6606,60.22,Moderate Risk,Botol Sampel B,Sumber Air B,5
ALVIN-2026-04696,2026-09-18 08:15:39.000,351.96,3.22,1.1732,1.0718,1.1225,47.11,High Risk,Botol Sampel E,Sumber Air E,5
ALVIN-2026-04697,2026-09-18 08:15:39.200,345.58,4.42,1.1519,1.4722,1.312,43.25,High Risk,Botol Sampel E,Sumber Air E,5
ALVIN-2026-04698,2026-09-18 08:15:39.400,190.12,1.28,0.6337,0.4251,0.5294,65.39,Moderate Risk,Botol Sampel B,Sumber Air B,5
ALVIN-2026-04699,2026-09-18 08:15:39.600,247.22,1.0,0.8241,0.3333,0.5787,63.34,Moderate Risk,Botol Sampel B,Sumber Air B,5
ALVIN-2026-04700,2026-09-18 08:15:39.800,713.4,4.54,2.378,1.5133,1.9456,33.95,High Risk,Botol Sampel D,Sumber Air D,5
ALVIN-2026-04701,2026-09-18 08:15:40.000,809.67,9.77,2.6989,3.2564,2.9776,25.14,High Risk,Botol Sampel D,Sumber Air D,5
ALVIN-2026-04702,2026-09-18 08:15:40.200,202.79,1.94,0.676,0.646,0.661,60.2,Moderate Risk,Botol Sampel B,Sumber Air B,5
ALVIN-2026-04703,2026-09-18 08:15:40.400,205.41,2.07,0.6847,0.6911,0.6879,59.25,Moderate Risk,Botol Sampel C,Sumber Air C,5
ALVIN-2026-04704,2026-09-18 08:15:40.600,329.29,3.92,1.0976,1.305,1.2013,45.43,High Risk,Botol Sampel D,Sumber Air D,5
ALVIN-2026-04705,2026-09-18 08:15:40.800,718.99,6.94,2.3966,2.3148,2.3557,29.8,High Risk,Botol Sampel D,Sumber Air D,5
ALVIN-2026-04706,2026-09-18 08:15:41.000,199.93,1.48,0.6664,0.4932,0.5798,63.3,Moderate Risk,Botol Sampel C,Sumber Air C,5
ALVIN-2026-04707,2026-09-18 08:15:41.200,339.8,5.28,1.1327,1.7607,1.4467,40.87,High Risk,Botol Sampel E,Sumber Air E,5
ALVIN-2026-04708,2026-09-18 08:15:41.400,234.55,1.28,0.7818,0.4283,0.6051,62.3,Moderate Risk,Botol Sampel C,Sumber Air C,5
ALVIN-2026-04709,2026-09-18 08:15:41.600,128.04,0.1,0.4268,0.0333,0.23,81.3,Low Risk,Botol Sampel A,Sumber Air A,5
ALVIN-2026-04710,2026-09-18 08:15:41.800,228.55,1.88,0.7618,0.6254,0.6936,59.05,Moderate Risk,Botol Sampel C,Sumber Air C,5
ALVIN-2026-04711,2026-09-18 08:15:42.000,90.47,1.0,0.3016,0.3335,0.3176,75.9,Low Risk,Botol Sampel A,Sumber Air A,5
ALVIN-2026-04712,2026-09-18 08:15:42.200,417.5,3.78,1.3917,1.2612,1.3264,42.98,High Risk,Botol Sampel E,Sumber Air E,5
ALVIN-2026-04713,2026-09-18 08:15:42.400,111.96,0.81,0.3732,0.2705,0.3218,75.65,Low Risk,Botol Sampel A,Sumber Air A,5
ALVIN-2026-04714,2026-09-18 08:15:42.600,261.45,1.35,0.8715,0.4501,0.6608,60.21,Moderate Risk,Botol Sampel C,Sumber Air C,5
ALVIN-2026-04715,2026-09-18 08:15:42.800,360.45,3.1,1.2015,1.033,1.1172,47.23,High Risk,Botol Sampel E,Sumber Air E,5
ALVIN-2026-04716,2026-09-18 08:15:43.000,612.49,5.57,2.0416,1.8557,1.9486,33.91,High Risk,Botol Sampel D,Sumber Air D,5
ALVIN-2026-04717,2026-09-18 08:15:43.200,95.46,0.79,0.3182,0.2617,0.29,77.52,Low Risk,Botol Sampel A,Sumber Air A,5
ALVIN-2026-04718,2026-09-18 08:15:43.400,233.09,1.57,0.777,0.5239,0.6504,60.59,Moderate Risk,Botol Sampel C,Sumber Air C,5
ALVIN-2026-04719,2026-09-18 08:15:43.600,142.5,0.72,0.475,0.2412,0.3581,73.63,Low Risk,Botol Sampel A,Sumber Air A,5
ALVIN-2026-04720,2026-09-18 08:15:43.800,190.91,1.69,0.6364,0.5632,0.5998,62.51,Moderate Risk,Botol Sampel B,Sumber Air B,5
ALVIN-2026-04721,2026-09-18 08:15:44.000,106.0,0.59,0.3533,0.1952,0.2742,78.48,Low Risk,Botol Sampel A,Sumber Air A,5
ALVIN-2026-04722,2026-09-18 08:15:44.200,329.58,3.07,1.0986,1.0229,1.0608,48.52,High Risk,Botol Sampel D,Sumber Air D,5
ALVIN-2026-04723,2026-09-18 08:15:44.400,501.95,11.07,1.6732,3.691,2.6821,27.16,High Risk,Botol Sampel D,Sumber Air D,5
ALVIN-2026-04724,2026-09-18 08:15:44.600,378.09,4.12,1.2603,1.3744,1.3174,43.15,High Risk,Botol Sampel D,Sumber Air D,5
ALVIN-2026-04725,2026-09-18 08:15:44.800,280.0,3.36,0.9333,1.1186,1.026,49.36,High Risk,Botol Sampel D,Sumber Air D,5
ALVIN-2026-04726,2026-09-18 08:15:45.000,116.85,1.0,0.3895,0.3329,0.3612,73.46,Low Risk,Botol Sampel A,Sumber Air A,5
ALVIN-2026-04727,2026-09-18 08:15:45.200,83.39,0.61,0.278,0.2021,0.24,80.65,Moderate Risk,Botol Sampel C,Sumber Air C,5
ALVIN-2026-04728,2026-09-18 08:15:45.400,294.51,3.0,0.9817,1.0008,0.9912,50.22,High Risk,Botol Sampel D,Sumber Air D,5
ALVIN-2026-04729,2026-09-18 08:15:45.600,393.9,3.74,1.313,1.2453,1.2792,43.88,High Risk,Botol Sampel E,Sumber Air E,5
ALVIN-2026-04730,2026-09-18 08:15:45.800,164.07,1.55,0.5469,0.518,0.5325,65.25,Moderate Risk,Botol Sampel C,Sumber Air C,5
ALVIN-2026-04731,2026-09-18 08:15:46.000,382.22,3.67,1.2741,1.2249,1.2495,44.45,High Risk,Botol Sampel D,Sumber Air D,5
ALVIN-2026-04732,2026-09-18 08:15:46.200,96.24,0.67,0.3208,0.2226,0.2717,78.63,Moderate Risk,Botol Sampel C,Sumber Air C,5
ALVIN-2026-04733,2026-09-18 08:15:46.400,358.08,4.0,1.1936,1.334,1.2638,44.17,High Risk,Botol Sampel E,Sumber Air E,5
ALVIN-2026-04734,2026-09-18 08:15:46.600,117.14,0.1,0.3905,0.0333,0.2119,82.52,Low Risk,Botol Sampel A,Sumber Air A,5
ALVIN-2026-04735,2026-09-18 08:15:46.800,878.57,6.68,2.9286,2.226,2.5773,27.95,High Risk,Botol Sampel E,Sumber Air E,5
ALVIN-2026-04736,2026-09-18 08:15:47.000,129.84,0.44,0.4328,0.1477,0.2902,77.51,Low Risk,Botol Sampel A,Sumber Air A,5
ALVIN-2026-04737,2026-09-18 08:15:47.200,288.7,2.2,0.9623,0.7333,0.8478,54.12,Moderate Risk,Botol Sampel C,Sumber Air C,5
ALVIN-2026-04738,2026-09-18 08:15:47.400,699.92,6.66,2.3331,2.2202,2.2766,30.52,High Risk,Botol Sampel D,Sumber Air D,5
ALVIN-2026-04739,2026-09-18 08:15:47.600,823.52,6.01,2.7451,2.0037,2.3744,29.63,High Risk,Botol Sampel E,Sumber Air E,5
ALVIN-2026-04740,2026-09-18 08:15:47.800,215.94,1.38,0.7198,0.4604,0.5901,62.89,Moderate Risk,Botol Sampel B,Sumber Air B,5
ALVIN-2026-04741,2026-09-18 08:15:48.000,709.0,6.21,2.3633,2.069,2.2162,31.09,High Risk,Botol Sampel D,Sumber Air D,5
ALVIN-2026-04742,2026-09-18 08:15:48.200,201.41,2.14,0.6714,0.7122,0.6918,59.11,Moderate Risk,Botol Sampel B,Sumber Air B,5
ALVIN-2026-04743,2026-09-18 08:15:48.400,116.54,0.79,0.3885,0.2649,0.3267,75.37,Low Risk,Botol Sampel A,Sumber Air A,5
ALVIN-2026-04744,2026-09-18 08:15:48.600,424.63,8.58,1.4154,2.8605,2.138,31.87,High Risk,Botol Sampel E,Sumber Air E,5
ALVIN-2026-04745,2026-09-18 08:15:48.800,429.69,5.12,1.4323,1.7058,1.569,38.93,High Risk,Botol Sampel E,Sumber Air E,5
ALVIN-2026-04746,2026-09-18 08:15:49.000,173.04,2.24,0.5768,0.7481,0.6624,60.15,Moderate Risk,Botol Sampel B,Sumber Air B,5
ALVIN-2026-04747,2026-09-18 08:15:49.200,92.49,0.96,0.3083,0.3208,0.3146,76.07,Low Risk,Botol Sampel A,Sumber Air A,5
ALVIN-2026-04748,2026-09-18 08:15:49.400,781.57,9.35,2.6052,3.1163,2.8608,25.9,High Risk,Botol Sampel E,Sumber Air E,5
ALVIN-2026-04749,2026-09-18 08:15:49.600,128.58,0.22,0.4286,0.0725,0.2506,79.96,Moderate Risk,Botol Sampel C,Sumber Air C,5
ALVIN-2026-04750,2026-09-18 08:15:49.800,747.64,6.39,2.4921,2.1307,2.3114,30.2,High Risk,Botol Sampel D,Sumber Air D,5
ALVIN-2026-04751,2026-09-18 08:15:50.000,383.82,3.77,1.2794,1.2552,1.2673,44.11,High Risk,Botol Sampel D,Sumber Air D,5
ALVIN-2026-04752,2026-09-18 08:15:50.200,711.3,5.73,2.371,1.9091,2.14,31.85,High Risk,Botol Sampel D,Sumber Air D,5
ALVIN-2026-04753,2026-09-18 08:15:50.400,73.05,1.09,0.2435,0.3645,0.304,76.69,Low Risk,Botol Sampel A,Sumber Air A,5
ALVIN-2026-04754,2026-09-18 08:15:50.600,201.71,1.87,0.6724,0.6231,0.6478,60.69,Moderate Risk,Botol Sampel B,Sumber Air B,5
ALVIN-2026-04755,2026-09-18 08:15:50.800,418.27,4.4,1.3942,1.4659,1.43,41.15,High Risk,Botol Sampel D,Sumber Air D,5
ALVIN-2026-04756,2026-09-18 08:15:51.000,71.82,0.41,0.2394,0.1362,0.1878,84.19,Low Risk,Botol Sampel A,Sumber Air A,5
ALVIN-2026-04757,2026-09-18 08:15:51.200,160.31,1.21,0.5344,0.4031,0.4688,68.08,Moderate Risk,Botol Sampel C,Sumber Air C,5
ALVIN-2026-04758,2026-09-18 08:15:51.400,364.79,4.83,1.216,1.6091,1.4126,41.45,High Risk,Botol Sampel D,Sumber Air D,5
ALVIN-2026-04759,2026-09-18 08:15:51.600,260.27,2.39,0.8676,0.796,0.8318,54.59,Moderate Risk,Botol Sampel C,Sumber Air C,5
ALVIN-2026-04760,2026-09-18 08:15:51.800,176.07,1.67,0.5869,0.5568,0.5718,63.62,Moderate Risk,Botol Sampel B,Sumber Air B,5
ALVIN-2026-04761,2026-09-18 08:15:52.000,242.18,1.68,0.8073,0.5586,0.6829,59.42,Moderate Risk,Botol Sampel C,Sumber Air C,5
ALVIN-2026-04762,2026-09-18 08:15:52.200,340.46,3.31,1.1349,1.105,1.12,47.17,High Risk,Botol Sampel D,Sumber Air D,5
ALVIN-2026-04763,2026-09-18 08:15:52.400,525.65,8.73,1.7522,2.911,2.3316,30.02,High Risk,Botol Sampel E,Sumber Air E,5
ALVIN-2026-04764,2026-09-18 08:15:52.600,204.02,2.01,0.6801,0.6701,0.6751,59.7,Moderate Risk,Botol Sampel B,Sumber Air B,5
ALVIN-2026-04765,2026-09-18 08:15:52.800,704.92,8.41,2.3497,2.8025,2.5761,27.96,High Risk,Botol Sampel D,Sumber Air D,5
ALVIN-2026-04766,2026-09-18 08:15:53.000,97.94,0.64,0.3265,0.2126,0.2696,78.76,Moderate Risk,Botol Sampel B,Sumber Air B,5
ALVIN-2026-04767,2026-09-18 08:15:53.200,219.85,1.25,0.7328,0.4178,0.5753,63.48,Moderate Risk,Botol Sampel B,Sumber Air B,5
ALVIN-2026-04768,2026-09-18 08:15:53.400,51.78,0.77,0.1726,0.2569,0.2148,82.32,Low Risk,Botol Sampel A,Sumber Air A,5
ALVIN-2026-04769,2026-09-18 08:15:53.600,311.26,3.66,1.0375,1.2199,1.1287,46.98,High Risk,Botol Sampel E,Sumber Air E,5
ALVIN-2026-04770,2026-09-18 08:15:53.800,484.6,8.88,1.6153,2.9615,2.2884,30.41,High Risk,Botol Sampel D,Sumber Air D,5
ALVIN-2026-04771,2026-09-18 08:15:54.000,83.38,0.87,0.2779,0.2888,0.2834,77.92,Low Risk,Botol Sampel A,Sumber Air A,5
ALVIN-2026-04772,2026-09-18 08:15:54.200,145.0,0.19,0.4833,0.0633,0.2733,78.54,Low Risk,Botol Sampel A,Sumber Air A,5
ALVIN-2026-04773,2026-09-18 08:15:54.400,180.95,1.38,0.6032,0.4608,0.532,65.27,Moderate Risk,Botol Sampel B,Sumber Air B,5
ALVIN-2026-04774,2026-09-18 08:15:54.600,420.48,10.57,1.4016,3.5232,2.4624,28.88,High Risk,Botol Sampel D,Sumber Air D,5
ALVIN-2026-04775,2026-09-18 08:15:54.800,104.06,0.6,0.3469,0.2007,0.2738,78.51,Low Risk,Botol Sampel A,Sumber Air A,5
ALVIN-2026-04776,2026-09-18 08:15:55.000,377.91,3.11,1.2597,1.0382,1.149,46.53,High Risk,Botol Sampel D,Sumber Air D,5
ALVIN-2026-04777,2026-09-18 08:15:55.200,672.97,6.55,2.2432,2.1842,2.2137,31.12,High Risk,Botol Sampel E,Sumber Air E,5
ALVIN-2026-04778,2026-09-18 08:15:55.400,81.5,1.22,0.2717,0.4071,0.3394,74.66,Low Risk,Botol Sampel A,Sumber Air A,5
ALVIN-2026-04779,2026-09-18 08:15:55.600,203.42,1.87,0.6781,0.6246,0.6514,60.55,Moderate Risk,Botol Sampel B,Sumber Air B,5
ALVIN-2026-04780,2026-09-18 08:15:55.800,154.91,2.3,0.5164,0.7675,0.642,60.9,Moderate Risk,Botol Sampel C,Sumber Air C,5
ALVIN-2026-04781,2026-09-18 08:15:56.000,267.24,2.13,0.8908,0.7104,0.8006,55.54,Moderate Risk,Botol Sampel B,Sumber Air B,5
ALVIN-2026-04782,2026-09-18 08:15:56.200,373.07,3.35,1.2436,1.1177,1.1806,45.86,High Risk,Botol Sampel E,Sumber Air E,5
ALVIN-2026-04783,2026-09-18 08:15:56.400,573.01,6.38,1.91,2.1272,2.0186,33.13,High Risk,Botol Sampel D,Sumber Air D,5
ALVIN-2026-04784,2026-09-18 08:15:56.600,235.99,2.9,0.7866,0.9667,0.8766,53.29,Moderate Risk,Botol Sampel B,Sumber Air B,5
ALVIN-2026-04785,2026-09-18 08:15:56.800,59.28,0.69,0.1976,0.2285,0.213,82.44,Low Risk,Botol Sampel A,Sumber Air A,5
ALVIN-2026-04786,2026-09-18 08:15:57.000,791.57,7.29,2.6386,2.4313,2.5349,28.29,High Risk,Botol Sampel E,Sumber Air E,5
ALVIN-2026-04787,2026-09-18 08:15:57.200,549.19,6.28,1.8306,2.0918,1.9612,33.77,High Risk,Botol Sampel E,Sumber Air E,5
ALVIN-2026-04788,2026-09-18 08:15:57.400,197.95,1.95,0.6598,0.6513,0.6556,60.4,Moderate Risk,Botol Sampel C,Sumber Air C,5
ALVIN-2026-04789,2026-09-18 08:15:57.600,208.89,1.51,0.6963,0.5036,0.6,62.5,Moderate Risk,Botol Sampel B,Sumber Air B,5
ALVIN-2026-04790,2026-09-18 08:15:57.800,249.72,1.98,0.8324,0.6605,0.7465,57.26,Moderate Risk,Botol Sampel B,Sumber Air B,5
ALVIN-2026-04791,2026-09-18 08:15:58.000,801.86,9.19,2.6729,3.0633,2.8681,25.85,High Risk,Botol Sampel D,Sumber Air D,5
ALVIN-2026-04792,2026-09-18 08:15:58.200,635.47,9.69,2.1182,3.2284,2.6733,27.22,High Risk,Botol Sampel E,Sumber Air E,5
ALVIN-2026-04793,2026-09-18 08:15:58.400,95.08,0.3,0.3169,0.0994,0.2082,82.77,Low Risk,Botol Sampel A,Sumber Air A,5
ALVIN-2026-04794,2026-09-18 08:15:58.600,261.87,2.14,0.8729,0.7117,0.7923,55.79,Moderate Risk,Botol Sampel B,Sumber Air B,5
ALVIN-2026-04795,2026-09-18 08:15:58.800,76.77,0.45,0.2559,0.1494,0.2026,83.15,Low Risk,Botol Sampel A,Sumber Air A,5
ALVIN-2026-04796,2026-09-18 08:15:59.000,127.95,0.89,0.4265,0.297,0.3618,73.43,Low Risk,Botol Sampel A,Sumber Air A,5
ALVIN-2026-04797,2026-09-18 08:15:59.200,356.88,4.37,1.1896,1.4577,1.3236,43.04,High Risk,Botol Sampel D,Sumber Air D,5
ALVIN-2026-04798,2026-09-18 08:15:59.400,308.34,4.38,1.0278,1.4612,1.2445,44.55,High Risk,Botol Sampel E,Sumber Air E,5
ALVIN-2026-04799,2026-09-18 08:15:59.600,113.57,0.5,0.3786,0.167,0.2728,78.57,Low Risk,Botol Sampel A,Sumber Air A,5
ALVIN-2026-04800,2026-09-18 08:15:59.800,325.96,5.08,1.0865,1.6923,1.3894,41.85,High Risk,Botol Sampel E,Sumber Air E,5
ALVIN-2026-04801,2026-09-18 08:16:00.000,860.7,5.48,2.869,1.8256,2.3473,29.87,High Risk,Botol Sampel E,Sumber Air E,5
ALVIN-2026-04802,2026-09-18 08:16:00.200,209.08,1.17,0.6969,0.3893,0.5431,64.8,Moderate Risk,Botol Sampel C,Sumber Air C,5
ALVIN-2026-04803,2026-09-18 08:16:00.400,360.03,3.34,1.2001,1.1125,1.1563,46.38,High Risk,Botol Sampel E,Sumber Air E,5
ALVIN-2026-04804,2026-09-18 08:16:00.600,145.0,0.74,0.4833,0.2477,0.3655,73.23,Low Risk,Botol Sampel A,Sumber Air A,5
ALVIN-2026-04805,2026-09-18 08:16:00.800,128.52,0.53,0.4284,0.1755,0.302,76.8,Moderate Risk,Botol Sampel B,Sumber Air B,5
ALVIN-2026-04806,2026-09-18 08:16:01.000,200.27,1.94,0.6676,0.6476,0.6576,60.33,Moderate Risk,Botol Sampel C,Sumber Air C,5
ALVIN-2026-04807,2026-09-18 08:16:01.200,339.13,2.4,1.1304,0.8007,0.9656,50.88,High Risk,Botol Sampel E,Sumber Air E,5
ALVIN-2026-04808,2026-09-18 08:16:01.400,116.3,1.4,0.3877,0.4667,0.4272,70.07,Low Risk,Botol Sampel A,Sumber Air A,5
ALVIN-2026-04809,2026-09-18 08:16:01.600,248.22,2.04,0.8274,0.6806,0.754,57.01,Moderate Risk,Botol Sampel C,Sumber Air C,5
ALVIN-2026-04810,2026-09-18 08:16:01.800,191.24,1.86,0.6375,0.6191,0.6283,61.41,Moderate Risk,Botol Sampel B,Sumber Air B,5
ALVIN-2026-04811,2026-09-18 08:16:02.000,760.63,7.89,2.5354,2.6299,2.5826,27.91,High Risk,Botol Sampel D,Sumber Air D,5
ALVIN-2026-04812,2026-09-18 08:16:02.200,635.24,4.5,2.1175,1.5,1.8088,35.6,High Risk,Botol Sampel E,Sumber Air E,5
ALVIN-2026-04813,2026-09-18 08:16:02.400,329.44,2.42,1.0981,0.8053,0.9517,51.24,High Risk,Botol Sampel D,Sumber Air D,5
ALVIN-2026-04814,2026-09-18 08:16:02.600,400.0,4.5,1.3333,1.5,1.4166,41.38,High Risk,Botol Sampel D,Sumber Air D,5
ALVIN-2026-04815,2026-09-18 08:16:02.800,199.27,2.58,0.6642,0.8605,0.7624,56.74,Moderate Risk,Botol Sampel C,Sumber Air C,5
ALVIN-2026-04816,2026-09-18 08:16:03.000,223.49,1.42,0.745,0.4727,0.6088,62.16,Moderate Risk,Botol Sampel C,Sumber Air C,5
ALVIN-2026-04817,2026-09-18 08:16:03.200,289.21,2.98,0.964,0.9938,0.9789,50.53,Moderate Risk,Botol Sampel C,Sumber Air C,5
ALVIN-2026-04818,2026-09-18 08:16:03.400,70.23,0.83,0.2341,0.2762,0.2552,79.67,Low Risk,Botol Sampel A,Sumber Air A,5
ALVIN-2026-04819,2026-09-18 08:16:03.600,332.17,2.61,1.1072,0.8708,0.989,50.28,High Risk,Botol Sampel D,Sumber Air D,5
ALVIN-2026-04820,2026-09-18 08:16:03.800,647.07,7.78,2.1569,2.5943,2.3756,29.62,High Risk,Botol Sampel E,Sumber Air E,5
ALVIN-2026-04821,2026-09-18 08:16:04.000,118.96,0.4,0.3965,0.1327,0.2646,79.08,Moderate Risk,Botol Sampel C,Sumber Air C,5
ALVIN-2026-04822,2026-09-18 08:16:04.200,219.71,1.7,0.7324,0.5653,0.6488,60.65,Moderate Risk,Botol Sampel C,Sumber Air C,5
ALVIN-2026-04823,2026-09-18 08:16:04.400,191.8,2.36,0.6393,0.7863,0.7128,58.38,Moderate Risk,Botol Sampel C,Sumber Air C,5
ALVIN-2026-04824,2026-09-18 08:16:04.600,237.06,2.18,0.7902,0.7251,0.7576,56.9,Moderate Risk,Botol Sampel C,Sumber Air C,5
ALVIN-2026-04825,2026-09-18 08:16:04.800,89.57,0.5,0.2986,0.1653,0.232,81.17,Moderate Risk,Botol Sampel C,Sumber Air C,5
ALVIN-2026-04826,2026-09-18 08:16:05.000,316.27,2.2,1.0542,0.7333,0.8938,52.8,High Risk,Botol Sampel E,Sumber Air E,5
ALVIN-2026-04827,2026-09-18 08:16:05.200,280.0,2.94,0.9333,0.9798,0.9566,51.11,Moderate Risk,Botol Sampel B,Sumber Air B,5
ALVIN-2026-04828,2026-09-18 08:16:05.400,345.21,2.54,1.1507,0.8454,0.9981,50.05,High Risk,Botol Sampel D,Sumber Air D,5
ALVIN-2026-04829,2026-09-18 08:16:05.600,83.43,1.09,0.2781,0.3617,0.3199,75.76,Low Risk,Botol Sampel A,Sumber Air A,5
ALVIN-2026-04830,2026-09-18 08:16:05.800,412.31,4.08,1.3744,1.3602,1.3673,42.24,High Risk,Botol Sampel D,Sumber Air D,5
ALVIN-2026-04831,2026-09-18 08:16:06.000,74.93,0.59,0.2498,0.1964,0.2231,81.76,Low Risk,Botol Sampel A,Sumber Air A,5
ALVIN-2026-04832,2026-09-18 08:16:06.200,642.51,6.39,2.1417,2.1286,2.1352,31.9,High Risk,Botol Sampel E,Sumber Air E,5
ALVIN-2026-04833,2026-09-18 08:16:06.400,377.24,2.9,1.2575,0.9664,1.112,47.35,High Risk,Botol Sampel D,Sumber Air D,5
ALVIN-2026-04834,2026-09-18 08:16:06.600,576.29,6.21,1.921,2.0698,1.9954,33.38,High Risk,Botol Sampel D,Sumber Air D,5
ALVIN-2026-04835,2026-09-18 08:16:06.800,575.05,9.84,1.9168,3.2784,2.5976,27.8,High Risk,Botol Sampel E,Sumber Air E,5
ALVIN-2026-04836,2026-09-18 08:16:07.000,358.79,2.74,1.196,0.9131,1.0545,48.67,High Risk,Botol Sampel D,Sumber Air D,5
ALVIN-2026-04837,2026-09-18 08:16:07.200,678.28,5.83,2.2609,1.9425,2.1017,32.24,High Risk,Botol Sampel D,Sumber Air D,5
ALVIN-2026-04838,2026-09-18 08:16:07.400,58.06,0.26,0.1935,0.0861,0.1398,87.73,Low Risk,Botol Sampel A,Sumber Air A,5
ALVIN-2026-04839,2026-09-18 08:16:07.600,406.9,3.31,1.3563,1.1018,1.229,44.86,High Risk,Botol Sampel D,Sumber Air D,5
ALVIN-2026-04840,2026-09-18 08:16:07.800,381.96,3.28,1.2732,1.0947,1.184,45.79,High Risk,Botol Sampel D,Sumber Air D,5
ALVIN-2026-04841,2026-09-18 08:16:08.000,331.61,3.77,1.1054,1.2575,1.1814,45.84,High Risk,Botol Sampel E,Sumber Air E,5
ALVIN-2026-04842,2026-09-18 08:16:08.200,84.56,0.88,0.2819,0.2928,0.2874,77.68,Low Risk,Botol Sampel A,Sumber Air A,5
ALVIN-2026-04843,2026-09-18 08:16:08.400,131.53,0.57,0.4384,0.1916,0.315,76.05,Low Risk,Botol Sampel A,Sumber Air A,5
ALVIN-2026-04844,2026-09-18 08:16:08.600,79.84,0.34,0.2661,0.1146,0.1904,84.01,Moderate Risk,Botol Sampel B,Sumber Air B,5
ALVIN-2026-04845,2026-09-18 08:16:08.800,254.7,1.5,0.849,0.4992,0.6741,59.73,Moderate Risk,Botol Sampel B,Sumber Air B,5
ALVIN-2026-04846,2026-09-18 08:16:09.000,632.28,6.97,2.1076,2.3245,2.216,31.09,High Risk,Botol Sampel E,Sumber Air E,5
ALVIN-2026-04847,2026-09-18 08:16:09.200,206.56,2.1,0.6885,0.6988,0.6936,59.05,Moderate Risk,Botol Sampel C,Sumber Air C,5
ALVIN-2026-04848,2026-09-18 08:16:09.400,588.54,4.5,1.9618,1.5,1.7309,36.62,High Risk,Botol Sampel D,Sumber Air D,5
ALVIN-2026-04849,2026-09-18 08:16:09.600,513.33,5.53,1.7111,1.8425,1.7768,36.01,High Risk,Botol Sampel E,Sumber Air E,5
ALVIN-2026-04850,2026-09-18 08:16:09.800,363.72,2.73,1.2124,0.9114,1.0619,48.5,High Risk,Botol Sampel E,Sumber Air E,5
ALVIN-2026-04851,2026-09-18 08:16:10.000,780.87,5.01,2.6029,1.6715,2.1372,31.88,High Risk,Botol Sampel D,Sumber Air D,5
ALVIN-2026-04852,2026-09-18 08:16:10.200,690.32,4.69,2.3011,1.5648,1.933,34.09,High Risk,Botol Sampel E,Sumber Air E,5
ALVIN-2026-04853,2026-09-18 08:16:10.400,208.54,1.33,0.6951,0.4427,0.5689,63.74,Moderate Risk,Botol Sampel B,Sumber Air B,5
ALVIN-2026-04854,2026-09-18 08:16:10.600,56.6,0.1,0.1887,0.0333,0.111,90.01,Low Risk,Botol Sampel A,Sumber Air A,5
ALVIN-2026-04855,2026-09-18 08:16:10.800,356.81,2.2,1.1894,0.7333,0.9614,50.98,High Risk,Botol Sampel E,Sumber Air E,5
ALVIN-2026-04856,2026-09-18 08:16:11.000,116.55,0.84,0.3885,0.2815,0.335,74.91,Low Risk,Botol Sampel A,Sumber Air A,5
ALVIN-2026-04857,2026-09-18 08:16:11.200,660.7,7.08,2.2023,2.3587,2.2805,30.48,High Risk,Botol Sampel D,Sumber Air D,5
ALVIN-2026-04858,2026-09-18 08:16:11.400,204.49,1.11,0.6816,0.3688,0.5252,65.57,Moderate Risk,Botol Sampel C,Sumber Air C,5
ALVIN-2026-04859,2026-09-18 08:16:11.600,619.06,6.89,2.0635,2.2983,2.1809,31.44,High Risk,Botol Sampel E,Sumber Air E,5
ALVIN-2026-04860,2026-09-18 08:16:11.800,76.52,0.68,0.2551,0.2264,0.2408,80.59,Low Risk,Botol Sampel A,Sumber Air A,5
ALVIN-2026-04861,2026-09-18 08:16:12.000,753.87,7.49,2.5129,2.4954,2.5042,28.54,High Risk,Botol Sampel D,Sumber Air D,5
ALVIN-2026-04862,2026-09-18 08:16:12.200,224.34,2.18,0.7478,0.7272,0.7375,57.55,Moderate Risk,Botol Sampel B,Sumber Air B,5
ALVIN-2026-04863,2026-09-18 08:16:12.400,769.44,7.26,2.5648,2.4194,2.4921,28.64,High Risk,Botol Sampel D,Sumber Air D,5
ALVIN-2026-04864,2026-09-18 08:16:12.600,104.33,0.8,0.3478,0.267,0.3074,76.49,Low Risk,Botol Sampel A,Sumber Air A,5
ALVIN-2026-04865,2026-09-18 08:16:12.800,228.88,2.06,0.7629,0.6869,0.7249,57.97,Moderate Risk,Botol Sampel B,Sumber Air B,5
ALVIN-2026-04866,2026-09-18 08:16:13.000,367.02,2.42,1.2234,0.8072,1.0153,49.62,High Risk,Botol Sampel E,Sumber Air E,5
ALVIN-2026-04867,2026-09-18 08:16:13.200,650.07,8.75,2.1669,2.916,2.5415,28.24,High Risk,Botol Sampel D,Sumber Air D,5
ALVIN-2026-04868,2026-09-18 08:16:13.400,335.46,3.2,1.1182,1.0651,1.0916,47.81,High Risk,Botol Sampel D,Sumber Air D,5
ALVIN-2026-04869,2026-09-18 08:16:13.600,731.35,6.56,2.4378,2.1861,2.312,30.19,High Risk,Botol Sampel D,Sumber Air D,5
ALVIN-2026-04870,2026-09-18 08:16:13.800,173.51,1.98,0.5784,0.6605,0.6195,61.75,Moderate Risk,Botol Sampel C,Sumber Air C,5
ALVIN-2026-04871,2026-09-18 08:16:14.000,53.73,0.47,0.1791,0.1555,0.1673,85.67,Low Risk,Botol Sampel A,Sumber Air A,5
ALVIN-2026-04872,2026-09-18 08:16:14.200,646.79,7.81,2.156,2.6039,2.38,29.59,High Risk,Botol Sampel E,Sumber Air E,5
ALVIN-2026-04873,2026-09-18 08:16:14.400,400.8,3.64,1.336,1.2143,1.2752,43.95,High Risk,Botol Sampel D,Sumber Air D,5
ALVIN-2026-04874,2026-09-18 08:16:14.600,49.2,0.8,0.164,0.2665,0.2152,82.29,Low Risk,Botol Sampel A,Sumber Air A,5
ALVIN-2026-04875,2026-09-18 08:16:14.800,216.22,2.14,0.7207,0.7148,0.7178,58.21,Moderate Risk,Botol Sampel B,Sumber Air B,5
ALVIN-2026-04876,2026-09-18 08:16:15.000,225.37,1.63,0.7512,0.5437,0.6474,60.7,Moderate Risk,Botol Sampel C,Sumber Air C,5
ALVIN-2026-04877,2026-09-18 08:16:15.200,538.48,7.38,1.7949,2.4608,2.1278,31.97,High Risk,Botol Sampel D,Sumber Air D,5
ALVIN-2026-04878,2026-09-18 08:16:15.400,741.66,8.28,2.4722,2.7584,2.6153,27.66,High Risk,Botol Sampel D,Sumber Air D,5
ALVIN-2026-04879,2026-09-18 08:16:15.600,280.0,2.82,0.9333,0.9388,0.936,51.65,Moderate Risk,Botol Sampel C,Sumber Air C,5
ALVIN-2026-04880,2026-09-18 08:16:15.800,280.0,2.2,0.9333,0.7333,0.8333,54.55,Moderate Risk,Botol Sampel C,Sumber Air C,5
ALVIN-2026-04881,2026-09-18 08:16:16.000,367.77,3.04,1.2259,1.0136,1.1198,47.17,High Risk,Botol Sampel D,Sumber Air D,5
ALVIN-2026-04882,2026-09-18 08:16:16.200,96.03,0.82,0.3201,0.2735,0.2968,77.11,Moderate Risk,Botol Sampel B,Sumber Air B,5
ALVIN-2026-04883,2026-09-18 08:16:16.400,280.0,3.19,0.9333,1.064,0.9986,50.04,High Risk,Botol Sampel D,Sumber Air D,5
ALVIN-2026-04884,2026-09-18 08:16:16.600,624.31,5.89,2.081,1.9627,2.0218,33.09,High Risk,Botol Sampel E,Sumber Air E,5
ALVIN-2026-04885,2026-09-18 08:16:16.800,358.2,3.41,1.194,1.1375,1.1658,46.17,High Risk,Botol Sampel E,Sumber Air E,5
ALVIN-2026-04886,2026-09-18 08:16:17.000,310.64,4.07,1.0355,1.3577,1.1966,45.52,High Risk,Botol Sampel E,Sumber Air E,5
ALVIN-2026-04887,2026-09-18 08:16:17.200,180.56,2.26,0.6019,0.7528,0.6774,59.62,Moderate Risk,Botol Sampel C,Sumber Air C,5
ALVIN-2026-04888,2026-09-18 08:16:17.400,200.42,1.69,0.6681,0.5648,0.6164,61.87,Moderate Risk,Botol Sampel B,Sumber Air B,5
ALVIN-2026-04889,2026-09-18 08:16:17.600,639.46,4.5,2.1315,1.5,1.8158,35.51,High Risk,Botol Sampel D,Sumber Air D,5
ALVIN-2026-04890,2026-09-18 08:16:17.800,220.86,1.08,0.7362,0.3599,0.548,64.6,Moderate Risk,Botol Sampel C,Sumber Air C,5
ALVIN-2026-04891,2026-09-18 08:16:18.000,78.73,1.06,0.2624,0.3521,0.3073,76.49,Moderate Risk,Botol Sampel B,Sumber Air B,5
ALVIN-2026-04892,2026-09-18 08:16:18.200,130.04,0.55,0.4335,0.1837,0.3086,76.42,Low Risk,Botol Sampel A,Sumber Air A,5
ALVIN-2026-04893,2026-09-18 08:16:18.400,301.55,4.84,1.0052,1.6132,1.3092,43.31,High Risk,Botol Sampel E,Sumber Air E,5
ALVIN-2026-04894,2026-09-18 08:16:18.600,543.53,6.13,1.8118,2.0425,1.9272,34.16,High Risk,Botol Sampel E,Sumber Air E,5
ALVIN-2026-04895,2026-09-18 08:16:18.800,211.03,2.27,0.7034,0.7563,0.7298,57.81,Moderate Risk,Botol Sampel B,Sumber Air B,5
ALVIN-2026-04896,2026-09-18 08:16:19.000,162.4,2.65,0.5413,0.8828,0.7121,58.41,Moderate Risk,Botol Sampel C,Sumber Air C,5
ALVIN-2026-04897,2026-09-18 08:16:19.200,727.07,5.69,2.4236,1.895,2.1593,31.65,High Risk,Botol Sampel E,Sumber Air E,5
ALVIN-2026-04898,2026-09-18 08:16:19.400,124.11,0.38,0.4137,0.1264,0.27,78.74,Low Risk,Botol Sampel A,Sumber Air A,5
ALVIN-2026-04899,2026-09-18 08:16:19.600,187.53,2.69,0.6251,0.8957,0.7604,56.81,Moderate Risk,Botol Sampel C,Sumber Air C,5
ALVIN-2026-04900,2026-09-18 08:16:19.800,94.61,0.7,0.3154,0.2324,0.2739,78.5,Low Risk,Botol Sampel A,Sumber Air A,5
ALVIN-2026-04901,2026-09-18 08:16:20.000,88.36,0.72,0.2945,0.2394,0.267,78.93,Low Risk,Botol Sampel A,Sumber Air A,5
ALVIN-2026-04902,2026-09-18 08:16:20.200,89.6,0.69,0.2987,0.2287,0.2637,79.13,Low Risk,Botol Sampel A,Sumber Air A,5
ALVIN-2026-04903,2026-09-18 08:16:20.400,682.73,9.06,2.2758,3.0201,2.6479,27.41,High Risk,Botol Sampel D,Sumber Air D,5
ALVIN-2026-04904,2026-09-18 08:16:20.600,70.89,0.36,0.2363,0.1192,0.1778,84.9,Low Risk,Botol Sampel A,Sumber Air A,5
ALVIN-2026-04905,2026-09-18 08:16:20.800,76.92,0.56,0.2564,0.1879,0.2222,81.82,Low Risk,Botol Sampel A,Sumber Air A,5
ALVIN-2026-04906,2026-09-18 08:16:21.000,110.96,0.86,0.3699,0.2865,0.3282,75.29,Low Risk,Botol Sampel A,Sumber Air A,5
ALVIN-2026-04907,2026-09-18 08:16:21.200,224.52,1.64,0.7484,0.5482,0.6483,60.67,Moderate Risk,Botol Sampel C,Sumber Air C,5
ALVIN-2026-04908,2026-09-18 08:16:21.400,89.47,1.3,0.2982,0.4346,0.3664,73.19,Low Risk,Botol Sampel A,Sumber Air A,5
ALVIN-2026-04909,2026-09-18 08:16:21.600,239.54,2.82,0.7985,0.9399,0.8692,53.5,Moderate Risk,Botol Sampel C,Sumber Air C,5
ALVIN-2026-04910,2026-09-18 08:16:21.800,252.94,1.82,0.8431,0.6071,0.7251,57.97,Moderate Risk,Botol Sampel B,Sumber Air B,5
ALVIN-2026-04911,2026-09-18 08:16:22.000,671.06,7.21,2.2369,2.4042,2.3206,30.12,High Risk,Botol Sampel E,Sumber Air E,5
ALVIN-2026-04912,2026-09-18 08:16:22.200,367.12,3.34,1.2237,1.1136,1.1686,46.11,High Risk,Botol Sampel E,Sumber Air E,5
ALVIN-2026-04913,2026-09-18 08:16:22.400,192.18,1.28,0.6406,0.4281,0.5344,65.17,Moderate Risk,Botol Sampel C,Sumber Air C,5
ALVIN-2026-04914,2026-09-18 08:16:22.600,777.26,8.0,2.5909,2.6655,2.6282,27.56,High Risk,Botol Sampel E,Sumber Air E,5
ALVIN-2026-04915,2026-09-18 08:16:22.800,516.97,6.22,1.7232,2.0732,1.8982,34.5,High Risk,Botol Sampel E,Sumber Air E,5
ALVIN-2026-04916,2026-09-18 08:16:23.000,549.94,4.5,1.8331,1.5,1.6666,37.5,High Risk,Botol Sampel D,Sumber Air D,5
ALVIN-2026-04917,2026-09-18 08:16:23.200,230.91,1.3,0.7697,0.4321,0.6009,62.46,Moderate Risk,Botol Sampel B,Sumber Air B,5
ALVIN-2026-04918,2026-09-18 08:16:23.400,112.68,0.1,0.3756,0.0333,0.2044,83.03,Low Risk,Botol Sampel A,Sumber Air A,5
ALVIN-2026-04919,2026-09-18 08:16:23.600,645.8,8.9,2.1527,2.9677,2.5602,28.09,High Risk,Botol Sampel E,Sumber Air E,5
ALVIN-2026-04920,2026-09-18 08:16:23.800,178.64,1.68,0.5955,0.5615,0.5785,63.35,Moderate Risk,Botol Sampel B,Sumber Air B,5
ALVIN-2026-04921,2026-09-18 08:16:24.000,411.28,3.13,1.3709,1.0441,1.2075,45.3,High Risk,Botol Sampel D,Sumber Air D,5
ALVIN-2026-04922,2026-09-18 08:16:24.200,400.0,7.38,1.3333,2.4592,1.8962,34.53,High Risk,Botol Sampel D,Sumber Air D,5
ALVIN-2026-04923,2026-09-18 08:16:24.400,49.63,0.75,0.1654,0.2511,0.2082,82.77,Low Risk,Botol Sampel A,Sumber Air A,5
ALVIN-2026-04924,2026-09-18 08:16:24.600,280.0,2.94,0.9333,0.9813,0.9573,51.09,Moderate Risk,Botol Sampel C,Sumber Air C,5
ALVIN-2026-04925,2026-09-18 08:16:24.800,323.24,2.69,1.0775,0.897,0.9872,50.32,High Risk,Botol Sampel D,Sumber Air D,5
ALVIN-2026-04926,2026-09-18 08:16:25.000,76.81,1.17,0.256,0.3909,0.3234,75.56,Low Risk,Botol Sampel A,Sumber Air A,5
ALVIN-2026-04927,2026-09-18 08:16:25.200,84.33,0.19,0.2811,0.0635,0.1723,85.3,Low Risk,Botol Sampel A,Sumber Air A,5
ALVIN-2026-04928,2026-09-18 08:16:25.400,124.3,0.74,0.4143,0.2463,0.3303,75.17,Low Risk,Botol Sampel A,Sumber Air A,5
ALVIN-2026-04929,2026-09-18 08:16:25.600,343.24,2.2,1.1441,0.7333,0.9387,51.58,High Risk,Botol Sampel D,Sumber Air D,5
ALVIN-2026-04930,2026-09-18 08:16:25.800,622.84,8.15,2.0761,2.7156,2.3958,29.45,High Risk,Botol Sampel D,Sumber Air D,5
ALVIN-2026-04931,2026-09-18 08:16:26.000,88.67,0.86,0.2956,0.2859,0.2907,77.48,Low Risk,Botol Sampel A,Sumber Air A,5
ALVIN-2026-04932,2026-09-18 08:16:26.200,245.82,1.34,0.8194,0.4482,0.6338,61.21,Moderate Risk,Botol Sampel B,Sumber Air B,5
ALVIN-2026-04933,2026-09-18 08:16:26.400,139.08,0.93,0.4636,0.3086,0.3861,72.14,Low Risk,Botol Sampel A,Sumber Air A,5
ALVIN-2026-04934,2026-09-18 08:16:26.600,179.67,1.91,0.5989,0.6368,0.6178,61.81,Moderate Risk,Botol Sampel C,Sumber Air C,5
ALVIN-2026-04935,2026-09-18 08:16:26.800,251.82,1.0,0.8394,0.3333,0.5864,63.04,Moderate Risk,Botol Sampel B,Sumber Air B,5
ALVIN-2026-04936,2026-09-18 08:16:27.000,672.18,6.36,2.2406,2.1203,2.1804,31.44,High Risk,Botol Sampel D,Sumber Air D,5
ALVIN-2026-04937,2026-09-18 08:16:27.200,768.3,4.84,2.561,1.6127,2.0868,32.4,High Risk,Botol Sampel E,Sumber Air E,5
ALVIN-2026-04938,2026-09-18 08:16:27.400,224.27,1.31,0.7476,0.436,0.5918,62.82,Moderate Risk,Botol Sampel C,Sumber Air C,5
ALVIN-2026-04939,2026-09-18 08:16:27.600,104.11,0.95,0.347,0.3182,0.3326,75.04,Moderate Risk,Botol Sampel B,Sumber Air B,5
ALVIN-2026-04940,2026-09-18 08:16:27.800,93.4,1.4,0.3113,0.4667,0.389,71.99,Low Risk,Botol Sampel A,Sumber Air A,5
ALVIN-2026-04941,2026-09-18 08:16:28.000,774.91,10.43,2.583,3.4783,3.0306,24.81,High Risk,Botol Sampel E,Sumber Air E,5
ALVIN-2026-04942,2026-09-18 08:16:28.200,100.73,0.83,0.3358,0.2775,0.3066,76.53,Low Risk,Botol Sampel A,Sumber Air A,5
ALVIN-2026-04943,2026-09-18 08:16:28.400,199.61,1.56,0.6654,0.5195,0.5924,62.8,Moderate Risk,Botol Sampel C,Sumber Air C,5
ALVIN-2026-04944,2026-09-18 08:16:28.600,393.27,3.19,1.3109,1.0625,1.1867,45.73,High Risk,Botol Sampel E,Sumber Air E,5
ALVIN-2026-04945,2026-09-18 08:16:28.800,346.16,3.89,1.1539,1.2973,1.2256,44.93,High Risk,Botol Sampel D,Sumber Air D,5
ALVIN-2026-04946,2026-09-18 08:16:29.000,124.07,0.64,0.4136,0.2134,0.3135,76.13,Low Risk,Botol Sampel A,Sumber Air A,5
ALVIN-2026-04947,2026-09-18 08:16:29.200,222.08,1.52,0.7403,0.5051,0.6227,61.63,Moderate Risk,Botol Sampel B,Sumber Air B,5
ALVIN-2026-04948,2026-09-18 08:16:29.400,749.58,9.77,2.4986,3.257,2.8778,25.79,High Risk,Botol Sampel E,Sumber Air E,5
ALVIN-2026-04949,2026-09-18 08:16:29.600,204.67,1.69,0.6822,0.5639,0.623,61.61,Moderate Risk,Botol Sampel B,Sumber Air B,5
ALVIN-2026-04950,2026-09-18 08:16:29.800,427.0,9.37,1.4233,3.122,2.2726,30.56,High Risk,Botol Sampel D,Sumber Air D,5
ALVIN-2026-04951,2026-09-18 08:16:30.000,87.74,1.12,0.2925,0.3727,0.3326,75.04,Low Risk,Botol Sampel A,Sumber Air A,5
ALVIN-2026-04952,2026-09-18 08:16:30.200,103.29,0.62,0.3443,0.2073,0.2758,78.38,Low Risk,Botol Sampel A,Sumber Air A,5
ALVIN-2026-04953,2026-09-18 08:16:30.400,129.54,0.8,0.4318,0.2675,0.3496,74.1,Low Risk,Botol Sampel A,Sumber Air A,5
ALVIN-2026-04954,2026-09-18 08:16:30.600,244.87,1.74,0.8162,0.5794,0.6978,58.9,Moderate Risk,Botol Sampel B,Sumber Air B,5
ALVIN-2026-04955,2026-09-18 08:16:30.800,645.37,7.93,2.1512,2.6445,2.3978,29.43,High Risk,Botol Sampel D,Sumber Air D,5
ALVIN-2026-04956,2026-09-18 08:16:31.000,384.26,4.89,1.2809,1.6294,1.4552,40.73,High Risk,Botol Sampel D,Sumber Air D,5
ALVIN-2026-04957,2026-09-18 08:16:31.200,508.79,8.2,1.696,2.7325,2.2142,31.11,High Risk,Botol Sampel D,Sumber Air D,5
ALVIN-2026-04958,2026-09-18 08:16:31.400,70.88,0.45,0.2363,0.1511,0.1937,83.77,Low Risk,Botol Sampel A,Sumber Air A,5
ALVIN-2026-04959,2026-09-18 08:16:31.600,421.59,4.57,1.4053,1.5229,1.4641,40.58,High Risk,Botol Sampel D,Sumber Air D,5
ALVIN-2026-04960,2026-09-18 08:16:31.800,526.89,7.83,1.7563,2.6099,2.1831,31.42,High Risk,Botol Sampel D,Sumber Air D,5
ALVIN-2026-04961,2026-09-18 08:16:32.000,233.54,2.18,0.7785,0.7273,0.7529,57.05,Moderate Risk,Botol Sampel B,Sumber Air B,5
ALVIN-2026-04962,2026-09-18 08:16:32.200,374.6,3.69,1.2487,1.2308,1.2397,44.65,High Risk,Botol Sampel D,Sumber Air D,5
ALVIN-2026-04963,2026-09-18 08:16:32.400,592.74,10.35,1.9758,3.4503,2.713,26.93,High Risk,Botol Sampel E,Sumber Air E,5
ALVIN-2026-04964,2026-09-18 08:16:32.600,609.23,8.53,2.0308,2.8427,2.4368,29.1,High Risk,Botol Sampel D,Sumber Air D,5
ALVIN-2026-04965,2026-09-18 08:16:32.800,107.49,0.28,0.3583,0.094,0.2262,81.55,Low Risk,Botol Sampel A,Sumber Air A,5
ALVIN-2026-04966,2026-09-18 08:16:33.000,198.41,1.59,0.6614,0.5292,0.5953,62.68,Moderate Risk,Botol Sampel C,Sumber Air C,5
ALVIN-2026-04967,2026-09-18 08:16:33.200,859.75,5.74,2.8658,1.9135,2.3896,29.5,High Risk,Botol Sampel D,Sumber Air D,5
ALVIN-2026-04968,2026-09-18 08:16:33.400,346.53,3.35,1.1551,1.1179,1.1365,46.81,High Risk,Botol Sampel E,Sumber Air E,5
ALVIN-2026-04969,2026-09-18 08:16:33.600,472.78,6.78,1.5759,2.26,1.918,34.27,High Risk,Botol Sampel D,Sumber Air D,5
ALVIN-2026-04970,2026-09-18 08:16:33.800,106.53,0.71,0.3551,0.2365,0.2958,77.17,Low Risk,Botol Sampel A,Sumber Air A,5
ALVIN-2026-04971,2026-09-18 08:16:34.000,722.64,8.57,2.4088,2.8581,2.6334,27.52,High Risk,Botol Sampel D,Sumber Air D,5
ALVIN-2026-04972,2026-09-18 08:16:34.200,362.23,3.79,1.2074,1.2635,1.2355,44.73,High Risk,Botol Sampel E,Sumber Air E,5
ALVIN-2026-04973,2026-09-18 08:16:34.400,772.08,8.17,2.5736,2.7243,2.649,27.4,High Risk,Botol Sampel E,Sumber Air E,5
ALVIN-2026-04974,2026-09-18 08:16:34.600,551.3,9.84,1.8377,3.2807,2.5592,28.1,High Risk,Botol Sampel E,Sumber Air E,5
ALVIN-2026-04975,2026-09-18 08:16:34.800,680.09,6.27,2.267,2.0912,2.1791,31.46,High Risk,Botol Sampel D,Sumber Air D,5
ALVIN-2026-04976,2026-09-18 08:16:35.000,115.69,1.08,0.3856,0.3616,0.3736,72.8,Low Risk,Botol Sampel A,Sumber Air A,5
ALVIN-2026-04977,2026-09-18 08:16:35.200,204.72,2.02,0.6824,0.6741,0.6782,59.59,Moderate Risk,Botol Sampel B,Sumber Air B,5
ALVIN-2026-04978,2026-09-18 08:16:35.400,548.15,5.43,1.8272,1.8109,1.819,35.47,High Risk,Botol Sampel E,Sumber Air E,5
ALVIN-2026-04979,2026-09-18 08:16:35.600,55.98,0.57,0.1866,0.1892,0.1879,84.18,Moderate Risk,Botol Sampel B,Sumber Air B,5
ALVIN-2026-04980,2026-09-18 08:16:35.800,79.35,1.4,0.2645,0.4667,0.3656,73.23,Low Risk,Botol Sampel A,Sumber Air A,5
ALVIN-2026-04981,2026-09-18 08:16:36.000,94.11,1.22,0.3137,0.4054,0.3596,73.55,Low Risk,Botol Sampel A,Sumber Air A,5
ALVIN-2026-04982,2026-09-18 08:16:36.200,332.98,3.24,1.1099,1.0803,1.0951,47.73,High Risk,Botol Sampel D,Sumber Air D,5
ALVIN-2026-04983,2026-09-18 08:16:36.400,198.0,1.83,0.66,0.6112,0.6356,61.14,Moderate Risk,Botol Sampel C,Sumber Air C,5
ALVIN-2026-04984,2026-09-18 08:16:36.600,198.93,1.92,0.6631,0.6391,0.6511,60.57,Moderate Risk,Botol Sampel B,Sumber Air B,5
ALVIN-2026-04985,2026-09-18 08:16:36.800,793.19,7.53,2.644,2.5088,2.5764,27.96,High Risk,Botol Sampel E,Sumber Air E,5
ALVIN-2026-04986,2026-09-18 08:16:37.000,386.45,2.43,1.2882,0.8108,1.0495,48.79,High Risk,Botol Sampel E,Sumber Air E,5
ALVIN-2026-04987,2026-09-18 08:16:37.200,209.79,1.16,0.6993,0.3877,0.5435,64.79,Moderate Risk,Botol Sampel B,Sumber Air B,5
ALVIN-2026-04988,2026-09-18 08:16:37.400,280.0,4.1,0.9333,1.3674,1.1504,46.5,High Risk,Botol Sampel D,Sumber Air D,5
ALVIN-2026-04989,2026-09-18 08:16:37.600,580.67,10.47,1.9356,3.4907,2.7131,26.93,High Risk,Botol Sampel E,Sumber Air E,5
ALVIN-2026-04990,2026-09-18 08:16:37.800,525.35,6.92,1.7512,2.3071,2.0292,33.01,High Risk,Botol Sampel E,Sumber Air E,5
ALVIN-2026-04991,2026-09-18 08:16:38.000,285.07,3.18,0.9502,1.0606,1.0054,49.87,High Risk,Botol Sampel D,Sumber Air D,5
ALVIN-2026-04992,2026-09-18 08:16:38.200,1057.72,7.81,3.5257,2.6035,3.0646,24.6,High Risk,Botol Sampel D,Sumber Air D,5
ALVIN-2026-04993,2026-09-18 08:16:38.400,522.2,10.72,1.7407,3.5748,2.6578,27.34,High Risk,Botol Sampel D,Sumber Air D,5
ALVIN-2026-04994,2026-09-18 08:16:38.600,83.66,0.54,0.2789,0.1793,0.2291,81.36,Low Risk,Botol Sampel A,Sumber Air A,5
ALVIN-2026-04995,2026-09-18 08:16:38.800,114.12,0.92,0.3804,0.306,0.3432,74.45,Low Risk,Botol Sampel A,Sumber Air A,5
ALVIN-2026-04996,2026-09-18 08:16:39.000,103.51,0.32,0.345,0.1063,0.2256,81.59,Low Risk,Botol Sampel A,Sumber Air A,5
ALVIN-2026-04997,2026-09-18 08:16:39.200,542.49,8.73,1.8083,2.9092,2.3587,29.77,High Risk,Botol Sampel D,Sumber Air D,5
ALVIN-2026-04998,2026-09-18 08:16:39.400,164.16,1.97,0.5472,0.6569,0.602,62.42,Moderate Risk,Botol Sampel C,Sumber Air C,5
ALVIN-2026-04999,2026-09-18 08:16:39.600,280.0,3.05,0.9333,1.0176,0.9754,50.62,High Risk,Botol Sampel D,Sumber Air D,5
ALVIN-2026-05000,2026-09-18 08:16:39.800,362.45,2.2,1.2082,0.7333,0.9708,50.74,High Risk,Botol Sampel D,Sumber Air D,5
ALVIN-2026-05001,2026-09-18 08:16:40.000,570.31,6.76,1.901,2.253,2.077,32.5,High Risk,Botol Sampel D,Sumber Air D,5
ALVIN-2026-05002,2026-09-18 08:16:40.200,94.78,0.6,0.3159,0.1992,0.2576,79.52,Low Risk,Botol Sampel A,Sumber Air A,5
ALVIN-2026-05003,2026-09-18 08:16:40.400,609.29,5.14,2.031,1.7136,1.8723,34.82,High Risk,Botol Sampel E,Sumber Air E,5
ALVIN-2026-05004,2026-09-18 08:16:40.600,210.76,1.86,0.7025,0.6207,0.6616,60.18,Moderate Risk,Botol Sampel B,Sumber Air B,5
ALVIN-2026-05005,2026-09-18 08:16:40.800,565.18,4.5,1.8839,1.5,1.692,37.15,High Risk,Botol Sampel D,Sumber Air D,5
ALVIN-2026-05006,2026-09-18 08:16:41.000,360.06,2.96,1.2002,0.9858,1.093,47.78,High Risk,Botol Sampel D,Sumber Air D,5
ALVIN-2026-05007,2026-09-18 08:16:41.200,699.45,4.8,2.3315,1.6015,1.9665,33.71,High Risk,Botol Sampel E,Sumber Air E,5
ALVIN-2026-05008,2026-09-18 08:16:41.400,228.23,1.39,0.7608,0.4628,0.6118,62.04,Moderate Risk,Botol Sampel B,Sumber Air B,5
ALVIN-2026-05009,2026-09-18 08:16:41.600,227.36,1.89,0.7579,0.6299,0.6939,59.04,Moderate Risk,Botol Sampel B,Sumber Air B,5
ALVIN-2026-05010,2026-09-18 08:16:41.800,306.88,5.36,1.0229,1.7882,1.4055,41.57,High Risk,Botol Sampel E,Sumber Air E,5
ALVIN-2026-05011,2026-09-18 08:16:42.000,324.96,3.35,1.0832,1.1166,1.0999,47.62,High Risk,Botol Sampel E,Sumber Air E,5
ALVIN-2026-05012,2026-09-18 08:16:42.200,66.52,0.1,0.2217,0.0333,0.1275,88.69,Moderate Risk,Botol Sampel C,Sumber Air C,5
ALVIN-2026-05013,2026-09-18 08:16:42.400,88.31,0.5,0.2944,0.1666,0.2305,81.27,Low Risk,Botol Sampel A,Sumber Air A,5
ALVIN-2026-05014,2026-09-18 08:16:42.600,304.61,3.34,1.0154,1.1126,1.064,48.45,High Risk,Botol Sampel D,Sumber Air D,5
ALVIN-2026-05015,2026-09-18 08:16:42.800,346.12,2.72,1.1537,0.9075,1.0306,49.25,High Risk,Botol Sampel E,Sumber Air E,5
ALVIN-2026-05016,2026-09-18 08:16:43.000,326.13,3.56,1.0871,1.1855,1.1363,46.81,High Risk,Botol Sampel D,Sumber Air D,5
ALVIN-2026-05017,2026-09-18 08:16:43.200,736.27,8.23,2.4542,2.744,2.5991,27.78,High Risk,Botol Sampel E,Sumber Air E,5
ALVIN-2026-05018,2026-09-18 08:16:43.400,221.31,2.37,0.7377,0.7892,0.7634,56.71,Moderate Risk,Botol Sampel C,Sumber Air C,5
ALVIN-2026-05019,2026-09-18 08:16:43.600,125.17,0.36,0.4172,0.1214,0.2693,78.78,Low Risk,Botol Sampel A,Sumber Air A,5
ALVIN-2026-05020,2026-09-18 08:16:43.800,327.42,4.54,1.0914,1.5118,1.3016,43.45,High Risk,Botol Sampel E,Sumber Air E,5
ALVIN-2026-05021,2026-09-18 08:16:44.000,216.63,2.9,0.7221,0.9667,0.8444,54.22,Moderate Risk,Botol Sampel B,Sumber Air B,5
ALVIN-2026-05022,2026-09-18 08:16:44.200,125.92,0.1,0.4197,0.0333,0.2265,81.53,Low Risk,Botol Sampel A,Sumber Air A,5
ALVIN-2026-05023,2026-09-18 08:16:44.400,95.9,0.48,0.3197,0.1601,0.2399,80.65,Moderate Risk,Botol Sampel C,Sumber Air C,5
ALVIN-2026-05024,2026-09-18 08:16:44.600,144.76,1.46,0.4825,0.4866,0.4846,67.36,Low Risk,Botol Sampel A,Sumber Air A,5
ALVIN-2026-05025,2026-09-18 08:16:44.800,91.36,0.54,0.3045,0.1812,0.2428,80.46,Low Risk,Botol Sampel A,Sumber Air A,5
ALVIN-2026-05026,2026-09-18 08:16:45.000,111.46,1.1,0.3715,0.3653,0.3684,73.08,Moderate Risk,Botol Sampel B,Sumber Air B,5
ALVIN-2026-05027,2026-09-18 08:16:45.200,280.0,4.26,0.9333,1.4204,1.1768,45.94,High Risk,Botol Sampel E,Sumber Air E,5
ALVIN-2026-05028,2026-09-18 08:16:45.400,176.94,1.28,0.5898,0.4255,0.5076,66.33,Moderate Risk,Botol Sampel C,Sumber Air C,5
ALVIN-2026-05029,2026-09-18 08:16:45.600,199.47,1.58,0.6649,0.5273,0.5961,62.65,Moderate Risk,Botol Sampel B,Sumber Air B,5
ALVIN-2026-05030,2026-09-18 08:16:45.800,124.54,0.25,0.4151,0.0833,0.2492,80.05,Low Risk,Botol Sampel A,Sumber Air A,5
ALVIN-2026-05031,2026-09-18 08:16:46.000,571.07,7.9,1.9036,2.6339,2.2688,30.59,High Risk,Botol Sampel D,Sumber Air D,5
ALVIN-2026-05032,2026-09-18 08:16:46.200,280.0,2.69,0.9333,0.8981,0.9157,52.2,Moderate Risk,Botol Sampel C,Sumber Air C,5
ALVIN-2026-05033,2026-09-18 08:16:46.400,233.75,1.62,0.7792,0.5405,0.6599,60.24,Moderate Risk,Botol Sampel C,Sumber Air C,5
ALVIN-2026-05034,2026-09-18 08:16:46.600,119.06,0.34,0.3969,0.1141,0.2555,79.65,Moderate Risk,Botol Sampel C,Sumber Air C,5
ALVIN-2026-05035,2026-09-18 08:16:46.800,93.65,0.74,0.3122,0.2471,0.2796,78.15,Low Risk,Botol Sampel A,Sumber Air A,5
ALVIN-2026-05036,2026-09-18 08:16:47.000,724.79,7.39,2.416,2.463,2.4395,29.07,High Risk,Botol Sampel D,Sumber Air D,5
ALVIN-2026-05037,2026-09-18 08:16:47.200,350.22,2.98,1.1674,0.9941,1.0808,48.06,High Risk,Botol Sampel D,Sumber Air D,5
ALVIN-2026-05038,2026-09-18 08:16:47.400,161.57,2.26,0.5386,0.7535,0.646,60.75,Moderate Risk,Botol Sampel B,Sumber Air B,5
ALVIN-2026-05039,2026-09-18 08:16:47.600,582.02,4.5,1.9401,1.5,1.72,36.76,High Risk,Botol Sampel D,Sumber Air D,5
ALVIN-2026-05040,2026-09-18 08:16:47.800,93.49,1.03,0.3116,0.3428,0.3272,75.35,Low Risk,Botol Sampel A,Sumber Air A,5
ALVIN-2026-05041,2026-09-18 08:16:48.000,242.76,2.87,0.8092,0.9572,0.8832,53.1,Moderate Risk,Botol Sampel B,Sumber Air B,5
ALVIN-2026-05042,2026-09-18 08:16:48.200,92.58,0.9,0.3086,0.2988,0.3037,76.7,Low Risk,Botol Sampel A,Sumber Air A,5
ALVIN-2026-05043,2026-09-18 08:16:48.400,826.7,8.65,2.7557,2.8819,2.8188,26.19,High Risk,Botol Sampel E,Sumber Air E,5
ALVIN-2026-05044,2026-09-18 08:16:48.600,179.47,1.6,0.5982,0.5346,0.5664,63.84,Moderate Risk,Botol Sampel B,Sumber Air B,5
ALVIN-2026-05045,2026-09-18 08:16:48.800,340.87,4.23,1.1362,1.4097,1.273,43.99,High Risk,Botol Sampel E,Sumber Air E,5
ALVIN-2026-05046,2026-09-18 08:16:49.000,681.94,9.36,2.2731,3.1209,2.697,27.05,High Risk,Botol Sampel E,Sumber Air E,5
ALVIN-2026-05047,2026-09-18 08:16:49.200,225.14,1.46,0.7505,0.4879,0.6192,61.76,Moderate Risk,Botol Sampel C,Sumber Air C,5
ALVIN-2026-05048,2026-09-18 08:16:49.400,717.92,5.76,2.3931,1.9187,2.1559,31.69,High Risk,Botol Sampel D,Sumber Air D,5
ALVIN-2026-05049,2026-09-18 08:16:49.600,181.1,1.85,0.6037,0.6151,0.6094,62.13,Moderate Risk,Botol Sampel B,Sumber Air B,5
ALVIN-2026-05050,2026-09-18 08:16:49.800,264.17,1.77,0.8806,0.5899,0.7352,57.63,Moderate Risk,Botol Sampel C,Sumber Air C,5
ALVIN-2026-05051,2026-09-18 08:16:50.000,211.67,1.24,0.7056,0.4117,0.5586,64.16,Moderate Risk,Botol Sampel C,Sumber Air C,5
ALVIN-2026-05052,2026-09-18 08:16:50.200,302.6,3.53,1.0087,1.1765,1.0926,47.79,High Risk,Botol Sampel E,Sumber Air E,5
ALVIN-2026-05053,2026-09-18 08:16:50.400,368.59,3.03,1.2286,1.0105,1.1195,47.18,High Risk,Botol Sampel E,Sumber Air E,5
ALVIN-2026-05054,2026-09-18 08:16:50.600,369.89,3.07,1.233,1.0244,1.1287,46.98,High Risk,Botol Sampel E,Sumber Air E,5
ALVIN-2026-05055,2026-09-18 08:16:50.800,379.9,3.33,1.2663,1.1115,1.1889,45.69,High Risk,Botol Sampel E,Sumber Air E,5
ALVIN-2026-05056,2026-09-18 08:16:51.000,196.95,1.79,0.6565,0.5965,0.6265,61.48,Moderate Risk,Botol Sampel C,Sumber Air C,5
ALVIN-2026-05057,2026-09-18 08:16:51.200,604.48,4.68,2.0149,1.5613,1.7881,35.87,High Risk,Botol Sampel D,Sumber Air D,5
ALVIN-2026-05058,2026-09-18 08:16:51.400,145.0,0.11,0.4833,0.0377,0.2605,79.33,Low Risk,Botol Sampel A,Sumber Air A,5
ALVIN-2026-05059,2026-09-18 08:16:51.600,307.77,4.92,1.0259,1.6393,1.3326,42.87,High Risk,Botol Sampel E,Sumber Air E,5
ALVIN-2026-05060,2026-09-18 08:16:51.800,824.69,4.78,2.749,1.5949,2.172,31.53,High Risk,Botol Sampel E,Sumber Air E,5
ALVIN-2026-05061,2026-09-18 08:16:52.000,54.11,0.91,0.1804,0.304,0.2422,80.5,Low Risk,Botol Sampel A,Sumber Air A,5
ALVIN-2026-05062,2026-09-18 08:16:52.200,583.53,9.52,1.9451,3.1739,2.5595,28.09,High Risk,Botol Sampel D,Sumber Air D,5
ALVIN-2026-05063,2026-09-18 08:16:52.400,90.92,0.45,0.3031,0.151,0.227,81.5,Low Risk,Botol Sampel A,Sumber Air A,5
ALVIN-2026-05064,2026-09-18 08:16:52.600,738.36,6.57,2.4612,2.1915,2.3263,30.06,High Risk,Botol Sampel E,Sumber Air E,5
ALVIN-2026-05065,2026-09-18 08:16:52.800,280.0,2.95,0.9333,0.9824,0.9578,51.08,Moderate Risk,Botol Sampel C,Sumber Air C,5
ALVIN-2026-05066,2026-09-18 08:16:53.000,147.52,2.21,0.4917,0.7364,0.614,61.96,Moderate Risk,Botol Sampel C,Sumber Air C,5
ALVIN-2026-05067,2026-09-18 08:16:53.200,478.88,6.29,1.5963,2.0958,1.846,35.14,High Risk,Botol Sampel E,Sumber Air E,5
ALVIN-2026-05068,2026-09-18 08:16:53.400,369.37,4.34,1.2312,1.4464,1.3388,42.76,High Risk,Botol Sampel E,Sumber Air E,5
ALVIN-2026-05069,2026-09-18 08:16:53.600,180.03,2.4,0.6001,0.8005,0.7003,58.81,Moderate Risk,Botol Sampel C,Sumber Air C,5
ALVIN-2026-05070,2026-09-18 08:16:53.800,105.11,0.46,0.3504,0.1535,0.252,79.87,Low Risk,Botol Sampel A,Sumber Air A,5
ALVIN-2026-05071,2026-09-18 08:16:54.000,887.73,6.6,2.9591,2.201,2.58,27.93,High Risk,Botol Sampel D,Sumber Air D,5
ALVIN-2026-05072,2026-09-18 08:16:54.200,255.42,1.64,0.8514,0.5475,0.6994,58.84,Moderate Risk,Botol Sampel B,Sumber Air B,5
ALVIN-2026-05073,2026-09-18 08:16:54.400,131.69,0.51,0.439,0.1694,0.3042,76.68,Low Risk,Botol Sampel A,Sumber Air A,5
ALVIN-2026-05074,2026-09-18 08:16:54.600,103.57,0.35,0.3452,0.1159,0.2306,81.26,Low Risk,Botol Sampel A,Sumber Air A,5
ALVIN-2026-05075,2026-09-18 08:16:54.800,429.58,8.69,1.4319,2.8952,2.1636,31.61,High Risk,Botol Sampel D,Sumber Air D,5
ALVIN-2026-05076,2026-09-18 08:16:55.000,593.8,6.09,1.9793,2.0311,2.0052,33.28,High Risk,Botol Sampel E,Sumber Air E,5
ALVIN-2026-05077,2026-09-18 08:16:55.200,162.95,2.33,0.5432,0.7766,0.6599,60.24,Moderate Risk,Botol Sampel B,Sumber Air B,5
ALVIN-2026-05078,2026-09-18 08:16:55.400,235.64,1.43,0.7855,0.4782,0.6318,61.28,Moderate Risk,Botol Sampel B,Sumber Air B,5
ALVIN-2026-05079,2026-09-18 08:16:55.600,299.49,2.52,0.9983,0.8403,0.9193,52.1,Moderate Risk,Botol Sampel B,Sumber Air B,5
ALVIN-2026-05080,2026-09-18 08:16:55.800,174.27,2.85,0.5809,0.9486,0.7648,56.66,Moderate Risk,Botol Sampel C,Sumber Air C,5
ALVIN-2026-05081,2026-09-18 08:16:56.000,733.61,7.36,2.4454,2.4527,2.449,28.99,High Risk,Botol Sampel E,Sumber Air E,5
ALVIN-2026-05082,2026-09-18 08:16:56.200,215.96,2.07,0.7199,0.6914,0.7056,58.63,Moderate Risk,Botol Sampel B,Sumber Air B,5
ALVIN-2026-05083,2026-09-18 08:16:56.400,309.49,4.85,1.0316,1.6168,1.3242,43.03,High Risk,Botol Sampel D,Sumber Air D,5
ALVIN-2026-05084,2026-09-18 08:16:56.600,188.22,1.96,0.6274,0.6531,0.6402,60.97,Moderate Risk,Botol Sampel C,Sumber Air C,5
ALVIN-2026-05085,2026-09-18 08:16:56.800,354.76,5.3,1.1825,1.7657,1.4741,40.42,High Risk,Botol Sampel D,Sumber Air D,5
ALVIN-2026-05086,2026-09-18 08:16:57.000,361.25,3.6,1.2042,1.1989,1.2016,45.42,High Risk,Botol Sampel D,Sumber Air D,5
ALVIN-2026-05087,2026-09-18 08:16:57.200,301.83,3.96,1.0061,1.321,1.1635,46.22,High Risk,Botol Sampel D,Sumber Air D,5
ALVIN-2026-05088,2026-09-18 08:16:57.400,372.61,3.42,1.242,1.1388,1.1904,45.65,High Risk,Botol Sampel E,Sumber Air E,5
ALVIN-2026-05089,2026-09-18 08:16:57.600,884.73,5.6,2.9491,1.8676,2.4084,29.34,High Risk,Botol Sampel E,Sumber Air E,5
ALVIN-2026-05090,2026-09-18 08:16:57.800,913.83,4.64,3.0461,1.5451,2.2956,30.34,High Risk,Botol Sampel D,Sumber Air D,5
ALVIN-2026-05091,2026-09-18 08:16:58.000,140.0,1.86,0.4667,0.6187,0.5427,64.82,Moderate Risk,Botol Sampel B,Sumber Air B,5
ALVIN-2026-05092,2026-09-18 08:16:58.200,280.0,3.9,0.9333,1.2983,1.1158,47.26,High Risk,Botol Sampel E,Sumber Air E,5
ALVIN-2026-05093,2026-09-18 08:16:58.400,82.63,0.66,0.2754,0.2194,0.2474,80.17,Low Risk,Botol Sampel A,Sumber Air A,5
ALVIN-2026-05094,2026-09-18 08:16:58.600,432.92,3.7,1.4431,1.2329,1.338,42.77,High Risk,Botol Sampel D,Sumber Air D,5
ALVIN-2026-05095,2026-09-18 08:16:58.800,208.68,1.62,0.6956,0.5387,0.6172,61.84,Moderate Risk,Botol Sampel C,Sumber Air C,5
ALVIN-2026-05096,2026-09-18 08:16:59.000,621.43,5.29,2.0714,1.7624,1.9169,34.28,High Risk,Botol Sampel D,Sumber Air D,5
ALVIN-2026-05097,2026-09-18 08:16:59.200,110.87,0.46,0.3696,0.1531,0.2613,79.28,Low Risk,Botol Sampel A,Sumber Air A,5
ALVIN-2026-05098,2026-09-18 08:16:59.400,226.53,1.69,0.7551,0.5634,0.6592,60.27,Moderate Risk,Botol Sampel B,Sumber Air B,5
ALVIN-2026-05099,2026-09-18 08:16:59.600,728.82,8.12,2.4294,2.7065,2.5679,28.03,High Risk,Botol Sampel E,Sumber Air E,5
ALVIN-2026-05100,2026-09-18 08:16:59.800,117.05,0.58,0.3902,0.1945,0.2924,77.38,Moderate Risk,Botol Sampel C,Sumber Air C,5
ALVIN-2026-05101,2026-09-18 08:17:00.000,79.89,0.2,0.2663,0.0674,0.1668,85.7,Low Risk,Botol Sampel A,Sumber Air A,5
ALVIN-2026-05102,2026-09-18 08:17:00.200,266.62,2.29,0.8887,0.765,0.8268,54.74,Moderate Risk,Botol Sampel C,Sumber Air C,5
ALVIN-2026-05103,2026-09-18 08:17:00.400,203.67,1.99,0.6789,0.6639,0.6714,59.83,Moderate Risk,Botol Sampel B,Sumber Air B,5
ALVIN-2026-05104,2026-09-18 08:17:00.600,762.28,5.11,2.5409,1.7029,2.1219,32.03,High Risk,Botol Sampel D,Sumber Air D,5
ALVIN-2026-05105,2026-09-18 08:17:00.800,113.54,0.73,0.3785,0.2447,0.3116,76.24,Low Risk,Botol Sampel A,Sumber Air A,5
ALVIN-2026-05106,2026-09-18 08:17:01.000,228.64,2.26,0.7621,0.7519,0.757,56.92,Moderate Risk,Botol Sampel C,Sumber Air C,5
ALVIN-2026-05107,2026-09-18 08:17:01.200,113.83,0.75,0.3794,0.2498,0.3146,76.07,Low Risk,Botol Sampel A,Sumber Air A,5
ALVIN-2026-05108,2026-09-18 08:17:01.400,256.66,1.92,0.8555,0.6392,0.7474,57.23,Moderate Risk,Botol Sampel C,Sumber Air C,5
ALVIN-2026-05109,2026-09-18 08:17:01.600,226.53,2.18,0.7551,0.7277,0.7414,57.43,Moderate Risk,Botol Sampel B,Sumber Air B,5
ALVIN-2026-05110,2026-09-18 08:17:01.800,72.49,0.15,0.2416,0.0514,0.1465,87.22,Low Risk,Botol Sampel A,Sumber Air A,5
ALVIN-2026-05111,2026-09-18 08:17:02.000,458.28,8.02,1.5276,2.6725,2.1,32.26,High Risk,Botol Sampel D,Sumber Air D,5
ALVIN-2026-05112,2026-09-18 08:17:02.200,368.56,3.1,1.2285,1.0345,1.1315,46.92,High Risk,Botol Sampel E,Sumber Air E,5
ALVIN-2026-05113,2026-09-18 08:17:02.400,148.56,2.06,0.4952,0.6857,0.5904,62.88,Moderate Risk,Botol Sampel B,Sumber Air B,5
ALVIN-2026-05114,2026-09-18 08:17:02.600,708.96,5.84,2.3632,1.9458,2.1545,31.7,High Risk,Botol Sampel D,Sumber Air D,5
ALVIN-2026-05115,2026-09-18 08:17:02.800,174.39,2.22,0.5813,0.7395,0.6604,60.23,Moderate Risk,Botol Sampel B,Sumber Air B,5
ALVIN-2026-05116,2026-09-18 08:17:03.000,214.35,2.52,0.7145,0.8407,0.7776,56.26,Moderate Risk,Botol Sampel B,Sumber Air B,5
ALVIN-2026-05117,2026-09-18 08:17:03.200,388.3,3.41,1.2943,1.1362,1.2153,45.14,High Risk,Botol Sampel D,Sumber Air D,5
ALVIN-2026-05118,2026-09-18 08:17:03.400,595.22,7.78,1.9841,2.5918,2.288,30.41,High Risk,Botol Sampel E,Sumber Air E,5
ALVIN-2026-05119,2026-09-18 08:17:03.600,324.11,2.64,1.0804,0.8798,0.9801,50.5,High Risk,Botol Sampel D,Sumber Air D,5
ALVIN-2026-05120,2026-09-18 08:17:03.800,280.0,4.51,0.9333,1.5025,1.2179,45.09,High Risk,Botol Sampel D,Sumber Air D,5
ALVIN-2026-05121,2026-09-18 08:17:04.000,178.67,1.73,0.5956,0.5751,0.5854,63.08,Moderate Risk,Botol Sampel B,Sumber Air B,5
ALVIN-2026-05122,2026-09-18 08:17:04.200,280.0,3.5,0.9333,1.1661,1.0497,48.79,High Risk,Botol Sampel D,Sumber Air D,5
ALVIN-2026-05123,2026-09-18 08:17:04.400,936.64,4.5,3.1221,1.5,2.311,30.2,High Risk,Botol Sampel E,Sumber Air E,5
ALVIN-2026-05124,2026-09-18 08:17:04.600,218.87,1.86,0.7296,0.6201,0.6748,59.71,Moderate Risk,Botol Sampel C,Sumber Air C,5
ALVIN-2026-05125,2026-09-18 08:17:04.800,233.78,1.95,0.7793,0.6488,0.7141,58.34,Moderate Risk,Botol Sampel C,Sumber Air C,5
ALVIN-2026-05126,2026-09-18 08:17:05.000,116.04,0.63,0.3868,0.2097,0.2982,77.03,Moderate Risk,Botol Sampel C,Sumber Air C,5
ALVIN-2026-05127,2026-09-18 08:17:05.200,661.27,11.4,2.2042,3.7994,3.0018,24.99,High Risk,Botol Sampel E,Sumber Air E,5
ALVIN-2026-05128,2026-09-18 08:17:05.400,363.86,3.61,1.2129,1.2041,1.2085,45.28,High Risk,Botol Sampel D,Sumber Air D,5
ALVIN-2026-05129,2026-09-18 08:17:05.600,141.8,0.4,0.4727,0.134,0.3034,76.72,Low Risk,Botol Sampel A,Sumber Air A,5
ALVIN-2026-05130,2026-09-18 08:17:05.800,353.8,4.69,1.1793,1.5633,1.3713,42.17,High Risk,Botol Sampel D,Sumber Air D,5
ALVIN-2026-05131,2026-09-18 08:17:06.000,305.27,3.45,1.0176,1.15,1.0838,47.99,High Risk,Botol Sampel D,Sumber Air D,5
ALVIN-2026-05132,2026-09-18 08:17:06.200,663.48,8.12,2.2116,2.7065,2.459,28.91,High Risk,Botol Sampel D,Sumber Air D,5
ALVIN-2026-05133,2026-09-18 08:17:06.400,280.0,5.03,0.9333,1.6762,1.3047,43.39,High Risk,Botol Sampel E,Sumber Air E,5
ALVIN-2026-05134,2026-09-18 08:17:06.600,58.64,0.25,0.1955,0.0833,0.1394,87.77,Low Risk,Botol Sampel A,Sumber Air A,5
ALVIN-2026-05135,2026-09-18 08:17:06.800,145.84,1.62,0.4861,0.5391,0.5126,66.11,Moderate Risk,Botol Sampel C,Sumber Air C,5
ALVIN-2026-05136,2026-09-18 08:17:07.000,182.45,1.0,0.6082,0.3333,0.4708,67.99,Moderate Risk,Botol Sampel C,Sumber Air C,5
ALVIN-2026-05137,2026-09-18 08:17:07.200,755.88,9.21,2.5196,3.0693,2.7945,26.35,High Risk,Botol Sampel E,Sumber Air E,5
ALVIN-2026-05138,2026-09-18 08:17:07.400,297.42,2.97,0.9914,0.9889,0.9902,50.25,Moderate Risk,Botol Sampel B,Sumber Air B,5
ALVIN-2026-05139,2026-09-18 08:17:07.600,183.15,1.12,0.6105,0.3744,0.4925,67.0,Moderate Risk,Botol Sampel B,Sumber Air B,5
ALVIN-2026-05140,2026-09-18 08:17:07.800,78.28,0.43,0.2609,0.1419,0.2014,83.24,Low Risk,Botol Sampel A,Sumber Air A,5
ALVIN-2026-05141,2026-09-18 08:17:08.000,178.01,1.75,0.5934,0.5837,0.5886,62.95,Moderate Risk,Botol Sampel C,Sumber Air C,5
ALVIN-2026-05142,2026-09-18 08:17:08.200,660.54,7.24,2.2018,2.4132,2.3075,30.23,High Risk,Botol Sampel E,Sumber Air E,5
ALVIN-2026-05143,2026-09-18 08:17:08.400,211.99,1.89,0.7066,0.6291,0.6679,59.96,Moderate Risk,Botol Sampel B,Sumber Air B,5
ALVIN-2026-05144,2026-09-18 08:17:08.600,244.28,1.84,0.8143,0.6127,0.7135,58.36,Moderate Risk,Botol Sampel C,Sumber Air C,5
ALVIN-2026-05145,2026-09-18 08:17:08.800,727.43,7.29,2.4248,2.4293,2.427,29.18,High Risk,Botol Sampel D,Sumber Air D,5
ALVIN-2026-05146,2026-09-18 08:17:09.000,76.11,0.91,0.2537,0.3029,0.2783,78.23,Low Risk,Botol Sampel A,Sumber Air A,5
ALVIN-2026-05147,2026-09-18 08:17:09.200,651.49,10.39,2.1716,3.4618,2.8167,26.2,High Risk,Botol Sampel E,Sumber Air E,5
ALVIN-2026-05148,2026-09-18 08:17:09.400,65.67,0.76,0.2189,0.2546,0.2368,80.85,Low Risk,Botol Sampel A,Sumber Air A,5
ALVIN-2026-05149,2026-09-18 08:17:09.600,116.92,0.75,0.3897,0.2513,0.3205,75.73,Low Risk,Botol Sampel A,Sumber Air A,5
ALVIN-2026-05150,2026-09-18 08:17:09.800,620.75,6.36,2.0692,2.121,2.0951,32.31,High Risk,Botol Sampel D,Sumber Air D,5
ALVIN-2026-05151,2026-09-18 08:17:10.000,225.94,1.68,0.7531,0.5616,0.6574,60.34,Moderate Risk,Botol Sampel B,Sumber Air B,5
ALVIN-2026-05152,2026-09-18 08:17:10.200,87.3,0.77,0.291,0.2552,0.2731,78.55,Low Risk,Botol Sampel A,Sumber Air A,5
ALVIN-2026-05153,2026-09-18 08:17:10.400,126.2,0.26,0.4207,0.0854,0.253,79.81,Low Risk,Botol Sampel A,Sumber Air A,5
ALVIN-2026-05154,2026-09-18 08:17:10.600,200.71,1.51,0.669,0.5046,0.5868,63.02,Moderate Risk,Botol Sampel C,Sumber Air C,5
ALVIN-2026-05155,2026-09-18 08:17:10.800,72.74,0.68,0.2425,0.227,0.2348,80.98,Low Risk,Botol Sampel A,Sumber Air A,5
ALVIN-2026-05156,2026-09-18 08:17:11.000,66.11,0.75,0.2204,0.2488,0.2346,81.0,Low Risk,Botol Sampel A,Sumber Air A,5
ALVIN-2026-05157,2026-09-18 08:17:11.200,181.34,1.59,0.6045,0.5289,0.5667,63.83,Moderate Risk,Botol Sampel C,Sumber Air C,5
ALVIN-2026-05158,2026-09-18 08:17:11.400,280.0,4.02,0.9333,1.3399,1.1366,46.8,High Risk,Botol Sampel D,Sumber Air D,5
ALVIN-2026-05159,2026-09-18 08:17:11.600,593.51,4.88,1.9784,1.6263,1.8024,35.68,High Risk,Botol Sampel E,Sumber Air E,5
ALVIN-2026-05160,2026-09-18 08:17:11.800,809.28,4.77,2.6976,1.5893,2.1434,31.81,High Risk,Botol Sampel E,Sumber Air E,5
ALVIN-2026-05161,2026-09-18 08:17:12.000,332.75,3.08,1.1092,1.0264,1.0678,48.36,High Risk,Botol Sampel E,Sumber Air E,5
ALVIN-2026-05162,2026-09-18 08:17:12.200,714.25,11.12,2.3808,3.7076,3.0442,24.73,High Risk,Botol Sampel E,Sumber Air E,5
ALVIN-2026-05163,2026-09-18 08:17:12.400,554.05,4.5,1.8468,1.5,1.6734,37.41,High Risk,Botol Sampel E,Sumber Air E,5
ALVIN-2026-05164,2026-09-18 08:17:12.600,120.18,0.49,0.4006,0.1635,0.2821,78.0,Low Risk,Botol Sampel A,Sumber Air A,5
ALVIN-2026-05165,2026-09-18 08:17:12.800,302.8,4.18,1.0093,1.3934,1.2014,45.43,High Risk,Botol Sampel D,Sumber Air D,5
ALVIN-2026-05166,2026-09-18 08:17:13.000,346.16,3.74,1.1539,1.2464,1.2001,45.45,High Risk,Botol Sampel E,Sumber Air E,5
ALVIN-2026-05167,2026-09-18 08:17:13.200,56.95,0.61,0.1898,0.2046,0.1972,83.53,Low Risk,Botol Sampel A,Sumber Air A,5
ALVIN-2026-05168,2026-09-18 08:17:13.400,767.19,8.21,2.5573,2.7368,2.647,27.42,High Risk,Botol Sampel E,Sumber Air E,5
ALVIN-2026-05169,2026-09-18 08:17:13.600,190.97,2.41,0.6366,0.8018,0.7192,58.17,Moderate Risk,Botol Sampel C,Sumber Air C,5
ALVIN-2026-05170,2026-09-18 08:17:13.800,296.37,4.05,0.9879,1.3488,1.1684,46.12,High Risk,Botol Sampel D,Sumber Air D,5
ALVIN-2026-05171,2026-09-18 08:17:14.000,339.49,2.73,1.1316,0.9092,1.0204,49.5,High Risk,Botol Sampel E,Sumber Air E,5
ALVIN-2026-05172,2026-09-18 08:17:14.200,91.84,0.94,0.3061,0.3122,0.3092,76.38,Low Risk,Botol Sampel A,Sumber Air A,5
ALVIN-2026-05173,2026-09-18 08:17:14.400,79.8,0.63,0.266,0.2102,0.2381,80.77,Low Risk,Botol Sampel A,Sumber Air A,5
ALVIN-2026-05174,2026-09-18 08:17:14.600,68.49,0.92,0.2283,0.307,0.2676,78.89,Low Risk,Botol Sampel A,Sumber Air A,5
ALVIN-2026-05175,2026-09-18 08:17:14.800,303.24,3.86,1.0108,1.287,1.1489,46.54,High Risk,Botol Sampel D,Sumber Air D,5
ALVIN-2026-05176,2026-09-18 08:17:15.000,293.64,2.92,0.9788,0.9743,0.9766,50.59,Moderate Risk,Botol Sampel C,Sumber Air C,5
ALVIN-2026-05177,2026-09-18 08:17:15.200,193.93,1.37,0.6464,0.4583,0.5524,64.42,Moderate Risk,Botol Sampel B,Sumber Air B,5
ALVIN-2026-05178,2026-09-18 08:17:15.400,92.82,0.2,0.3094,0.0659,0.1876,84.2,Low Risk,Botol Sampel A,Sumber Air A,5
ALVIN-2026-05179,2026-09-18 08:17:15.600,417.92,3.48,1.3931,1.1605,1.2768,43.92,High Risk,Botol Sampel E,Sumber Air E,5
ALVIN-2026-05180,2026-09-18 08:17:15.800,90.82,0.1,0.3027,0.0333,0.168,85.62,Low Risk,Botol Sampel A,Sumber Air A,5
ALVIN-2026-05181,2026-09-18 08:17:16.000,817.57,8.46,2.7252,2.8216,2.7734,26.5,High Risk,Botol Sampel D,Sumber Air D,5
ALVIN-2026-05182,2026-09-18 08:17:16.200,347.74,2.2,1.1591,0.7333,0.9462,51.38,High Risk,Botol Sampel D,Sumber Air D,5
ALVIN-2026-05183,2026-09-18 08:17:16.400,116.81,1.0,0.3894,0.335,0.3622,73.41,Moderate Risk,Botol Sampel C,Sumber Air C,5
ALVIN-2026-05184,2026-09-18 08:17:16.600,243.06,1.75,0.8102,0.5843,0.6972,58.92,Moderate Risk,Botol Sampel C,Sumber Air C,5
ALVIN-2026-05185,2026-09-18 08:17:16.800,373.79,4.61,1.246,1.5363,1.3912,41.82,High Risk,Botol Sampel E,Sumber Air E,5
ALVIN-2026-05186,2026-09-18 08:17:17.000,793.97,5.69,2.6466,1.8965,2.2716,30.57,High Risk,Botol Sampel D,Sumber Air D,5
ALVIN-2026-05187,2026-09-18 08:17:17.200,78.26,0.16,0.2609,0.0524,0.1567,86.45,Low Risk,Botol Sampel A,Sumber Air A,5
ALVIN-2026-05188,2026-09-18 08:17:17.400,135.15,0.61,0.4505,0.2017,0.3261,75.41,Low Risk,Botol Sampel A,Sumber Air A,5
ALVIN-2026-05189,2026-09-18 08:17:17.600,733.53,8.75,2.4451,2.9167,2.6809,27.17,High Risk,Botol Sampel E,Sumber Air E,5
ALVIN-2026-05190,2026-09-18 08:17:17.800,213.96,2.32,0.7132,0.7719,0.7426,57.39,Moderate Risk,Botol Sampel B,Sumber Air B,5
ALVIN-2026-05191,2026-09-18 08:17:18.000,92.47,0.96,0.3082,0.3185,0.3134,76.14,Low Risk,Botol Sampel A,Sumber Air A,5
ALVIN-2026-05192,2026-09-18 08:17:18.200,85.83,0.44,0.2861,0.145,0.2156,82.26,Low Risk,Botol Sampel A,Sumber Air A,5
ALVIN-2026-05193,2026-09-18 08:17:18.400,373.34,4.62,1.2445,1.5389,1.3917,41.81,High Risk,Botol Sampel E,Sumber Air E,5
ALVIN-2026-05194,2026-09-18 08:17:18.600,130.78,1.02,0.4359,0.3406,0.3882,72.04,Low Risk,Botol Sampel A,Sumber Air A,5
ALVIN-2026-05195,2026-09-18 08:17:18.800,823.72,6.1,2.7457,2.0335,2.3896,29.5,High Risk,Botol Sampel D,Sumber Air D,5
ALVIN-2026-05196,2026-09-18 08:17:19.000,170.89,2.73,0.5696,0.9094,0.7395,57.49,Moderate Risk,Botol Sampel C,Sumber Air C,5
ALVIN-2026-05197,2026-09-18 08:17:19.200,354.12,5.02,1.1804,1.6717,1.426,41.22,High Risk,Botol Sampel E,Sumber Air E,5
ALVIN-2026-05198,2026-09-18 08:17:19.400,182.37,1.33,0.6079,0.4444,0.5262,65.52,Moderate Risk,Botol Sampel B,Sumber Air B,5
ALVIN-2026-05199,2026-09-18 08:17:19.600,312.29,5.28,1.041,1.7599,1.4004,41.66,High Risk,Botol Sampel D,Sumber Air D,5
ALVIN-2026-05200,2026-09-18 08:17:19.800,834.28,8.6,2.7809,2.8664,2.8236,26.15,High Risk,Botol Sampel E,Sumber Air E,5
ALVIN-2026-05201,2026-09-18 08:17:20.000,410.99,2.35,1.37,0.784,1.077,48.15,High Risk,Botol Sampel E,Sumber Air E,5
ALVIN-2026-05202,2026-09-18 08:17:20.200,191.27,1.65,0.6376,0.5509,0.5942,62.73,Moderate Risk,Botol Sampel C,Sumber Air C,5
ALVIN-2026-05203,2026-09-18 08:17:20.400,528.76,8.77,1.7625,2.9248,2.3436,29.91,High Risk,Botol Sampel D,Sumber Air D,5
ALVIN-2026-05204,2026-09-18 08:17:20.600,140.0,1.47,0.4667,0.4902,0.4784,67.64,Low Risk,Botol Sampel A,Sumber Air A,5
ALVIN-2026-05205,2026-09-18 08:17:20.800,200.04,2.47,0.6668,0.8239,0.7454,57.29,Moderate Risk,Botol Sampel C,Sumber Air C,5
ALVIN-2026-05206,2026-09-18 08:17:21.000,72.05,0.54,0.2402,0.1816,0.2109,82.58,Low Risk,Botol Sampel A,Sumber Air A,5
ALVIN-2026-05207,2026-09-18 08:17:21.200,181.81,1.26,0.606,0.419,0.5125,66.12,Moderate Risk,Botol Sampel B,Sumber Air B,5
ALVIN-2026-05208,2026-09-18 08:17:21.400,182.58,1.29,0.6086,0.4295,0.519,65.83,Moderate Risk,Botol Sampel B,Sumber Air B,5
ALVIN-2026-05209,2026-09-18 08:17:21.600,74.18,0.51,0.2473,0.1713,0.2093,82.69,Moderate Risk,Botol Sampel C,Sumber Air C,5
ALVIN-2026-05210,2026-09-18 08:17:21.800,349.39,2.77,1.1646,0.9218,1.0432,48.94,High Risk,Botol Sampel D,Sumber Air D,5
ALVIN-2026-05211,2026-09-18 08:17:22.000,193.14,1.4,0.6438,0.4665,0.5552,64.3,Moderate Risk,Botol Sampel B,Sumber Air B,5
ALVIN-2026-05212,2026-09-18 08:17:22.200,87.41,0.69,0.2914,0.2315,0.2614,79.28,Low Risk,Botol Sampel A,Sumber Air A,5
ALVIN-2026-05213,2026-09-18 08:17:22.400,190.85,1.72,0.6362,0.5744,0.6053,62.29,Moderate Risk,Botol Sampel B,Sumber Air B,5
ALVIN-2026-05214,2026-09-18 08:17:22.600,137.6,0.33,0.4587,0.1097,0.2842,77.87,Low Risk,Botol Sampel A,Sumber Air A,5
ALVIN-2026-05215,2026-09-18 08:17:22.800,580.44,9.06,1.9348,3.0184,2.4766,28.76,High Risk,Botol Sampel E,Sumber Air E,5
ALVIN-2026-05216,2026-09-18 08:17:23.000,94.44,0.37,0.3148,0.1249,0.2198,81.98,Low Risk,Botol Sampel A,Sumber Air A,5
ALVIN-2026-05217,2026-09-18 08:17:23.200,198.94,2.13,0.6631,0.7085,0.6858,59.32,Moderate Risk,Botol Sampel B,Sumber Air B,5
ALVIN-2026-05218,2026-09-18 08:17:23.400,740.63,6.21,2.4688,2.0697,2.2692,30.59,High Risk,Botol Sampel D,Sumber Air D,5
ALVIN-2026-05219,2026-09-18 08:17:23.600,92.01,0.15,0.3067,0.0499,0.1783,84.87,Low Risk,Botol Sampel A,Sumber Air A,5
ALVIN-2026-05220,2026-09-18 08:17:23.800,343.42,2.74,1.1447,0.9119,1.0283,49.3,High Risk,Botol Sampel D,Sumber Air D,5
ALVIN-2026-05221,2026-09-18 08:17:24.000,238.63,1.92,0.7954,0.6388,0.7171,58.24,Moderate Risk,Botol Sampel B,Sumber Air B,5
ALVIN-2026-05222,2026-09-18 08:17:24.200,637.92,10.1,2.1264,3.366,2.7462,26.69,High Risk,Botol Sampel E,Sumber Air E,5
ALVIN-2026-05223,2026-09-18 08:17:24.400,94.02,0.63,0.3134,0.2116,0.2625,79.21,Moderate Risk,Botol Sampel B,Sumber Air B,5
ALVIN-2026-05224,2026-09-18 08:17:24.600,801.19,4.5,2.6706,1.5,2.0853,32.41,High Risk,Botol Sampel D,Sumber Air D,5
ALVIN-2026-05225,2026-09-18 08:17:24.800,521.5,9.87,1.7383,3.2895,2.5139,28.46,High Risk,Botol Sampel D,Sumber Air D,5
ALVIN-2026-05226,2026-09-18 08:17:25.000,196.82,1.65,0.6561,0.5513,0.6037,62.36,Moderate Risk,Botol Sampel B,Sumber Air B,5
ALVIN-2026-05227,2026-09-18 08:17:25.200,195.85,1.49,0.6528,0.4973,0.5751,63.49,Moderate Risk,Botol Sampel C,Sumber Air C,5
ALVIN-2026-05228,2026-09-18 08:17:25.400,187.7,1.52,0.6257,0.5054,0.5656,63.87,Moderate Risk,Botol Sampel B,Sumber Air B,5
ALVIN-2026-05229,2026-09-18 08:17:25.600,169.42,1.0,0.5647,0.3333,0.449,69.01,Moderate Risk,Botol Sampel B,Sumber Air B,5
ALVIN-2026-05230,2026-09-18 08:17:25.800,60.36,1.4,0.2012,0.4667,0.3339,74.97,Low Risk,Botol Sampel A,Sumber Air A,5
ALVIN-2026-05231,2026-09-18 08:17:26.000,291.49,3.26,0.9716,1.0867,1.0292,49.28,High Risk,Botol Sampel E,Sumber Air E,5
ALVIN-2026-05232,2026-09-18 08:17:26.200,235.77,1.9,0.7859,0.6323,0.7091,58.51,Moderate Risk,Botol Sampel C,Sumber Air C,5
ALVIN-2026-05233,2026-09-18 08:17:26.400,425.34,4.02,1.4178,1.3411,1.3794,42.03,High Risk,Botol Sampel E,Sumber Air E,5
ALVIN-2026-05234,2026-09-18 08:17:26.600,81.29,0.94,0.271,0.3144,0.2927,77.36,Low Risk,Botol Sampel A,Sumber Air A,5
ALVIN-2026-05235,2026-09-18 08:17:26.800,355.03,3.83,1.1834,1.2774,1.2304,44.84,High Risk,Botol Sampel E,Sumber Air E,5
ALVIN-2026-05236,2026-09-18 08:17:27.000,61.22,0.33,0.2041,0.1101,0.1571,86.42,Low Risk,Botol Sampel A,Sumber Air A,5
ALVIN-2026-05237,2026-09-18 08:17:27.200,357.02,2.95,1.1901,0.984,1.087,47.92,High Risk,Botol Sampel E,Sumber Air E,5
ALVIN-2026-05238,2026-09-18 08:17:27.400,280.0,4.34,0.9333,1.4458,1.1896,45.67,High Risk,Botol Sampel E,Sumber Air E,5
ALVIN-2026-05239,2026-09-18 08:17:27.600,114.03,1.11,0.3801,0.3691,0.3746,72.75,Low Risk,Botol Sampel A,Sumber Air A,5
ALVIN-2026-05240,2026-09-18 08:17:27.800,123.21,0.64,0.4107,0.2138,0.3123,76.2,Low Risk,Botol Sampel A,Sumber Air A,5
ALVIN-2026-05241,2026-09-18 08:17:28.000,321.7,4.82,1.0723,1.6073,1.3398,42.74,High Risk,Botol Sampel D,Sumber Air D,5
ALVIN-2026-05242,2026-09-18 08:17:28.200,134.23,0.37,0.4474,0.1219,0.2846,77.85,Moderate Risk,Botol Sampel C,Sumber Air C,5
ALVIN-2026-05243,2026-09-18 08:17:28.400,392.49,5.5,1.3083,1.8333,1.5708,38.9,High Risk,Botol Sampel E,Sumber Air E,5
ALVIN-2026-05244,2026-09-18 08:17:28.600,325.62,4.1,1.0854,1.3681,1.2268,44.91,High Risk,Botol Sampel D,Sumber Air D,5
ALVIN-2026-05245,2026-09-18 08:17:28.800,94.43,0.32,0.3148,0.1073,0.211,82.58,Moderate Risk,Botol Sampel B,Sumber Air B,5
ALVIN-2026-05246,2026-09-18 08:17:29.000,346.88,3.4,1.1563,1.133,1.1446,46.63,High Risk,Botol Sampel D,Sumber Air D,5
ALVIN-2026-05247,2026-09-18 08:17:29.200,290.0,2.44,0.9667,0.8138,0.8902,52.9,Moderate Risk,Botol Sampel C,Sumber Air C,5
ALVIN-2026-05248,2026-09-18 08:17:29.400,181.8,2.29,0.606,0.7617,0.6839,59.39,Moderate Risk,Botol Sampel C,Sumber Air C,5
ALVIN-2026-05249,2026-09-18 08:17:29.600,351.73,2.91,1.1724,0.9702,1.0713,48.28,High Risk,Botol Sampel D,Sumber Air D,5
ALVIN-2026-05250,2026-09-18 08:17:29.800,700.72,4.91,2.3357,1.6369,1.9863,33.49,High Risk,Botol Sampel E,Sumber Air E,5
ALVIN-2026-05251,2026-09-18 08:17:30.000,620.81,8.43,2.0694,2.8115,2.4405,29.07,High Risk,Botol Sampel E,Sumber Air E,5
ALVIN-2026-05252,2026-09-18 08:17:30.200,216.85,1.01,0.7228,0.3381,0.5304,65.34,Moderate Risk,Botol Sampel B,Sumber Air B,5
ALVIN-2026-05253,2026-09-18 08:17:30.400,400.0,5.39,1.3333,1.798,1.5656,38.98,High Risk,Botol Sampel E,Sumber Air E,5
ALVIN-2026-05254,2026-09-18 08:17:30.600,68.63,0.87,0.2288,0.2893,0.259,79.43,Low Risk,Botol Sampel A,Sumber Air A,5
ALVIN-2026-05255,2026-09-18 08:17:30.800,280.0,2.98,0.9333,0.9931,0.9632,50.94,Moderate Risk,Botol Sampel B,Sumber Air B,5
ALVIN-2026-05256,2026-09-18 08:17:31.000,701.53,8.25,2.3384,2.7497,2.544,28.22,High Risk,Botol Sampel E,Sumber Air E,5
ALVIN-2026-05257,2026-09-18 08:17:31.200,219.58,1.39,0.7319,0.4618,0.5968,62.63,Moderate Risk,Botol Sampel C,Sumber Air C,5
ALVIN-2026-05258,2026-09-18 08:17:31.400,189.27,1.72,0.6309,0.573,0.602,62.42,Moderate Risk,Botol Sampel B,Sumber Air B,5
ALVIN-2026-05259,2026-09-18 08:17:31.600,186.6,1.62,0.622,0.5387,0.5803,63.28,Moderate Risk,Botol Sampel B,Sumber Air B,5
ALVIN-2026-05260,2026-09-18 08:17:31.800,96.16,0.27,0.3205,0.089,0.2047,83.01,Moderate Risk,Botol Sampel B,Sumber Air B,5
ALVIN-2026-05261,2026-09-18 08:17:32.000,194.07,1.78,0.6469,0.5939,0.6204,61.71,Moderate Risk,Botol Sampel C,Sumber Air C,5
ALVIN-2026-05262,2026-09-18 08:17:32.200,929.26,6.26,3.0975,2.0863,2.5919,27.84,High Risk,Botol Sampel D,Sumber Air D,5
ALVIN-2026-05263,2026-09-18 08:17:32.400,364.92,4.42,1.2164,1.4729,1.3447,42.65,High Risk,Botol Sampel E,Sumber Air E,5
ALVIN-2026-05264,2026-09-18 08:17:32.600,651.71,10.5,2.1724,3.4991,2.8358,26.07,High Risk,Botol Sampel E,Sumber Air E,5
ALVIN-2026-05265,2026-09-18 08:17:32.800,331.57,2.68,1.1052,0.8946,0.9999,50.0,High Risk,Botol Sampel E,Sumber Air E,5
ALVIN-2026-05266,2026-09-18 08:17:33.000,444.44,8.91,1.4815,2.9694,2.2254,31.0,High Risk,Botol Sampel D,Sumber Air D,5
ALVIN-2026-05267,2026-09-18 08:17:33.200,774.13,4.67,2.5804,1.5554,2.0679,32.6,High Risk,Botol Sampel E,Sumber Air E,5
ALVIN-2026-05268,2026-09-18 08:17:33.400,723.5,7.63,2.4117,2.543,2.4774,28.76,High Risk,Botol Sampel D,Sumber Air D,5
ALVIN-2026-05269,2026-09-18 08:17:33.600,763.63,5.85,2.5454,1.9498,2.2476,30.79,High Risk,Botol Sampel E,Sumber Air E,5
ALVIN-2026-05270,2026-09-18 08:17:33.800,112.45,0.22,0.3748,0.0718,0.2233,81.75,Low Risk,Botol Sampel A,Sumber Air A,5
ALVIN-2026-05271,2026-09-18 08:17:34.000,399.75,3.74,1.3325,1.2458,1.2892,43.68,High Risk,Botol Sampel E,Sumber Air E,5
ALVIN-2026-05272,2026-09-18 08:17:34.200,152.79,1.83,0.5093,0.6103,0.5598,64.11,Moderate Risk,Botol Sampel C,Sumber Air C,5
ALVIN-2026-05273,2026-09-18 08:17:34.400,147.36,2.01,0.4912,0.6715,0.5814,63.24,Moderate Risk,Botol Sampel C,Sumber Air C,5
ALVIN-2026-05274,2026-09-18 08:17:34.600,408.64,3.94,1.3621,1.3128,1.3374,42.78,High Risk,Botol Sampel D,Sumber Air D,5
ALVIN-2026-05275,2026-09-18 08:17:34.800,243.87,1.46,0.8129,0.4872,0.65,60.61,Moderate Risk,Botol Sampel C,Sumber Air C,5
ALVIN-2026-05276,2026-09-18 08:17:35.000,547.26,5.36,1.8242,1.7881,1.8062,35.64,High Risk,Botol Sampel E,Sumber Air E,5
ALVIN-2026-05277,2026-09-18 08:17:35.200,165.06,1.16,0.5502,0.3881,0.4692,68.06,Moderate Risk,Botol Sampel B,Sumber Air B,5
ALVIN-2026-05278,2026-09-18 08:17:35.400,459.48,4.59,1.5316,1.5285,1.5301,39.52,High Risk,Botol Sampel E,Sumber Air E,5
ALVIN-2026-05279,2026-09-18 08:17:35.600,158.03,1.9,0.5268,0.6338,0.5803,63.28,Moderate Risk,Botol Sampel C,Sumber Air C,5
ALVIN-2026-05280,2026-09-18 08:17:35.800,238.25,1.96,0.7942,0.6529,0.7236,58.02,Moderate Risk,Botol Sampel C,Sumber Air C,5
ALVIN-2026-05281,2026-09-18 08:17:36.000,375.54,3.42,1.2518,1.1401,1.1959,45.54,High Risk,Botol Sampel E,Sumber Air E,5
ALVIN-2026-05282,2026-09-18 08:17:36.200,573.31,9.65,1.911,3.2165,2.5637,28.06,High Risk,Botol Sampel E,Sumber Air E,5
ALVIN-2026-05283,2026-09-18 08:17:36.400,365.15,3.28,1.2172,1.0928,1.155,46.4,High Risk,Botol Sampel E,Sumber Air E,5
ALVIN-2026-05284,2026-09-18 08:17:36.600,102.09,0.73,0.3403,0.2449,0.2926,77.36,Moderate Risk,Botol Sampel B,Sumber Air B,5
ALVIN-2026-05285,2026-09-18 08:17:36.800,133.82,0.35,0.4461,0.1164,0.2812,78.05,Low Risk,Botol Sampel A,Sumber Air A,5
ALVIN-2026-05286,2026-09-18 08:17:37.000,62.16,0.91,0.2072,0.3019,0.2546,79.71,Moderate Risk,Botol Sampel B,Sumber Air B,5
ALVIN-2026-05287,2026-09-18 08:17:37.200,774.43,5.1,2.5814,1.6997,2.1406,31.84,High Risk,Botol Sampel D,Sumber Air D,5
ALVIN-2026-05288,2026-09-18 08:17:37.400,177.79,1.7,0.5926,0.5651,0.5789,63.34,Moderate Risk,Botol Sampel B,Sumber Air B,5
ALVIN-2026-05289,2026-09-18 08:17:37.600,233.84,2.49,0.7795,0.8288,0.8041,55.43,Moderate Risk,Botol Sampel C,Sumber Air C,5
ALVIN-2026-05290,2026-09-18 08:17:37.800,596.43,5.34,1.9881,1.78,1.884,34.67,High Risk,Botol Sampel D,Sumber Air D,5
ALVIN-2026-05291,2026-09-18 08:17:38.000,232.06,1.7,0.7735,0.5654,0.6694,59.9,Moderate Risk,Botol Sampel C,Sumber Air C,5
ALVIN-2026-05292,2026-09-18 08:17:38.200,255.93,2.15,0.8531,0.7178,0.7854,56.01,Moderate Risk,Botol Sampel C,Sumber Air C,5
ALVIN-2026-05293,2026-09-18 08:17:38.400,302.37,2.52,1.0079,0.8389,0.9234,51.99,High Risk,Botol Sampel D,Sumber Air D,5
ALVIN-2026-05294,2026-09-18 08:17:38.600,211.71,1.71,0.7057,0.5698,0.6378,61.06,Moderate Risk,Botol Sampel B,Sumber Air B,5
ALVIN-2026-05295,2026-09-18 08:17:38.800,124.78,0.61,0.4159,0.2035,0.3097,76.35,Low Risk,Botol Sampel A,Sumber Air A,5
ALVIN-2026-05296,2026-09-18 08:17:39.000,123.44,0.52,0.4115,0.1734,0.2924,77.38,Low Risk,Botol Sampel A,Sumber Air A,5
ALVIN-2026-05297,2026-09-18 08:17:39.200,112.34,0.62,0.3745,0.208,0.2912,77.45,Moderate Risk,Botol Sampel B,Sumber Air B,5
ALVIN-2026-05298,2026-09-18 08:17:39.400,191.25,1.87,0.6375,0.623,0.6302,61.34,Moderate Risk,Botol Sampel C,Sumber Air C,5
ALVIN-2026-05299,2026-09-18 08:17:39.600,301.48,2.48,1.0049,0.8256,0.9152,52.21,High Risk,Botol Sampel D,Sumber Air D,5
ALVIN-2026-05300,2026-09-18 08:17:39.800,620.08,6.05,2.0669,2.0172,2.042,32.87,High Risk,Botol Sampel D,Sumber Air D,5
ALVIN-2026-05301,2026-09-18 08:17:40.000,179.91,1.19,0.5997,0.3967,0.4982,66.75,Moderate Risk,Botol Sampel C,Sumber Air C,5
ALVIN-2026-05302,2026-09-18 08:17:40.200,67.83,0.1,0.2261,0.0333,0.1297,88.52,Low Risk,Botol Sampel A,Sumber Air A,5
ALVIN-2026-05303,2026-09-18 08:17:40.400,759.45,8.18,2.5315,2.7255,2.6285,27.56,High Risk,Botol Sampel E,Sumber Air E,5
ALVIN-2026-05304,2026-09-18 08:17:40.600,471.97,5.82,1.5732,1.941,1.7571,36.27,High Risk,Botol Sampel D,Sumber Air D,5
ALVIN-2026-05305,2026-09-18 08:17:40.800,130.53,0.71,0.4351,0.2371,0.3361,74.84,Low Risk,Botol Sampel A,Sumber Air A,5
ALVIN-2026-05306,2026-09-18 08:17:41.000,190.32,2.13,0.6344,0.7113,0.6728,59.78,Moderate Risk,Botol Sampel C,Sumber Air C,5
ALVIN-2026-05307,2026-09-18 08:17:41.200,937.65,8.95,3.1255,2.9833,3.0544,24.66,High Risk,Botol Sampel E,Sumber Air E,5
ALVIN-2026-05308,2026-09-18 08:17:41.400,712.56,5.65,2.3752,1.8842,2.1297,31.95,High Risk,Botol Sampel E,Sumber Air E,5
ALVIN-2026-05309,2026-09-18 08:17:41.600,539.81,8.4,1.7994,2.7997,2.2996,30.31,High Risk,Botol Sampel E,Sumber Air E,5
ALVIN-2026-05310,2026-09-18 08:17:41.800,280.0,2.71,0.9333,0.9046,0.919,52.11,Moderate Risk,Botol Sampel B,Sumber Air B,5
ALVIN-2026-05311,2026-09-18 08:17:42.000,259.39,1.62,0.8646,0.54,0.7023,58.74,Moderate Risk,Botol Sampel C,Sumber Air C,5
ALVIN-2026-05312,2026-09-18 08:17:42.200,167.81,2.33,0.5594,0.7758,0.6676,59.97,Moderate Risk,Botol Sampel B,Sumber Air B,5
ALVIN-2026-05313,2026-09-18 08:17:42.400,163.42,1.2,0.5447,0.4006,0.4726,67.91,Moderate Risk,Botol Sampel B,Sumber Air B,5
ALVIN-2026-05314,2026-09-18 08:17:42.600,131.17,0.81,0.4372,0.2703,0.3538,73.87,Low Risk,Botol Sampel A,Sumber Air A,5
ALVIN-2026-05315,2026-09-18 08:17:42.800,440.56,3.2,1.4685,1.0651,1.2668,44.12,High Risk,Botol Sampel D,Sumber Air D,5
ALVIN-2026-05316,2026-09-18 08:17:43.000,417.53,3.99,1.3918,1.3308,1.3613,42.35,High Risk,Botol Sampel D,Sumber Air D,5
ALVIN-2026-05317,2026-09-18 08:17:43.200,280.0,3.45,0.9333,1.1493,1.0413,48.99,High Risk,Botol Sampel E,Sumber Air E,5
ALVIN-2026-05318,2026-09-18 08:17:43.400,361.0,5.5,1.2033,1.8333,1.5183,39.71,High Risk,Botol Sampel E,Sumber Air E,5
ALVIN-2026-05319,2026-09-18 08:17:43.600,78.67,0.83,0.2622,0.2773,0.2698,78.75,Low Risk,Botol Sampel A,Sumber Air A,5
ALVIN-2026-05320,2026-09-18 08:17:43.800,643.66,9.79,2.1455,3.2625,2.704,27.0,High Risk,Botol Sampel D,Sumber Air D,5
ALVIN-2026-05321,2026-09-18 08:17:44.000,510.27,5.95,1.7009,1.9834,1.8422,35.18,High Risk,Botol Sampel E,Sumber Air E,5
ALVIN-2026-05322,2026-09-18 08:17:44.200,321.99,4.38,1.0733,1.4603,1.2668,44.12,High Risk,Botol Sampel E,Sumber Air E,5
ALVIN-2026-05323,2026-09-18 08:17:44.400,438.51,3.12,1.4617,1.0402,1.251,44.42,High Risk,Botol Sampel E,Sumber Air E,5
ALVIN-2026-05324,2026-09-18 08:17:44.600,474.08,5.14,1.5803,1.7124,1.6464,37.79,High Risk,Botol Sampel E,Sumber Air E,5
ALVIN-2026-05325,2026-09-18 08:17:44.800,422.48,4.04,1.4083,1.345,1.3767,42.08,High Risk,Botol Sampel E,Sumber Air E,5
ALVIN-2026-05326,2026-09-18 08:17:45.000,358.68,3.41,1.1956,1.1376,1.1666,46.16,High Risk,Botol Sampel E,Sumber Air E,5
ALVIN-2026-05327,2026-09-18 08:17:45.200,196.92,2.03,0.6564,0.6778,0.6671,59.98,Moderate Risk,Botol Sampel C,Sumber Air C,5
ALVIN-2026-05328,2026-09-18 08:17:45.400,311.41,2.2,1.038,0.7333,0.8856,53.03,High Risk,Botol Sampel D,Sumber Air D,5
ALVIN-2026-05329,2026-09-18 08:17:45.600,239.59,2.01,0.7986,0.6701,0.7344,57.66,Moderate Risk,Botol Sampel C,Sumber Air C,5
ALVIN-2026-05330,2026-09-18 08:17:45.800,203.89,1.98,0.6796,0.6614,0.6705,59.86,Moderate Risk,Botol Sampel B,Sumber Air B,5
ALVIN-2026-05331,2026-09-18 08:17:46.000,376.2,3.89,1.254,1.2977,1.2759,43.94,High Risk,Botol Sampel E,Sumber Air E,5
ALVIN-2026-05332,2026-09-18 08:17:46.200,223.19,2.01,0.744,0.6695,0.7068,58.59,Moderate Risk,Botol Sampel B,Sumber Air B,5
ALVIN-2026-05333,2026-09-18 08:17:46.400,77.12,1.03,0.2571,0.3445,0.3008,76.88,Low Risk,Botol Sampel A,Sumber Air A,5
ALVIN-2026-05334,2026-09-18 08:17:46.600,715.48,9.44,2.3849,3.1472,2.766,26.55,High Risk,Botol Sampel D,Sumber Air D,5
ALVIN-2026-05335,2026-09-18 08:17:46.800,322.51,3.25,1.075,1.0832,1.0791,48.1,High Risk,Botol Sampel E,Sumber Air E,5
ALVIN-2026-05336,2026-09-18 08:17:47.000,226.36,1.22,0.7545,0.4052,0.5798,63.3,Moderate Risk,Botol Sampel C,Sumber Air C,5
ALVIN-2026-05337,2026-09-18 08:17:47.200,853.85,4.5,2.8462,1.5,2.1731,31.51,High Risk,Botol Sampel E,Sumber Air E,5
ALVIN-2026-05338,2026-09-18 08:17:47.400,164.96,1.89,0.5499,0.6287,0.5893,62.92,Moderate Risk,Botol Sampel C,Sumber Air C,5
ALVIN-2026-05339,2026-09-18 08:17:47.600,176.72,1.95,0.5891,0.6511,0.6201,61.72,Moderate Risk,Botol Sampel C,Sumber Air C,5
ALVIN-2026-05340,2026-09-18 08:17:47.800,263.84,1.64,0.8795,0.5477,0.7136,58.36,Moderate Risk,Botol Sampel B,Sumber Air B,5
ALVIN-2026-05341,2026-09-18 08:17:48.000,139.73,1.3,0.4658,0.433,0.4494,68.99,Low Risk,Botol Sampel A,Sumber Air A,5
ALVIN-2026-05342,2026-09-18 08:17:48.200,147.88,1.69,0.4929,0.5627,0.5278,65.45,Moderate Risk,Botol Sampel C,Sumber Air C,5
ALVIN-2026-05343,2026-09-18 08:17:48.400,709.7,10.23,2.3657,3.4095,2.8876,25.72,High Risk,Botol Sampel E,Sumber Air E,5
ALVIN-2026-05344,2026-09-18 08:17:48.600,580.42,7.45,1.9347,2.4826,2.2086,31.17,High Risk,Botol Sampel E,Sumber Air E,5
ALVIN-2026-05345,2026-09-18 08:17:48.800,707.16,4.5,2.3572,1.5,1.9286,34.15,High Risk,Botol Sampel D,Sumber Air D,5
ALVIN-2026-05346,2026-09-18 08:17:49.000,679.49,5.48,2.265,1.828,2.0465,32.82,High Risk,Botol Sampel D,Sumber Air D,5
ALVIN-2026-05347,2026-09-18 08:17:49.200,249.71,2.59,0.8324,0.864,0.8482,54.11,Moderate Risk,Botol Sampel C,Sumber Air C,5
ALVIN-2026-05348,2026-09-18 08:17:49.400,503.51,5.87,1.6784,1.9555,1.817,35.5,High Risk,Botol Sampel E,Sumber Air E,5
ALVIN-2026-05349,2026-09-18 08:17:49.600,280.0,4.19,0.9333,1.3967,1.165,46.19,High Risk,Botol Sampel E,Sumber Air E,5
ALVIN-2026-05350,2026-09-18 08:17:49.800,180.98,1.16,0.6033,0.3873,0.4953,66.88,Moderate Risk,Botol Sampel B,Sumber Air B,5
ALVIN-2026-05351,2026-09-18 08:17:50.000,693.71,6.76,2.3124,2.2531,2.2828,30.46,High Risk,Botol Sampel D,Sumber Air D,5
ALVIN-2026-05352,2026-09-18 08:17:50.200,208.63,1.1,0.6954,0.3665,0.531,65.32,Moderate Risk,Botol Sampel B,Sumber Air B,5
ALVIN-2026-05353,2026-09-18 08:17:50.400,140.0,1.84,0.4667,0.6143,0.5405,64.91,Moderate Risk,Botol Sampel C,Sumber Air C,5
ALVIN-2026-05354,2026-09-18 08:17:50.600,115.03,0.28,0.3834,0.0937,0.2386,80.74,Low Risk,Botol Sampel A,Sumber Air A,5
ALVIN-2026-05355,2026-09-18 08:17:50.800,332.77,3.59,1.1092,1.1963,1.1528,46.45,High Risk,Botol Sampel D,Sumber Air D,5
ALVIN-2026-05356,2026-09-18 08:17:51.000,666.89,7.2,2.223,2.3987,2.3108,30.2,High Risk,Botol Sampel E,Sumber Air E,5
ALVIN-2026-05357,2026-09-18 08:17:51.200,140.0,1.27,0.4667,0.4218,0.4442,69.24,Low Risk,Botol Sampel A,Sumber Air A,5
ALVIN-2026-05358,2026-09-18 08:17:51.400,751.88,6.68,2.5063,2.2256,2.3659,29.71,High Risk,Botol Sampel E,Sumber Air E,5
ALVIN-2026-05359,2026-09-18 08:17:51.600,230.75,1.52,0.7692,0.5078,0.6385,61.03,Moderate Risk,Botol Sampel C,Sumber Air C,5
ALVIN-2026-05360,2026-09-18 08:17:51.800,838.36,8.56,2.7945,2.8524,2.8235,26.15,High Risk,Botol Sampel E,Sumber Air E,5
ALVIN-2026-05361,2026-09-18 08:17:52.000,164.5,1.82,0.5483,0.6068,0.5776,63.39,Moderate Risk,Botol Sampel C,Sumber Air C,5
ALVIN-2026-05362,2026-09-18 08:17:52.200,99.02,0.75,0.3301,0.2507,0.2904,77.5,Moderate Risk,Botol Sampel C,Sumber Air C,5
ALVIN-2026-05363,2026-09-18 08:17:52.400,119.98,0.91,0.3999,0.3045,0.3522,73.95,Moderate Risk,Botol Sampel C,Sumber Air C,5
ALVIN-2026-05364,2026-09-18 08:17:52.600,238.55,1.56,0.7952,0.5183,0.6567,60.36,Moderate Risk,Botol Sampel C,Sumber Air C,5
ALVIN-2026-05365,2026-09-18 08:17:52.800,385.09,4.11,1.2836,1.3691,1.3264,42.98,High Risk,Botol Sampel E,Sumber Air E,5
ALVIN-2026-05366,2026-09-18 08:17:53.000,209.16,1.7,0.6972,0.5662,0.6317,61.29,Moderate Risk,Botol Sampel C,Sumber Air C,5
ALVIN-2026-05367,2026-09-18 08:17:53.200,719.79,5.02,2.3993,1.6745,2.0369,32.93,High Risk,Botol Sampel D,Sumber Air D,5
ALVIN-2026-05368,2026-09-18 08:17:53.400,280.0,2.42,0.9333,0.8075,0.8704,53.46,Moderate Risk,Botol Sampel B,Sumber Air B,5
ALVIN-2026-05369,2026-09-18 08:17:53.600,665.62,5.84,2.2187,1.9453,2.082,32.45,High Risk,Botol Sampel D,Sumber Air D,5
ALVIN-2026-05370,2026-09-18 08:17:53.800,223.34,1.0,0.7445,0.334,0.5392,64.97,Moderate Risk,Botol Sampel B,Sumber Air B,5
ALVIN-2026-05371,2026-09-18 08:17:54.000,185.83,1.06,0.6194,0.3526,0.486,67.29,Moderate Risk,Botol Sampel B,Sumber Air B,5
ALVIN-2026-05372,2026-09-18 08:17:54.200,290.91,2.66,0.9697,0.885,0.9274,51.88,Moderate Risk,Botol Sampel C,Sumber Air C,5
ALVIN-2026-05373,2026-09-18 08:17:54.400,221.6,1.51,0.7387,0.5033,0.621,61.69,Moderate Risk,Botol Sampel B,Sumber Air B,5
ALVIN-2026-05374,2026-09-18 08:17:54.600,120.23,0.66,0.4008,0.22,0.3104,76.31,Low Risk,Botol Sampel A,Sumber Air A,5
ALVIN-2026-05375,2026-09-18 08:17:54.800,92.57,0.54,0.3086,0.1803,0.2444,80.36,Low Risk,Botol Sampel A,Sumber Air A,5
ALVIN-2026-05376,2026-09-18 08:17:55.000,289.18,2.97,0.9639,0.9903,0.9771,50.58,Moderate Risk,Botol Sampel B,Sumber Air B,5
ALVIN-2026-05377,2026-09-18 08:17:55.200,417.88,3.94,1.3929,1.3124,1.3527,42.5,High Risk,Botol Sampel D,Sumber Air D,5
ALVIN-2026-05378,2026-09-18 08:17:55.400,253.85,1.13,0.8462,0.3756,0.6109,62.08,Moderate Risk,Botol Sampel C,Sumber Air C,5
ALVIN-2026-05379,2026-09-18 08:17:55.600,230.71,2.45,0.769,0.8155,0.7922,55.8,Moderate Risk,Botol Sampel B,Sumber Air B,5
ALVIN-2026-05380,2026-09-18 08:17:55.800,280.0,4.67,0.9333,1.5556,1.2444,44.56,High Risk,Botol Sampel D,Sumber Air D,5
ALVIN-2026-05381,2026-09-18 08:17:56.000,205.69,2.01,0.6856,0.6699,0.6778,59.6,Moderate Risk,Botol Sampel B,Sumber Air B,5
ALVIN-2026-05382,2026-09-18 08:17:56.200,336.17,3.55,1.1206,1.182,1.1513,46.48,High Risk,Botol Sampel E,Sumber Air E,5
ALVIN-2026-05383,2026-09-18 08:17:56.400,199.13,2.4,0.6638,0.7992,0.7315,57.75,Moderate Risk,Botol Sampel B,Sumber Air B,5
ALVIN-2026-05384,2026-09-18 08:17:56.600,280.0,4.2,0.9333,1.3984,1.1658,46.17,High Risk,Botol Sampel D,Sumber Air D,5
ALVIN-2026-05385,2026-09-18 08:17:56.800,145.0,0.76,0.4833,0.2548,0.369,73.05,Low Risk,Botol Sampel A,Sumber Air A,5
ALVIN-2026-05386,2026-09-18 08:17:57.000,347.68,2.41,1.1589,0.8038,0.9814,50.47,High Risk,Botol Sampel E,Sumber Air E,5
ALVIN-2026-05387,2026-09-18 08:17:57.200,176.23,2.13,0.5874,0.7111,0.6492,60.64,Moderate Risk,Botol Sampel B,Sumber Air B,5
ALVIN-2026-05388,2026-09-18 08:17:57.400,182.64,1.83,0.6088,0.6094,0.6091,62.15,Moderate Risk,Botol Sampel B,Sumber Air B,5
ALVIN-2026-05389,2026-09-18 08:17:57.600,594.05,4.5,1.9802,1.5,1.7401,36.5,High Risk,Botol Sampel E,Sumber Air E,5
ALVIN-2026-05390,2026-09-18 08:17:57.800,101.01,0.62,0.3367,0.2055,0.2711,78.67,Low Risk,Botol Sampel A,Sumber Air A,5
ALVIN-2026-05391,2026-09-18 08:17:58.000,231.55,2.44,0.7718,0.8121,0.792,55.8,Moderate Risk,Botol Sampel B,Sumber Air B,5
ALVIN-2026-05392,2026-09-18 08:17:58.200,280.0,4.33,0.9333,1.4419,1.1876,45.71,High Risk,Botol Sampel D,Sumber Air D,5
ALVIN-2026-05393,2026-09-18 08:17:58.400,702.57,7.59,2.3419,2.5313,2.4366,29.1,High Risk,Botol Sampel E,Sumber Air E,5
ALVIN-2026-05394,2026-09-18 08:17:58.600,106.47,1.35,0.3549,0.4503,0.4026,71.3,Low Risk,Botol Sampel A,Sumber Air A,5
ALVIN-2026-05395,2026-09-18 08:17:58.800,649.8,8.62,2.166,2.8721,2.519,28.42,High Risk,Botol Sampel E,Sumber Air E,5
ALVIN-2026-05396,2026-09-18 08:17:59.000,368.45,3.52,1.2282,1.1746,1.2014,45.43,High Risk,Botol Sampel D,Sumber Air D,5
ALVIN-2026-05397,2026-09-18 08:17:59.200,761.29,8.19,2.5376,2.7286,2.6331,27.52,High Risk,Botol Sampel D,Sumber Air D,5
ALVIN-2026-05398,2026-09-18 08:17:59.400,527.74,8.26,1.7591,2.7537,2.2564,30.71,High Risk,Botol Sampel E,Sumber Air E,5
ALVIN-2026-05399,2026-09-18 08:17:59.600,367.51,2.7,1.225,0.9009,1.063,48.47,High Risk,Botol Sampel E,Sumber Air E,5
ALVIN-2026-05400,2026-09-18 08:17:59.800,230.24,2.09,0.7675,0.6962,0.7318,57.74,Moderate Risk,Botol Sampel B,Sumber Air B,5
ALVIN-2026-05401,2026-09-18 08:18:00.000,301.2,3.3,1.004,1.0994,1.0517,48.74,High Risk,Botol Sampel D,Sumber Air D,5
ALVIN-2026-05402,2026-09-18 08:18:00.200,659.08,5.53,2.1969,1.843,2.0199,33.11,High Risk,Botol Sampel D,Sumber Air D,5
ALVIN-2026-05403,2026-09-18 08:18:00.400,182.73,2.09,0.6091,0.6976,0.6534,60.48,Moderate Risk,Botol Sampel B,Sumber Air B,5
ALVIN-2026-05404,2026-09-18 08:18:00.600,103.5,0.88,0.345,0.2925,0.3188,75.83,Low Risk,Botol Sampel A,Sumber Air A,5
ALVIN-2026-05405,2026-09-18 08:18:00.800,70.27,0.66,0.2342,0.2184,0.2263,81.55,Low Risk,Botol Sampel A,Sumber Air A,5
ALVIN-2026-05406,2026-09-18 08:18:01.000,121.93,1.0,0.4064,0.333,0.3697,73.01,Low Risk,Botol Sampel A,Sumber Air A,5
ALVIN-2026-05407,2026-09-18 08:18:01.200,280.0,4.66,0.9333,1.5549,1.2441,44.56,High Risk,Botol Sampel D,Sumber Air D,5
ALVIN-2026-05408,2026-09-18 08:18:01.400,295.25,3.44,0.9842,1.1483,1.0663,48.4,High Risk,Botol Sampel E,Sumber Air E,5
ALVIN-2026-05409,2026-09-18 08:18:01.600,310.34,3.72,1.0345,1.2408,1.1376,46.78,High Risk,Botol Sampel E,Sumber Air E,5
ALVIN-2026-05410,2026-09-18 08:18:01.800,203.68,2.04,0.6789,0.6789,0.6789,59.56,Moderate Risk,Botol Sampel C,Sumber Air C,5
ALVIN-2026-05411,2026-09-18 08:18:02.000,92.87,1.0,0.3096,0.3342,0.3219,75.65,Low Risk,Botol Sampel A,Sumber Air A,5
ALVIN-2026-05412,2026-09-18 08:18:02.200,90.4,0.86,0.3013,0.2862,0.2938,77.29,Low Risk,Botol Sampel A,Sumber Air A,5
ALVIN-2026-05413,2026-09-18 08:18:02.400,620.26,8.58,2.0675,2.8598,2.4636,28.87,High Risk,Botol Sampel E,Sumber Air E,5
ALVIN-2026-05414,2026-09-18 08:18:02.600,211.18,1.0,0.7039,0.3333,0.5186,65.85,Moderate Risk,Botol Sampel C,Sumber Air C,5
ALVIN-2026-05415,2026-09-18 08:18:02.800,399.86,3.9,1.3329,1.3009,1.3169,43.16,High Risk,Botol Sampel E,Sumber Air E,5
ALVIN-2026-05416,2026-09-18 08:18:03.000,255.44,2.23,0.8515,0.7444,0.7979,55.62,Moderate Risk,Botol Sampel B,Sumber Air B,5
ALVIN-2026-05417,2026-09-18 08:18:03.200,399.44,3.04,1.3315,1.0146,1.173,46.02,High Risk,Botol Sampel D,Sumber Air D,5
ALVIN-2026-05418,2026-09-18 08:18:03.400,92.14,0.9,0.3071,0.3003,0.3037,76.7,Low Risk,Botol Sampel A,Sumber Air A,5
ALVIN-2026-05419,2026-09-18 08:18:03.600,88.88,0.17,0.2963,0.0569,0.1766,84.99,Low Risk,Botol Sampel A,Sumber Air A,5
ALVIN-2026-05420,2026-09-18 08:18:03.800,59.27,0.14,0.1976,0.0483,0.123,89.05,Low Risk,Botol Sampel A,Sumber Air A,5
ALVIN-2026-05421,2026-09-18 08:18:04.000,501.89,6.42,1.673,2.1405,1.9068,34.4,High Risk,Botol Sampel E,Sumber Air E,5
ALVIN-2026-05422,2026-09-18 08:18:04.200,323.98,3.49,1.0799,1.1632,1.1216,47.13,High Risk,Botol Sampel E,Sumber Air E,5
ALVIN-2026-05423,2026-09-18 08:18:04.400,669.22,4.52,2.2307,1.5069,1.8688,34.86,High Risk,Botol Sampel E,Sumber Air E,5
ALVIN-2026-05424,2026-09-18 08:18:04.600,391.14,2.79,1.3038,0.9314,1.1176,47.22,High Risk,Botol Sampel E,Sumber Air E,5
ALVIN-2026-05425,2026-09-18 08:18:04.800,733.89,10.34,2.4463,3.4481,2.9472,25.33,High Risk,Botol Sampel E,Sumber Air E,5
ALVIN-2026-05426,2026-09-18 08:18:05.000,309.18,2.92,1.0306,0.9741,1.0023,49.94,High Risk,Botol Sampel D,Sumber Air D,5
ALVIN-2026-05427,2026-09-18 08:18:05.200,135.71,0.44,0.4524,0.1482,0.3003,76.91,Low Risk,Botol Sampel A,Sumber Air A,5
ALVIN-2026-05428,2026-09-18 08:18:05.400,536.14,10.78,1.7871,3.5934,2.6902,27.1,High Risk,Botol Sampel D,Sumber Air D,5
ALVIN-2026-05429,2026-09-18 08:18:05.600,527.94,6.95,1.7598,2.315,2.0374,32.92,High Risk,Botol Sampel E,Sumber Air E,5
ALVIN-2026-05430,2026-09-18 08:18:05.800,337.1,4.25,1.1237,1.4176,1.2706,44.04,High Risk,Botol Sampel E,Sumber Air E,5
ALVIN-2026-05431,2026-09-18 08:18:06.000,477.74,7.71,1.5925,2.5693,2.0809,32.46,High Risk,Botol Sampel E,Sumber Air E,5
ALVIN-2026-05432,2026-09-18 08:18:06.200,367.2,2.61,1.224,0.87,1.047,48.85,High Risk,Botol Sampel E,Sumber Air E,5
ALVIN-2026-05433,2026-09-18 08:18:06.400,287.84,1.84,0.9595,0.6129,0.7862,55.98,Moderate Risk,Botol Sampel C,Sumber Air C,5
ALVIN-2026-05434,2026-09-18 08:18:06.600,682.27,4.5,2.2742,1.5,1.8871,34.64,High Risk,Botol Sampel D,Sumber Air D,5
ALVIN-2026-05435,2026-09-18 08:18:06.800,217.73,2.27,0.7258,0.7551,0.7405,57.45,Moderate Risk,Botol Sampel C,Sumber Air C,5
ALVIN-2026-05436,2026-09-18 08:18:07.000,332.58,3.98,1.1086,1.3251,1.2168,45.11,High Risk,Botol Sampel D,Sumber Air D,5
ALVIN-2026-05437,2026-09-18 08:18:07.200,241.23,2.0,0.8041,0.667,0.7356,57.62,Moderate Risk,Botol Sampel B,Sumber Air B,5
ALVIN-2026-05438,2026-09-18 08:18:07.400,704.97,9.51,2.3499,3.1705,2.7602,26.59,High Risk,Botol Sampel D,Sumber Air D,5
ALVIN-2026-05439,2026-09-18 08:18:07.600,364.82,5.11,1.2161,1.7043,1.4602,40.65,High Risk,Botol Sampel E,Sumber Air E,5
ALVIN-2026-05440,2026-09-18 08:18:07.800,100.48,0.31,0.3349,0.1037,0.2193,82.01,Low Risk,Botol Sampel A,Sumber Air A,5
ALVIN-2026-05441,2026-09-18 08:18:08.000,309.56,2.29,1.0319,0.7625,0.8972,52.71,High Risk,Botol Sampel E,Sumber Air E,5
ALVIN-2026-05442,2026-09-18 08:18:08.200,529.28,4.5,1.7643,1.5,1.6322,37.99,High Risk,Botol Sampel E,Sumber Air E,5
ALVIN-2026-05443,2026-09-18 08:18:08.400,280.0,3.34,0.9333,1.1122,1.0228,49.44,High Risk,Botol Sampel D,Sumber Air D,5
ALVIN-2026-05444,2026-09-18 08:18:08.600,199.16,1.98,0.6639,0.659,0.6615,60.19,Moderate Risk,Botol Sampel C,Sumber Air C,5
ALVIN-2026-05445,2026-09-18 08:18:08.800,165.96,2.22,0.5532,0.7403,0.6467,60.73,Moderate Risk,Botol Sampel C,Sumber Air C,5
ALVIN-2026-05446,2026-09-18 08:18:09.000,124.47,0.33,0.4149,0.1092,0.262,79.24,Low Risk,Botol Sampel A,Sumber Air A,5
ALVIN-2026-05447,2026-09-18 08:18:09.200,112.74,0.4,0.3758,0.1335,0.2547,79.7,Low Risk,Botol Sampel A,Sumber Air A,5
ALVIN-2026-05448,2026-09-18 08:18:09.400,695.2,8.56,2.3173,2.8528,2.585,27.89,High Risk,Botol Sampel E,Sumber Air E,5
ALVIN-2026-05449,2026-09-18 08:18:09.600,145.0,0.4,0.4833,0.1331,0.3082,76.44,Low Risk,Botol Sampel A,Sumber Air A,5
ALVIN-2026-05450,2026-09-18 08:18:09.800,280.0,4.66,0.9333,1.554,1.2437,44.57,High Risk,Botol Sampel D,Sumber Air D,5
ALVIN-2026-05451,2026-09-18 08:18:10.000,298.87,3.39,0.9962,1.1302,1.0632,48.47,High Risk,Botol Sampel E,Sumber Air E,5
ALVIN-2026-05452,2026-09-18 08:18:10.200,712.61,8.86,2.3754,2.952,2.6637,27.29,High Risk,Botol Sampel E,Sumber Air E,5
ALVIN-2026-05453,2026-09-18 08:18:10.400,629.31,10.21,2.0977,3.4047,2.7512,26.66,High Risk,Botol Sampel D,Sumber Air D,5
ALVIN-2026-05454,2026-09-18 08:18:10.600,96.15,0.79,0.3205,0.263,0.2918,77.41,Moderate Risk,Botol Sampel B,Sumber Air B,5
ALVIN-2026-05455,2026-09-18 08:18:10.800,573.04,4.5,1.9101,1.5,1.705,36.97,High Risk,Botol Sampel E,Sumber Air E,5
ALVIN-2026-05456,2026-09-18 08:18:11.000,417.41,2.21,1.3914,0.736,1.0637,48.46,High Risk,Botol Sampel D,Sumber Air D,5
ALVIN-2026-05457,2026-09-18 08:18:11.200,346.94,3.11,1.1565,1.036,1.0962,47.71,High Risk,Botol Sampel E,Sumber Air E,5
ALVIN-2026-05458,2026-09-18 08:18:11.400,337.45,3.17,1.1248,1.0562,1.0905,47.84,High Risk,Botol Sampel E,Sumber Air E,5
ALVIN-2026-05459,2026-09-18 08:18:11.600,383.09,3.36,1.277,1.121,1.199,45.48,High Risk,Botol Sampel E,Sumber Air E,5
ALVIN-2026-05460,2026-09-18 08:18:11.800,220.8,1.5,0.736,0.5006,0.6183,61.79,Moderate Risk,Botol Sampel B,Sumber Air B,5
ALVIN-2026-05461,2026-09-18 08:18:12.000,103.92,0.73,0.3464,0.2432,0.2948,77.23,Low Risk,Botol Sampel A,Sumber Air A,5
ALVIN-2026-05462,2026-09-18 08:18:12.200,178.4,2.54,0.5947,0.8471,0.7209,58.11,Moderate Risk,Botol Sampel B,Sumber Air B,5
ALVIN-2026-05463,2026-09-18 08:18:12.400,105.56,0.33,0.3519,0.1097,0.2308,81.25,Low Risk,Botol Sampel A,Sumber Air A,5
ALVIN-2026-05464,2026-09-18 08:18:12.600,140.0,1.87,0.4667,0.6224,0.5446,64.74,Moderate Risk,Botol Sampel C,Sumber Air C,5
ALVIN-2026-05465,2026-09-18 08:18:12.800,140.0,2.0,0.4667,0.6677,0.5672,63.81,Moderate Risk,Botol Sampel C,Sumber Air C,5
ALVIN-2026-05466,2026-09-18 08:18:13.000,181.72,1.4,0.6057,0.4673,0.5365,65.08,Moderate Risk,Botol Sampel B,Sumber Air B,5
ALVIN-2026-05467,2026-09-18 08:18:13.200,395.9,2.2,1.3197,0.7333,1.0265,49.35,High Risk,Botol Sampel E,Sumber Air E,5
ALVIN-2026-05468,2026-09-18 08:18:13.400,242.52,2.28,0.8084,0.7588,0.7836,56.07,Moderate Risk,Botol Sampel B,Sumber Air B,5
ALVIN-2026-05469,2026-09-18 08:18:13.600,363.38,4.58,1.2113,1.5272,1.3692,42.21,High Risk,Botol Sampel E,Sumber Air E,5
ALVIN-2026-05470,2026-09-18 08:18:13.800,377.76,4.19,1.2592,1.3962,1.3277,42.96,High Risk,Botol Sampel D,Sumber Air D,5
ALVIN-2026-05471,2026-09-18 08:18:14.000,344.26,3.0,1.1475,0.9998,1.0736,48.23,High Risk,Botol Sampel E,Sumber Air E,5
ALVIN-2026-05472,2026-09-18 08:18:14.200,105.84,0.73,0.3528,0.2439,0.2984,77.02,Low Risk,Botol Sampel A,Sumber Air A,5
ALVIN-2026-05473,2026-09-18 08:18:14.400,125.92,0.33,0.4197,0.111,0.2654,79.03,Low Risk,Botol Sampel A,Sumber Air A,5
ALVIN-2026-05474,2026-09-18 08:18:14.600,146.19,2.03,0.4873,0.6781,0.5827,63.18,Moderate Risk,Botol Sampel C,Sumber Air C,5
ALVIN-2026-05475,2026-09-18 08:18:14.800,118.34,1.2,0.3945,0.3985,0.3965,71.61,Low Risk,Botol Sampel A,Sumber Air A,5
ALVIN-2026-05476,2026-09-18 08:18:15.000,530.21,8.27,1.7674,2.7582,2.2628,30.65,High Risk,Botol Sampel E,Sumber Air E,5
ALVIN-2026-05477,2026-09-18 08:18:15.200,42.6,0.33,0.142,0.1087,0.1254,88.86,Moderate Risk,Botol Sampel C,Sumber Air C,5
ALVIN-2026-05478,2026-09-18 08:18:15.400,172.6,1.11,0.5753,0.3714,0.4734,67.87,Moderate Risk,Botol Sampel B,Sumber Air B,5
ALVIN-2026-05479,2026-09-18 08:18:15.600,564.7,5.04,1.8823,1.6793,1.7808,35.96,High Risk,Botol Sampel D,Sumber Air D,5
ALVIN-2026-05480,2026-09-18 08:18:15.800,321.0,4.83,1.07,1.61,1.34,42.74,High Risk,Botol Sampel D,Sumber Air D,5
ALVIN-2026-05481,2026-09-18 08:18:16.000,278.4,1.6,0.928,0.5346,0.7313,57.76,Moderate Risk,Botol Sampel B,Sumber Air B,5
ALVIN-2026-05482,2026-09-18 08:18:16.200,248.0,2.17,0.8267,0.724,0.7754,56.33,Moderate Risk,Botol Sampel C,Sumber Air C,5
ALVIN-2026-05483,2026-09-18 08:18:16.400,218.33,1.84,0.7278,0.6146,0.6712,59.84,Moderate Risk,Botol Sampel B,Sumber Air B,5
ALVIN-2026-05484,2026-09-18 08:18:16.600,210.51,1.22,0.7017,0.4065,0.5541,64.35,Moderate Risk,Botol Sampel C,Sumber Air C,5
ALVIN-2026-05485,2026-09-18 08:18:16.800,349.5,3.5,1.165,1.1658,1.1654,46.18,High Risk,Botol Sampel E,Sumber Air E,5
ALVIN-2026-05486,2026-09-18 08:18:17.000,68.4,1.05,0.228,0.3486,0.2883,77.62,Low Risk,Botol Sampel A,Sumber Air A,5
ALVIN-2026-05487,2026-09-18 08:18:17.200,329.07,3.73,1.0969,1.2438,1.1704,46.07,High Risk,Botol Sampel E,Sumber Air E,5
ALVIN-2026-05488,2026-09-18 08:18:17.400,351.71,3.19,1.1724,1.0643,1.1184,47.21,High Risk,Botol Sampel E,Sumber Air E,5
ALVIN-2026-05489,2026-09-18 08:18:17.600,106.44,0.72,0.3548,0.2399,0.2974,77.08,Low Risk,Botol Sampel A,Sumber Air A,5
ALVIN-2026-05490,2026-09-18 08:18:17.800,63.21,1.26,0.2107,0.42,0.3154,76.02,Low Risk,Botol Sampel A,Sumber Air A,5
ALVIN-2026-05491,2026-09-18 08:18:18.000,106.7,0.45,0.3557,0.1512,0.2534,79.78,Low Risk,Botol Sampel A,Sumber Air A,5
ALVIN-2026-05492,2026-09-18 08:18:18.200,104.36,1.07,0.3479,0.3564,0.3521,73.96,Low Risk,Botol Sampel A,Sumber Air A,5
ALVIN-2026-05493,2026-09-18 08:18:18.400,280.0,3.97,0.9333,1.323,1.1282,46.99,High Risk,Botol Sampel D,Sumber Air D,5
ALVIN-2026-05494,2026-09-18 08:18:18.600,247.37,1.84,0.8246,0.6129,0.7188,58.18,Moderate Risk,Botol Sampel C,Sumber Air C,5
ALVIN-2026-05495,2026-09-18 08:18:18.800,190.56,1.9,0.6352,0.6327,0.634,61.2,Moderate Risk,Botol Sampel B,Sumber Air B,5
ALVIN-2026-05496,2026-09-18 08:18:19.000,846.34,4.5,2.8211,1.5,2.1605,31.64,High Risk,Botol Sampel D,Sumber Air D,5
ALVIN-2026-05497,2026-09-18 08:18:19.200,365.86,2.75,1.2195,0.9157,1.0676,48.37,High Risk,Botol Sampel D,Sumber Air D,5
ALVIN-2026-05498,2026-09-18 08:18:19.400,781.53,4.94,2.6051,1.6461,2.1256,31.99,High Risk,Botol Sampel D,Sumber Air D,5
ALVIN-2026-05499,2026-09-18 08:18:19.600,280.0,4.18,0.9333,1.3943,1.1638,46.21,High Risk,Botol Sampel D,Sumber Air D,5
ALVIN-2026-05500,2026-09-18 08:18:19.800,203.41,1.57,0.678,0.5246,0.6013,62.45,Moderate Risk,Botol Sampel B,Sumber Air B,5
ALVIN-2026-05501,2026-09-18 08:18:20.000,206.4,1.76,0.688,0.5873,0.6377,61.06,Moderate Risk,Botol Sampel C,Sumber Air C,5
ALVIN-2026-05502,2026-09-18 08:18:20.200,98.81,1.03,0.3294,0.3418,0.3356,74.87,Low Risk,Botol Sampel A,Sumber Air A,5
ALVIN-2026-05503,2026-09-18 08:18:20.400,120.69,0.46,0.4023,0.1537,0.278,78.25,Low Risk,Botol Sampel A,Sumber Air A,5
ALVIN-2026-05504,2026-09-18 08:18:20.600,376.9,4.05,1.2563,1.3517,1.304,43.4,High Risk,Botol Sampel E,Sumber Air E,5
ALVIN-2026-05505,2026-09-18 08:18:20.800,349.0,3.46,1.1633,1.1548,1.1591,46.32,High Risk,Botol Sampel D,Sumber Air D,5
ALVIN-2026-05506,2026-09-18 08:18:21.000,280.0,4.33,0.9333,1.4448,1.189,45.68,High Risk,Botol Sampel E,Sumber Air E,5
ALVIN-2026-05507,2026-09-18 08:18:21.200,359.39,2.2,1.198,0.7333,0.9656,50.88,High Risk,Botol Sampel D,Sumber Air D,5
ALVIN-2026-05508,2026-09-18 08:18:21.400,121.13,0.38,0.4038,0.1279,0.2659,79.0,Low Risk,Botol Sampel A,Sumber Air A,5
ALVIN-2026-05509,2026-09-18 08:18:21.600,634.96,9.21,2.1165,3.0695,2.593,27.83,High Risk,Botol Sampel D,Sumber Air D,5
ALVIN-2026-05510,2026-09-18 08:18:21.800,632.93,7.48,2.1098,2.4942,2.302,30.28,High Risk,Botol Sampel D,Sumber Air D,5
ALVIN-2026-05511,2026-09-18 08:18:22.000,813.96,10.64,2.7132,3.5451,3.1292,24.22,High Risk,Botol Sampel D,Sumber Air D,5
ALVIN-2026-05512,2026-09-18 08:18:22.200,818.18,5.4,2.7273,1.7989,2.2631,30.65,High Risk,Botol Sampel D,Sumber Air D,5
ALVIN-2026-05513,2026-09-18 08:18:22.400,331.15,2.26,1.1038,0.7534,0.9286,51.85,High Risk,Botol Sampel E,Sumber Air E,5
ALVIN-2026-05514,2026-09-18 08:18:22.600,219.74,1.49,0.7325,0.4975,0.615,61.92,Moderate Risk,Botol Sampel B,Sumber Air B,5
ALVIN-2026-05515,2026-09-18 08:18:22.800,196.01,1.73,0.6534,0.575,0.6142,61.95,Moderate Risk,Botol Sampel C,Sumber Air C,5
ALVIN-2026-05516,2026-09-18 08:18:23.000,892.33,4.5,2.9744,1.5,2.2372,30.89,High Risk,Botol Sampel E,Sumber Air E,5
ALVIN-2026-05517,2026-09-18 08:18:23.200,50.06,0.71,0.1669,0.237,0.202,83.19,Low Risk,Botol Sampel A,Sumber Air A,5
ALVIN-2026-05518,2026-09-18 08:18:23.400,400.69,4.0,1.3356,1.3331,1.3344,42.84,High Risk,Botol Sampel E,Sumber Air E,5
ALVIN-2026-05519,2026-09-18 08:18:23.600,754.27,6.39,2.5142,2.1303,2.3223,30.1,High Risk,Botol Sampel E,Sumber Air E,5
ALVIN-2026-05520,2026-09-18 08:18:23.800,112.36,0.1,0.3745,0.0333,0.2039,83.06,Low Risk,Botol Sampel A,Sumber Air A,5
ALVIN-2026-05521,2026-09-18 08:18:24.000,331.86,3.93,1.1062,1.3101,1.2082,45.29,High Risk,Botol Sampel E,Sumber Air E,5
ALVIN-2026-05522,2026-09-18 08:18:24.200,100.1,0.21,0.3337,0.0707,0.2022,83.18,Low Risk,Botol Sampel A,Sumber Air A,5
ALVIN-2026-05523,2026-09-18 08:18:24.400,124.49,0.8,0.415,0.2659,0.3405,74.6,Low Risk,Botol Sampel A,Sumber Air A,5
ALVIN-2026-05524,2026-09-18 08:18:24.600,764.46,5.59,2.5482,1.8627,2.2054,31.2,High Risk,Botol Sampel E,Sumber Air E,5
ALVIN-2026-05525,2026-09-18 08:18:24.800,745.69,6.99,2.4856,2.3307,2.4082,29.34,High Risk,Botol Sampel D,Sumber Air D,5
ALVIN-2026-05526,2026-09-18 08:18:25.000,814.26,7.46,2.7142,2.4879,2.601,27.77,High Risk,Botol Sampel E,Sumber Air E,5
ALVIN-2026-05527,2026-09-18 08:18:25.200,864.28,7.17,2.8809,2.3891,2.635,27.51,High Risk,Botol Sampel D,Sumber Air D,5
ALVIN-2026-05528,2026-09-18 08:18:25.400,476.33,3.05,1.5878,1.0165,1.3022,43.44,High Risk,Botol Sampel D,Sumber Air D,5
ALVIN-2026-05529,2026-09-18 08:18:25.600,280.0,3.96,0.9333,1.3193,1.1263,47.03,High Risk,Botol Sampel D,Sumber Air D,5
ALVIN-2026-05530,2026-09-18 08:18:25.800,179.96,2.08,0.5999,0.6918,0.6458,60.76,Moderate Risk,Botol Sampel C,Sumber Air C,5
ALVIN-2026-05531,2026-09-18 08:18:26.000,87.59,0.49,0.292,0.1622,0.2271,81.49,Moderate Risk,Botol Sampel C,Sumber Air C,5
ALVIN-2026-05532,2026-09-18 08:18:26.200,445.3,5.5,1.4843,1.8333,1.6588,37.61,High Risk,Botol Sampel D,Sumber Air D,5
ALVIN-2026-05533,2026-09-18 08:18:26.400,194.6,1.48,0.6487,0.4932,0.571,63.65,Moderate Risk,Botol Sampel C,Sumber Air C,5
ALVIN-2026-05534,2026-09-18 08:18:26.600,667.43,6.59,2.2248,2.1965,2.2107,31.15,High Risk,Botol Sampel D,Sumber Air D,5
ALVIN-2026-05535,2026-09-18 08:18:26.800,400.0,8.9,1.3333,2.9681,2.1507,31.74,High Risk,Botol Sampel D,Sumber Air D,5
ALVIN-2026-05536,2026-09-18 08:18:27.000,111.39,0.35,0.3713,0.1163,0.2438,80.4,Low Risk,Botol Sampel A,Sumber Air A,5
ALVIN-2026-05537,2026-09-18 08:18:27.200,110.92,0.87,0.3697,0.2888,0.3292,75.23,Low Risk,Botol Sampel A,Sumber Air A,5
ALVIN-2026-05538,2026-09-18 08:18:27.400,315.36,3.54,1.0512,1.1811,1.1162,47.25,High Risk,Botol Sampel E,Sumber Air E,5
ALVIN-2026-05539,2026-09-18 08:18:27.600,322.7,3.49,1.0757,1.1635,1.1196,47.18,High Risk,Botol Sampel E,Sumber Air E,5
ALVIN-2026-05540,2026-09-18 08:18:27.800,640.01,7.75,2.1334,2.5838,2.3586,29.77,High Risk,Botol Sampel D,Sumber Air D,5
ALVIN-2026-05541,2026-09-18 08:18:28.000,365.97,2.82,1.2199,0.9386,1.0792,48.1,High Risk,Botol Sampel D,Sumber Air D,5
ALVIN-2026-05542,2026-09-18 08:18:28.200,577.35,8.18,1.9245,2.728,2.3262,30.06,High Risk,Botol Sampel D,Sumber Air D,5
ALVIN-2026-05543,2026-09-18 08:18:28.400,342.1,3.44,1.1403,1.1479,1.1441,46.64,High Risk,Botol Sampel E,Sumber Air E,5
ALVIN-2026-05544,2026-09-18 08:18:28.600,94.45,0.58,0.3148,0.1921,0.2534,79.78,Low Risk,Botol Sampel A,Sumber Air A,5
ALVIN-2026-05545,2026-09-18 08:18:28.800,874.64,5.42,2.9155,1.8076,2.3616,29.75,High Risk,Botol Sampel E,Sumber Air E,5
ALVIN-2026-05546,2026-09-18 08:18:29.000,201.99,1.78,0.6733,0.5933,0.6333,61.23,Moderate Risk,Botol Sampel B,Sumber Air B,5
ALVIN-2026-05547,2026-09-18 08:18:29.200,80.84,0.57,0.2695,0.1916,0.2306,81.26,Low Risk,Botol Sampel A,Sumber Air A,5
ALVIN-2026-05548,2026-09-18 08:18:29.400,588.71,7.0,1.9624,2.3337,2.148,31.77,High Risk,Botol Sampel D,Sumber Air D,5
ALVIN-2026-05549,2026-09-18 08:18:29.600,668.73,8.43,2.2291,2.8102,2.5196,28.41,High Risk,Botol Sampel D,Sumber Air D,5
ALVIN-2026-05550,2026-09-18 08:18:29.800,219.26,1.68,0.7309,0.5603,0.6456,60.77,Moderate Risk,Botol Sampel C,Sumber Air C,5
ALVIN-2026-05551,2026-09-18 08:18:30.000,193.88,1.69,0.6463,0.5628,0.6045,62.32,Moderate Risk,Botol Sampel B,Sumber Air B,5
ALVIN-2026-05552,2026-09-18 08:18:30.200,163.62,1.27,0.5454,0.4236,0.4845,67.36,Moderate Risk,Botol Sampel B,Sumber Air B,5
ALVIN-2026-05553,2026-09-18 08:18:30.400,305.2,3.43,1.0173,1.1441,1.0807,48.06,High Risk,Botol Sampel E,Sumber Air E,5
ALVIN-2026-05554,2026-09-18 08:18:30.600,203.9,2.01,0.6797,0.6716,0.6756,59.68,Moderate Risk,Botol Sampel C,Sumber Air C,5
ALVIN-2026-05555,2026-09-18 08:18:30.800,334.35,3.69,1.1145,1.229,1.1718,46.04,High Risk,Botol Sampel E,Sumber Air E,5
ALVIN-2026-05556,2026-09-18 08:18:31.000,346.93,3.03,1.1564,1.0101,1.0832,48.0,High Risk,Botol Sampel E,Sumber Air E,5
ALVIN-2026-05557,2026-09-18 08:18:31.200,736.32,8.62,2.4544,2.8723,2.6634,27.3,High Risk,Botol Sampel D,Sumber Air D,5
ALVIN-2026-05558,2026-09-18 08:18:31.400,381.0,4.09,1.27,1.3641,1.317,43.16,High Risk,Botol Sampel D,Sumber Air D,5
ALVIN-2026-05559,2026-09-18 08:18:31.600,104.1,0.6,0.347,0.1999,0.2734,78.53,Low Risk,Botol Sampel A,Sumber Air A,5
ALVIN-2026-05560,2026-09-18 08:18:31.800,76.27,0.83,0.2542,0.2762,0.2652,79.04,Moderate Risk,Botol Sampel B,Sumber Air B,5
ALVIN-2026-05561,2026-09-18 08:18:32.000,681.79,5.11,2.2726,1.7039,1.9882,33.46,High Risk,Botol Sampel E,Sumber Air E,5
ALVIN-2026-05562,2026-09-18 08:18:32.200,119.1,0.62,0.397,0.2073,0.3022,76.79,Moderate Risk,Botol Sampel C,Sumber Air C,5
ALVIN-2026-05563,2026-09-18 08:18:32.400,774.1,8.66,2.5803,2.8856,2.7329,26.79,High Risk,Botol Sampel E,Sumber Air E,5
ALVIN-2026-05564,2026-09-18 08:18:32.600,129.86,0.53,0.4329,0.1762,0.3046,76.65,Low Risk,Botol Sampel A,Sumber Air A,5
ALVIN-2026-05565,2026-09-18 08:18:32.800,224.94,1.84,0.7498,0.613,0.6814,59.47,Moderate Risk,Botol Sampel B,Sumber Air B,5
ALVIN-2026-05566,2026-09-18 08:18:33.000,122.43,0.26,0.4081,0.0867,0.2474,80.17,Low Risk,Botol Sampel A,Sumber Air A,5
ALVIN-2026-05567,2026-09-18 08:18:33.200,612.74,7.53,2.0425,2.5088,2.2756,30.53,High Risk,Botol Sampel E,Sumber Air E,5
ALVIN-2026-05568,2026-09-18 08:18:33.400,124.1,0.89,0.4137,0.2981,0.3559,73.75,Low Risk,Botol Sampel A,Sumber Air A,5
ALVIN-2026-05569,2026-09-18 08:18:33.600,327.09,2.2,1.0903,0.7333,0.9118,52.31,High Risk,Botol Sampel D,Sumber Air D,5
ALVIN-2026-05570,2026-09-18 08:18:33.800,82.13,0.37,0.2738,0.1243,0.199,83.4,Moderate Risk,Botol Sampel B,Sumber Air B,5
ALVIN-2026-05571,2026-09-18 08:18:34.000,500.0,4.66,1.6667,1.5523,1.6095,38.32,High Risk,Botol Sampel D,Sumber Air D,5
ALVIN-2026-05572,2026-09-18 08:18:34.200,356.31,3.23,1.1877,1.077,1.1324,46.9,High Risk,Botol Sampel D,Sumber Air D,5
ALVIN-2026-05573,2026-09-18 08:18:34.400,385.21,3.08,1.284,1.0264,1.1552,46.4,High Risk,Botol Sampel E,Sumber Air E,5
ALVIN-2026-05574,2026-09-18 08:18:34.600,115.56,0.33,0.3852,0.1103,0.2478,80.14,Low Risk,Botol Sampel A,Sumber Air A,5
ALVIN-2026-05575,2026-09-18 08:18:34.800,664.56,7.86,2.2152,2.6207,2.418,29.26,High Risk,Botol Sampel E,Sumber Air E,5
ALVIN-2026-05576,2026-09-18 08:18:35.000,168.61,2.19,0.562,0.7313,0.6466,60.73,Moderate Risk,Botol Sampel B,Sumber Air B,5
ALVIN-2026-05577,2026-09-18 08:18:35.200,115.16,0.84,0.3839,0.2808,0.3324,75.05,Moderate Risk,Botol Sampel B,Sumber Air B,5
ALVIN-2026-05578,2026-09-18 08:18:35.400,389.09,3.74,1.297,1.2476,1.2723,44.01,High Risk,Botol Sampel E,Sumber Air E,5
ALVIN-2026-05579,2026-09-18 08:18:35.600,422.59,3.03,1.4086,1.0104,1.2095,45.26,High Risk,Botol Sampel D,Sumber Air D,5
ALVIN-2026-05580,2026-09-18 08:18:35.800,489.01,7.29,1.63,2.4314,2.0307,33.0,High Risk,Botol Sampel E,Sumber Air E,5
ALVIN-2026-05581,2026-09-18 08:18:36.000,178.33,1.46,0.5944,0.488,0.5412,64.88,Moderate Risk,Botol Sampel B,Sumber Air B,5
ALVIN-2026-05582,2026-09-18 08:18:36.200,387.19,2.66,1.2906,0.8868,1.0887,47.88,High Risk,Botol Sampel D,Sumber Air D,5
ALVIN-2026-05583,2026-09-18 08:18:36.400,775.98,5.9,2.5866,1.9683,2.2774,30.51,High Risk,Botol Sampel D,Sumber Air D,5
ALVIN-2026-05584,2026-09-18 08:18:36.600,454.16,4.82,1.5139,1.606,1.56,39.06,High Risk,Botol Sampel E,Sumber Air E,5
ALVIN-2026-05585,2026-09-18 08:18:36.800,539.45,7.88,1.7982,2.6269,2.2126,31.13,High Risk,Botol Sampel D,Sumber Air D,5
ALVIN-2026-05586,2026-09-18 08:18:37.000,539.19,8.18,1.7973,2.7256,2.2614,30.66,High Risk,Botol Sampel E,Sumber Air E,5
ALVIN-2026-05587,2026-09-18 08:18:37.200,121.26,0.51,0.4042,0.1703,0.2872,77.69,Low Risk,Botol Sampel A,Sumber Air A,5
ALVIN-2026-05588,2026-09-18 08:18:37.400,643.16,9.26,2.1439,3.0861,2.615,27.66,High Risk,Botol Sampel D,Sumber Air D,5
ALVIN-2026-05589,2026-09-18 08:18:37.600,355.15,2.44,1.1838,0.8135,0.9986,50.04,High Risk,Botol Sampel D,Sumber Air D,5
ALVIN-2026-05590,2026-09-18 08:18:37.800,127.52,0.72,0.4251,0.2408,0.3329,75.02,Low Risk,Botol Sampel A,Sumber Air A,5
ALVIN-2026-05591,2026-09-18 08:18:38.000,96.41,0.6,0.3214,0.2014,0.2614,79.28,Moderate Risk,Botol Sampel B,Sumber Air B,5
ALVIN-2026-05592,2026-09-18 08:18:38.200,101.49,0.73,0.3383,0.242,0.2902,77.51,Low Risk,Botol Sampel A,Sumber Air A,5
ALVIN-2026-05593,2026-09-18 08:18:38.400,171.14,2.31,0.5705,0.7695,0.67,59.88,Moderate Risk,Botol Sampel C,Sumber Air C,5
ALVIN-2026-05594,2026-09-18 08:18:38.600,138.13,0.57,0.4604,0.1885,0.3244,75.51,Low Risk,Botol Sampel A,Sumber Air A,5
ALVIN-2026-05595,2026-09-18 08:18:38.800,283.49,4.28,0.945,1.4263,1.1856,45.75,High Risk,Botol Sampel D,Sumber Air D,5
ALVIN-2026-05596,2026-09-18 08:18:39.000,88.66,0.61,0.2955,0.2027,0.2491,80.06,Low Risk,Botol Sampel A,Sumber Air A,5
ALVIN-2026-05597,2026-09-18 08:18:39.200,143.57,1.59,0.4786,0.5313,0.505,66.45,Moderate Risk,Botol Sampel C,Sumber Air C,5
ALVIN-2026-05598,2026-09-18 08:18:39.400,295.4,2.91,0.9847,0.9716,0.9782,50.55,Moderate Risk,Botol Sampel B,Sumber Air B,5
ALVIN-2026-05599,2026-09-18 08:18:39.600,383.12,2.96,1.2771,0.9873,1.1322,46.9,High Risk,Botol Sampel D,Sumber Air D,5
ALVIN-2026-05600,2026-09-18 08:18:39.800,244.96,1.53,0.8165,0.5085,0.6625,60.15,Moderate Risk,Botol Sampel C,Sumber Air C,5
ALVIN-2026-05601,2026-09-18 08:18:40.000,207.7,2.1,0.6923,0.6996,0.696,58.96,Moderate Risk,Botol Sampel B,Sumber Air B,5
ALVIN-2026-05602,2026-09-18 08:18:40.200,324.89,2.39,1.083,0.7979,0.9404,51.54,High Risk,Botol Sampel D,Sumber Air D,5
ALVIN-2026-05603,2026-09-18 08:18:40.400,806.48,6.03,2.6883,2.0086,2.3484,29.87,High Risk,Botol Sampel D,Sumber Air D,5
ALVIN-2026-05604,2026-09-18 08:18:40.600,286.66,1.38,0.9555,0.4597,0.7076,58.56,Moderate Risk,Botol Sampel C,Sumber Air C,5
ALVIN-2026-05605,2026-09-18 08:18:40.800,168.0,2.26,0.56,0.7542,0.6571,60.35,Moderate Risk,Botol Sampel B,Sumber Air B,5
ALVIN-2026-05606,2026-09-18 08:18:41.000,685.47,10.65,2.2849,3.5495,2.9172,25.53,High Risk,Botol Sampel E,Sumber Air E,5
ALVIN-2026-05607,2026-09-18 08:18:41.200,210.99,2.29,0.7033,0.7633,0.7333,57.69,Moderate Risk,Botol Sampel C,Sumber Air C,5
ALVIN-2026-05608,2026-09-18 08:18:41.400,560.21,9.49,1.8674,3.1618,2.5146,28.45,High Risk,Botol Sampel E,Sumber Air E,5
ALVIN-2026-05609,2026-09-18 08:18:41.600,252.87,1.7,0.8429,0.5666,0.7048,58.66,Moderate Risk,Botol Sampel B,Sumber Air B,5
ALVIN-2026-05610,2026-09-18 08:18:41.800,98.67,0.75,0.3289,0.2509,0.2899,77.53,Low Risk,Botol Sampel A,Sumber Air A,5
ALVIN-2026-05611,2026-09-18 08:18:42.000,650.08,11.7,2.1669,3.8998,3.0334,24.79,High Risk,Botol Sampel D,Sumber Air D,5
ALVIN-2026-05612,2026-09-18 08:18:42.200,173.16,1.54,0.5772,0.5144,0.5458,64.69,Moderate Risk,Botol Sampel C,Sumber Air C,5
ALVIN-2026-05613,2026-09-18 08:18:42.400,241.53,1.6,0.8051,0.5327,0.6689,59.92,Moderate Risk,Botol Sampel C,Sumber Air C,5
ALVIN-2026-05614,2026-09-18 08:18:42.600,192.35,2.16,0.6412,0.7198,0.6805,59.51,Moderate Risk,Botol Sampel B,Sumber Air B,5
ALVIN-2026-05615,2026-09-18 08:18:42.800,129.71,1.08,0.4324,0.3593,0.3959,71.64,Low Risk,Botol Sampel A,Sumber Air A,5
ALVIN-2026-05616,2026-09-18 08:18:43.000,742.51,8.77,2.475,2.9218,2.6984,27.04,High Risk,Botol Sampel E,Sumber Air E,5
ALVIN-2026-05617,2026-09-18 08:18:43.200,355.48,3.25,1.1849,1.085,1.1349,46.84,High Risk,Botol Sampel D,Sumber Air D,5
ALVIN-2026-05618,2026-09-18 08:18:43.400,229.77,1.57,0.7659,0.5234,0.6446,60.81,Moderate Risk,Botol Sampel C,Sumber Air C,5
ALVIN-2026-05619,2026-09-18 08:18:43.600,222.6,1.57,0.742,0.5238,0.6329,61.24,Moderate Risk,Botol Sampel C,Sumber Air C,5
ALVIN-2026-05620,2026-09-18 08:18:43.800,769.93,5.48,2.5664,1.8278,2.1971,31.28,High Risk,Botol Sampel E,Sumber Air E,5
ALVIN-2026-05621,2026-09-18 08:18:44.000,612.73,6.0,2.0424,2.0016,2.022,33.09,High Risk,Botol Sampel E,Sumber Air E,5
ALVIN-2026-05622,2026-09-18 08:18:44.200,219.58,2.55,0.7319,0.8516,0.7917,55.81,Moderate Risk,Botol Sampel B,Sumber Air B,5
ALVIN-2026-05623,2026-09-18 08:18:44.400,716.26,9.14,2.3875,3.0468,2.7172,26.9,High Risk,Botol Sampel D,Sumber Air D,5
ALVIN-2026-05624,2026-09-18 08:18:44.600,426.18,4.71,1.4206,1.5706,1.4956,40.07,High Risk,Botol Sampel E,Sumber Air E,5
ALVIN-2026-05625,2026-09-18 08:18:44.800,227.86,1.7,0.7595,0.5676,0.6636,60.11,Moderate Risk,Botol Sampel C,Sumber Air C,5
ALVIN-2026-05626,2026-09-18 08:18:45.000,404.17,3.91,1.3472,1.3042,1.3257,43.0,High Risk,Botol Sampel E,Sumber Air E,5
ALVIN-2026-05627,2026-09-18 08:18:45.200,145.0,1.08,0.4833,0.3604,0.4218,70.33,Low Risk,Botol Sampel A,Sumber Air A,5
ALVIN-2026-05628,2026-09-18 08:18:45.400,95.05,0.53,0.3168,0.1763,0.2466,80.22,Low Risk,Botol Sampel A,Sumber Air A,5
ALVIN-2026-05629,2026-09-18 08:18:45.600,226.88,1.84,0.7563,0.6146,0.6854,59.33,Moderate Risk,Botol Sampel C,Sumber Air C,5
ALVIN-2026-05630,2026-09-18 08:18:45.800,214.11,1.72,0.7137,0.5749,0.6443,60.82,Moderate Risk,Botol Sampel B,Sumber Air B,5
ALVIN-2026-05631,2026-09-18 08:18:46.000,340.75,3.36,1.1358,1.1202,1.128,46.99,High Risk,Botol Sampel D,Sumber Air D,5
ALVIN-2026-05632,2026-09-18 08:18:46.200,563.35,4.68,1.8778,1.5604,1.7191,36.78,High Risk,Botol Sampel D,Sumber Air D,5
ALVIN-2026-05633,2026-09-18 08:18:46.400,496.12,7.96,1.6537,2.6547,2.1542,31.7,High Risk,Botol Sampel E,Sumber Air E,5
ALVIN-2026-05634,2026-09-18 08:18:46.600,209.22,1.54,0.6974,0.5132,0.6053,62.29,Moderate Risk,Botol Sampel C,Sumber Air C,5
ALVIN-2026-05635,2026-09-18 08:18:46.800,582.86,9.11,1.9429,3.0362,2.4896,28.66,High Risk,Botol Sampel E,Sumber Air E,5
ALVIN-2026-05636,2026-09-18 08:18:47.000,103.79,0.42,0.346,0.1396,0.2428,80.46,Low Risk,Botol Sampel A,Sumber Air A,5
ALVIN-2026-05637,2026-09-18 08:18:47.200,668.27,4.71,2.2276,1.5695,1.8985,34.5,High Risk,Botol Sampel E,Sumber Air E,5
ALVIN-2026-05638,2026-09-18 08:18:47.400,583.39,7.42,1.9446,2.474,2.2093,31.16,High Risk,Botol Sampel E,Sumber Air E,5
ALVIN-2026-05639,2026-09-18 08:18:47.600,714.09,6.15,2.3803,2.0495,2.2149,31.11,High Risk,Botol Sampel D,Sumber Air D,5
ALVIN-2026-05640,2026-09-18 08:18:47.800,632.27,7.5,2.1076,2.5014,2.3045,30.26,High Risk,Botol Sampel E,Sumber Air E,5
ALVIN-2026-05641,2026-09-18 08:18:48.000,562.7,5.25,1.8757,1.7504,1.813,35.55,High Risk,Botol Sampel D,Sumber Air D,5
ALVIN-2026-05642,2026-09-18 08:18:48.200,222.75,1.5,0.7425,0.4984,0.6205,61.71,Moderate Risk,Botol Sampel B,Sumber Air B,5
ALVIN-2026-05643,2026-09-18 08:18:48.400,95.48,0.63,0.3183,0.2105,0.2644,79.09,Low Risk,Botol Sampel A,Sumber Air A,5
ALVIN-2026-05644,2026-09-18 08:18:48.600,218.68,1.95,0.7289,0.6492,0.689,59.21,Moderate Risk,Botol Sampel C,Sumber Air C,5
ALVIN-2026-05645,2026-09-18 08:18:48.800,96.19,0.95,0.3206,0.3176,0.3191,75.81,Moderate Risk,Botol Sampel B,Sumber Air B,5
ALVIN-2026-05646,2026-09-18 08:18:49.000,289.57,3.51,0.9652,1.1701,1.0676,48.37,High Risk,Botol Sampel E,Sumber Air E,5
ALVIN-2026-05647,2026-09-18 08:18:49.200,176.95,1.77,0.5898,0.5895,0.5896,62.91,Moderate Risk,Botol Sampel B,Sumber Air B,5
ALVIN-2026-05648,2026-09-18 08:18:49.400,327.26,2.56,1.0909,0.8529,0.9719,50.71,High Risk,Botol Sampel E,Sumber Air E,5
ALVIN-2026-05649,2026-09-18 08:18:49.600,579.87,4.5,1.9329,1.5,1.7164,36.81,High Risk,Botol Sampel D,Sumber Air D,5
ALVIN-2026-05650,2026-09-18 08:18:49.800,256.63,2.19,0.8554,0.7298,0.7926,55.78,Moderate Risk,Botol Sampel C,Sumber Air C,5
ALVIN-2026-05651,2026-09-18 08:18:50.000,594.21,5.65,1.9807,1.8839,1.9323,34.1,High Risk,Botol Sampel D,Sumber Air D,5
ALVIN-2026-05652,2026-09-18 08:18:50.200,293.15,4.08,0.9772,1.36,1.1686,46.11,High Risk,Botol Sampel E,Sumber Air E,5
ALVIN-2026-05653,2026-09-18 08:18:50.400,398.44,2.5,1.3281,0.8349,1.0815,48.04,High Risk,Botol Sampel E,Sumber Air E,5
ALVIN-2026-05654,2026-09-18 08:18:50.600,217.07,1.93,0.7236,0.6446,0.6841,59.38,Moderate Risk,Botol Sampel C,Sumber Air C,5
ALVIN-2026-05655,2026-09-18 08:18:50.800,198.68,1.0,0.6623,0.3333,0.4978,66.76,Moderate Risk,Botol Sampel C,Sumber Air C,5
ALVIN-2026-05656,2026-09-18 08:18:51.000,369.11,2.53,1.2304,0.8427,1.0366,49.1,High Risk,Botol Sampel D,Sumber Air D,5
ALVIN-2026-05657,2026-09-18 08:18:51.200,660.59,7.57,2.202,2.5249,2.3635,29.73,High Risk,Botol Sampel D,Sumber Air D,5
ALVIN-2026-05658,2026-09-18 08:18:51.400,229.43,1.94,0.7648,0.6479,0.7064,58.6,Moderate Risk,Botol Sampel B,Sumber Air B,5
ALVIN-2026-05659,2026-09-18 08:18:51.600,91.2,0.63,0.304,0.2097,0.2568,79.57,Moderate Risk,Botol Sampel B,Sumber Air B,5
ALVIN-2026-05660,2026-09-18 08:18:51.800,76.89,0.83,0.2563,0.2759,0.2661,78.98,Low Risk,Botol Sampel A,Sumber Air A,5
ALVIN-2026-05661,2026-09-18 08:18:52.000,150.5,1.67,0.5017,0.5558,0.5288,65.41,Moderate Risk,Botol Sampel B,Sumber Air B,5
ALVIN-2026-05662,2026-09-18 08:18:52.200,75.41,1.08,0.2514,0.3603,0.3058,76.58,Low Risk,Botol Sampel A,Sumber Air A,5
ALVIN-2026-05663,2026-09-18 08:18:52.400,495.81,8.26,1.6527,2.7521,2.2024,31.23,High Risk,Botol Sampel D,Sumber Air D,5
ALVIN-2026-05664,2026-09-18 08:18:52.600,123.03,0.45,0.4101,0.1508,0.2804,78.1,Low Risk,Botol Sampel A,Sumber Air A,5
ALVIN-2026-05665,2026-09-18 08:18:52.800,78.03,0.4,0.2601,0.134,0.197,83.54,Low Risk,Botol Sampel A,Sumber Air A,5
ALVIN-2026-05666,2026-09-18 08:18:53.000,192.85,1.83,0.6428,0.6112,0.627,61.46,Moderate Risk,Botol Sampel B,Sumber Air B,5
ALVIN-2026-05667,2026-09-18 08:18:53.200,125.3,0.27,0.4177,0.0891,0.2534,79.78,Moderate Risk,Botol Sampel B,Sumber Air B,5
ALVIN-2026-05668,2026-09-18 08:18:53.400,123.67,0.52,0.4122,0.172,0.2921,77.39,Low Risk,Botol Sampel A,Sumber Air A,5
ALVIN-2026-05669,2026-09-18 08:18:53.600,203.21,1.21,0.6774,0.4041,0.5408,64.9,Moderate Risk,Botol Sampel B,Sumber Air B,5
ALVIN-2026-05670,2026-09-18 08:18:53.800,196.79,1.92,0.656,0.6416,0.6488,60.65,Moderate Risk,Botol Sampel C,Sumber Air C,5
ALVIN-2026-05671,2026-09-18 08:18:54.000,210.76,2.02,0.7025,0.6719,0.6872,59.27,Moderate Risk,Botol Sampel B,Sumber Air B,5
ALVIN-2026-05672,2026-09-18 08:18:54.200,98.99,0.62,0.33,0.2075,0.2688,78.81,Low Risk,Botol Sampel A,Sumber Air A,5
ALVIN-2026-05673,2026-09-18 08:18:54.400,178.71,2.61,0.5957,0.8703,0.733,57.7,Moderate Risk,Botol Sampel B,Sumber Air B,5
ALVIN-2026-05674,2026-09-18 08:18:54.600,231.55,2.49,0.7718,0.8284,0.8001,55.55,Moderate Risk,Botol Sampel B,Sumber Air B,5
ALVIN-2026-05675,2026-09-18 08:18:54.800,108.23,0.7,0.3608,0.2338,0.2973,77.08,Moderate Risk,Botol Sampel C,Sumber Air C,5
ALVIN-2026-05676,2026-09-18 08:18:55.000,80.88,0.51,0.2696,0.1703,0.22,81.97,Low Risk,Botol Sampel A,Sumber Air A,5
ALVIN-2026-05677,2026-09-18 08:18:55.200,309.55,2.2,1.0318,0.7333,0.8826,53.12,High Risk,Botol Sampel E,Sumber Air E,5
ALVIN-2026-05678,2026-09-18 08:18:55.400,92.75,0.63,0.3092,0.2109,0.26,79.37,Low Risk,Botol Sampel A,Sumber Air A,5
ALVIN-2026-05679,2026-09-18 08:18:55.600,191.43,1.61,0.6381,0.5368,0.5874,63.0,Moderate Risk,Botol Sampel C,Sumber Air C,5
ALVIN-2026-05680,2026-09-18 08:18:55.800,512.87,4.5,1.7096,1.5,1.6048,38.39,High Risk,Botol Sampel D,Sumber Air D,5
ALVIN-2026-05681,2026-09-18 08:18:56.000,235.35,2.15,0.7845,0.7161,0.7503,57.13,Moderate Risk,Botol Sampel C,Sumber Air C,5
ALVIN-2026-05682,2026-09-18 08:18:56.200,280.0,3.96,0.9333,1.3203,1.1268,47.02,High Risk,Botol Sampel D,Sumber Air D,5
ALVIN-2026-05683,2026-09-18 08:18:56.400,265.5,2.41,0.885,0.8047,0.8448,54.21,Moderate Risk,Botol Sampel B,Sumber Air B,5
ALVIN-2026-05684,2026-09-18 08:18:56.600,357.45,3.03,1.1915,1.0111,1.1013,47.59,High Risk,Botol Sampel D,Sumber Air D,5
ALVIN-2026-05685,2026-09-18 08:18:56.800,785.17,6.75,2.6172,2.2506,2.4339,29.12,High Risk,Botol Sampel D,Sumber Air D,5
ALVIN-2026-05686,2026-09-18 08:18:57.000,369.98,4.62,1.2333,1.5415,1.3874,41.89,High Risk,Botol Sampel E,Sumber Air E,5
ALVIN-2026-05687,2026-09-18 08:18:57.200,230.23,1.29,0.7674,0.4314,0.5994,62.52,Moderate Risk,Botol Sampel B,Sumber Air B,5
ALVIN-2026-05688,2026-09-18 08:18:57.400,646.3,8.15,2.1543,2.7179,2.4361,29.1,High Risk,Botol Sampel E,Sumber Air E,5
ALVIN-2026-05689,2026-09-18 08:18:57.600,90.59,0.17,0.302,0.0559,0.179,84.82,Moderate Risk,Botol Sampel B,Sumber Air B,5
ALVIN-2026-05690,2026-09-18 08:18:57.800,416.7,7.15,1.389,2.3844,1.8867,34.64,High Risk,Botol Sampel E,Sumber Air E,5
ALVIN-2026-05691,2026-09-18 08:18:58.000,285.61,1.21,0.952,0.4043,0.6782,59.59,Moderate Risk,Botol Sampel C,Sumber Air C,5
ALVIN-2026-05692,2026-09-18 08:18:58.200,269.87,1.34,0.8996,0.448,0.6738,59.74,Moderate Risk,Botol Sampel C,Sumber Air C,5
ALVIN-2026-05693,2026-09-18 08:18:58.400,592.18,9.6,1.9739,3.1992,2.5866,27.88,High Risk,Botol Sampel D,Sumber Air D,5
ALVIN-2026-05694,2026-09-18 08:18:58.600,265.09,1.92,0.8836,0.6407,0.7622,56.75,Moderate Risk,Botol Sampel C,Sumber Air C,5
ALVIN-2026-05695,2026-09-18 08:18:58.800,194.43,1.99,0.6481,0.662,0.655,60.42,Moderate Risk,Botol Sampel B,Sumber Air B,5
ALVIN-2026-05696,2026-09-18 08:18:59.000,280.0,4.48,0.9333,1.4932,1.2132,45.18,High Risk,Botol Sampel D,Sumber Air D,5
ALVIN-2026-05697,2026-09-18 08:18:59.200,390.29,3.73,1.301,1.2448,1.2729,44.0,High Risk,Botol Sampel E,Sumber Air E,5
ALVIN-2026-05698,2026-09-18 08:18:59.400,365.76,2.58,1.2192,0.8609,1.04,49.02,High Risk,Botol Sampel D,Sumber Air D,5
ALVIN-2026-05699,2026-09-18 08:18:59.600,787.12,5.92,2.6237,1.972,2.2978,30.32,High Risk,Botol Sampel D,Sumber Air D,5
ALVIN-2026-05700,2026-09-18 08:18:59.800,111.0,0.64,0.37,0.2134,0.2917,77.42,Moderate Risk,Botol Sampel B,Sumber Air B,5
ALVIN-2026-05701,2026-09-18 08:19:00.000,370.4,3.75,1.2347,1.2485,1.2416,44.61,High Risk,Botol Sampel D,Sumber Air D,5
ALVIN-2026-05702,2026-09-18 08:19:00.200,106.01,0.42,0.3534,0.1416,0.2475,80.16,Low Risk,Botol Sampel A,Sumber Air A,5
ALVIN-2026-05703,2026-09-18 08:19:00.400,772.04,6.45,2.5735,2.15,2.3617,29.75,High Risk,Botol Sampel D,Sumber Air D,5
ALVIN-2026-05704,2026-09-18 08:19:00.600,227.04,1.22,0.7568,0.4069,0.5818,63.22,Moderate Risk,Botol Sampel C,Sumber Air C,5
ALVIN-2026-05705,2026-09-18 08:19:00.800,367.27,2.97,1.2242,0.9916,1.1079,47.44,High Risk,Botol Sampel D,Sumber Air D,5
ALVIN-2026-05706,2026-09-18 08:19:01.000,228.27,1.43,0.7609,0.4777,0.6193,61.76,Moderate Risk,Botol Sampel B,Sumber Air B,5
ALVIN-2026-05707,2026-09-18 08:19:01.200,649.65,8.32,2.1655,2.7743,2.4699,28.82,High Risk,Botol Sampel D,Sumber Air D,5
ALVIN-2026-05708,2026-09-18 08:19:01.400,393.4,3.22,1.3113,1.0743,1.1928,45.6,High Risk,Botol Sampel D,Sumber Air D,5
ALVIN-2026-05709,2026-09-18 08:19:01.600,113.4,0.51,0.378,0.1684,0.2732,78.54,Low Risk,Botol Sampel A,Sumber Air A,5
ALVIN-2026-05710,2026-09-18 08:19:01.800,408.25,4.97,1.3608,1.6551,1.508,39.87,High Risk,Botol Sampel E,Sumber Air E,5
ALVIN-2026-05711,2026-09-18 08:19:02.000,78.05,0.83,0.2602,0.2759,0.268,78.86,Low Risk,Botol Sampel A,Sumber Air A,5
ALVIN-2026-05712,2026-09-18 08:19:02.200,60.55,0.44,0.2018,0.146,0.1739,85.19,Low Risk,Botol Sampel A,Sumber Air A,5
ALVIN-2026-05713,2026-09-18 08:19:02.400,93.31,0.18,0.311,0.059,0.185,84.39,Low Risk,Botol Sampel A,Sumber Air A,5
ALVIN-2026-05714,2026-09-18 08:19:02.600,647.8,5.58,2.1593,1.8601,2.0097,33.23,High Risk,Botol Sampel D,Sumber Air D,5
ALVIN-2026-05715,2026-09-18 08:19:02.800,122.96,0.66,0.4099,0.2204,0.3152,76.03,Moderate Risk,Botol Sampel C,Sumber Air C,5
ALVIN-2026-05716,2026-09-18 08:19:03.000,703.53,5.14,2.3451,1.7141,2.0296,33.01,High Risk,Botol Sampel E,Sumber Air E,5
ALVIN-2026-05717,2026-09-18 08:19:03.200,182.03,1.92,0.6068,0.6393,0.623,61.61,Moderate Risk,Botol Sampel C,Sumber Air C,5
ALVIN-2026-05718,2026-09-18 08:19:03.400,304.85,2.93,1.0162,0.9779,0.997,50.08,High Risk,Botol Sampel D,Sumber Air D,5
ALVIN-2026-05719,2026-09-18 08:19:03.600,238.09,2.2,0.7936,0.7343,0.7639,56.69,Moderate Risk,Botol Sampel B,Sumber Air B,5
ALVIN-2026-05720,2026-09-18 08:19:03.800,231.55,1.73,0.7718,0.5772,0.6745,59.72,Moderate Risk,Botol Sampel B,Sumber Air B,5
ALVIN-2026-05721,2026-09-18 08:19:04.000,102.41,0.56,0.3414,0.1883,0.2648,79.06,Low Risk,Botol Sampel A,Sumber Air A,5
ALVIN-2026-05722,2026-09-18 08:19:04.200,845.65,8.98,2.8188,2.9949,2.9068,25.6,High Risk,Botol Sampel E,Sumber Air E,5
ALVIN-2026-05723,2026-09-18 08:19:04.400,323.58,3.7,1.0786,1.2322,1.1554,46.4,High Risk,Botol Sampel E,Sumber Air E,5
ALVIN-2026-05724,2026-09-18 08:19:04.600,96.28,0.87,0.3209,0.2887,0.3048,76.64,Moderate Risk,Botol Sampel B,Sumber Air B,5
ALVIN-2026-05725,2026-09-18 08:19:04.800,329.38,4.2,1.0979,1.4005,1.2492,44.46,High Risk,Botol Sampel E,Sumber Air E,5
ALVIN-2026-05726,2026-09-18 08:19:05.000,331.55,2.2,1.1052,0.7333,0.9192,52.11,High Risk,Botol Sampel E,Sumber Air E,5
ALVIN-2026-05727,2026-09-18 08:19:05.200,407.65,3.66,1.3588,1.219,1.2889,43.69,High Risk,Botol Sampel E,Sumber Air E,5
ALVIN-2026-05728,2026-09-18 08:19:05.400,406.52,3.52,1.3551,1.1717,1.2634,44.18,High Risk,Botol Sampel E,Sumber Air E,5
ALVIN-2026-05729,2026-09-18 08:19:05.600,195.38,1.8,0.6513,0.6016,0.6264,61.49,Moderate Risk,Botol Sampel C,Sumber Air C,5
ALVIN-2026-05730,2026-09-18 08:19:05.800,203.88,1.55,0.6796,0.518,0.5988,62.55,Moderate Risk,Botol Sampel C,Sumber Air C,5
ALVIN-2026-05731,2026-09-18 08:19:06.000,132.22,0.65,0.4407,0.2154,0.328,75.3,Low Risk,Botol Sampel A,Sumber Air A,5
ALVIN-2026-05732,2026-09-18 08:19:06.200,693.39,9.16,2.3113,3.0548,2.683,27.15,High Risk,Botol Sampel E,Sumber Air E,5
ALVIN-2026-05733,2026-09-18 08:19:06.400,226.85,2.0,0.7562,0.668,0.7121,58.41,Moderate Risk,Botol Sampel C,Sumber Air C,5
ALVIN-2026-05734,2026-09-18 08:19:06.600,42.7,0.6,0.1423,0.199,0.1707,85.42,Low Risk,Botol Sampel A,Sumber Air A,5
ALVIN-2026-05735,2026-09-18 08:19:06.800,641.69,5.07,2.139,1.6905,1.9147,34.31,High Risk,Botol Sampel D,Sumber Air D,5
ALVIN-2026-05736,2026-09-18 08:19:07.000,298.42,3.81,0.9947,1.2688,1.1318,46.91,High Risk,Botol Sampel D,Sumber Air D,5
ALVIN-2026-05737,2026-09-18 08:19:07.200,264.61,2.33,0.882,0.7779,0.83,54.64,Moderate Risk,Botol Sampel C,Sumber Air C,5
ALVIN-2026-05738,2026-09-18 08:19:07.400,248.71,2.13,0.829,0.7095,0.7692,56.52,Moderate Risk,Botol Sampel C,Sumber Air C,5
ALVIN-2026-05739,2026-09-18 08:19:07.600,72.5,0.45,0.2417,0.149,0.1954,83.65,Low Risk,Botol Sampel A,Sumber Air A,5
ALVIN-2026-05740,2026-09-18 08:19:07.800,777.04,4.75,2.5901,1.5834,2.0868,32.4,High Risk,Botol Sampel E,Sumber Air E,5
ALVIN-2026-05741,2026-09-18 08:19:08.000,240.2,1.86,0.8007,0.6188,0.7098,58.49,Moderate Risk,Botol Sampel C,Sumber Air C,5
ALVIN-2026-05742,2026-09-18 08:19:08.200,678.06,6.47,2.2602,2.1576,2.2089,31.16,High Risk,Botol Sampel E,Sumber Air E,5
ALVIN-2026-05743,2026-09-18 08:19:08.400,602.85,4.91,2.0095,1.636,1.8228,35.43,High Risk,Botol Sampel E,Sumber Air E,5
ALVIN-2026-05744,2026-09-18 08:19:08.600,118.19,1.17,0.394,0.3916,0.3928,71.8,Moderate Risk,Botol Sampel B,Sumber Air B,5
ALVIN-2026-05745,2026-09-18 08:19:08.800,229.77,1.87,0.7659,0.622,0.694,59.03,Moderate Risk,Botol Sampel B,Sumber Air B,5
ALVIN-2026-05746,2026-09-18 08:19:09.000,473.25,7.1,1.5775,2.3672,1.9724,33.64,High Risk,Botol Sampel E,Sumber Air E,5
ALVIN-2026-05747,2026-09-18 08:19:09.200,822.98,6.76,2.7433,2.2527,2.498,28.59,High Risk,Botol Sampel D,Sumber Air D,5
ALVIN-2026-05748,2026-09-18 08:19:09.400,127.94,0.27,0.4265,0.0886,0.2576,79.52,Low Risk,Botol Sampel A,Sumber Air A,5
ALVIN-2026-05749,2026-09-18 08:19:09.600,222.72,1.95,0.7424,0.6491,0.6958,58.97,Moderate Risk,Botol Sampel B,Sumber Air B,5
ALVIN-2026-05750,2026-09-18 08:19:09.800,206.93,1.92,0.6898,0.6395,0.6646,60.07,Moderate Risk,Botol Sampel C,Sumber Air C,5
ALVIN-2026-05751,2026-09-18 08:19:10.000,81.83,0.48,0.2728,0.161,0.2169,82.18,Low Risk,Botol Sampel A,Sumber Air A,5
ALVIN-2026-05752,2026-09-18 08:19:10.200,497.24,5.62,1.6575,1.8724,1.765,36.17,High Risk,Botol Sampel D,Sumber Air D,5
ALVIN-2026-05753,2026-09-18 08:19:10.400,234.36,2.05,0.7812,0.6824,0.7318,57.74,Moderate Risk,Botol Sampel C,Sumber Air C,5
ALVIN-2026-05754,2026-09-18 08:19:10.600,164.33,1.84,0.5478,0.6142,0.581,63.25,Moderate Risk,Botol Sampel B,Sumber Air B,5
ALVIN-2026-05755,2026-09-18 08:19:10.800,507.15,10.02,1.6905,3.3394,2.5149,28.45,High Risk,Botol Sampel D,Sumber Air D,5
ALVIN-2026-05756,2026-09-18 08:19:11.000,97.92,0.87,0.3264,0.2911,0.3088,76.41,Low Risk,Botol Sampel A,Sumber Air A,5
ALVIN-2026-05757,2026-09-18 08:19:11.200,397.6,2.2,1.3253,0.7333,1.0293,49.28,High Risk,Botol Sampel E,Sumber Air E,5
ALVIN-2026-05758,2026-09-18 08:19:11.400,112.37,0.45,0.3746,0.1492,0.2619,79.25,Moderate Risk,Botol Sampel B,Sumber Air B,5
ALVIN-2026-05759,2026-09-18 08:19:11.600,274.79,1.51,0.916,0.5032,0.7096,58.49,Moderate Risk,Botol Sampel C,Sumber Air C,5
ALVIN-2026-05760,2026-09-18 08:19:11.800,116.59,0.41,0.3886,0.1358,0.2622,79.23,Moderate Risk,Botol Sampel B,Sumber Air B,5
ALVIN-2026-05761,2026-09-18 08:19:12.000,689.3,4.82,2.2977,1.6079,1.9528,33.87,High Risk,Botol Sampel D,Sumber Air D,5
ALVIN-2026-05762,2026-09-18 08:19:12.200,264.85,1.92,0.8828,0.6385,0.7607,56.8,Moderate Risk,Botol Sampel B,Sumber Air B,5
ALVIN-2026-05763,2026-09-18 08:19:12.400,418.69,4.62,1.3956,1.5415,1.4686,40.51,High Risk,Botol Sampel E,Sumber Air E,5
ALVIN-2026-05764,2026-09-18 08:19:12.600,363.74,4.5,1.2125,1.5004,1.3564,42.44,High Risk,Botol Sampel E,Sumber Air E,5
ALVIN-2026-05765,2026-09-18 08:19:12.800,779.47,6.78,2.5982,2.2586,2.4284,29.17,High Risk,Botol Sampel D,Sumber Air D,5
ALVIN-2026-05766,2026-09-18 08:19:13.000,857.66,4.5,2.8589,1.5,2.1794,31.45,High Risk,Botol Sampel D,Sumber Air D,5
ALVIN-2026-05767,2026-09-18 08:19:13.200,607.6,8.57,2.0253,2.8557,2.4405,29.07,High Risk,Botol Sampel E,Sumber Air E,5
ALVIN-2026-05768,2026-09-18 08:19:13.400,164.18,1.56,0.5473,0.5209,0.5341,65.18,Moderate Risk,Botol Sampel C,Sumber Air C,5
ALVIN-2026-05769,2026-09-18 08:19:13.600,390.53,4.23,1.3018,1.4105,1.3562,42.44,High Risk,Botol Sampel D,Sumber Air D,5
ALVIN-2026-05770,2026-09-18 08:19:13.800,145.0,0.77,0.4833,0.2562,0.3698,73.0,Low Risk,Botol Sampel A,Sumber Air A,5
ALVIN-2026-05771,2026-09-18 08:19:14.000,312.49,2.86,1.0416,0.9536,0.9976,50.06,High Risk,Botol Sampel D,Sumber Air D,5
ALVIN-2026-05772,2026-09-18 08:19:14.200,396.8,3.08,1.3227,1.0271,1.1749,45.98,High Risk,Botol Sampel E,Sumber Air E,5
ALVIN-2026-05773,2026-09-18 08:19:14.400,667.71,6.43,2.2257,2.142,2.1838,31.41,High Risk,Botol Sampel E,Sumber Air E,5
ALVIN-2026-05774,2026-09-18 08:19:14.600,181.03,1.08,0.6034,0.3606,0.482,67.48,Moderate Risk,Botol Sampel B,Sumber Air B,5
ALVIN-2026-05775,2026-09-18 08:19:14.800,140.0,1.0,0.4667,0.3333,0.4,71.43,Low Risk,Botol Sampel A,Sumber Air A,5
ALVIN-2026-05776,2026-09-18 08:19:15.000,61.11,0.6,0.2037,0.201,0.2024,83.17,Low Risk,Botol Sampel A,Sumber Air A,5
ALVIN-2026-05777,2026-09-18 08:19:15.200,250.07,2.2,0.8336,0.7318,0.7827,56.09,Moderate Risk,Botol Sampel C,Sumber Air C,5
ALVIN-2026-05778,2026-09-18 08:19:15.400,689.12,8.42,2.2971,2.8081,2.5526,28.15,High Risk,Botol Sampel D,Sumber Air D,5
ALVIN-2026-05779,2026-09-18 08:19:15.600,334.82,2.97,1.1161,0.9913,1.0537,48.69,High Risk,Botol Sampel D,Sumber Air D,5
ALVIN-2026-05780,2026-09-18 08:19:15.800,599.44,7.9,1.9981,2.6339,2.316,30.16,High Risk,Botol Sampel E,Sumber Air E,5
ALVIN-2026-05781,2026-09-18 08:19:16.000,334.69,2.46,1.1156,0.8211,0.9684,50.8,High Risk,Botol Sampel E,Sumber Air E,5
ALVIN-2026-05782,2026-09-18 08:19:16.200,717.41,4.5,2.3914,1.5,1.9457,33.95,High Risk,Botol Sampel D,Sumber Air D,5
ALVIN-2026-05783,2026-09-18 08:19:16.400,67.49,0.36,0.225,0.1212,0.1731,85.24,Low Risk,Botol Sampel A,Sumber Air A,5
ALVIN-2026-05784,2026-09-18 08:19:16.600,649.76,6.29,2.1659,2.096,2.131,31.94,High Risk,Botol Sampel E,Sumber Air E,5
ALVIN-2026-05785,2026-09-18 08:19:16.800,305.21,3.86,1.0174,1.2872,1.1523,46.46,High Risk,Botol Sampel D,Sumber Air D,5
ALVIN-2026-05786,2026-09-18 08:19:17.000,155.4,1.53,0.518,0.5113,0.5147,66.02,Moderate Risk,Botol Sampel C,Sumber Air C,5
ALVIN-2026-05787,2026-09-18 08:19:17.200,42.16,0.47,0.1405,0.158,0.1492,87.02,Low Risk,Botol Sampel A,Sumber Air A,5
ALVIN-2026-05788,2026-09-18 08:19:17.400,66.4,0.1,0.2213,0.0333,0.1273,88.71,Moderate Risk,Botol Sampel B,Sumber Air B,5
ALVIN-2026-05789,2026-09-18 08:19:17.600,119.61,0.6,0.3987,0.2002,0.2994,76.96,Low Risk,Botol Sampel A,Sumber Air A,5
ALVIN-2026-05790,2026-09-18 08:19:17.800,687.78,7.58,2.2926,2.5267,2.4096,29.33,High Risk,Botol Sampel E,Sumber Air E,5
ALVIN-2026-05791,2026-09-18 08:19:18.000,641.88,11.44,2.1396,3.8121,2.9759,25.15,High Risk,Botol Sampel D,Sumber Air D,5
ALVIN-2026-05792,2026-09-18 08:19:18.200,674.25,11.28,2.2475,3.7611,3.0043,24.97,High Risk,Botol Sampel D,Sumber Air D,5
ALVIN-2026-05793,2026-09-18 08:19:18.400,694.66,7.34,2.3155,2.4471,2.3813,29.57,High Risk,Botol Sampel E,Sumber Air E,5
ALVIN-2026-05794,2026-09-18 08:19:18.600,219.89,2.16,0.733,0.7205,0.7268,57.91,Moderate Risk,Botol Sampel C,Sumber Air C,5
ALVIN-2026-05795,2026-09-18 08:19:18.800,578.88,7.6,1.9296,2.5349,2.2322,30.94,High Risk,Botol Sampel E,Sumber Air E,5
ALVIN-2026-05796,2026-09-18 08:19:19.000,111.72,0.78,0.3724,0.2591,0.3157,76.01,Low Risk,Botol Sampel A,Sumber Air A,5
ALVIN-2026-05797,2026-09-18 08:19:19.200,222.76,1.41,0.7425,0.4693,0.6059,62.27,Moderate Risk,Botol Sampel C,Sumber Air C,5
ALVIN-2026-05798,2026-09-18 08:19:19.400,140.0,1.57,0.4667,0.5229,0.4948,66.9,Moderate Risk,Botol Sampel B,Sumber Air B,5
ALVIN-2026-05799,2026-09-18 08:19:19.600,358.05,2.2,1.1935,0.7333,0.9634,50.93,High Risk,Botol Sampel D,Sumber Air D,5
ALVIN-2026-05800,2026-09-18 08:19:19.800,65.5,0.67,0.2183,0.2228,0.2206,81.93,Low Risk,Botol Sampel A,Sumber Air A,5
ALVIN-2026-05801,2026-09-18 08:19:20.000,290.0,2.39,0.9667,0.7981,0.8824,53.12,Moderate Risk,Botol Sampel B,Sumber Air B,5
ALVIN-2026-05802,2026-09-18 08:19:20.200,132.45,0.47,0.4415,0.1562,0.2988,76.99,Low Risk,Botol Sampel A,Sumber Air A,5
ALVIN-2026-05803,2026-09-18 08:19:20.400,360.97,3.04,1.2032,1.0125,1.1078,47.44,High Risk,Botol Sampel E,Sumber Air E,5
ALVIN-2026-05804,2026-09-18 08:19:20.600,85.44,0.41,0.2848,0.1364,0.2106,82.6,Low Risk,Botol Sampel A,Sumber Air A,5
ALVIN-2026-05805,2026-09-18 08:19:20.800,199.04,2.55,0.6635,0.8495,0.7565,56.93,Moderate Risk,Botol Sampel B,Sumber Air B,5
ALVIN-2026-05806,2026-09-18 08:19:21.000,837.53,9.24,2.7918,3.0814,2.9366,25.4,High Risk,Botol Sampel E,Sumber Air E,5
ALVIN-2026-05807,2026-09-18 08:19:21.200,280.0,3.65,0.9333,1.2174,1.0754,48.18,High Risk,Botol Sampel D,Sumber Air D,5
ALVIN-2026-05808,2026-09-18 08:19:21.400,194.49,1.47,0.6483,0.4891,0.5687,63.75,Moderate Risk,Botol Sampel C,Sumber Air C,5
ALVIN-2026-05809,2026-09-18 08:19:21.600,698.38,7.53,2.3279,2.5111,2.4195,29.24,High Risk,Botol Sampel D,Sumber Air D,5
ALVIN-2026-05810,2026-09-18 08:19:21.800,193.31,1.48,0.6444,0.4919,0.5681,63.77,Moderate Risk,Botol Sampel C,Sumber Air C,5
ALVIN-2026-05811,2026-09-18 08:19:22.000,166.87,2.05,0.5562,0.6845,0.6204,61.71,Moderate Risk,Botol Sampel B,Sumber Air B,5
ALVIN-2026-05812,2026-09-18 08:19:22.200,92.14,0.54,0.3071,0.1811,0.2441,80.38,Low Risk,Botol Sampel A,Sumber Air A,5
ALVIN-2026-05813,2026-09-18 08:19:22.400,236.89,2.78,0.7896,0.9277,0.8586,53.8,Moderate Risk,Botol Sampel B,Sumber Air B,5
ALVIN-2026-05814,2026-09-18 08:19:22.600,64.0,0.87,0.2133,0.289,0.2512,79.92,Low Risk,Botol Sampel A,Sumber Air A,5
ALVIN-2026-05815,2026-09-18 08:19:22.800,656.49,7.65,2.1883,2.549,2.3686,29.69,High Risk,Botol Sampel D,Sumber Air D,5
ALVIN-2026-05816,2026-09-18 08:19:23.000,88.09,0.85,0.2936,0.2844,0.289,77.58,Low Risk,Botol Sampel A,Sumber Air A,5
ALVIN-2026-05817,2026-09-18 08:19:23.200,297.65,2.2,0.9922,0.7333,0.8627,53.69,Moderate Risk,Botol Sampel C,Sumber Air C,5
ALVIN-2026-05818,2026-09-18 08:19:23.400,129.74,0.42,0.4325,0.1385,0.2855,77.79,Moderate Risk,Botol Sampel C,Sumber Air C,5
ALVIN-2026-05819,2026-09-18 08:19:23.600,550.21,12.85,1.834,4.2841,3.059,24.64,High Risk,Botol Sampel D,Sumber Air D,5
ALVIN-2026-05820,2026-09-18 08:19:23.800,176.67,1.33,0.5889,0.4424,0.5156,65.98,Moderate Risk,Botol Sampel B,Sumber Air B,5
ALVIN-2026-05821,2026-09-18 08:19:24.000,608.74,5.78,2.0291,1.9274,1.9782,33.58,High Risk,Botol Sampel E,Sumber Air E,5
ALVIN-2026-05822,2026-09-18 08:19:24.200,91.62,0.55,0.3054,0.1842,0.2448,80.33,Moderate Risk,Botol Sampel C,Sumber Air C,5
ALVIN-2026-05823,2026-09-18 08:19:24.400,129.88,0.54,0.4329,0.1793,0.3061,76.56,Moderate Risk,Botol Sampel C,Sumber Air C,5
ALVIN-2026-05824,2026-09-18 08:19:24.600,130.11,0.73,0.4337,0.2442,0.3389,74.69,Low Risk,Botol Sampel A,Sumber Air A,5
ALVIN-2026-05825,2026-09-18 08:19:24.800,107.28,0.66,0.3576,0.2198,0.2887,77.6,Low Risk,Botol Sampel A,Sumber Air A,5
ALVIN-2026-05826,2026-09-18 08:19:25.000,336.69,3.08,1.1223,1.0266,1.0745,48.2,High Risk,Botol Sampel D,Sumber Air D,5
ALVIN-2026-05827,2026-09-18 08:19:25.200,214.63,1.63,0.7154,0.543,0.6292,61.38,Moderate Risk,Botol Sampel B,Sumber Air B,5
ALVIN-2026-05828,2026-09-18 08:19:25.400,193.27,1.58,0.6442,0.5278,0.586,63.05,Moderate Risk,Botol Sampel C,Sumber Air C,5
ALVIN-2026-05829,2026-09-18 08:19:25.600,138.82,0.2,0.4627,0.0659,0.2643,79.1,Low Risk,Botol Sampel A,Sumber Air A,5
ALVIN-2026-05830,2026-09-18 08:19:25.800,394.89,2.98,1.3163,0.9921,1.1542,46.42,High Risk,Botol Sampel D,Sumber Air D,5
ALVIN-2026-05831,2026-09-18 08:19:26.000,380.09,2.4,1.267,0.7997,1.0334,49.18,High Risk,Botol Sampel E,Sumber Air E,5
ALVIN-2026-05832,2026-09-18 08:19:26.200,86.8,0.1,0.2893,0.0333,0.1613,86.11,Moderate Risk,Botol Sampel B,Sumber Air B,5
ALVIN-2026-05833,2026-09-18 08:19:26.400,307.03,4.21,1.0234,1.4045,1.214,45.17,High Risk,Botol Sampel E,Sumber Air E,5
ALVIN-2026-05834,2026-09-18 08:19:26.600,184.54,1.97,0.6151,0.6581,0.6366,61.1,Moderate Risk,Botol Sampel C,Sumber Air C,5
ALVIN-2026-05835,2026-09-18 08:19:26.800,240.92,2.32,0.8031,0.7733,0.7882,55.92,Moderate Risk,Botol Sampel B,Sumber Air B,5
ALVIN-2026-05836,2026-09-18 08:19:27.000,752.15,4.5,2.5072,1.5,2.0036,33.29,High Risk,Botol Sampel E,Sumber Air E,5
ALVIN-2026-05837,2026-09-18 08:19:27.200,155.29,1.51,0.5176,0.5043,0.511,66.18,Moderate Risk,Botol Sampel C,Sumber Air C,5
ALVIN-2026-05838,2026-09-18 08:19:27.400,416.48,3.67,1.3883,1.2249,1.3066,43.35,High Risk,Botol Sampel D,Sumber Air D,5
ALVIN-2026-05839,2026-09-18 08:19:27.600,610.35,6.69,2.0345,2.2305,2.1325,31.92,High Risk,Botol Sampel D,Sumber Air D,5
ALVIN-2026-05840,2026-09-18 08:19:27.800,309.04,3.84,1.0301,1.2785,1.1543,46.42,High Risk,Botol Sampel E,Sumber Air E,5
ALVIN-2026-05841,2026-09-18 08:19:28.000,210.15,1.66,0.7005,0.5532,0.6268,61.47,Moderate Risk,Botol Sampel B,Sumber Air B,5
ALVIN-2026-05842,2026-09-18 08:19:28.200,575.56,8.72,1.9185,2.9062,2.4124,29.3,High Risk,Botol Sampel E,Sumber Air E,5
ALVIN-2026-05843,2026-09-18 08:19:28.400,206.79,2.08,0.6893,0.6946,0.692,59.1,Moderate Risk,Botol Sampel C,Sumber Air C,5
ALVIN-2026-05844,2026-09-18 08:19:28.600,661.79,7.28,2.206,2.4279,2.317,30.15,High Risk,Botol Sampel D,Sumber Air D,5
ALVIN-2026-05845,2026-09-18 08:19:28.800,66.8,0.64,0.2227,0.2117,0.2172,82.16,Low Risk,Botol Sampel A,Sumber Air A,5
ALVIN-2026-05846,2026-09-18 08:19:29.000,402.9,4.86,1.343,1.6191,1.481,40.31,High Risk,Botol Sampel D,Sumber Air D,5
ALVIN-2026-05847,2026-09-18 08:19:29.200,109.56,0.52,0.3652,0.175,0.2701,78.73,Moderate Risk,Botol Sampel B,Sumber Air B,5
ALVIN-2026-05848,2026-09-18 08:19:29.400,209.36,2.11,0.6979,0.7022,0.7001,58.82,Moderate Risk,Botol Sampel B,Sumber Air B,5
ALVIN-2026-05849,2026-09-18 08:19:29.600,127.68,0.53,0.4256,0.1762,0.3009,76.87,Moderate Risk,Botol Sampel C,Sumber Air C,5
ALVIN-2026-05850,2026-09-18 08:19:29.800,174.74,2.26,0.5825,0.7519,0.6672,59.98,Moderate Risk,Botol Sampel C,Sumber Air C,5
ALVIN-2026-05851,2026-09-18 08:19:30.000,206.0,2.17,0.6867,0.7243,0.7055,58.63,Moderate Risk,Botol Sampel C,Sumber Air C,5
ALVIN-2026-05852,2026-09-18 08:19:30.200,194.89,1.16,0.6496,0.3851,0.5174,65.9,Moderate Risk,Botol Sampel B,Sumber Air B,5
ALVIN-2026-05853,2026-09-18 08:19:30.400,202.63,1.31,0.6754,0.4365,0.5559,64.27,Moderate Risk,Botol Sampel B,Sumber Air B,5
ALVIN-2026-05854,2026-09-18 08:19:30.600,421.02,2.73,1.4034,0.911,1.1572,46.36,High Risk,Botol Sampel E,Sumber Air E,5
ALVIN-2026-05855,2026-09-18 08:19:30.800,790.68,4.5,2.6356,1.5,2.0678,32.6,High Risk,Botol Sampel E,Sumber Air E,5
ALVIN-2026-05856,2026-09-18 08:19:31.000,251.23,1.86,0.8374,0.621,0.7292,57.83,Moderate Risk,Botol Sampel C,Sumber Air C,5
ALVIN-2026-05857,2026-09-18 08:19:31.200,245.45,1.71,0.8182,0.5698,0.694,59.03,Moderate Risk,Botol Sampel C,Sumber Air C,5
ALVIN-2026-05858,2026-09-18 08:19:31.400,578.64,8.53,1.9288,2.842,2.3854,29.54,High Risk,Botol Sampel D,Sumber Air D,5
ALVIN-2026-05859,2026-09-18 08:19:31.600,249.59,2.36,0.832,0.7877,0.8098,55.25,Moderate Risk,Botol Sampel C,Sumber Air C,5
ALVIN-2026-05860,2026-09-18 08:19:31.800,183.67,1.96,0.6122,0.6549,0.6336,61.21,Moderate Risk,Botol Sampel C,Sumber Air C,5
ALVIN-2026-05861,2026-09-18 08:19:32.000,219.72,1.57,0.7324,0.522,0.6272,61.46,Moderate Risk,Botol Sampel B,Sumber Air B,5
ALVIN-2026-05862,2026-09-18 08:19:32.200,344.52,2.96,1.1484,0.9879,1.0682,48.35,High Risk,Botol Sampel E,Sumber Air E,5
ALVIN-2026-05863,2026-09-18 08:19:32.400,385.78,2.98,1.2859,0.9927,1.1393,46.74,High Risk,Botol Sampel D,Sumber Air D,5
ALVIN-2026-05864,2026-09-18 08:19:32.600,386.61,3.64,1.2887,1.215,1.2519,44.41,High Risk,Botol Sampel E,Sumber Air E,5
ALVIN-2026-05865,2026-09-18 08:19:32.800,327.16,4.74,1.0905,1.5788,1.3346,42.83,High Risk,Botol Sampel E,Sumber Air E,5
ALVIN-2026-05866,2026-09-18 08:19:33.000,255.74,1.83,0.8525,0.6099,0.7312,57.76,Moderate Risk,Botol Sampel B,Sumber Air B,5
ALVIN-2026-05867,2026-09-18 08:19:33.200,58.93,0.66,0.1964,0.2184,0.2074,82.82,Low Risk,Botol Sampel A,Sumber Air A,5
ALVIN-2026-05868,2026-09-18 08:19:33.400,129.84,0.52,0.4328,0.1729,0.3028,76.76,Low Risk,Botol Sampel A,Sumber Air A,5
ALVIN-2026-05869,2026-09-18 08:19:33.600,438.42,6.53,1.4614,2.1751,1.8182,35.48,High Risk,Botol Sampel E,Sumber Air E,5
ALVIN-2026-05870,2026-09-18 08:19:33.800,875.09,8.52,2.917,2.8402,2.8786,25.78,High Risk,Botol Sampel D,Sumber Air D,5
ALVIN-2026-05871,2026-09-18 08:19:34.000,384.08,3.5,1.2803,1.1678,1.224,44.96,High Risk,Botol Sampel D,Sumber Air D,5
ALVIN-2026-05872,2026-09-18 08:19:34.200,311.53,3.18,1.0384,1.0587,1.0486,48.81,High Risk,Botol Sampel D,Sumber Air D,5
ALVIN-2026-05873,2026-09-18 08:19:34.400,115.52,0.56,0.3851,0.1869,0.286,77.76,Low Risk,Botol Sampel A,Sumber Air A,5
ALVIN-2026-05874,2026-09-18 08:19:34.600,498.35,10.03,1.6612,3.3431,2.5022,28.55,High Risk,Botol Sampel E,Sumber Air E,5
ALVIN-2026-05875,2026-09-18 08:19:34.800,105.96,0.21,0.3532,0.071,0.2121,82.5,Moderate Risk,Botol Sampel B,Sumber Air B,5
ALVIN-2026-05876,2026-09-18 08:19:35.000,220.38,2.25,0.7346,0.7513,0.743,57.37,Moderate Risk,Botol Sampel B,Sumber Air B,5
ALVIN-2026-05877,2026-09-18 08:19:35.200,400.0,9.63,1.3333,3.2097,2.2715,30.57,High Risk,Botol Sampel D,Sumber Air D,5
ALVIN-2026-05878,2026-09-18 08:19:35.400,290.0,1.21,0.9667,0.4022,0.6844,59.37,Moderate Risk,Botol Sampel B,Sumber Air B,5
ALVIN-2026-05879,2026-09-18 08:19:35.600,378.88,4.37,1.2629,1.4564,1.3596,42.38,High Risk,Botol Sampel D,Sumber Air D,5
ALVIN-2026-05880,2026-09-18 08:19:35.800,122.37,1.01,0.4079,0.3375,0.3727,72.85,Low Risk,Botol Sampel A,Sumber Air A,5
ALVIN-2026-05881,2026-09-18 08:19:36.000,330.21,3.33,1.1007,1.1097,1.1052,47.5,High Risk,Botol Sampel D,Sumber Air D,5
ALVIN-2026-05882,2026-09-18 08:19:36.200,721.86,5.79,2.4062,1.9316,2.1689,31.56,High Risk,Botol Sampel E,Sumber Air E,5
ALVIN-2026-05883,2026-09-18 08:19:36.400,194.59,1.69,0.6486,0.5621,0.6054,62.29,Moderate Risk,Botol Sampel B,Sumber Air B,5
ALVIN-2026-05884,2026-09-18 08:19:36.600,357.7,3.51,1.1923,1.1689,1.1806,45.86,High Risk,Botol Sampel E,Sumber Air E,5
ALVIN-2026-05885,2026-09-18 08:19:36.800,230.85,1.0,0.7695,0.3333,0.5514,64.46,Moderate Risk,Botol Sampel B,Sumber Air B,5
ALVIN-2026-05886,2026-09-18 08:19:37.000,363.31,4.58,1.211,1.5261,1.3686,42.22,High Risk,Botol Sampel E,Sumber Air E,5
ALVIN-2026-05887,2026-09-18 08:19:37.200,699.23,10.11,2.3308,3.3704,2.8506,25.97,High Risk,Botol Sampel E,Sumber Air E,5
ALVIN-2026-05888,2026-09-18 08:19:37.400,420.78,7.99,1.4026,2.6625,2.0326,32.98,High Risk,Botol Sampel E,Sumber Air E,5
ALVIN-2026-05889,2026-09-18 08:19:37.600,121.36,0.7,0.4045,0.234,0.3193,75.8,Low Risk,Botol Sampel A,Sumber Air A,5
ALVIN-2026-05890,2026-09-18 08:19:37.800,185.92,1.66,0.6197,0.5532,0.5864,63.04,Moderate Risk,Botol Sampel B,Sumber Air B,5
ALVIN-2026-05891,2026-09-18 08:19:38.000,271.64,1.52,0.9055,0.5056,0.7056,58.63,Moderate Risk,Botol Sampel C,Sumber Air C,5
ALVIN-2026-05892,2026-09-18 08:19:38.200,557.01,7.66,1.8567,2.5518,2.2042,31.21,High Risk,Botol Sampel D,Sumber Air D,5
ALVIN-2026-05893,2026-09-18 08:19:38.400,65.88,0.78,0.2196,0.2592,0.2394,80.68,Low Risk,Botol Sampel A,Sumber Air A,5
ALVIN-2026-05894,2026-09-18 08:19:38.600,280.0,3.95,0.9333,1.3164,1.1248,47.06,High Risk,Botol Sampel D,Sumber Air D,5
ALVIN-2026-05895,2026-09-18 08:19:38.800,284.17,2.44,0.9472,0.8146,0.8809,53.17,Moderate Risk,Botol Sampel B,Sumber Air B,5
ALVIN-2026-05896,2026-09-18 08:19:39.000,622.12,7.36,2.0737,2.4541,2.2639,30.64,High Risk,Botol Sampel E,Sumber Air E,5
ALVIN-2026-05897,2026-09-18 08:19:39.200,200.71,1.47,0.669,0.4916,0.5803,63.28,Moderate Risk,Botol Sampel C,Sumber Air C,5
ALVIN-2026-05898,2026-09-18 08:19:39.400,401.43,3.65,1.3381,1.2171,1.2776,43.91,High Risk,Botol Sampel D,Sumber Air D,5
ALVIN-2026-05899,2026-09-18 08:19:39.600,253.33,2.61,0.8444,0.8703,0.8574,53.84,Moderate Risk,Botol Sampel B,Sumber Air B,5
ALVIN-2026-05900,2026-09-18 08:19:39.800,309.49,4.75,1.0316,1.5822,1.3069,43.35,High Risk,Botol Sampel E,Sumber Air E,5
ALVIN-2026-05901,2026-09-18 08:19:40.000,352.98,3.76,1.1766,1.252,1.2143,45.16,High Risk,Botol Sampel D,Sumber Air D,5
ALVIN-2026-05902,2026-09-18 08:19:40.200,98.37,0.94,0.3279,0.3129,0.3204,75.73,Low Risk,Botol Sampel A,Sumber Air A,5
ALVIN-2026-05903,2026-09-18 08:19:40.400,348.71,4.09,1.1624,1.3625,1.2624,44.2,High Risk,Botol Sampel E,Sumber Air E,5
ALVIN-2026-05904,2026-09-18 08:19:40.600,280.0,4.49,0.9333,1.4957,1.2145,45.16,High Risk,Botol Sampel D,Sumber Air D,5
ALVIN-2026-05905,2026-09-18 08:19:40.800,610.46,5.8,2.0349,1.933,1.984,33.51,High Risk,Botol Sampel D,Sumber Air D,5
ALVIN-2026-05906,2026-09-18 08:19:41.000,677.54,5.97,2.2585,1.9894,2.124,32.01,High Risk,Botol Sampel E,Sumber Air E,5
ALVIN-2026-05907,2026-09-18 08:19:41.200,607.32,5.07,2.0244,1.6898,1.8571,35.0,High Risk,Botol Sampel D,Sumber Air D,5
ALVIN-2026-05908,2026-09-18 08:19:41.400,195.26,1.44,0.6509,0.4792,0.5651,63.89,Moderate Risk,Botol Sampel C,Sumber Air C,5
ALVIN-2026-05909,2026-09-18 08:19:41.600,241.23,1.79,0.8041,0.5964,0.7002,58.82,Moderate Risk,Botol Sampel B,Sumber Air B,5
ALVIN-2026-05910,2026-09-18 08:19:41.800,118.72,0.1,0.3957,0.0333,0.2145,82.34,Low Risk,Botol Sampel A,Sumber Air A,5
ALVIN-2026-05911,2026-09-18 08:19:42.000,359.68,4.72,1.1989,1.5727,1.3858,41.91,High Risk,Botol Sampel E,Sumber Air E,5
ALVIN-2026-05912,2026-09-18 08:19:42.200,592.42,5.72,1.9747,1.9076,1.9412,34.0,High Risk,Botol Sampel D,Sumber Air D,5
ALVIN-2026-05913,2026-09-18 08:19:42.400,619.3,11.08,2.0643,3.6922,2.8782,25.79,High Risk,Botol Sampel D,Sumber Air D,5
ALVIN-2026-05914,2026-09-18 08:19:42.600,339.33,3.38,1.1311,1.1278,1.1294,46.96,High Risk,Botol Sampel E,Sumber Air E,5
ALVIN-2026-05915,2026-09-18 08:19:42.800,223.99,2.09,0.7466,0.6954,0.721,58.11,Moderate Risk,Botol Sampel C,Sumber Air C,5
ALVIN-2026-05916,2026-09-18 08:19:43.000,251.42,2.17,0.8381,0.7234,0.7808,56.15,Moderate Risk,Botol Sampel C,Sumber Air C,5
ALVIN-2026-05917,2026-09-18 08:19:43.200,362.54,3.2,1.2085,1.0654,1.1369,46.8,High Risk,Botol Sampel D,Sumber Air D,5
ALVIN-2026-05918,2026-09-18 08:19:43.400,244.92,1.92,0.8164,0.6409,0.7286,57.85,Moderate Risk,Botol Sampel B,Sumber Air B,5
ALVIN-2026-05919,2026-09-18 08:19:43.600,332.59,4.36,1.1086,1.4535,1.281,43.84,High Risk,Botol Sampel E,Sumber Air E,5
ALVIN-2026-05920,2026-09-18 08:19:43.800,145.0,0.92,0.4833,0.3067,0.395,71.68,Low Risk,Botol Sampel A,Sumber Air A,5
ALVIN-2026-05921,2026-09-18 08:19:44.000,329.37,3.44,1.0979,1.1481,1.123,47.1,High Risk,Botol Sampel E,Sumber Air E,5
ALVIN-2026-05922,2026-09-18 08:19:44.200,174.97,1.41,0.5832,0.4688,0.526,65.53,Moderate Risk,Botol Sampel B,Sumber Air B,5
ALVIN-2026-05923,2026-09-18 08:19:44.400,191.1,1.84,0.637,0.6118,0.6244,61.56,Moderate Risk,Botol Sampel C,Sumber Air C,5
ALVIN-2026-05924,2026-09-18 08:19:44.600,262.1,2.6,0.8737,0.8661,0.8699,53.48,Moderate Risk,Botol Sampel B,Sumber Air B,5
ALVIN-2026-05925,2026-09-18 08:19:44.800,76.66,0.51,0.2555,0.1695,0.2125,82.47,Low Risk,Botol Sampel A,Sumber Air A,5
ALVIN-2026-05926,2026-09-18 08:19:45.000,406.07,4.76,1.3536,1.585,1.4693,40.5,High Risk,Botol Sampel E,Sumber Air E,5
ALVIN-2026-05927,2026-09-18 08:19:45.200,192.77,2.2,0.6426,0.7344,0.6885,59.22,Moderate Risk,Botol Sampel C,Sumber Air C,5
ALVIN-2026-05928,2026-09-18 08:19:45.400,121.71,1.0,0.4057,0.3341,0.3699,73.0,Moderate Risk,Botol Sampel B,Sumber Air B,5
ALVIN-2026-05929,2026-09-18 08:19:45.600,116.01,0.65,0.3867,0.2177,0.3022,76.79,Low Risk,Botol Sampel A,Sumber Air A,5
ALVIN-2026-05930,2026-09-18 08:19:45.800,306.8,3.55,1.0227,1.1828,1.1027,47.56,High Risk,Botol Sampel D,Sumber Air D,5
ALVIN-2026-05931,2026-09-18 08:19:46.000,133.33,0.88,0.4444,0.2936,0.369,73.05,Low Risk,Botol Sampel A,Sumber Air A,5
ALVIN-2026-05932,2026-09-18 08:19:46.200,123.66,0.57,0.4122,0.1901,0.3012,76.85,Low Risk,Botol Sampel A,Sumber Air A,5
ALVIN-2026-05933,2026-09-18 08:19:46.400,400.0,6.41,1.3333,2.1367,1.735,36.56,High Risk,Botol Sampel D,Sumber Air D,5
ALVIN-2026-05934,2026-09-18 08:19:46.600,157.42,1.01,0.5247,0.3355,0.4301,69.93,Moderate Risk,Botol Sampel C,Sumber Air C,5
ALVIN-2026-05935,2026-09-18 08:19:46.800,484.39,5.43,1.6146,1.81,1.7123,36.87,High Risk,Botol Sampel D,Sumber Air D,5
ALVIN-2026-05936,2026-09-18 08:19:47.000,747.69,11.48,2.4923,3.8272,3.1598,24.04,High Risk,Botol Sampel D,Sumber Air D,5
ALVIN-2026-05937,2026-09-18 08:19:47.200,161.32,1.66,0.5377,0.5523,0.545,64.72,Moderate Risk,Botol Sampel B,Sumber Air B,5
ALVIN-2026-05938,2026-09-18 08:19:47.400,110.53,0.71,0.3684,0.2354,0.3019,76.81,Moderate Risk,Botol Sampel C,Sumber Air C,5
ALVIN-2026-05939,2026-09-18 08:19:47.600,392.88,2.97,1.3096,0.9903,1.15,46.51,High Risk,Botol Sampel E,Sumber Air E,5
ALVIN-2026-05940,2026-09-18 08:19:47.800,530.98,7.38,1.7699,2.4601,2.115,32.1,High Risk,Botol Sampel E,Sumber Air E,5
ALVIN-2026-05941,2026-09-18 08:19:48.000,208.82,1.28,0.6961,0.4276,0.5618,64.03,Moderate Risk,Botol Sampel C,Sumber Air C,5
ALVIN-2026-05942,2026-09-18 08:19:48.200,780.78,8.89,2.6026,2.9623,2.7824,26.44,High Risk,Botol Sampel D,Sumber Air D,5
ALVIN-2026-05943,2026-09-18 08:19:48.400,138.71,0.95,0.4624,0.3164,0.3894,71.97,Low Risk,Botol Sampel A,Sumber Air A,5
ALVIN-2026-05944,2026-09-18 08:19:48.600,429.0,3.5,1.43,1.1668,1.2984,43.51,High Risk,Botol Sampel D,Sumber Air D,5
ALVIN-2026-05945,2026-09-18 08:19:48.800,343.54,3.86,1.1451,1.2859,1.2155,45.14,High Risk,Botol Sampel E,Sumber Air E,5
ALVIN-2026-05946,2026-09-18 08:19:49.000,461.9,7.95,1.5397,2.6495,2.0946,32.31,High Risk,Botol Sampel E,Sumber Air E,5
ALVIN-2026-05947,2026-09-18 08:19:49.200,357.62,3.24,1.1921,1.0801,1.1361,46.81,High Risk,Botol Sampel E,Sumber Air E,5
ALVIN-2026-05948,2026-09-18 08:19:49.400,313.21,3.97,1.044,1.3234,1.1837,45.79,High Risk,Botol Sampel E,Sumber Air E,5
ALVIN-2026-05949,2026-09-18 08:19:49.600,175.33,1.99,0.5844,0.6622,0.6233,61.6,Moderate Risk,Botol Sampel B,Sumber Air B,5
ALVIN-2026-05950,2026-09-18 08:19:49.800,582.77,9.73,1.9426,3.2444,2.5935,27.83,High Risk,Botol Sampel E,Sumber Air E,5
ALVIN-2026-05951,2026-09-18 08:19:50.000,458.34,5.22,1.5278,1.7395,1.6336,37.97,High Risk,Botol Sampel D,Sumber Air D,5
ALVIN-2026-05952,2026-09-18 08:19:50.200,970.79,9.03,3.236,3.0111,3.1236,24.25,High Risk,Botol Sampel E,Sumber Air E,5
ALVIN-2026-05953,2026-09-18 08:19:50.400,359.72,3.69,1.1991,1.2303,1.2147,45.15,High Risk,Botol Sampel E,Sumber Air E,5
ALVIN-2026-05954,2026-09-18 08:19:50.600,642.8,9.71,2.1427,3.2382,2.6905,27.1,High Risk,Botol Sampel D,Sumber Air D,5
ALVIN-2026-05955,2026-09-18 08:19:50.800,627.04,8.93,2.0901,2.9765,2.5333,28.3,High Risk,Botol Sampel E,Sumber Air E,5
ALVIN-2026-05956,2026-09-18 08:19:51.000,220.25,2.18,0.7342,0.727,0.7306,57.78,Moderate Risk,Botol Sampel B,Sumber Air B,5
ALVIN-2026-05957,2026-09-18 08:19:51.200,126.19,0.2,0.4206,0.068,0.2443,80.37,Low Risk,Botol Sampel A,Sumber Air A,5
ALVIN-2026-05958,2026-09-18 08:19:51.400,315.86,3.29,1.0529,1.0959,1.0744,48.21,High Risk,Botol Sampel D,Sumber Air D,5
ALVIN-2026-05959,2026-09-18 08:19:51.600,308.63,3.56,1.0288,1.1883,1.1086,47.42,High Risk,Botol Sampel E,Sumber Air E,5
ALVIN-2026-05960,2026-09-18 08:19:51.800,114.04,0.98,0.3801,0.3273,0.3537,73.87,Moderate Risk,Botol Sampel C,Sumber Air C,5
ALVIN-2026-05961,2026-09-18 08:19:52.000,84.88,0.38,0.2829,0.1263,0.2046,83.02,Low Risk,Botol Sampel A,Sumber Air A,5
ALVIN-2026-05962,2026-09-18 08:19:52.200,725.43,5.42,2.4181,1.8075,2.1128,32.13,High Risk,Botol Sampel D,Sumber Air D,5
ALVIN-2026-05963,2026-09-18 08:19:52.400,183.62,1.46,0.6121,0.4883,0.5502,64.51,Moderate Risk,Botol Sampel B,Sumber Air B,5
ALVIN-2026-05964,2026-09-18 08:19:52.600,72.82,0.35,0.2427,0.1178,0.1802,84.73,Low Risk,Botol Sampel A,Sumber Air A,5
ALVIN-2026-05965,2026-09-18 08:19:52.800,754.17,9.28,2.5139,3.092,2.803,26.3,High Risk,Botol Sampel E,Sumber Air E,5
ALVIN-2026-05966,2026-09-18 08:19:53.000,219.11,2.3,0.7304,0.7666,0.7485,57.19,Moderate Risk,Botol Sampel B,Sumber Air B,5
ALVIN-2026-05967,2026-09-18 08:19:53.200,666.41,8.27,2.2214,2.7571,2.4893,28.66,High Risk,Botol Sampel E,Sumber Air E,5
ALVIN-2026-05968,2026-09-18 08:19:53.400,588.48,7.23,1.9616,2.4091,2.1854,31.39,High Risk,Botol Sampel D,Sumber Air D,5
ALVIN-2026-05969,2026-09-18 08:19:53.600,281.93,2.75,0.9398,0.9178,0.9288,51.85,Moderate Risk,Botol Sampel B,Sumber Air B,5
ALVIN-2026-05970,2026-09-18 08:19:53.800,225.13,1.73,0.7504,0.5778,0.6641,60.09,Moderate Risk,Botol Sampel C,Sumber Air C,5
ALVIN-2026-05971,2026-09-18 08:19:54.000,270.94,1.81,0.9031,0.6049,0.754,57.01,Moderate Risk,Botol Sampel C,Sumber Air C,5
ALVIN-2026-05972,2026-09-18 08:19:54.200,280.0,3.43,0.9333,1.142,1.0376,49.08,High Risk,Botol Sampel E,Sumber Air E,5
ALVIN-2026-05973,2026-09-18 08:19:54.400,391.04,2.28,1.3035,0.7615,1.0325,49.2,High Risk,Botol Sampel E,Sumber Air E,5
ALVIN-2026-05974,2026-09-18 08:19:54.600,237.58,1.36,0.7919,0.4527,0.6223,61.64,Moderate Risk,Botol Sampel B,Sumber Air B,5
ALVIN-2026-05975,2026-09-18 08:19:54.800,100.68,0.1,0.3356,0.0333,0.1844,84.43,Moderate Risk,Botol Sampel B,Sumber Air B,5
ALVIN-2026-05976,2026-09-18 08:19:55.000,140.0,1.55,0.4667,0.517,0.4918,67.03,Moderate Risk,Botol Sampel B,Sumber Air B,5
ALVIN-2026-05977,2026-09-18 08:19:55.200,321.98,4.53,1.0733,1.5095,1.2914,43.64,High Risk,Botol Sampel D,Sumber Air D,5
ALVIN-2026-05978,2026-09-18 08:19:55.400,539.71,7.57,1.799,2.5231,2.161,31.64,High Risk,Botol Sampel D,Sumber Air D,5
ALVIN-2026-05979,2026-09-18 08:19:55.600,526.38,9.84,1.7546,3.2786,2.5166,28.44,High Risk,Botol Sampel E,Sumber Air E,5
ALVIN-2026-05980,2026-09-18 08:19:55.800,88.86,1.11,0.2962,0.3693,0.3328,75.03,Moderate Risk,Botol Sampel B,Sumber Air B,5
ALVIN-2026-05981,2026-09-18 08:19:56.000,280.0,4.17,0.9333,1.3888,1.161,46.27,High Risk,Botol Sampel E,Sumber Air E,5
ALVIN-2026-05982,2026-09-18 08:19:56.200,165.65,1.96,0.5522,0.652,0.6021,62.42,Moderate Risk,Botol Sampel B,Sumber Air B,5
ALVIN-2026-05983,2026-09-18 08:19:56.400,88.92,0.4,0.2964,0.1319,0.2142,82.36,Low Risk,Botol Sampel A,Sumber Air A,5
ALVIN-2026-05984,2026-09-18 08:19:56.600,249.46,1.47,0.8315,0.4915,0.6615,60.19,Moderate Risk,Botol Sampel B,Sumber Air B,5
ALVIN-2026-05985,2026-09-18 08:19:56.800,646.71,8.38,2.1557,2.7947,2.4752,28.78,High Risk,Botol Sampel E,Sumber Air E,5
ALVIN-2026-05986,2026-09-18 08:19:57.000,265.47,1.99,0.8849,0.6627,0.7738,56.38,Moderate Risk,Botol Sampel B,Sumber Air B,5
ALVIN-2026-05987,2026-09-18 08:19:57.200,201.29,2.23,0.671,0.742,0.7065,58.6,Moderate Risk,Botol Sampel B,Sumber Air B,5
ALVIN-2026-05988,2026-09-18 08:19:57.400,91.26,0.21,0.3042,0.0685,0.1864,84.29,Low Risk,Botol Sampel A,Sumber Air A,5
ALVIN-2026-05989,2026-09-18 08:19:57.600,227.14,1.53,0.7571,0.5106,0.6338,61.21,Moderate Risk,Botol Sampel B,Sumber Air B,5
ALVIN-2026-05990,2026-09-18 08:19:57.800,215.19,1.2,0.7173,0.3983,0.5578,64.19,Moderate Risk,Botol Sampel C,Sumber Air C,5
ALVIN-2026-05991,2026-09-18 08:19:58.000,102.38,0.1,0.3413,0.0333,0.1873,84.22,Low Risk,Botol Sampel A,Sumber Air A,5
ALVIN-2026-05992,2026-09-18 08:19:58.200,198.5,1.88,0.6617,0.625,0.6434,60.85,Moderate Risk,Botol Sampel B,Sumber Air B,5
ALVIN-2026-05993,2026-09-18 08:19:58.400,413.54,3.7,1.3785,1.2349,1.3067,43.35,High Risk,Botol Sampel D,Sumber Air D,5
ALVIN-2026-05994,2026-09-18 08:19:58.600,97.24,1.0,0.3241,0.3319,0.328,75.3,Low Risk,Botol Sampel A,Sumber Air A,5
ALVIN-2026-05995,2026-09-18 08:19:58.800,255.85,1.65,0.8528,0.5486,0.7007,58.8,Moderate Risk,Botol Sampel C,Sumber Air C,5
ALVIN-2026-05996,2026-09-18 08:19:59.000,325.13,3.36,1.0838,1.1187,1.1012,47.59,High Risk,Botol Sampel E,Sumber Air E,5
ALVIN-2026-05997,2026-09-18 08:19:59.200,144.83,2.32,0.4828,0.7749,0.6288,61.39,Moderate Risk,Botol Sampel C,Sumber Air C,5
ALVIN-2026-05998,2026-09-18 08:19:59.400,197.08,2.27,0.6569,0.7558,0.7064,58.6,Moderate Risk,Botol Sampel C,Sumber Air C,5
ALVIN-2026-05999,2026-09-18 08:19:59.600,329.63,3.69,1.0988,1.2285,1.1636,46.22,High Risk,Botol Sampel E,Sumber Air E,5
ALVIN-2026-06000,2026-09-18 08:19:59.800,200.45,2.14,0.6682,0.7121,0.6902,59.16,Moderate Risk,Botol Sampel C,Sumber Air C,5
ALVIN-2026-06001,2026-09-18 08:20:00.000,577.54,7.07,1.9251,2.3578,2.1414,31.83,High Risk,Botol Sampel D,Sumber Air D,5
ALVIN-2026-06002,2026-09-18 08:20:00.200,389.4,5.5,1.298,1.8333,1.5656,38.98,High Risk,Botol Sampel D,Sumber Air D,5
ALVIN-2026-06003,2026-09-18 08:20:00.400,455.14,9.64,1.5171,3.2126,2.3648,29.72,High Risk,Botol Sampel D,Sumber Air D,5
ALVIN-2026-06004,2026-09-18 08:20:00.600,74.33,0.29,0.2478,0.0983,0.173,85.25,Low Risk,Botol Sampel A,Sumber Air A,5
ALVIN-2026-06005,2026-09-18 08:20:00.800,829.64,5.68,2.7655,1.8931,2.3293,30.04,High Risk,Botol Sampel D,Sumber Air D,5
ALVIN-2026-06006,2026-09-18 08:20:01.000,489.52,7.97,1.6317,2.6574,2.1445,31.8,High Risk,Botol Sampel D,Sumber Air D,5
ALVIN-2026-06007,2026-09-18 08:20:01.200,238.75,1.42,0.7958,0.4721,0.634,61.2,Moderate Risk,Botol Sampel B,Sumber Air B,5
ALVIN-2026-06008,2026-09-18 08:20:01.400,738.36,4.5,2.4612,1.5,1.9806,33.55,High Risk,Botol Sampel E,Sumber Air E,5
ALVIN-2026-06009,2026-09-18 08:20:01.600,573.15,6.45,1.9105,2.1494,2.03,33.0,High Risk,Botol Sampel D,Sumber Air D,5
ALVIN-2026-06010,2026-09-18 08:20:01.800,420.96,4.5,1.4032,1.5,1.4516,40.79,High Risk,Botol Sampel D,Sumber Air D,5
ALVIN-2026-06011,2026-09-18 08:20:02.000,831.86,8.37,2.7729,2.7887,2.7808,26.45,High Risk,Botol Sampel D,Sumber Air D,5
ALVIN-2026-06012,2026-09-18 08:20:02.200,126.06,0.24,0.4202,0.0801,0.2502,79.99,Low Risk,Botol Sampel A,Sumber Air A,5
ALVIN-2026-06013,2026-09-18 08:20:02.400,140.0,1.62,0.4667,0.5408,0.5037,66.5,Moderate Risk,Botol Sampel B,Sumber Air B,5
ALVIN-2026-06014,2026-09-18 08:20:02.600,198.58,1.89,0.6619,0.6313,0.6466,60.73,Moderate Risk,Botol Sampel C,Sumber Air C,5
ALVIN-2026-06015,2026-09-18 08:20:02.800,104.63,0.94,0.3488,0.315,0.3319,75.08,Low Risk,Botol Sampel A,Sumber Air A,5
ALVIN-2026-06016,2026-09-18 08:20:03.000,226.54,1.18,0.7551,0.3935,0.5743,63.52,Moderate Risk,Botol Sampel B,Sumber Air B,5
ALVIN-2026-06017,2026-09-18 08:20:03.200,588.98,8.96,1.9633,2.9879,2.4756,28.77,High Risk,Botol Sampel E,Sumber Air E,5
ALVIN-2026-06018,2026-09-18 08:20:03.400,696.76,11.82,2.3225,3.9391,3.1308,24.21,High Risk,Botol Sampel D,Sumber Air D,5
ALVIN-2026-06019,2026-09-18 08:20:03.600,111.48,0.79,0.3716,0.2629,0.3173,75.91,Moderate Risk,Botol Sampel C,Sumber Air C,5
ALVIN-2026-06020,2026-09-18 08:20:03.800,280.0,3.78,0.9333,1.2594,1.0964,47.7,High Risk,Botol Sampel E,Sumber Air E,5
ALVIN-2026-06021,2026-09-18 08:20:04.000,730.25,7.31,2.4342,2.4352,2.4347,29.11,High Risk,Botol Sampel D,Sumber Air D,5
ALVIN-2026-06022,2026-09-18 08:20:04.200,593.1,5.49,1.977,1.8286,1.9028,34.45,High Risk,Botol Sampel E,Sumber Air E,5
ALVIN-2026-06023,2026-09-18 08:20:04.400,327.77,3.16,1.0926,1.0548,1.0737,48.22,High Risk,Botol Sampel E,Sumber Air E,5
ALVIN-2026-06024,2026-09-18 08:20:04.600,135.85,0.6,0.4528,0.2014,0.3271,75.35,Low Risk,Botol Sampel A,Sumber Air A,5
ALVIN-2026-06025,2026-09-18 08:20:04.800,696.42,10.01,2.3214,3.3378,2.8296,26.11,High Risk,Botol Sampel E,Sumber Air E,5
ALVIN-2026-06026,2026-09-18 08:20:05.000,103.02,0.59,0.3434,0.1974,0.2704,78.72,Moderate Risk,Botol Sampel B,Sumber Air B,5
ALVIN-2026-06027,2026-09-18 08:20:05.200,90.76,0.54,0.3025,0.1812,0.2418,80.53,Low Risk,Botol Sampel A,Sumber Air A,5
ALVIN-2026-06028,2026-09-18 08:20:05.400,374.45,2.29,1.2482,0.7649,1.0066,49.84,High Risk,Botol Sampel D,Sumber Air D,5
ALVIN-2026-06029,2026-09-18 08:20:05.600,103.26,0.51,0.3442,0.1709,0.2576,79.52,Low Risk,Botol Sampel A,Sumber Air A,5
ALVIN-2026-06030,2026-09-18 08:20:05.800,642.89,8.24,2.143,2.7455,2.4442,29.03,High Risk,Botol Sampel D,Sumber Air D,5
ALVIN-2026-06031,2026-09-18 08:20:06.000,509.15,7.37,1.6972,2.4571,2.0772,32.5,High Risk,Botol Sampel D,Sumber Air D,5
ALVIN-2026-06032,2026-09-18 08:20:06.200,229.6,1.86,0.7653,0.6185,0.6919,59.11,Moderate Risk,Botol Sampel B,Sumber Air B,5
ALVIN-2026-06033,2026-09-18 08:20:06.400,74.38,0.79,0.2479,0.2638,0.2558,79.63,Low Risk,Botol Sampel A,Sumber Air A,5
ALVIN-2026-06034,2026-09-18 08:20:06.600,207.76,1.48,0.6925,0.4948,0.5936,62.75,Moderate Risk,Botol Sampel C,Sumber Air C,5
ALVIN-2026-06035,2026-09-18 08:20:06.800,201.93,1.84,0.6731,0.6137,0.6434,60.85,Moderate Risk,Botol Sampel B,Sumber Air B,5
ALVIN-2026-06036,2026-09-18 08:20:07.000,579.44,7.33,1.9315,2.4438,2.1876,31.37,High Risk,Botol Sampel E,Sumber Air E,5
ALVIN-2026-06037,2026-09-18 08:20:07.200,737.94,9.84,2.4598,3.28,2.8699,25.84,High Risk,Botol Sampel E,Sumber Air E,5
ALVIN-2026-06038,2026-09-18 08:20:07.400,96.27,0.71,0.3209,0.2375,0.2792,78.17,Low Risk,Botol Sampel A,Sumber Air A,5
ALVIN-2026-06039,2026-09-18 08:20:07.600,272.07,2.25,0.9069,0.7498,0.8284,54.69,Moderate Risk,Botol Sampel B,Sumber Air B,5
ALVIN-2026-06040,2026-09-18 08:20:07.800,170.8,2.18,0.5693,0.726,0.6477,60.69,Moderate Risk,Botol Sampel B,Sumber Air B,5
ALVIN-2026-06041,2026-09-18 08:20:08.000,145.0,0.67,0.4833,0.2246,0.354,73.86,Low Risk,Botol Sampel A,Sumber Air A,5
ALVIN-2026-06042,2026-09-18 08:20:08.200,610.46,8.88,2.0349,2.9588,2.4969,28.6,High Risk,Botol Sampel D,Sumber Air D,5
ALVIN-2026-06043,2026-09-18 08:20:08.400,99.88,0.64,0.3329,0.2136,0.2732,78.54,Low Risk,Botol Sampel A,Sumber Air A,5
ALVIN-2026-06044,2026-09-18 08:20:08.600,300.1,3.71,1.0003,1.2379,1.1191,47.19,High Risk,Botol Sampel D,Sumber Air D,5
ALVIN-2026-06045,2026-09-18 08:20:08.800,257.27,2.17,0.8576,0.7238,0.7907,55.84,Moderate Risk,Botol Sampel B,Sumber Air B,5
ALVIN-2026-06046,2026-09-18 08:20:09.000,280.0,4.4,0.9333,1.4665,1.1999,45.46,High Risk,Botol Sampel E,Sumber Air E,5
ALVIN-2026-06047,2026-09-18 08:20:09.200,363.35,4.95,1.2112,1.6492,1.4302,41.15,High Risk,Botol Sampel E,Sumber Air E,5
ALVIN-2026-06048,2026-09-18 08:20:09.400,67.38,0.38,0.2246,0.128,0.1763,85.01,Low Risk,Botol Sampel A,Sumber Air A,5
ALVIN-2026-06049,2026-09-18 08:20:09.600,95.58,0.28,0.3186,0.0922,0.2054,82.96,Low Risk,Botol Sampel A,Sumber Air A,5
ALVIN-2026-06050,2026-09-18 08:20:09.800,165.82,1.86,0.5527,0.6207,0.5867,63.02,Moderate Risk,Botol Sampel C,Sumber Air C,5
ALVIN-2026-06051,2026-09-18 08:20:10.000,189.71,1.85,0.6324,0.6171,0.6247,61.55,Moderate Risk,Botol Sampel C,Sumber Air C,5
ALVIN-2026-06052,2026-09-18 08:20:10.200,280.0,4.72,0.9333,1.5742,1.2538,44.37,High Risk,Botol Sampel D,Sumber Air D,5
ALVIN-2026-06053,2026-09-18 08:20:10.400,537.32,5.61,1.7911,1.8702,1.8306,35.33,High Risk,Botol Sampel E,Sumber Air E,5
ALVIN-2026-06054,2026-09-18 08:20:10.600,530.21,4.5,1.7674,1.5,1.6337,37.97,High Risk,Botol Sampel E,Sumber Air E,5
ALVIN-2026-06055,2026-09-18 08:20:10.800,322.15,3.42,1.0738,1.1405,1.1072,47.46,High Risk,Botol Sampel D,Sumber Air D,5
ALVIN-2026-06056,2026-09-18 08:20:11.000,122.67,0.35,0.4089,0.1157,0.2623,79.22,Low Risk,Botol Sampel A,Sumber Air A,5
ALVIN-2026-06057,2026-09-18 08:20:11.200,779.18,8.48,2.5973,2.8254,2.7114,26.94,High Risk,Botol Sampel E,Sumber Air E,5
ALVIN-2026-06058,2026-09-18 08:20:11.400,286.82,4.18,0.9561,1.3945,1.1753,45.97,High Risk,Botol Sampel E,Sumber Air E,5
ALVIN-2026-06059,2026-09-18 08:20:11.600,353.38,3.79,1.1779,1.2623,1.2201,45.04,High Risk,Botol Sampel E,Sumber Air E,5
ALVIN-2026-06060,2026-09-18 08:20:11.800,248.66,2.51,0.8289,0.8354,0.8322,54.58,Moderate Risk,Botol Sampel B,Sumber Air B,5
ALVIN-2026-06061,2026-09-18 08:20:12.000,210.18,1.45,0.7006,0.4843,0.5924,62.8,Moderate Risk,Botol Sampel B,Sumber Air B,5
ALVIN-2026-06062,2026-09-18 08:20:12.200,528.85,6.76,1.7628,2.2526,2.0077,33.25,High Risk,Botol Sampel E,Sumber Air E,5
ALVIN-2026-06063,2026-09-18 08:20:12.400,117.53,0.44,0.3918,0.1464,0.2691,78.8,Low Risk,Botol Sampel A,Sumber Air A,5
ALVIN-2026-06064,2026-09-18 08:20:12.600,396.33,3.37,1.3211,1.1244,1.2228,44.99,High Risk,Botol Sampel E,Sumber Air E,5
ALVIN-2026-06065,2026-09-18 08:20:12.800,673.08,6.37,2.2436,2.1233,2.1834,31.41,High Risk,Botol Sampel D,Sumber Air D,5
ALVIN-2026-06066,2026-09-18 08:20:13.000,679.83,6.99,2.2661,2.3285,2.2973,30.33,High Risk,Botol Sampel D,Sumber Air D,5
ALVIN-2026-06067,2026-09-18 08:20:13.200,678.83,4.98,2.2628,1.6589,1.9608,33.77,High Risk,Botol Sampel E,Sumber Air E,5
ALVIN-2026-06068,2026-09-18 08:20:13.400,199.54,1.61,0.6651,0.5376,0.6014,62.45,Moderate Risk,Botol Sampel B,Sumber Air B,5
ALVIN-2026-06069,2026-09-18 08:20:13.600,102.72,0.74,0.3424,0.245,0.2937,77.3,Moderate Risk,Botol Sampel C,Sumber Air C,5
ALVIN-2026-06070,2026-09-18 08:20:13.800,160.29,1.5,0.5343,0.4994,0.5168,65.93,Moderate Risk,Botol Sampel B,Sumber Air B,5
ALVIN-2026-06071,2026-09-18 08:20:14.000,280.0,5.06,0.9333,1.6856,1.3094,43.3,High Risk,Botol Sampel D,Sumber Air D,5
ALVIN-2026-06072,2026-09-18 08:20:14.200,206.61,1.53,0.6887,0.5097,0.5992,62.53,Moderate Risk,Botol Sampel C,Sumber Air C,5
ALVIN-2026-06073,2026-09-18 08:20:14.400,195.32,1.82,0.6511,0.6064,0.6288,61.39,Moderate Risk,Botol Sampel C,Sumber Air C,5
ALVIN-2026-06074,2026-09-18 08:20:14.600,140.0,1.96,0.4667,0.653,0.5598,64.11,Moderate Risk,Botol Sampel C,Sumber Air C,5
ALVIN-2026-06075,2026-09-18 08:20:14.800,240.8,1.48,0.8027,0.4937,0.6482,60.67,Moderate Risk,Botol Sampel C,Sumber Air C,5
ALVIN-2026-06076,2026-09-18 08:20:15.000,332.43,3.86,1.1081,1.2881,1.1981,45.49,High Risk,Botol Sampel E,Sumber Air E,5
ALVIN-2026-06077,2026-09-18 08:20:15.200,115.52,1.14,0.3851,0.3798,0.3824,72.34,Low Risk,Botol Sampel A,Sumber Air A,5
ALVIN-2026-06078,2026-09-18 08:20:15.400,539.3,6.99,1.7977,2.331,2.0644,32.63,High Risk,Botol Sampel E,Sumber Air E,5
ALVIN-2026-06079,2026-09-18 08:20:15.600,629.81,6.99,2.0994,2.3311,2.2152,31.1,High Risk,Botol Sampel D,Sumber Air D,5
ALVIN-2026-06080,2026-09-18 08:20:15.800,280.0,3.92,0.9333,1.3079,1.1206,47.16,High Risk,Botol Sampel E,Sumber Air E,5
ALVIN-2026-06081,2026-09-18 08:20:16.000,203.25,1.53,0.6775,0.5103,0.5939,62.74,Moderate Risk,Botol Sampel C,Sumber Air C,5
ALVIN-2026-06082,2026-09-18 08:20:16.200,397.37,3.84,1.3246,1.2801,1.3024,43.43,High Risk,Botol Sampel D,Sumber Air D,5
ALVIN-2026-06083,2026-09-18 08:20:16.400,205.47,1.57,0.6849,0.5245,0.6047,62.32,Moderate Risk,Botol Sampel B,Sumber Air B,5
ALVIN-2026-06084,2026-09-18 08:20:16.600,407.99,4.57,1.36,1.5218,1.4409,40.97,High Risk,Botol Sampel E,Sumber Air E,5
ALVIN-2026-06085,2026-09-18 08:20:16.800,75.03,0.67,0.2501,0.2222,0.2362,80.89,Low Risk,Botol Sampel A,Sumber Air A,5
ALVIN-2026-06086,2026-09-18 08:20:17.000,64.82,0.8,0.2161,0.2677,0.2419,80.52,Moderate Risk,Botol Sampel C,Sumber Air C,5
ALVIN-2026-06087,2026-09-18 08:20:17.200,210.58,1.93,0.7019,0.6428,0.6724,59.79,Moderate Risk,Botol Sampel B,Sumber Air B,5
ALVIN-2026-06088,2026-09-18 08:20:17.400,104.82,0.43,0.3494,0.143,0.2462,80.24,Low Risk,Botol Sampel A,Sumber Air A,5
ALVIN-2026-06089,2026-09-18 08:20:17.600,243.14,2.32,0.8105,0.7739,0.7922,55.8,Moderate Risk,Botol Sampel B,Sumber Air B,5
ALVIN-2026-06090,2026-09-18 08:20:17.800,388.62,3.88,1.2954,1.294,1.2947,43.58,High Risk,Botol Sampel D,Sumber Air D,5
ALVIN-2026-06091,2026-09-18 08:20:18.000,295.77,3.77,0.9859,1.2567,1.1213,47.14,High Risk,Botol Sampel D,Sumber Air D,5
ALVIN-2026-06092,2026-09-18 08:20:18.200,659.92,8.47,2.1997,2.8227,2.5112,28.48,High Risk,Botol Sampel E,Sumber Air E,5
ALVIN-2026-06093,2026-09-18 08:20:18.400,556.08,4.5,1.8536,1.5,1.6768,37.36,High Risk,Botol Sampel E,Sumber Air E,5
ALVIN-2026-06094,2026-09-18 08:20:18.600,510.42,7.44,1.7014,2.4806,2.091,32.35,High Risk,Botol Sampel E,Sumber Air E,5
ALVIN-2026-06095,2026-09-18 08:20:18.800,439.94,8.22,1.4665,2.7412,2.1038,32.22,High Risk,Botol Sampel E,Sumber Air E,5
ALVIN-2026-06096,2026-09-18 08:20:19.000,213.75,1.8,0.7125,0.5987,0.6556,60.4,Moderate Risk,Botol Sampel B,Sumber Air B,5
ALVIN-2026-06097,2026-09-18 08:20:19.200,91.61,0.1,0.3054,0.0333,0.1694,85.51,Low Risk,Botol Sampel A,Sumber Air A,5
ALVIN-2026-06098,2026-09-18 08:20:19.400,315.74,3.44,1.0525,1.1455,1.099,47.64,High Risk,Botol Sampel D,Sumber Air D,5
ALVIN-2026-06099,2026-09-18 08:20:19.600,78.32,0.49,0.2611,0.1647,0.2129,82.45,Low Risk,Botol Sampel A,Sumber Air A,5
ALVIN-2026-06100,2026-09-18 08:20:19.800,113.32,0.22,0.3777,0.0733,0.2255,81.6,Low Risk,Botol Sampel A,Sumber Air A,5
ALVIN-2026-06101,2026-09-18 08:20:20.000,769.68,6.91,2.5656,2.3031,2.4344,29.12,High Risk,Botol Sampel E,Sumber Air E,5
ALVIN-2026-06102,2026-09-18 08:20:20.200,95.27,0.9,0.3176,0.3003,0.309,76.39,Low Risk,Botol Sampel A,Sumber Air A,5
ALVIN-2026-06103,2026-09-18 08:20:20.400,280.0,3.47,0.9333,1.1551,1.0442,48.92,High Risk,Botol Sampel D,Sumber Air D,5
ALVIN-2026-06104,2026-09-18 08:20:20.600,256.57,1.26,0.8552,0.4211,0.6382,61.04,Moderate Risk,Botol Sampel C,Sumber Air C,5
ALVIN-2026-06105,2026-09-18 08:20:20.800,540.5,6.31,1.8017,2.1043,1.953,33.86,High Risk,Botol Sampel D,Sumber Air D,5
ALVIN-2026-06106,2026-09-18 08:20:21.000,130.42,1.4,0.4347,0.4667,0.4507,68.93,Low Risk,Botol Sampel A,Sumber Air A,5
ALVIN-2026-06107,2026-09-18 08:20:21.200,311.2,3.33,1.0373,1.1101,1.0737,48.22,High Risk,Botol Sampel E,Sumber Air E,5
ALVIN-2026-06108,2026-09-18 08:20:21.400,46.68,0.31,0.1556,0.1044,0.13,88.5,Low Risk,Botol Sampel A,Sumber Air A,5
ALVIN-2026-06109,2026-09-18 08:20:21.600,147.61,1.49,0.492,0.4974,0.4947,66.9,Low Risk,Botol Sampel A,Sumber Air A,5
ALVIN-2026-06110,2026-09-18 08:20:21.800,434.73,2.2,1.4491,0.7333,1.0912,47.82,High Risk,Botol Sampel E,Sumber Air E,5
ALVIN-2026-06111,2026-09-18 08:20:22.000,626.35,10.65,2.0878,3.5487,2.8182,26.19,High Risk,Botol Sampel D,Sumber Air D,5
ALVIN-2026-06112,2026-09-18 08:20:22.200,292.78,3.19,0.9759,1.0633,1.0196,49.51,High Risk,Botol Sampel D,Sumber Air D,5
ALVIN-2026-06113,2026-09-18 08:20:22.400,102.62,0.81,0.3421,0.27,0.3061,76.56,Moderate Risk,Botol Sampel B,Sumber Air B,5
ALVIN-2026-06114,2026-09-18 08:20:22.600,337.83,4.5,1.1261,1.5016,1.3138,43.22,High Risk,Botol Sampel D,Sumber Air D,5
ALVIN-2026-06115,2026-09-18 08:20:22.800,364.59,2.8,1.2153,0.9347,1.075,48.19,High Risk,Botol Sampel E,Sumber Air E,5
ALVIN-2026-06116,2026-09-18 08:20:23.000,817.09,10.85,2.7236,3.6167,3.1701,23.98,High Risk,Botol Sampel E,Sumber Air E,5
ALVIN-2026-06117,2026-09-18 08:20:23.200,794.57,5.48,2.6486,1.8271,2.2378,30.89,High Risk,Botol Sampel D,Sumber Air D,5
ALVIN-2026-06118,2026-09-18 08:20:23.400,108.89,0.83,0.363,0.2763,0.3196,75.78,Low Risk,Botol Sampel A,Sumber Air A,5
ALVIN-2026-06119,2026-09-18 08:20:23.600,370.06,4.04,1.2335,1.3472,1.2904,43.66,High Risk,Botol Sampel E,Sumber Air E,5
ALVIN-2026-06120,2026-09-18 08:20:23.800,193.54,1.42,0.6451,0.4742,0.5596,64.12,Moderate Risk,Botol Sampel B,Sumber Air B,5
ALVIN-2026-06121,2026-09-18 08:20:24.000,633.96,11.29,2.1132,3.7633,2.9382,25.39,High Risk,Botol Sampel E,Sumber Air E,5
ALVIN-2026-06122,2026-09-18 08:20:24.200,791.64,7.92,2.6388,2.6394,2.6391,27.48,High Risk,Botol Sampel E,Sumber Air E,5
ALVIN-2026-06123,2026-09-18 08:20:24.400,91.51,0.31,0.305,0.1044,0.2047,83.01,Low Risk,Botol Sampel A,Sumber Air A,5
ALVIN-2026-06124,2026-09-18 08:20:24.600,749.23,9.23,2.4974,3.0771,2.7873,26.4,High Risk,Botol Sampel D,Sumber Air D,5
ALVIN-2026-06125,2026-09-18 08:20:24.800,244.18,1.58,0.8139,0.5278,0.6708,59.85,Moderate Risk,Botol Sampel B,Sumber Air B,5
ALVIN-2026-06126,2026-09-18 08:20:25.000,189.6,1.67,0.632,0.5558,0.5939,62.74,Moderate Risk,Botol Sampel C,Sumber Air C,5
ALVIN-2026-06127,2026-09-18 08:20:25.200,280.0,3.38,0.9333,1.1276,1.0304,49.25,High Risk,Botol Sampel D,Sumber Air D,5
ALVIN-2026-06128,2026-09-18 08:20:25.400,111.23,1.07,0.3708,0.3581,0.3644,73.29,Low Risk,Botol Sampel A,Sumber Air A,5
ALVIN-2026-06129,2026-09-18 08:20:25.600,523.66,5.97,1.7455,1.9895,1.8675,34.87,High Risk,Botol Sampel D,Sumber Air D,5
ALVIN-2026-06130,2026-09-18 08:20:25.800,345.54,4.48,1.1518,1.4937,1.3228,43.05,High Risk,Botol Sampel D,Sumber Air D,5
ALVIN-2026-06131,2026-09-18 08:20:26.000,552.03,8.3,1.8401,2.7652,2.3026,30.28,High Risk,Botol Sampel D,Sumber Air D,5
ALVIN-2026-06132,2026-09-18 08:20:26.200,390.28,3.03,1.3009,1.0116,1.1562,46.38,High Risk,Botol Sampel D,Sumber Air D,5
ALVIN-2026-06133,2026-09-18 08:20:26.400,693.97,7.45,2.3132,2.4826,2.3979,29.43,High Risk,Botol Sampel E,Sumber Air E,5
ALVIN-2026-06134,2026-09-18 08:20:26.600,76.49,0.1,0.255,0.0333,0.1442,87.4,Low Risk,Botol Sampel A,Sumber Air A,5
ALVIN-2026-06135,2026-09-18 08:20:26.800,212.91,1.72,0.7097,0.5721,0.6409,60.94,Moderate Risk,Botol Sampel C,Sumber Air C,5
ALVIN-2026-06136,2026-09-18 08:20:27.000,154.85,1.39,0.5162,0.4635,0.4898,67.12,Moderate Risk,Botol Sampel C,Sumber Air C,5
ALVIN-2026-06137,2026-09-18 08:20:27.200,181.12,1.85,0.6037,0.6165,0.6101,62.11,Moderate Risk,Botol Sampel C,Sumber Air C,5
ALVIN-2026-06138,2026-09-18 08:20:27.400,90.36,0.77,0.3012,0.2582,0.2797,78.14,Low Risk,Botol Sampel A,Sumber Air A,5
ALVIN-2026-06139,2026-09-18 08:20:27.600,126.27,0.81,0.4209,0.271,0.346,74.29,Low Risk,Botol Sampel A,Sumber Air A,5
ALVIN-2026-06140,2026-09-18 08:20:27.800,237.59,2.52,0.792,0.8405,0.8162,55.06,Moderate Risk,Botol Sampel C,Sumber Air C,5
ALVIN-2026-06141,2026-09-18 08:20:28.000,692.75,8.23,2.3092,2.7449,2.527,28.35,High Risk,Botol Sampel D,Sumber Air D,5
ALVIN-2026-06142,2026-09-18 08:20:28.200,136.14,1.27,0.4538,0.4218,0.4378,69.55,Low Risk,Botol Sampel A,Sumber Air A,5
ALVIN-2026-06143,2026-09-18 08:20:28.400,233.65,2.13,0.7788,0.7112,0.745,57.31,Moderate Risk,Botol Sampel B,Sumber Air B,5
ALVIN-2026-06144,2026-09-18 08:20:28.600,296.45,3.46,0.9882,1.1546,1.0714,48.28,High Risk,Botol Sampel D,Sumber Air D,5
ALVIN-2026-06145,2026-09-18 08:20:28.800,102.08,0.8,0.3403,0.267,0.3036,76.71,Low Risk,Botol Sampel A,Sumber Air A,5
ALVIN-2026-06146,2026-09-18 08:20:29.000,109.75,0.24,0.3658,0.0784,0.2221,81.83,Low Risk,Botol Sampel A,Sumber Air A,5
ALVIN-2026-06147,2026-09-18 08:20:29.200,708.85,9.43,2.3628,3.1439,2.7534,26.64,High Risk,Botol Sampel D,Sumber Air D,5
ALVIN-2026-06148,2026-09-18 08:20:29.400,219.59,1.58,0.732,0.5272,0.6296,61.36,Moderate Risk,Botol Sampel B,Sumber Air B,5
ALVIN-2026-06149,2026-09-18 08:20:29.600,83.68,0.38,0.2789,0.1263,0.2026,83.15,Low Risk,Botol Sampel A,Sumber Air A,5
ALVIN-2026-06150,2026-09-18 08:20:29.800,230.25,1.7,0.7675,0.5661,0.6668,60.0,Moderate Risk,Botol Sampel C,Sumber Air C,5
ALVIN-2026-06151,2026-09-18 08:20:30.000,100.9,0.96,0.3363,0.3188,0.3276,75.32,Low Risk,Botol Sampel A,Sumber Air A,5
ALVIN-2026-06152,2026-09-18 08:20:30.200,116.51,0.43,0.3884,0.1423,0.2654,79.03,Low Risk,Botol Sampel A,Sumber Air A,5
ALVIN-2026-06153,2026-09-18 08:20:30.400,381.09,4.76,1.2703,1.5861,1.4282,41.18,High Risk,Botol Sampel D,Sumber Air D,5
ALVIN-2026-06154,2026-09-18 08:20:30.600,103.26,0.73,0.3442,0.2433,0.2938,77.29,Moderate Risk,Botol Sampel C,Sumber Air C,5
ALVIN-2026-06155,2026-09-18 08:20:30.800,100.49,0.33,0.335,0.1103,0.2226,81.79,Low Risk,Botol Sampel A,Sumber Air A,5
ALVIN-2026-06156,2026-09-18 08:20:31.000,345.21,3.79,1.1507,1.2621,1.2064,45.32,High Risk,Botol Sampel E,Sumber Air E,5
ALVIN-2026-06157,2026-09-18 08:20:31.200,103.42,0.1,0.3447,0.0333,0.189,84.1,Low Risk,Botol Sampel A,Sumber Air A,5
ALVIN-2026-06158,2026-09-18 08:20:31.400,245.01,1.56,0.8167,0.5205,0.6686,59.93,Moderate Risk,Botol Sampel C,Sumber Air C,5
ALVIN-2026-06159,2026-09-18 08:20:31.600,215.47,2.17,0.7182,0.7221,0.7202,58.13,Moderate Risk,Botol Sampel B,Sumber Air B,5
ALVIN-2026-06160,2026-09-18 08:20:31.800,568.28,4.5,1.8943,1.5,1.6972,37.08,High Risk,Botol Sampel E,Sumber Air E,5
ALVIN-2026-06161,2026-09-18 08:20:32.000,218.25,1.39,0.7275,0.4646,0.596,62.66,Moderate Risk,Botol Sampel B,Sumber Air B,5
ALVIN-2026-06162,2026-09-18 08:20:32.200,227.89,1.7,0.7596,0.5673,0.6635,60.11,Moderate Risk,Botol Sampel B,Sumber Air B,5
ALVIN-2026-06163,2026-09-18 08:20:32.400,191.16,2.28,0.6372,0.7607,0.699,58.86,Moderate Risk,Botol Sampel C,Sumber Air C,5
ALVIN-2026-06164,2026-09-18 08:20:32.600,61.04,0.47,0.2035,0.1578,0.1806,84.7,Low Risk,Botol Sampel A,Sumber Air A,5
ALVIN-2026-06165,2026-09-18 08:20:32.800,108.77,0.73,0.3626,0.2427,0.3026,76.77,Moderate Risk,Botol Sampel C,Sumber Air C,5
ALVIN-2026-06166,2026-09-18 08:20:33.000,120.05,0.1,0.4002,0.0333,0.2168,82.18,Low Risk,Botol Sampel A,Sumber Air A,5
ALVIN-2026-06167,2026-09-18 08:20:33.200,140.8,0.59,0.4693,0.1958,0.3326,75.04,Low Risk,Botol Sampel A,Sumber Air A,5
ALVIN-2026-06168,2026-09-18 08:20:33.400,190.98,1.35,0.6366,0.4516,0.5441,64.76,Moderate Risk,Botol Sampel C,Sumber Air C,5
ALVIN-2026-06169,2026-09-18 08:20:33.600,118.79,0.85,0.396,0.2823,0.3392,74.67,Moderate Risk,Botol Sampel C,Sumber Air C,5
ALVIN-2026-06170,2026-09-18 08:20:33.800,244.05,1.88,0.8135,0.6265,0.72,58.14,Moderate Risk,Botol Sampel B,Sumber Air B,5
ALVIN-2026-06171,2026-09-18 08:20:34.000,176.41,1.3,0.588,0.435,0.5115,66.16,Moderate Risk,Botol Sampel B,Sumber Air B,5
ALVIN-2026-06172,2026-09-18 08:20:34.200,126.46,0.39,0.4215,0.1292,0.2754,78.41,Low Risk,Botol Sampel A,Sumber Air A,5
ALVIN-2026-06173,2026-09-18 08:20:34.400,232.35,2.06,0.7745,0.6867,0.7306,57.78,Moderate Risk,Botol Sampel B,Sumber Air B,5
ALVIN-2026-06174,2026-09-18 08:20:34.600,399.85,5.39,1.3328,1.7953,1.564,39.0,High Risk,Botol Sampel E,Sumber Air E,5
ALVIN-2026-06175,2026-09-18 08:20:34.800,186.69,1.91,0.6223,0.6359,0.6291,61.38,Moderate Risk,Botol Sampel B,Sumber Air B,5
ALVIN-2026-06176,2026-09-18 08:20:35.000,239.93,2.1,0.7998,0.6987,0.7492,57.17,Moderate Risk,Botol Sampel B,Sumber Air B,5
ALVIN-2026-06177,2026-09-18 08:20:35.200,286.57,2.09,0.9552,0.6953,0.8252,54.79,Moderate Risk,Botol Sampel B,Sumber Air B,5
ALVIN-2026-06178,2026-09-18 08:20:35.400,324.25,3.42,1.0808,1.1417,1.1112,47.37,High Risk,Botol Sampel D,Sumber Air D,5
ALVIN-2026-06179,2026-09-18 08:20:35.600,231.74,1.2,0.7725,0.4014,0.587,63.01,Moderate Risk,Botol Sampel B,Sumber Air B,5
ALVIN-2026-06180,2026-09-18 08:20:35.800,88.33,0.36,0.2944,0.1185,0.2064,82.89,Low Risk,Botol Sampel A,Sumber Air A,5
ALVIN-2026-06181,2026-09-18 08:20:36.000,793.21,4.5,2.644,1.5,2.072,32.55,High Risk,Botol Sampel E,Sumber Air E,5
ALVIN-2026-06182,2026-09-18 08:20:36.200,223.88,2.04,0.7463,0.6789,0.7126,58.39,Moderate Risk,Botol Sampel B,Sumber Air B,5
ALVIN-2026-06183,2026-09-18 08:20:36.400,178.21,1.79,0.594,0.5975,0.5958,62.66,Moderate Risk,Botol Sampel B,Sumber Air B,5
ALVIN-2026-06184,2026-09-18 08:20:36.600,234.69,1.71,0.7823,0.571,0.6766,59.64,Moderate Risk,Botol Sampel B,Sumber Air B,5
ALVIN-2026-06185,2026-09-18 08:20:36.800,563.97,4.5,1.8799,1.5,1.69,37.17,High Risk,Botol Sampel E,Sumber Air E,5
ALVIN-2026-06186,2026-09-18 08:20:37.000,722.79,6.27,2.4093,2.0886,2.2489,30.78,High Risk,Botol Sampel E,Sumber Air E,5
ALVIN-2026-06187,2026-09-18 08:20:37.200,113.13,0.81,0.3771,0.2703,0.3237,75.55,Low Risk,Botol Sampel A,Sumber Air A,5
ALVIN-2026-06188,2026-09-18 08:20:37.400,334.58,3.27,1.1153,1.0901,1.1027,47.56,High Risk,Botol Sampel D,Sumber Air D,5
ALVIN-2026-06189,2026-09-18 08:20:37.600,278.57,1.77,0.9286,0.5913,0.76,56.82,Moderate Risk,Botol Sampel B,Sumber Air B,5
ALVIN-2026-06190,2026-09-18 08:20:37.800,582.66,10.27,1.9422,3.424,2.6831,27.15,High Risk,Botol Sampel D,Sumber Air D,5
ALVIN-2026-06191,2026-09-18 08:20:38.000,215.77,2.25,0.7192,0.7515,0.7353,57.63,Moderate Risk,Botol Sampel C,Sumber Air C,5
ALVIN-2026-06192,2026-09-18 08:20:38.200,226.48,1.01,0.7549,0.3371,0.546,64.68,Moderate Risk,Botol Sampel B,Sumber Air B,5
ALVIN-2026-06193,2026-09-18 08:20:38.400,374.62,4.91,1.2487,1.6365,1.4426,40.94,High Risk,Botol Sampel D,Sumber Air D,5
ALVIN-2026-06194,2026-09-18 08:20:38.600,97.27,1.21,0.3242,0.4036,0.3639,73.32,Low Risk,Botol Sampel A,Sumber Air A,5
ALVIN-2026-06195,2026-09-18 08:20:38.800,787.35,9.64,2.6245,3.2141,2.9193,25.51,High Risk,Botol Sampel E,Sumber Air E,5
ALVIN-2026-06196,2026-09-18 08:20:39.000,758.71,4.5,2.529,1.5,2.0145,33.17,High Risk,Botol Sampel D,Sumber Air D,5
ALVIN-2026-06197,2026-09-18 08:20:39.200,317.86,2.2,1.0595,0.7333,0.8964,52.73,High Risk,Botol Sampel E,Sumber Air E,5
ALVIN-2026-06198,2026-09-18 08:20:39.400,280.0,2.83,0.9333,0.9433,0.9383,51.59,Moderate Risk,Botol Sampel C,Sumber Air C,5
ALVIN-2026-06199,2026-09-18 08:20:39.600,191.97,2.26,0.6399,0.7519,0.6959,58.97,Moderate Risk,Botol Sampel B,Sumber Air B,5
ALVIN-2026-06200,2026-09-18 08:20:39.800,234.65,2.01,0.7822,0.669,0.7256,57.95,Moderate Risk,Botol Sampel B,Sumber Air B,5
ALVIN-2026-06201,2026-09-18 08:20:40.000,73.46,0.37,0.2449,0.1233,0.1841,84.45,Low Risk,Botol Sampel A,Sumber Air A,5
ALVIN-2026-06202,2026-09-18 08:20:40.200,332.32,4.52,1.1077,1.5076,1.3076,43.34,High Risk,Botol Sampel E,Sumber Air E,5
ALVIN-2026-06203,2026-09-18 08:20:40.400,720.76,6.08,2.4025,2.0251,2.2138,31.12,High Risk,Botol Sampel E,Sumber Air E,5
ALVIN-2026-06204,2026-09-18 08:20:40.600,140.2,0.1,0.4673,0.0333,0.2503,79.98,Low Risk,Botol Sampel A,Sumber Air A,5
ALVIN-2026-06205,2026-09-18 08:20:40.800,606.64,10.14,2.0221,3.38,2.701,27.02,High Risk,Botol Sampel E,Sumber Air E,5
ALVIN-2026-06206,2026-09-18 08:20:41.000,598.44,5.29,1.9948,1.7639,1.8794,34.73,High Risk,Botol Sampel E,Sumber Air E,5
ALVIN-2026-06207,2026-09-18 08:20:41.200,607.13,9.26,2.0238,3.0856,2.5547,28.13,High Risk,Botol Sampel D,Sumber Air D,5
ALVIN-2026-06208,2026-09-18 08:20:41.400,313.81,2.2,1.046,0.7333,0.8896,52.92,High Risk,Botol Sampel E,Sumber Air E,5
ALVIN-2026-06209,2026-09-18 08:20:41.600,580.57,6.79,1.9352,2.2648,2.1,32.26,High Risk,Botol Sampel D,Sumber Air D,5
ALVIN-2026-06210,2026-09-18 08:20:41.800,485.04,9.1,1.6168,3.0323,2.3246,30.08,High Risk,Botol Sampel E,Sumber Air E,5
ALVIN-2026-06211,2026-09-18 08:20:42.000,403.54,3.44,1.3451,1.1477,1.2464,44.52,High Risk,Botol Sampel E,Sumber Air E,5
ALVIN-2026-06212,2026-09-18 08:20:42.200,110.44,0.55,0.3681,0.1829,0.2755,78.4,Low Risk,Botol Sampel A,Sumber Air A,5
ALVIN-2026-06213,2026-09-18 08:20:42.400,127.51,0.39,0.425,0.1316,0.2783,78.23,Low Risk,Botol Sampel A,Sumber Air A,5
ALVIN-2026-06214,2026-09-18 08:20:42.600,400.0,4.5,1.3333,1.5,1.4166,41.38,High Risk,Botol Sampel D,Sumber Air D,5
ALVIN-2026-06215,2026-09-18 08:20:42.800,253.01,2.23,0.8434,0.7448,0.7941,55.74,Moderate Risk,Botol Sampel B,Sumber Air B,5
ALVIN-2026-06216,2026-09-18 08:20:43.000,702.01,5.95,2.34,1.9834,2.1617,31.63,High Risk,Botol Sampel E,Sumber Air E,5
ALVIN-2026-06217,2026-09-18 08:20:43.200,174.39,1.7,0.5813,0.5657,0.5735,63.55,Moderate Risk,Botol Sampel C,Sumber Air C,5
ALVIN-2026-06218,2026-09-18 08:20:43.400,778.46,4.5,2.5949,1.5,2.0474,32.81,High Risk,Botol Sampel E,Sumber Air E,5
ALVIN-2026-06219,2026-09-18 08:20:43.600,125.27,0.32,0.4176,0.1055,0.2616,79.26,Low Risk,Botol Sampel A,Sumber Air A,5
ALVIN-2026-06220,2026-09-18 08:20:43.800,578.85,6.48,1.9295,2.1603,2.0449,32.84,High Risk,Botol Sampel D,Sumber Air D,5
ALVIN-2026-06221,2026-09-18 08:20:44.000,53.24,0.95,0.1775,0.3164,0.247,80.19,Low Risk,Botol Sampel A,Sumber Air A,5
ALVIN-2026-06222,2026-09-18 08:20:44.200,357.88,5.03,1.1929,1.678,1.4354,41.06,High Risk,Botol Sampel D,Sumber Air D,5
ALVIN-2026-06223,2026-09-18 08:20:44.400,251.43,1.86,0.8381,0.6211,0.7296,57.82,Moderate Risk,Botol Sampel B,Sumber Air B,5
ALVIN-2026-06224,2026-09-18 08:20:44.600,93.27,0.64,0.3109,0.2131,0.262,79.24,Low Risk,Botol Sampel A,Sumber Air A,5
ALVIN-2026-06225,2026-09-18 08:20:44.800,161.58,1.6,0.5386,0.532,0.5353,65.13,Moderate Risk,Botol Sampel B,Sumber Air B,5
ALVIN-2026-06226,2026-09-18 08:20:45.000,619.88,5.16,2.0663,1.719,1.8926,34.57,High Risk,Botol Sampel D,Sumber Air D,5
ALVIN-2026-06227,2026-09-18 08:20:45.200,297.41,3.17,0.9914,1.0556,1.0235,49.42,High Risk,Botol Sampel E,Sumber Air E,5
ALVIN-2026-06228,2026-09-18 08:20:45.400,262.21,1.57,0.874,0.5225,0.6982,58.89,Moderate Risk,Botol Sampel C,Sumber Air C,5
ALVIN-2026-06229,2026-09-18 08:20:45.600,592.57,5.68,1.9752,1.8943,1.9348,34.07,High Risk,Botol Sampel E,Sumber Air E,5
ALVIN-2026-06230,2026-09-18 08:20:45.800,171.41,1.55,0.5714,0.5172,0.5443,64.75,Moderate Risk,Botol Sampel C,Sumber Air C,5
ALVIN-2026-06231,2026-09-18 08:20:46.000,187.25,1.76,0.6242,0.5856,0.6049,62.31,Moderate Risk,Botol Sampel C,Sumber Air C,5
ALVIN-2026-06232,2026-09-18 08:20:46.200,226.49,1.42,0.755,0.4718,0.6134,61.98,Moderate Risk,Botol Sampel C,Sumber Air C,5
ALVIN-2026-06233,2026-09-18 08:20:46.400,376.02,3.54,1.2534,1.1793,1.2164,45.12,High Risk,Botol Sampel D,Sumber Air D,5
ALVIN-2026-06234,2026-09-18 08:20:46.600,365.15,3.14,1.2172,1.0477,1.1324,46.9,High Risk,Botol Sampel E,Sumber Air E,5
ALVIN-2026-06235,2026-09-18 08:20:46.800,682.48,4.61,2.2749,1.5363,1.9056,34.42,High Risk,Botol Sampel E,Sumber Air E,5
ALVIN-2026-06236,2026-09-18 08:20:47.000,351.18,3.6,1.1706,1.2009,1.1858,45.75,High Risk,Botol Sampel E,Sumber Air E,5
ALVIN-2026-06237,2026-09-18 08:20:47.200,113.39,0.5,0.378,0.1662,0.2721,78.61,Low Risk,Botol Sampel A,Sumber Air A,5
ALVIN-2026-06238,2026-09-18 08:20:47.400,151.16,1.1,0.5039,0.3663,0.4351,69.68,Moderate Risk,Botol Sampel B,Sumber Air B,5
ALVIN-2026-06239,2026-09-18 08:20:47.600,83.78,0.68,0.2793,0.2253,0.2523,79.85,Low Risk,Botol Sampel A,Sumber Air A,5
ALVIN-2026-06240,2026-09-18 08:20:47.800,294.53,4.43,0.9818,1.4777,1.2298,44.85,High Risk,Botol Sampel D,Sumber Air D,5
ALVIN-2026-06241,2026-09-18 08:20:48.000,516.44,7.27,1.7215,2.4249,2.0732,32.54,High Risk,Botol Sampel E,Sumber Air E,5
ALVIN-2026-06242,2026-09-18 08:20:48.200,317.86,2.92,1.0595,0.9742,1.0168,49.58,High Risk,Botol Sampel D,Sumber Air D,5
ALVIN-2026-06243,2026-09-18 08:20:48.400,145.0,0.26,0.4833,0.0871,0.2852,77.81,Low Risk,Botol Sampel A,Sumber Air A,5
ALVIN-2026-06244,2026-09-18 08:20:48.600,261.07,1.71,0.8702,0.5714,0.7208,58.11,Moderate Risk,Botol Sampel B,Sumber Air B,5
ALVIN-2026-06245,2026-09-18 08:20:48.800,599.41,6.57,1.998,2.1903,2.0942,32.32,High Risk,Botol Sampel D,Sumber Air D,5
ALVIN-2026-06246,2026-09-18 08:20:49.000,238.31,2.37,0.7944,0.7908,0.7926,55.78,Moderate Risk,Botol Sampel B,Sumber Air B,5
ALVIN-2026-06247,2026-09-18 08:20:49.200,887.73,6.32,2.9591,2.1082,2.5336,28.3,High Risk,Botol Sampel E,Sumber Air E,5
ALVIN-2026-06248,2026-09-18 08:20:49.400,431.33,3.48,1.4378,1.1597,1.2988,43.5,High Risk,Botol Sampel D,Sumber Air D,5
ALVIN-2026-06249,2026-09-18 08:20:49.600,336.03,3.57,1.1201,1.1884,1.1542,46.42,High Risk,Botol Sampel D,Sumber Air D,5
ALVIN-2026-06250,2026-09-18 08:20:49.800,337.69,3.22,1.1256,1.074,1.0998,47.62,High Risk,Botol Sampel E,Sumber Air E,5
ALVIN-2026-06251,2026-09-18 08:20:50.000,353.68,2.2,1.1789,0.7333,0.9561,51.12,High Risk,Botol Sampel E,Sumber Air E,5
ALVIN-2026-06252,2026-09-18 08:20:50.200,238.39,1.49,0.7946,0.4961,0.6454,60.78,Moderate Risk,Botol Sampel B,Sumber Air B,5
ALVIN-2026-06253,2026-09-18 08:20:50.400,280.0,4.02,0.9333,1.3405,1.1369,46.8,High Risk,Botol Sampel E,Sumber Air E,5
ALVIN-2026-06254,2026-09-18 08:20:50.600,231.81,1.93,0.7727,0.6429,0.7078,58.55,Moderate Risk,Botol Sampel C,Sumber Air C,5
ALVIN-2026-06255,2026-09-18 08:20:50.800,303.11,3.64,1.0104,1.2136,1.112,47.35,High Risk,Botol Sampel D,Sumber Air D,5
ALVIN-2026-06256,2026-09-18 08:20:51.000,180.35,1.0,0.6012,0.3333,0.4672,68.16,Moderate Risk,Botol Sampel B,Sumber Air B,5
ALVIN-2026-06257,2026-09-18 08:20:51.200,211.15,1.52,0.7038,0.5077,0.6058,62.27,Moderate Risk,Botol Sampel B,Sumber Air B,5
ALVIN-2026-06258,2026-09-18 08:20:51.400,616.54,5.2,2.0551,1.733,1.894,34.55,High Risk,Botol Sampel E,Sumber Air E,5
ALVIN-2026-06259,2026-09-18 08:20:51.600,223.49,1.67,0.745,0.5559,0.6504,60.59,Moderate Risk,Botol Sampel C,Sumber Air C,5
ALVIN-2026-06260,2026-09-18 08:20:51.800,175.53,2.08,0.5851,0.6947,0.6399,60.98,Moderate Risk,Botol Sampel B,Sumber Air B,5
ALVIN-2026-06261,2026-09-18 08:20:52.000,416.0,4.26,1.3867,1.4193,1.403,41.61,High Risk,Botol Sampel E,Sumber Air E,5
ALVIN-2026-06262,2026-09-18 08:20:52.200,154.79,2.09,0.516,0.6977,0.6068,62.24,Moderate Risk,Botol Sampel C,Sumber Air C,5
ALVIN-2026-06263,2026-09-18 08:20:52.400,382.41,3.2,1.2747,1.0656,1.1702,46.08,High Risk,Botol Sampel E,Sumber Air E,5
ALVIN-2026-06264,2026-09-18 08:20:52.600,210.29,1.4,0.701,0.4676,0.5843,63.12,Moderate Risk,Botol Sampel B,Sumber Air B,5
ALVIN-2026-06265,2026-09-18 08:20:52.800,620.7,8.99,2.069,2.9952,2.5321,28.31,High Risk,Botol Sampel D,Sumber Air D,5
ALVIN-2026-06266,2026-09-18 08:20:53.000,685.91,5.35,2.2864,1.7845,2.0354,32.94,High Risk,Botol Sampel E,Sumber Air E,5
ALVIN-2026-06267,2026-09-18 08:20:53.200,409.18,10.34,1.3639,3.4456,2.4048,29.37,High Risk,Botol Sampel E,Sumber Air E,5
ALVIN-2026-06268,2026-09-18 08:20:53.400,192.87,2.22,0.6429,0.7393,0.6911,59.13,Moderate Risk,Botol Sampel C,Sumber Air C,5
ALVIN-2026-06269,2026-09-18 08:20:53.600,820.59,10.25,2.7353,3.4152,3.0752,24.54,High Risk,Botol Sampel D,Sumber Air D,5
ALVIN-2026-06270,2026-09-18 08:20:53.800,118.71,0.95,0.3957,0.3169,0.3563,73.73,Moderate Risk,Botol Sampel B,Sumber Air B,5
ALVIN-2026-06271,2026-09-18 08:20:54.000,185.07,1.39,0.6169,0.4626,0.5397,64.95,Moderate Risk,Botol Sampel B,Sumber Air B,5
ALVIN-2026-06272,2026-09-18 08:20:54.200,111.33,0.25,0.3711,0.0847,0.2279,81.44,Low Risk,Botol Sampel A,Sumber Air A,5
ALVIN-2026-06273,2026-09-18 08:20:54.400,376.99,3.43,1.2566,1.143,1.1998,45.46,High Risk,Botol Sampel E,Sumber Air E,5
ALVIN-2026-06274,2026-09-18 08:20:54.600,459.2,7.45,1.5307,2.4835,2.0071,33.25,High Risk,Botol Sampel E,Sumber Air E,5
ALVIN-2026-06275,2026-09-18 08:20:54.800,382.68,4.28,1.2756,1.4265,1.351,42.54,High Risk,Botol Sampel E,Sumber Air E,5
ALVIN-2026-06276,2026-09-18 08:20:55.000,369.73,3.98,1.2324,1.327,1.2797,43.87,High Risk,Botol Sampel E,Sumber Air E,5
ALVIN-2026-06277,2026-09-18 08:20:55.200,681.11,8.57,2.2704,2.8557,2.563,28.07,High Risk,Botol Sampel D,Sumber Air D,5
ALVIN-2026-06278,2026-09-18 08:20:55.400,424.47,4.53,1.4149,1.5109,1.4629,40.6,High Risk,Botol Sampel D,Sumber Air D,5
ALVIN-2026-06279,2026-09-18 08:20:55.600,886.1,7.84,2.9537,2.613,2.7834,26.43,High Risk,Botol Sampel E,Sumber Air E,5
ALVIN-2026-06280,2026-09-18 08:20:55.800,538.41,6.85,1.7947,2.2829,2.0388,32.91,High Risk,Botol Sampel D,Sumber Air D,5
ALVIN-2026-06281,2026-09-18 08:20:56.000,100.98,0.73,0.3366,0.2433,0.29,77.52,Low Risk,Botol Sampel A,Sumber Air A,5
ALVIN-2026-06282,2026-09-18 08:20:56.200,86.98,0.45,0.2899,0.1515,0.2207,81.92,Low Risk,Botol Sampel A,Sumber Air A,5
ALVIN-2026-06283,2026-09-18 08:20:56.400,218.58,1.82,0.7286,0.6062,0.6674,59.97,Moderate Risk,Botol Sampel C,Sumber Air C,5
ALVIN-2026-06284,2026-09-18 08:20:56.600,815.94,8.34,2.7198,2.7793,2.7496,26.67,High Risk,Botol Sampel E,Sumber Air E,5
ALVIN-2026-06285,2026-09-18 08:20:56.800,427.35,3.65,1.4245,1.2154,1.32,43.1,High Risk,Botol Sampel E,Sumber Air E,5
ALVIN-2026-06286,2026-09-18 08:20:57.000,593.97,9.26,1.9799,3.0878,2.5338,28.3,High Risk,Botol Sampel E,Sumber Air E,5
ALVIN-2026-06287,2026-09-18 08:20:57.200,86.0,0.22,0.2867,0.0746,0.1806,84.7,Moderate Risk,Botol Sampel B,Sumber Air B,5
ALVIN-2026-06288,2026-09-18 08:20:57.400,350.3,4.07,1.1677,1.3555,1.2616,44.22,High Risk,Botol Sampel E,Sumber Air E,5
ALVIN-2026-06289,2026-09-18 08:20:57.600,623.77,8.46,2.0792,2.8186,2.4489,28.99,High Risk,Botol Sampel E,Sumber Air E,5
ALVIN-2026-06290,2026-09-18 08:20:57.800,404.74,4.09,1.3491,1.3636,1.3564,42.44,High Risk,Botol Sampel D,Sumber Air D,5
ALVIN-2026-06291,2026-09-18 08:20:58.000,100.55,0.61,0.3352,0.2036,0.2694,78.78,Low Risk,Botol Sampel A,Sumber Air A,5
ALVIN-2026-06292,2026-09-18 08:20:58.200,629.56,9.39,2.0985,3.1306,2.6146,27.67,High Risk,Botol Sampel D,Sumber Air D,5
ALVIN-2026-06293,2026-09-18 08:20:58.400,349.04,4.11,1.1635,1.3689,1.2662,44.13,High Risk,Botol Sampel E,Sumber Air E,5
ALVIN-2026-06294,2026-09-18 08:20:58.600,86.83,0.68,0.2894,0.2256,0.2575,79.52,Low Risk,Botol Sampel A,Sumber Air A,5
ALVIN-2026-06295,2026-09-18 08:20:58.800,380.18,3.34,1.2673,1.1132,1.1902,45.66,High Risk,Botol Sampel E,Sumber Air E,5
ALVIN-2026-06296,2026-09-18 08:20:59.000,440.63,5.45,1.4688,1.815,1.6419,37.85,High Risk,Botol Sampel D,Sumber Air D,5
ALVIN-2026-06297,2026-09-18 08:20:59.200,102.32,0.71,0.3411,0.2378,0.2894,77.56,Low Risk,Botol Sampel A,Sumber Air A,5
ALVIN-2026-06298,2026-09-18 08:20:59.400,237.44,1.79,0.7915,0.5983,0.6949,59.0,Moderate Risk,Botol Sampel B,Sumber Air B,5
ALVIN-2026-06299,2026-09-18 08:20:59.600,71.84,1.05,0.2395,0.351,0.2952,77.21,Low Risk,Botol Sampel A,Sumber Air A,5
ALVIN-2026-06300,2026-09-18 08:20:59.800,300.0,4.31,1.0,1.4366,1.2183,45.08,High Risk,Botol Sampel E,Sumber Air E,5
ALVIN-2026-06301,2026-09-18 08:21:00.000,774.02,5.64,2.5801,1.8786,2.2294,30.97,High Risk,Botol Sampel D,Sumber Air D,5
ALVIN-2026-06302,2026-09-18 08:21:00.200,131.94,1.32,0.4398,0.4407,0.4402,69.43,Low Risk,Botol Sampel A,Sumber Air A,5
ALVIN-2026-06303,2026-09-18 08:21:00.400,363.85,3.48,1.2128,1.1616,1.1872,45.72,High Risk,Botol Sampel E,Sumber Air E,5
ALVIN-2026-06304,2026-09-18 08:21:00.600,122.08,0.35,0.4069,0.1174,0.2622,79.23,Low Risk,Botol Sampel A,Sumber Air A,5
ALVIN-2026-06305,2026-09-18 08:21:00.800,104.11,0.55,0.347,0.1837,0.2653,79.03,Low Risk,Botol Sampel A,Sumber Air A,5
ALVIN-2026-06306,2026-09-18 08:21:01.000,473.61,3.79,1.5787,1.2635,1.4211,41.3,High Risk,Botol Sampel E,Sumber Air E,5
ALVIN-2026-06307,2026-09-18 08:21:01.200,503.83,5.33,1.6794,1.7781,1.7288,36.65,High Risk,Botol Sampel D,Sumber Air D,5
ALVIN-2026-06308,2026-09-18 08:21:01.400,201.25,2.63,0.6708,0.8754,0.7731,56.4,Moderate Risk,Botol Sampel C,Sumber Air C,5
ALVIN-2026-06309,2026-09-18 08:21:01.600,97.91,0.1,0.3264,0.0333,0.1798,84.76,Low Risk,Botol Sampel A,Sumber Air A,5
ALVIN-2026-06310,2026-09-18 08:21:01.800,304.21,2.65,1.014,0.8848,0.9494,51.3,High Risk,Botol Sampel D,Sumber Air D,5
ALVIN-2026-06311,2026-09-18 08:21:02.000,334.04,3.81,1.1135,1.2707,1.1921,45.62,High Risk,Botol Sampel D,Sumber Air D,5
ALVIN-2026-06312,2026-09-18 08:21:02.200,198.07,1.67,0.6602,0.5569,0.6085,62.17,Moderate Risk,Botol Sampel C,Sumber Air C,5
ALVIN-2026-06313,2026-09-18 08:21:02.400,71.16,0.61,0.2372,0.2027,0.22,81.97,Low Risk,Botol Sampel A,Sumber Air A,5
ALVIN-2026-06314,2026-09-18 08:21:02.600,317.03,3.76,1.0568,1.2517,1.1542,46.42,High Risk,Botol Sampel E,Sumber Air E,5
ALVIN-2026-06315,2026-09-18 08:21:02.800,246.41,1.49,0.8214,0.4955,0.6584,60.3,Moderate Risk,Botol Sampel B,Sumber Air B,5
ALVIN-2026-06316,2026-09-18 08:21:03.000,204.91,1.28,0.683,0.4261,0.5546,64.33,Moderate Risk,Botol Sampel C,Sumber Air C,5
ALVIN-2026-06317,2026-09-18 08:21:03.200,619.46,7.42,2.0649,2.4725,2.2687,30.59,High Risk,Botol Sampel E,Sumber Air E,5
ALVIN-2026-06318,2026-09-18 08:21:03.400,332.9,2.2,1.1097,0.7333,0.9215,52.04,High Risk,Botol Sampel D,Sumber Air D,5
ALVIN-2026-06319,2026-09-18 08:21:03.600,407.52,2.45,1.3584,0.8175,1.088,47.89,High Risk,Botol Sampel E,Sumber Air E,5
ALVIN-2026-06320,2026-09-18 08:21:03.800,400.0,6.86,1.3333,2.2877,1.8105,35.58,High Risk,Botol Sampel D,Sumber Air D,5
ALVIN-2026-06321,2026-09-18 08:21:04.000,400.0,11.0,1.3333,3.6679,2.5006,28.57,High Risk,Botol Sampel E,Sumber Air E,5
ALVIN-2026-06322,2026-09-18 08:21:04.200,397.29,4.37,1.3243,1.4553,1.3898,41.84,High Risk,Botol Sampel E,Sumber Air E,5
ALVIN-2026-06323,2026-09-18 08:21:04.400,400.0,7.46,1.3333,2.4875,1.9104,34.36,High Risk,Botol Sampel E,Sumber Air E,5
ALVIN-2026-06324,2026-09-18 08:21:04.600,240.24,2.41,0.8008,0.8049,0.8028,55.47,Moderate Risk,Botol Sampel B,Sumber Air B,5
ALVIN-2026-06325,2026-09-18 08:21:04.800,152.0,1.4,0.5067,0.4678,0.4872,67.24,Moderate Risk,Botol Sampel C,Sumber Air C,5
ALVIN-2026-06326,2026-09-18 08:21:05.000,236.4,1.47,0.788,0.4911,0.6396,60.99,Moderate Risk,Botol Sampel B,Sumber Air B,5
ALVIN-2026-06327,2026-09-18 08:21:05.200,748.77,6.58,2.4959,2.1936,2.3448,29.9,High Risk,Botol Sampel D,Sumber Air D,5
ALVIN-2026-06328,2026-09-18 08:21:05.400,782.06,7.34,2.6069,2.4468,2.5268,28.35,High Risk,Botol Sampel E,Sumber Air E,5
ALVIN-2026-06329,2026-09-18 08:21:05.600,262.99,1.16,0.8766,0.3853,0.631,61.31,Moderate Risk,Botol Sampel B,Sumber Air B,5
ALVIN-2026-06330,2026-09-18 08:21:05.800,722.42,5.16,2.4081,1.7188,2.0634,32.64,High Risk,Botol Sampel D,Sumber Air D,5
ALVIN-2026-06331,2026-09-18 08:21:06.000,99.64,0.84,0.3321,0.2809,0.3065,76.54,Moderate Risk,Botol Sampel B,Sumber Air B,5
ALVIN-2026-06332,2026-09-18 08:21:06.200,368.67,2.48,1.2289,0.828,1.0284,49.3,High Risk,Botol Sampel E,Sumber Air E,5
ALVIN-2026-06333,2026-09-18 08:21:06.400,181.14,2.2,0.6038,0.7345,0.6692,59.91,Moderate Risk,Botol Sampel B,Sumber Air B,5
ALVIN-2026-06334,2026-09-18 08:21:06.600,546.34,6.08,1.8211,2.0268,1.924,34.2,High Risk,Botol Sampel E,Sumber Air E,5
ALVIN-2026-06335,2026-09-18 08:21:06.800,280.0,3.77,0.9333,1.2565,1.0949,47.73,High Risk,Botol Sampel D,Sumber Air D,5
ALVIN-2026-06336,2026-09-18 08:21:07.000,439.08,3.58,1.4636,1.192,1.3278,42.96,High Risk,Botol Sampel D,Sumber Air D,5
ALVIN-2026-06337,2026-09-18 08:21:07.200,207.99,1.3,0.6933,0.4318,0.5626,64.0,Moderate Risk,Botol Sampel C,Sumber Air C,5
ALVIN-2026-06338,2026-09-18 08:21:07.400,400.0,5.45,1.3333,1.816,1.5747,38.84,High Risk,Botol Sampel E,Sumber Air E,5
ALVIN-2026-06339,2026-09-18 08:21:07.600,586.82,6.18,1.9561,2.0586,2.0074,33.25,High Risk,Botol Sampel E,Sumber Air E,5
ALVIN-2026-06340,2026-09-18 08:21:07.800,695.41,10.64,2.318,3.5456,2.9318,25.43,High Risk,Botol Sampel E,Sumber Air E,5
ALVIN-2026-06341,2026-09-18 08:21:08.000,617.81,4.68,2.0594,1.5606,1.81,35.59,High Risk,Botol Sampel D,Sumber Air D,5
ALVIN-2026-06342,2026-09-18 08:21:08.200,340.84,3.51,1.1361,1.1702,1.1532,46.44,High Risk,Botol Sampel D,Sumber Air D,5
ALVIN-2026-06343,2026-09-18 08:21:08.400,583.78,7.14,1.9459,2.3809,2.1634,31.61,High Risk,Botol Sampel D,Sumber Air D,5
ALVIN-2026-06344,2026-09-18 08:21:08.600,167.17,2.13,0.5572,0.7109,0.634,61.2,Moderate Risk,Botol Sampel B,Sumber Air B,5
ALVIN-2026-06345,2026-09-18 08:21:08.800,604.05,4.85,2.0135,1.6163,1.8149,35.53,High Risk,Botol Sampel D,Sumber Air D,5
ALVIN-2026-06346,2026-09-18 08:21:09.000,779.51,8.2,2.5984,2.7317,2.665,27.29,High Risk,Botol Sampel E,Sumber Air E,5
ALVIN-2026-06347,2026-09-18 08:21:09.200,701.24,8.93,2.3375,2.9758,2.6566,27.35,High Risk,Botol Sampel E,Sumber Air E,5
ALVIN-2026-06348,2026-09-18 08:21:09.400,529.42,10.47,1.7647,3.4904,2.6276,27.57,High Risk,Botol Sampel D,Sumber Air D,5
ALVIN-2026-06349,2026-09-18 08:21:09.600,207.1,2.08,0.6903,0.6925,0.6914,59.12,Moderate Risk,Botol Sampel B,Sumber Air B,5
ALVIN-2026-06350,2026-09-18 08:21:09.800,318.32,3.22,1.0611,1.0731,1.0671,48.38,High Risk,Botol Sampel E,Sumber Air E,5
ALVIN-2026-06351,2026-09-18 08:21:10.000,410.35,2.91,1.3678,0.9698,1.1688,46.11,High Risk,Botol Sampel D,Sumber Air D,5
ALVIN-2026-06352,2026-09-18 08:21:10.200,138.23,0.47,0.4608,0.1583,0.3096,76.36,Low Risk,Botol Sampel A,Sumber Air A,5
ALVIN-2026-06353,2026-09-18 08:21:10.400,79.59,0.8,0.2653,0.2671,0.2662,78.98,Low Risk,Botol Sampel A,Sumber Air A,5
ALVIN-2026-06354,2026-09-18 08:21:10.600,43.58,0.51,0.1453,0.1698,0.1576,86.39,Low Risk,Botol Sampel A,Sumber Air A,5
ALVIN-2026-06355,2026-09-18 08:21:10.800,104.79,0.18,0.3493,0.0591,0.2042,83.04,Moderate Risk,Botol Sampel B,Sumber Air B,5
ALVIN-2026-06356,2026-09-18 08:21:11.000,313.9,3.19,1.0463,1.0646,1.0554,48.65,High Risk,Botol Sampel E,Sumber Air E,5
ALVIN-2026-06357,2026-09-18 08:21:11.200,71.13,0.37,0.2371,0.124,0.1805,84.71,Low Risk,Botol Sampel A,Sumber Air A,5
ALVIN-2026-06358,2026-09-18 08:21:11.400,86.35,0.61,0.2878,0.2035,0.2456,80.28,Low Risk,Botol Sampel A,Sumber Air A,5
ALVIN-2026-06359,2026-09-18 08:21:11.600,229.57,1.92,0.7652,0.6416,0.7034,58.71,Moderate Risk,Botol Sampel C,Sumber Air C,5
ALVIN-2026-06360,2026-09-18 08:21:11.800,675.79,4.6,2.2526,1.5344,1.8935,34.56,High Risk,Botol Sampel D,Sumber Air D,5
ALVIN-2026-06361,2026-09-18 08:21:12.000,199.93,1.76,0.6664,0.5864,0.6264,61.49,Moderate Risk,Botol Sampel B,Sumber Air B,5
ALVIN-2026-06362,2026-09-18 08:21:12.200,163.94,1.53,0.5465,0.5101,0.5283,65.43,Moderate Risk,Botol Sampel C,Sumber Air C,5
ALVIN-2026-06363,2026-09-18 08:21:12.400,231.6,1.88,0.772,0.6278,0.6999,58.83,Moderate Risk,Botol Sampel B,Sumber Air B,5
ALVIN-2026-06364,2026-09-18 08:21:12.600,108.67,0.32,0.3622,0.1052,0.2337,81.06,Low Risk,Botol Sampel A,Sumber Air A,5
ALVIN-2026-06365,2026-09-18 08:21:12.800,137.55,0.1,0.4585,0.0333,0.2459,80.26,Moderate Risk,Botol Sampel C,Sumber Air C,5
ALVIN-2026-06366,2026-09-18 08:21:13.000,290.09,3.12,0.967,1.0398,1.0034,49.92,High Risk,Botol Sampel D,Sumber Air D,5
ALVIN-2026-06367,2026-09-18 08:21:13.200,537.72,9.87,1.7924,3.2905,2.5415,28.24,High Risk,Botol Sampel E,Sumber Air E,5
ALVIN-2026-06368,2026-09-18 08:21:13.400,213.95,1.73,0.7132,0.5758,0.6445,60.81,Moderate Risk,Botol Sampel B,Sumber Air B,5
ALVIN-2026-06369,2026-09-18 08:21:13.600,104.69,0.39,0.349,0.1294,0.2392,80.7,Low Risk,Botol Sampel A,Sumber Air A,5
ALVIN-2026-06370,2026-09-18 08:21:13.800,305.95,2.2,1.0198,0.7333,0.8766,53.29,High Risk,Botol Sampel D,Sumber Air D,5
ALVIN-2026-06371,2026-09-18 08:21:14.000,176.71,2.59,0.589,0.8645,0.7268,57.91,Moderate Risk,Botol Sampel C,Sumber Air C,5
ALVIN-2026-06372,2026-09-18 08:21:14.200,140.87,0.41,0.4696,0.1382,0.3039,76.69,Low Risk,Botol Sampel A,Sumber Air A,5
ALVIN-2026-06373,2026-09-18 08:21:14.400,360.62,4.86,1.2021,1.6187,1.4104,41.49,High Risk,Botol Sampel E,Sumber Air E,5
ALVIN-2026-06374,2026-09-18 08:21:14.600,87.76,0.89,0.2925,0.2968,0.2946,77.24,Low Risk,Botol Sampel A,Sumber Air A,5
ALVIN-2026-06375,2026-09-18 08:21:14.800,247.57,1.29,0.8252,0.4292,0.6272,61.46,Moderate Risk,Botol Sampel C,Sumber Air C,5
ALVIN-2026-06376,2026-09-18 08:21:15.000,348.27,4.19,1.1609,1.3975,1.2792,43.88,High Risk,Botol Sampel E,Sumber Air E,5
ALVIN-2026-06377,2026-09-18 08:21:15.200,646.07,10.83,2.1536,3.609,2.8813,25.76,High Risk,Botol Sampel D,Sumber Air D,5
ALVIN-2026-06378,2026-09-18 08:21:15.400,45.67,0.89,0.1522,0.2977,0.225,81.63,Low Risk,Botol Sampel A,Sumber Air A,5
ALVIN-2026-06379,2026-09-18 08:21:15.600,252.57,2.65,0.8419,0.8829,0.8624,53.69,Moderate Risk,Botol Sampel C,Sumber Air C,5
ALVIN-2026-06380,2026-09-18 08:21:15.800,441.45,6.31,1.4715,2.1025,1.787,35.88,High Risk,Botol Sampel D,Sumber Air D,5
ALVIN-2026-06381,2026-09-18 08:21:16.000,202.22,1.29,0.6741,0.4291,0.5516,64.45,Moderate Risk,Botol Sampel B,Sumber Air B,5
ALVIN-2026-06382,2026-09-18 08:21:16.200,601.4,5.72,2.0047,1.9055,1.9551,33.84,High Risk,Botol Sampel E,Sumber Air E,5
ALVIN-2026-06383,2026-09-18 08:21:16.400,127.45,0.54,0.4248,0.1793,0.302,76.8,Low Risk,Botol Sampel A,Sumber Air A,5
ALVIN-2026-06384,2026-09-18 08:21:16.600,48.09,0.82,0.1603,0.2732,0.2168,82.18,Low Risk,Botol Sampel A,Sumber Air A,5
ALVIN-2026-06385,2026-09-18 08:21:16.800,108.03,0.65,0.3601,0.2179,0.289,77.58,Low Risk,Botol Sampel A,Sumber Air A,5
ALVIN-2026-06386,2026-09-18 08:21:17.000,620.35,8.43,2.0678,2.81,2.4389,29.08,High Risk,Botol Sampel D,Sumber Air D,5
ALVIN-2026-06387,2026-09-18 08:21:17.200,397.54,2.45,1.3251,0.8154,1.0702,48.3,High Risk,Botol Sampel D,Sumber Air D,5
ALVIN-2026-06388,2026-09-18 08:21:17.400,235.73,1.52,0.7858,0.5073,0.6466,60.73,Moderate Risk,Botol Sampel B,Sumber Air B,5
ALVIN-2026-06389,2026-09-18 08:21:17.600,167.97,1.26,0.5599,0.4201,0.49,67.11,Moderate Risk,Botol Sampel B,Sumber Air B,5
ALVIN-2026-06390,2026-09-18 08:21:17.800,587.37,5.22,1.9579,1.7392,1.8486,35.1,High Risk,Botol Sampel E,Sumber Air E,5
ALVIN-2026-06391,2026-09-18 08:21:18.000,351.93,3.49,1.1731,1.1642,1.1686,46.11,High Risk,Botol Sampel E,Sumber Air E,5
ALVIN-2026-06392,2026-09-18 08:21:18.200,280.0,3.09,0.9333,1.03,0.9816,50.46,High Risk,Botol Sampel E,Sumber Air E,5
ALVIN-2026-06393,2026-09-18 08:21:18.400,339.42,4.3,1.1314,1.4344,1.2829,43.8,High Risk,Botol Sampel D,Sumber Air D,5
ALVIN-2026-06394,2026-09-18 08:21:18.600,197.29,1.63,0.6576,0.5444,0.601,62.46,Moderate Risk,Botol Sampel C,Sumber Air C,5
ALVIN-2026-06395,2026-09-18 08:21:18.800,305.36,3.96,1.0179,1.3207,1.1693,46.1,High Risk,Botol Sampel D,Sumber Air D,5
ALVIN-2026-06396,2026-09-18 08:21:19.000,250.89,1.99,0.8363,0.6647,0.7505,57.13,Moderate Risk,Botol Sampel B,Sumber Air B,5
ALVIN-2026-06397,2026-09-18 08:21:19.200,875.58,4.5,2.9186,1.5,2.2093,31.16,High Risk,Botol Sampel D,Sumber Air D,5
ALVIN-2026-06398,2026-09-18 08:21:19.400,518.79,7.89,1.7293,2.6303,2.1798,31.45,High Risk,Botol Sampel E,Sumber Air E,5
ALVIN-2026-06399,2026-09-18 08:21:19.600,663.86,8.97,2.2129,2.9889,2.6009,27.77,High Risk,Botol Sampel E,Sumber Air E,5
ALVIN-2026-06400,2026-09-18 08:21:19.800,404.97,2.39,1.3499,0.797,1.0734,48.23,High Risk,Botol Sampel E,Sumber Air E,5
ALVIN-2026-06401,2026-09-18 08:21:20.000,94.36,0.48,0.3145,0.1603,0.2374,80.81,Low Risk,Botol Sampel A,Sumber Air A,5
ALVIN-2026-06402,2026-09-18 08:21:20.200,340.25,2.88,1.1342,0.96,1.0471,48.85,High Risk,Botol Sampel D,Sumber Air D,5
ALVIN-2026-06403,2026-09-18 08:21:20.400,236.84,1.73,0.7895,0.5755,0.6825,59.44,Moderate Risk,Botol Sampel B,Sumber Air B,5
ALVIN-2026-06404,2026-09-18 08:21:20.600,767.84,6.82,2.5595,2.2736,2.4166,29.27,High Risk,Botol Sampel D,Sumber Air D,5
ALVIN-2026-06405,2026-09-18 08:21:20.800,658.13,4.5,2.1938,1.5,1.8469,35.13,High Risk,Botol Sampel E,Sumber Air E,5
ALVIN-2026-06406,2026-09-18 08:21:21.000,322.52,3.73,1.0751,1.244,1.1595,46.31,High Risk,Botol Sampel D,Sumber Air D,5
ALVIN-2026-06407,2026-09-18 08:21:21.200,280.0,3.59,0.9333,1.1951,1.0642,48.44,High Risk,Botol Sampel D,Sumber Air D,5
ALVIN-2026-06408,2026-09-18 08:21:21.400,206.7,1.26,0.689,0.4198,0.5544,64.33,Moderate Risk,Botol Sampel C,Sumber Air C,5
ALVIN-2026-06409,2026-09-18 08:21:21.600,237.83,2.06,0.7928,0.6869,0.7398,57.48,Moderate Risk,Botol Sampel B,Sumber Air B,5
ALVIN-2026-06410,2026-09-18 08:21:21.800,617.5,6.98,2.0583,2.3274,2.1928,31.32,High Risk,Botol Sampel D,Sumber Air D,5
ALVIN-2026-06411,2026-09-18 08:21:22.000,60.31,0.75,0.201,0.2512,0.2261,81.56,Low Risk,Botol Sampel A,Sumber Air A,5
ALVIN-2026-06412,2026-09-18 08:21:22.200,455.2,2.8,1.5173,0.9325,1.2249,44.95,High Risk,Botol Sampel E,Sumber Air E,5
ALVIN-2026-06413,2026-09-18 08:21:22.400,569.47,6.12,1.8982,2.0406,1.9694,33.68,High Risk,Botol Sampel E,Sumber Air E,5
ALVIN-2026-06414,2026-09-18 08:21:22.600,145.0,0.22,0.4833,0.0725,0.2779,78.25,Low Risk,Botol Sampel A,Sumber Air A,5
ALVIN-2026-06415,2026-09-18 08:21:22.800,263.1,1.56,0.877,0.5193,0.6982,58.89,Moderate Risk,Botol Sampel B,Sumber Air B,5
ALVIN-2026-06416,2026-09-18 08:21:23.000,124.5,0.72,0.415,0.2412,0.3281,75.3,Low Risk,Botol Sampel A,Sumber Air A,5
ALVIN-2026-06417,2026-09-18 08:21:23.200,88.71,0.24,0.2957,0.0803,0.188,84.18,Low Risk,Botol Sampel A,Sumber Air A,5
ALVIN-2026-06418,2026-09-18 08:21:23.400,635.35,7.79,2.1178,2.5967,2.3572,29.79,High Risk,Botol Sampel E,Sumber Air E,5
ALVIN-2026-06419,2026-09-18 08:21:23.600,372.83,4.68,1.2428,1.5584,1.4006,41.66,High Risk,Botol Sampel E,Sumber Air E,5
ALVIN-2026-06420,2026-09-18 08:21:23.800,776.64,7.14,2.5888,2.3789,2.4838,28.7,High Risk,Botol Sampel E,Sumber Air E,5
ALVIN-2026-06421,2026-09-18 08:21:24.000,189.44,2.51,0.6315,0.8369,0.7342,57.66,Moderate Risk,Botol Sampel C,Sumber Air C,5
ALVIN-2026-06422,2026-09-18 08:21:24.200,181.83,1.8,0.6061,0.6002,0.6032,62.38,Moderate Risk,Botol Sampel B,Sumber Air B,5
ALVIN-2026-06423,2026-09-18 08:21:24.400,125.96,0.69,0.4199,0.2316,0.3258,75.43,Moderate Risk,Botol Sampel B,Sumber Air B,5
ALVIN-2026-06424,2026-09-18 08:21:24.600,333.73,2.49,1.1124,0.8284,0.9704,50.75,High Risk,Botol Sampel E,Sumber Air E,5
ALVIN-2026-06425,2026-09-18 08:21:24.800,71.67,1.15,0.2389,0.3821,0.3105,76.31,Low Risk,Botol Sampel A,Sumber Air A,5
ALVIN-2026-06426,2026-09-18 08:21:25.000,745.21,7.15,2.484,2.384,2.434,29.12,High Risk,Botol Sampel D,Sumber Air D,5
ALVIN-2026-06427,2026-09-18 08:21:25.200,102.55,1.16,0.3418,0.3857,0.3638,73.32,Low Risk,Botol Sampel A,Sumber Air A,5
ALVIN-2026-06428,2026-09-18 08:21:25.400,640.23,8.9,2.1341,2.9676,2.5508,28.16,High Risk,Botol Sampel D,Sumber Air D,5
ALVIN-2026-06429,2026-09-18 08:21:25.600,731.18,7.07,2.4373,2.3551,2.3962,29.44,High Risk,Botol Sampel E,Sumber Air E,5
ALVIN-2026-06430,2026-09-18 08:21:25.800,107.3,0.22,0.3577,0.0723,0.215,82.3,Low Risk,Botol Sampel A,Sumber Air A,5
ALVIN-2026-06431,2026-09-18 08:21:26.000,713.41,8.72,2.378,2.9077,2.6428,27.45,High Risk,Botol Sampel D,Sumber Air D,5
ALVIN-2026-06432,2026-09-18 08:21:26.200,88.67,0.97,0.2956,0.3229,0.3093,76.38,Low Risk,Botol Sampel A,Sumber Air A,5
ALVIN-2026-06433,2026-09-18 08:21:26.400,281.81,1.82,0.9394,0.6069,0.7732,56.4,Moderate Risk,Botol Sampel C,Sumber Air C,5
ALVIN-2026-06434,2026-09-18 08:21:26.600,104.51,0.65,0.3484,0.215,0.2817,78.02,Low Risk,Botol Sampel A,Sumber Air A,5
ALVIN-2026-06435,2026-09-18 08:21:26.800,523.21,6.89,1.744,2.2957,2.0198,33.11,High Risk,Botol Sampel E,Sumber Air E,5
ALVIN-2026-06436,2026-09-18 08:21:27.000,771.32,8.44,2.5711,2.8147,2.6929,27.08,High Risk,Botol Sampel E,Sumber Air E,5
ALVIN-2026-06437,2026-09-18 08:21:27.200,390.68,2.37,1.3023,0.7886,1.0454,48.89,High Risk,Botol Sampel E,Sumber Air E,5
ALVIN-2026-06438,2026-09-18 08:21:27.400,597.59,4.91,1.992,1.638,1.815,35.52,High Risk,Botol Sampel D,Sumber Air D,5
ALVIN-2026-06439,2026-09-18 08:21:27.600,575.23,7.23,1.9174,2.4114,2.1644,31.6,High Risk,Botol Sampel D,Sumber Air D,5
ALVIN-2026-06440,2026-09-18 08:21:27.800,836.94,6.31,2.7898,2.1027,2.4462,29.02,High Risk,Botol Sampel D,Sumber Air D,5
ALVIN-2026-06441,2026-09-18 08:21:28.000,737.95,4.5,2.4598,1.5,1.9799,33.56,High Risk,Botol Sampel E,Sumber Air E,5
ALVIN-2026-06442,2026-09-18 08:21:28.200,90.12,0.85,0.3004,0.2835,0.292,77.4,Moderate Risk,Botol Sampel C,Sumber Air C,5
ALVIN-2026-06443,2026-09-18 08:21:28.400,493.84,7.65,1.6461,2.5509,2.0985,32.27,High Risk,Botol Sampel E,Sumber Air E,5
ALVIN-2026-06444,2026-09-18 08:21:28.600,299.94,2.51,0.9998,0.8376,0.9187,52.12,Moderate Risk,Botol Sampel B,Sumber Air B,5
ALVIN-2026-06445,2026-09-18 08:21:28.800,855.96,7.8,2.8532,2.6004,2.7268,26.83,High Risk,Botol Sampel E,Sumber Air E,5
ALVIN-2026-06446,2026-09-18 08:21:29.000,123.2,0.96,0.4107,0.3198,0.3652,73.25,Moderate Risk,Botol Sampel C,Sumber Air C,5
ALVIN-2026-06447,2026-09-18 08:21:29.200,681.53,6.64,2.2718,2.2144,2.2431,30.83,High Risk,Botol Sampel E,Sumber Air E,5
ALVIN-2026-06448,2026-09-18 08:21:29.400,145.0,0.1,0.4833,0.0333,0.2583,79.47,Low Risk,Botol Sampel A,Sumber Air A,5
ALVIN-2026-06449,2026-09-18 08:21:29.600,280.0,5.04,0.9333,1.6816,1.3074,43.34,High Risk,Botol Sampel E,Sumber Air E,5
ALVIN-2026-06450,2026-09-18 08:21:29.800,598.64,5.08,1.9955,1.6943,1.8449,35.15,High Risk,Botol Sampel D,Sumber Air D,5
ALVIN-2026-06451,2026-09-18 08:21:30.000,607.17,5.4,2.0239,1.8003,1.9121,34.34,High Risk,Botol Sampel D,Sumber Air D,5
ALVIN-2026-06452,2026-09-18 08:21:30.200,223.08,1.64,0.7436,0.5452,0.6444,60.81,Moderate Risk,Botol Sampel C,Sumber Air C,5
ALVIN-2026-06453,2026-09-18 08:21:30.400,464.7,7.42,1.549,2.4727,2.0108,33.21,High Risk,Botol Sampel D,Sumber Air D,5
ALVIN-2026-06454,2026-09-18 08:21:30.600,107.8,0.62,0.3593,0.2066,0.283,77.94,Low Risk,Botol Sampel A,Sumber Air A,5
ALVIN-2026-06455,2026-09-18 08:21:30.800,345.2,5.0,1.1507,1.6658,1.4082,41.52,High Risk,Botol Sampel E,Sumber Air E,5
ALVIN-2026-06456,2026-09-18 08:21:31.000,215.41,1.59,0.718,0.5299,0.624,61.58,Moderate Risk,Botol Sampel C,Sumber Air C,5
ALVIN-2026-06457,2026-09-18 08:21:31.200,112.69,0.59,0.3756,0.1972,0.2864,77.74,Low Risk,Botol Sampel A,Sumber Air A,5
ALVIN-2026-06458,2026-09-18 08:21:31.400,543.04,10.06,1.8101,3.3527,2.5814,27.92,High Risk,Botol Sampel E,Sumber Air E,5
ALVIN-2026-06459,2026-09-18 08:21:31.600,659.03,4.52,2.1968,1.5077,1.8522,35.06,High Risk,Botol Sampel D,Sumber Air D,5
ALVIN-2026-06460,2026-09-18 08:21:31.800,85.69,0.69,0.2856,0.2314,0.2585,79.46,Low Risk,Botol Sampel A,Sumber Air A,5
ALVIN-2026-06461,2026-09-18 08:21:32.000,74.95,0.64,0.2498,0.2121,0.231,81.23,Low Risk,Botol Sampel A,Sumber Air A,5
ALVIN-2026-06462,2026-09-18 08:21:32.200,189.21,1.19,0.6307,0.3961,0.5134,66.08,Moderate Risk,Botol Sampel C,Sumber Air C,5
ALVIN-2026-06463,2026-09-18 08:21:32.400,105.14,0.86,0.3505,0.2863,0.3184,75.85,Low Risk,Botol Sampel A,Sumber Air A,5
ALVIN-2026-06464,2026-09-18 08:21:32.600,332.82,3.35,1.1094,1.1172,1.1133,47.32,High Risk,Botol Sampel E,Sumber Air E,5
ALVIN-2026-06465,2026-09-18 08:21:32.800,121.01,0.58,0.4034,0.1928,0.2981,77.04,Moderate Risk,Botol Sampel B,Sumber Air B,5
ALVIN-2026-06466,2026-09-18 08:21:33.000,175.23,2.05,0.5841,0.6843,0.6342,61.19,Moderate Risk,Botol Sampel B,Sumber Air B,5
ALVIN-2026-06467,2026-09-18 08:21:33.200,400.0,8.72,1.3333,2.9075,2.1204,32.05,High Risk,Botol Sampel E,Sumber Air E,5
ALVIN-2026-06468,2026-09-18 08:21:33.400,258.07,1.99,0.8602,0.6645,0.7624,56.74,Moderate Risk,Botol Sampel B,Sumber Air B,5
ALVIN-2026-06469,2026-09-18 08:21:33.600,98.64,1.13,0.3288,0.3751,0.352,73.96,Low Risk,Botol Sampel A,Sumber Air A,5
ALVIN-2026-06470,2026-09-18 08:21:33.800,98.26,0.62,0.3275,0.205,0.2662,78.98,Low Risk,Botol Sampel A,Sumber Air A,5
ALVIN-2026-06471,2026-09-18 08:21:34.000,280.0,3.06,0.9333,1.0206,0.977,50.58,High Risk,Botol Sampel E,Sumber Air E,5
ALVIN-2026-06472,2026-09-18 08:21:34.200,77.45,0.1,0.2582,0.0333,0.1458,87.28,Low Risk,Botol Sampel A,Sumber Air A,5
ALVIN-2026-06473,2026-09-18 08:21:34.400,551.24,5.76,1.8375,1.9202,1.8788,34.74,High Risk,Botol Sampel D,Sumber Air D,5
ALVIN-2026-06474,2026-09-18 08:21:34.600,868.5,5.82,2.895,1.9397,2.4174,29.26,High Risk,Botol Sampel E,Sumber Air E,5
ALVIN-2026-06475,2026-09-18 08:21:34.800,205.61,1.7,0.6854,0.5671,0.6262,61.49,Moderate Risk,Botol Sampel C,Sumber Air C,5
ALVIN-2026-06476,2026-09-18 08:21:35.000,723.34,6.87,2.4111,2.2892,2.3502,29.85,High Risk,Botol Sampel E,Sumber Air E,5
ALVIN-2026-06477,2026-09-18 08:21:35.200,347.15,3.96,1.1572,1.3213,1.2392,44.66,High Risk,Botol Sampel E,Sumber Air E,5
ALVIN-2026-06478,2026-09-18 08:21:35.400,116.69,0.76,0.389,0.2525,0.3208,75.71,Low Risk,Botol Sampel A,Sumber Air A,5
ALVIN-2026-06479,2026-09-18 08:21:35.600,649.21,6.8,2.164,2.2662,2.2151,31.1,High Risk,Botol Sampel D,Sumber Air D,5
ALVIN-2026-06480,2026-09-18 08:21:35.800,204.77,1.97,0.6826,0.6552,0.6689,59.92,Moderate Risk,Botol Sampel B,Sumber Air B,5
ALVIN-2026-06481,2026-09-18 08:21:36.000,705.74,8.4,2.3525,2.7989,2.5757,27.97,High Risk,Botol Sampel D,Sumber Air D,5
ALVIN-2026-06482,2026-09-18 08:21:36.200,719.35,5.41,2.3978,1.8046,2.1012,32.25,High Risk,Botol Sampel E,Sumber Air E,5
ALVIN-2026-06483,2026-09-18 08:21:36.400,239.21,1.33,0.7974,0.4442,0.6208,61.7,Moderate Risk,Botol Sampel C,Sumber Air C,5
ALVIN-2026-06484,2026-09-18 08:21:36.600,496.67,7.15,1.6556,2.3824,2.019,33.12,High Risk,Botol Sampel D,Sumber Air D,5
ALVIN-2026-06485,2026-09-18 08:21:36.800,216.79,1.32,0.7226,0.4407,0.5816,63.23,Moderate Risk,Botol Sampel C,Sumber Air C,5
ALVIN-2026-06486,2026-09-18 08:21:37.000,474.64,4.69,1.5821,1.5636,1.5728,38.87,High Risk,Botol Sampel D,Sumber Air D,5
ALVIN-2026-06487,2026-09-18 08:21:37.200,130.79,0.62,0.436,0.2075,0.3218,75.65,Low Risk,Botol Sampel A,Sumber Air A,5
ALVIN-2026-06488,2026-09-18 08:21:37.400,121.08,1.26,0.4036,0.4201,0.4118,70.83,Moderate Risk,Botol Sampel C,Sumber Air C,5
ALVIN-2026-06489,2026-09-18 08:21:37.600,190.29,2.05,0.6343,0.6846,0.6594,60.26,Moderate Risk,Botol Sampel C,Sumber Air C,5
ALVIN-2026-06490,2026-09-18 08:21:37.800,143.46,1.63,0.4782,0.5419,0.51,66.23,Moderate Risk,Botol Sampel C,Sumber Air C,5
ALVIN-2026-06491,2026-09-18 08:21:38.000,108.45,0.92,0.3615,0.3074,0.3345,74.93,Low Risk,Botol Sampel A,Sumber Air A,5
ALVIN-2026-06492,2026-09-18 08:21:38.200,325.65,4.57,1.0855,1.5248,1.3051,43.38,High Risk,Botol Sampel D,Sumber Air D,5
ALVIN-2026-06493,2026-09-18 08:21:38.400,59.94,0.69,0.1998,0.23,0.2149,82.31,Low Risk,Botol Sampel A,Sumber Air A,5
ALVIN-2026-06494,2026-09-18 08:21:38.600,257.38,1.74,0.8579,0.58,0.719,58.17,Moderate Risk,Botol Sampel B,Sumber Air B,5
ALVIN-2026-06495,2026-09-18 08:21:38.800,340.36,3.15,1.1345,1.0487,1.0916,47.81,High Risk,Botol Sampel D,Sumber Air D,5
ALVIN-2026-06496,2026-09-18 08:21:39.000,679.57,4.5,2.2652,1.5,1.8826,34.69,High Risk,Botol Sampel E,Sumber Air E,5
ALVIN-2026-06497,2026-09-18 08:21:39.200,93.82,0.87,0.3127,0.29,0.3014,76.84,Low Risk,Botol Sampel A,Sumber Air A,5
ALVIN-2026-06498,2026-09-18 08:21:39.400,99.94,0.57,0.3331,0.1892,0.2612,79.29,Low Risk,Botol Sampel A,Sumber Air A,5
ALVIN-2026-06499,2026-09-18 08:21:39.600,273.51,2.13,0.9117,0.7109,0.8113,55.21,Moderate Risk,Botol Sampel B,Sumber Air B,5
ALVIN-2026-06500,2026-09-18 08:21:39.800,344.05,4.16,1.1468,1.3861,1.2664,44.12,High Risk,Botol Sampel E,Sumber Air E,5
ALVIN-2026-06501,2026-09-18 08:21:40.000,387.36,3.64,1.2912,1.2126,1.2519,44.41,High Risk,Botol Sampel E,Sumber Air E,5
ALVIN-2026-06502,2026-09-18 08:21:40.200,84.35,0.1,0.2812,0.0335,0.1574,86.4,Low Risk,Botol Sampel A,Sumber Air A,5
ALVIN-2026-06503,2026-09-18 08:21:40.400,390.11,2.82,1.3004,0.9396,1.12,47.17,High Risk,Botol Sampel D,Sumber Air D,5
ALVIN-2026-06504,2026-09-18 08:21:40.600,170.94,1.79,0.5698,0.5956,0.5827,63.18,Moderate Risk,Botol Sampel C,Sumber Air C,5
ALVIN-2026-06505,2026-09-18 08:21:40.800,171.69,2.07,0.5723,0.6903,0.6313,61.3,Moderate Risk,Botol Sampel B,Sumber Air B,5
ALVIN-2026-06506,2026-09-18 08:21:41.000,220.22,1.0,0.7341,0.3333,0.5337,65.2,Moderate Risk,Botol Sampel C,Sumber Air C,5
ALVIN-2026-06507,2026-09-18 08:21:41.200,220.2,1.81,0.734,0.6034,0.6687,59.93,Moderate Risk,Botol Sampel C,Sumber Air C,5
ALVIN-2026-06508,2026-09-18 08:21:41.400,104.91,0.51,0.3497,0.1716,0.2606,79.33,Low Risk,Botol Sampel A,Sumber Air A,5
ALVIN-2026-06509,2026-09-18 08:21:41.600,342.68,3.02,1.1423,1.0055,1.0739,48.22,High Risk,Botol Sampel D,Sumber Air D,5
ALVIN-2026-06510,2026-09-18 08:21:41.800,593.29,10.72,1.9776,3.5721,2.7748,26.49,High Risk,Botol Sampel D,Sumber Air D,5
ALVIN-2026-06511,2026-09-18 08:21:42.000,326.97,3.54,1.0899,1.1804,1.1351,46.84,High Risk,Botol Sampel E,Sumber Air E,5
ALVIN-2026-06512,2026-09-18 08:21:42.200,221.17,1.93,0.7372,0.6437,0.6904,59.16,Moderate Risk,Botol Sampel C,Sumber Air C,5
ALVIN-2026-06513,2026-09-18 08:21:42.400,323.35,4.54,1.0778,1.5135,1.2957,43.56,High Risk,Botol Sampel E,Sumber Air E,5
ALVIN-2026-06514,2026-09-18 08:21:42.600,69.58,0.41,0.2319,0.1365,0.1842,84.45,Low Risk,Botol Sampel A,Sumber Air A,5
ALVIN-2026-06515,2026-09-18 08:21:42.800,884.1,10.35,2.947,3.4505,3.1988,23.82,High Risk,Botol Sampel D,Sumber Air D,5
ALVIN-2026-06516,2026-09-18 08:21:43.000,797.27,4.5,2.6576,1.5,2.0788,32.48,High Risk,Botol Sampel D,Sumber Air D,5
ALVIN-2026-06517,2026-09-18 08:21:43.200,229.02,1.0,0.7634,0.3333,0.5484,64.58,Moderate Risk,Botol Sampel B,Sumber Air B,5
ALVIN-2026-06518,2026-09-18 08:21:43.400,352.61,3.84,1.1754,1.279,1.2272,44.9,High Risk,Botol Sampel D,Sumber Air D,5
ALVIN-2026-06519,2026-09-18 08:21:43.600,169.14,1.98,0.5638,0.6598,0.6118,62.04,Moderate Risk,Botol Sampel B,Sumber Air B,5
ALVIN-2026-06520,2026-09-18 08:21:43.800,206.62,1.33,0.6887,0.4441,0.5664,63.84,Moderate Risk,Botol Sampel B,Sumber Air B,5
ALVIN-2026-06521,2026-09-18 08:21:44.000,800.44,6.22,2.6681,2.0735,2.3708,29.67,High Risk,Botol Sampel D,Sumber Air D,5
ALVIN-2026-06522,2026-09-18 08:21:44.200,630.0,8.6,2.1,2.8651,2.4825,28.72,High Risk,Botol Sampel E,Sumber Air E,5
ALVIN-2026-06523,2026-09-18 08:21:44.400,127.38,1.02,0.4246,0.3398,0.3822,72.35,Moderate Risk,Botol Sampel C,Sumber Air C,5
ALVIN-2026-06524,2026-09-18 08:21:44.600,748.32,8.06,2.4944,2.6869,2.5906,27.85,High Risk,Botol Sampel E,Sumber Air E,5
ALVIN-2026-06525,2026-09-18 08:21:44.800,365.98,3.57,1.2199,1.1903,1.2051,45.35,High Risk,Botol Sampel E,Sumber Air E,5
ALVIN-2026-06526,2026-09-18 08:21:45.000,283.49,4.31,0.945,1.4357,1.1904,45.65,High Risk,Botol Sampel D,Sumber Air D,5
ALVIN-2026-06527,2026-09-18 08:21:45.200,195.05,2.1,0.6502,0.7013,0.6758,59.67,Moderate Risk,Botol Sampel B,Sumber Air B,5
ALVIN-2026-06528,2026-09-18 08:21:45.400,368.29,3.34,1.2276,1.112,1.1698,46.09,High Risk,Botol Sampel E,Sumber Air E,5
ALVIN-2026-06529,2026-09-18 08:21:45.600,363.73,3.38,1.2124,1.1252,1.1688,46.11,High Risk,Botol Sampel E,Sumber Air E,5
ALVIN-2026-06530,2026-09-18 08:21:45.800,195.25,1.78,0.6508,0.5934,0.6221,61.65,Moderate Risk,Botol Sampel C,Sumber Air C,5
ALVIN-2026-06531,2026-09-18 08:21:46.000,191.24,1.53,0.6375,0.5102,0.5738,63.54,Moderate Risk,Botol Sampel C,Sumber Air C,5
ALVIN-2026-06532,2026-09-18 08:21:46.200,280.0,2.7,0.9333,0.8989,0.9161,52.19,Moderate Risk,Botol Sampel C,Sumber Air C,5
ALVIN-2026-06533,2026-09-18 08:21:46.400,168.56,2.22,0.5619,0.739,0.6504,60.59,Moderate Risk,Botol Sampel B,Sumber Air B,5
ALVIN-2026-06534,2026-09-18 08:21:46.600,327.73,3.99,1.0924,1.3298,1.2111,45.23,High Risk,Botol Sampel D,Sumber Air D,5
ALVIN-2026-06535,2026-09-18 08:21:46.800,580.42,5.83,1.9347,1.9429,1.9388,34.03,High Risk,Botol Sampel E,Sumber Air E,5
ALVIN-2026-06536,2026-09-18 08:21:47.000,377.33,3.53,1.2578,1.1769,1.2174,45.1,High Risk,Botol Sampel D,Sumber Air D,5
ALVIN-2026-06537,2026-09-18 08:21:47.200,82.13,0.35,0.2738,0.1182,0.196,83.61,Low Risk,Botol Sampel A,Sumber Air A,5
ALVIN-2026-06538,2026-09-18 08:21:47.400,795.54,7.57,2.6518,2.5235,2.5876,27.87,High Risk,Botol Sampel E,Sumber Air E,5
ALVIN-2026-06539,2026-09-18 08:21:47.600,782.33,7.04,2.6078,2.3467,2.4772,28.76,High Risk,Botol Sampel D,Sumber Air D,5
ALVIN-2026-06540,2026-09-18 08:21:47.800,110.61,0.38,0.3687,0.1282,0.2484,80.1,Moderate Risk,Botol Sampel C,Sumber Air C,5
ALVIN-2026-06541,2026-09-18 08:21:48.000,505.15,9.91,1.6838,3.3047,2.4942,28.62,High Risk,Botol Sampel D,Sumber Air D,5
ALVIN-2026-06542,2026-09-18 08:21:48.200,728.72,9.07,2.4291,3.0224,2.7258,26.84,High Risk,Botol Sampel D,Sumber Air D,5
ALVIN-2026-06543,2026-09-18 08:21:48.400,380.25,3.71,1.2675,1.2371,1.2523,44.4,High Risk,Botol Sampel E,Sumber Air E,5
ALVIN-2026-06544,2026-09-18 08:21:48.600,215.28,2.28,0.7176,0.759,0.7383,57.53,Moderate Risk,Botol Sampel B,Sumber Air B,5
ALVIN-2026-06545,2026-09-18 08:21:48.800,145.0,0.79,0.4833,0.2634,0.3734,72.81,Low Risk,Botol Sampel A,Sumber Air A,5
ALVIN-2026-06546,2026-09-18 08:21:49.000,220.29,1.93,0.7343,0.6425,0.6884,59.23,Moderate Risk,Botol Sampel C,Sumber Air C,5
ALVIN-2026-06547,2026-09-18 08:21:49.200,636.59,6.73,2.122,2.2417,2.1818,31.43,High Risk,Botol Sampel D,Sumber Air D,5
ALVIN-2026-06548,2026-09-18 08:21:49.400,802.24,7.48,2.6741,2.4937,2.5839,27.9,High Risk,Botol Sampel D,Sumber Air D,5
ALVIN-2026-06549,2026-09-18 08:21:49.600,117.48,0.13,0.3916,0.0425,0.217,82.17,Low Risk,Botol Sampel A,Sumber Air A,5
ALVIN-2026-06550,2026-09-18 08:21:49.800,65.72,0.28,0.2191,0.0918,0.1554,86.55,Low Risk,Botol Sampel A,Sumber Air A,5
ALVIN-2026-06551,2026-09-18 08:21:50.000,124.8,0.84,0.416,0.2814,0.3487,74.15,Low Risk,Botol Sampel A,Sumber Air A,5
ALVIN-2026-06552,2026-09-18 08:21:50.200,95.36,1.03,0.3179,0.3429,0.3304,75.17,Low Risk,Botol Sampel A,Sumber Air A,5
ALVIN-2026-06553,2026-09-18 08:21:50.400,166.51,1.53,0.555,0.5112,0.5331,65.23,Moderate Risk,Botol Sampel C,Sumber Air C,5
ALVIN-2026-06554,2026-09-18 08:21:50.600,120.42,0.35,0.4014,0.1152,0.2583,79.47,Moderate Risk,Botol Sampel C,Sumber Air C,5
ALVIN-2026-06555,2026-09-18 08:21:50.800,75.96,0.57,0.2532,0.1895,0.2214,81.87,Low Risk,Botol Sampel A,Sumber Air A,5
ALVIN-2026-06556,2026-09-18 08:21:51.000,153.22,1.34,0.5107,0.4474,0.479,67.61,Moderate Risk,Botol Sampel C,Sumber Air C,5
ALVIN-2026-06557,2026-09-18 08:21:51.200,651.97,5.57,2.1732,1.8561,2.0146,33.17,High Risk,Botol Sampel E,Sumber Air E,5
ALVIN-2026-06558,2026-09-18 08:21:51.400,683.0,6.42,2.2767,2.1389,2.2078,31.17,High Risk,Botol Sampel E,Sumber Air E,5
ALVIN-2026-06559,2026-09-18 08:21:51.600,102.22,0.61,0.3407,0.2042,0.2724,78.59,Low Risk,Botol Sampel A,Sumber Air A,5
ALVIN-2026-06560,2026-09-18 08:21:51.800,371.79,2.85,1.2393,0.949,1.0942,47.75,High Risk,Botol Sampel E,Sumber Air E,5
ALVIN-2026-06561,2026-09-18 08:21:52.000,628.85,6.39,2.0962,2.1291,2.1127,32.13,High Risk,Botol Sampel E,Sumber Air E,5
ALVIN-2026-06562,2026-09-18 08:21:52.200,515.76,8.91,1.7192,2.9708,2.345,29.9,High Risk,Botol Sampel D,Sumber Air D,5
ALVIN-2026-06563,2026-09-18 08:21:52.400,159.32,2.05,0.5311,0.6843,0.6077,62.2,Moderate Risk,Botol Sampel B,Sumber Air B,5
ALVIN-2026-06564,2026-09-18 08:21:52.600,309.61,3.43,1.032,1.1428,1.0874,47.91,High Risk,Botol Sampel E,Sumber Air E,5
ALVIN-2026-06565,2026-09-18 08:21:52.800,214.6,2.23,0.7153,0.7439,0.7296,57.82,Moderate Risk,Botol Sampel B,Sumber Air B,5
ALVIN-2026-06566,2026-09-18 08:21:53.000,172.43,1.66,0.5748,0.5529,0.5638,63.95,Moderate Risk,Botol Sampel B,Sumber Air B,5
ALVIN-2026-06567,2026-09-18 08:21:53.200,575.76,9.29,1.9192,3.0951,2.5072,28.51,High Risk,Botol Sampel E,Sumber Air E,5
ALVIN-2026-06568,2026-09-18 08:21:53.400,190.66,2.1,0.6355,0.7013,0.6684,59.94,Moderate Risk,Botol Sampel C,Sumber Air C,5
ALVIN-2026-06569,2026-09-18 08:21:53.600,280.0,3.65,0.9333,1.2165,1.0749,48.2,High Risk,Botol Sampel E,Sumber Air E,5
ALVIN-2026-06570,2026-09-18 08:21:53.800,436.42,2.75,1.4547,0.917,1.1858,45.75,High Risk,Botol Sampel D,Sumber Air D,5
ALVIN-2026-06571,2026-09-18 08:21:54.000,54.61,1.06,0.182,0.3527,0.2673,78.91,Low Risk,Botol Sampel A,Sumber Air A,5
ALVIN-2026-06572,2026-09-18 08:21:54.200,578.36,4.78,1.9279,1.5944,1.7612,36.22,High Risk,Botol Sampel E,Sumber Air E,5
ALVIN-2026-06573,2026-09-18 08:21:54.400,110.6,0.3,0.3687,0.099,0.2338,81.05,Low Risk,Botol Sampel A,Sumber Air A,5
ALVIN-2026-06574,2026-09-18 08:21:54.600,104.19,0.37,0.3473,0.1228,0.235,80.97,Low Risk,Botol Sampel A,Sumber Air A,5
ALVIN-2026-06575,2026-09-18 08:21:54.800,75.72,0.5,0.2524,0.1676,0.21,82.64,Low Risk,Botol Sampel A,Sumber Air A,5
ALVIN-2026-06576,2026-09-18 08:21:55.000,189.65,2.4,0.6322,0.7984,0.7153,58.3,Moderate Risk,Botol Sampel B,Sumber Air B,5
ALVIN-2026-06577,2026-09-18 08:21:55.200,824.22,7.55,2.7474,2.517,2.6322,27.53,High Risk,Botol Sampel D,Sumber Air D,5
ALVIN-2026-06578,2026-09-18 08:21:55.400,173.69,1.29,0.579,0.4293,0.5042,66.48,Moderate Risk,Botol Sampel B,Sumber Air B,5
ALVIN-2026-06579,2026-09-18 08:21:55.600,128.21,0.36,0.4274,0.1207,0.274,78.49,Low Risk,Botol Sampel A,Sumber Air A,5
ALVIN-2026-06580,2026-09-18 08:21:55.800,216.22,1.45,0.7207,0.4827,0.6017,62.43,Moderate Risk,Botol Sampel B,Sumber Air B,5
ALVIN-2026-06581,2026-09-18 08:21:56.000,365.31,2.93,1.2177,0.9772,1.0974,47.68,High Risk,Botol Sampel D,Sumber Air D,5
ALVIN-2026-06582,2026-09-18 08:21:56.200,229.76,2.77,0.7659,0.9235,0.8447,54.21,Moderate Risk,Botol Sampel B,Sumber Air B,5
ALVIN-2026-06583,2026-09-18 08:21:56.400,470.18,5.08,1.5673,1.6924,1.6298,38.03,High Risk,Botol Sampel E,Sumber Air E,5
ALVIN-2026-06584,2026-09-18 08:21:56.600,327.99,3.55,1.0933,1.1826,1.138,46.77,High Risk,Botol Sampel E,Sumber Air E,5
ALVIN-2026-06585,2026-09-18 08:21:56.800,742.92,7.93,2.4764,2.6442,2.5603,28.09,High Risk,Botol Sampel D,Sumber Air D,5
ALVIN-2026-06586,2026-09-18 08:21:57.000,344.97,4.49,1.1499,1.498,1.324,43.03,High Risk,Botol Sampel D,Sumber Air D,5
ALVIN-2026-06587,2026-09-18 08:21:57.200,280.0,3.54,0.9333,1.1785,1.0559,48.64,High Risk,Botol Sampel D,Sumber Air D,5
ALVIN-2026-06588,2026-09-18 08:21:57.400,871.15,7.06,2.9038,2.3527,2.6282,27.56,High Risk,Botol Sampel E,Sumber Air E,5
ALVIN-2026-06589,2026-09-18 08:21:57.600,258.35,2.45,0.8612,0.8163,0.8388,54.38,Moderate Risk,Botol Sampel C,Sumber Air C,5
ALVIN-2026-06590,2026-09-18 08:21:57.800,301.28,3.8,1.0043,1.2679,1.1361,46.81,High Risk,Botol Sampel E,Sumber Air E,5
ALVIN-2026-06591,2026-09-18 08:21:58.000,87.68,0.86,0.2923,0.2855,0.2889,77.59,Low Risk,Botol Sampel A,Sumber Air A,5
ALVIN-2026-06592,2026-09-18 08:21:58.200,219.49,1.7,0.7316,0.5662,0.6489,60.65,Moderate Risk,Botol Sampel B,Sumber Air B,5
ALVIN-2026-06593,2026-09-18 08:21:58.400,562.03,9.84,1.8734,3.2816,2.5775,27.95,High Risk,Botol Sampel E,Sumber Air E,5
ALVIN-2026-06594,2026-09-18 08:21:58.600,96.55,0.59,0.3218,0.1974,0.2596,79.39,Low Risk,Botol Sampel A,Sumber Air A,5
ALVIN-2026-06595,2026-09-18 08:21:58.800,241.95,1.07,0.8065,0.3583,0.5824,63.2,Moderate Risk,Botol Sampel C,Sumber Air C,5
ALVIN-2026-06596,2026-09-18 08:21:59.000,363.18,3.75,1.2106,1.2493,1.23,44.84,High Risk,Botol Sampel E,Sumber Air E,5
ALVIN-2026-06597,2026-09-18 08:21:59.200,113.58,0.47,0.3786,0.1557,0.2672,78.91,Low Risk,Botol Sampel A,Sumber Air A,5
ALVIN-2026-06598,2026-09-18 08:21:59.400,387.92,3.57,1.2931,1.1884,1.2407,44.63,High Risk,Botol Sampel E,Sumber Air E,5
ALVIN-2026-06599,2026-09-18 08:21:59.600,145.0,0.74,0.4833,0.2472,0.3652,73.25,Low Risk,Botol Sampel A,Sumber Air A,5
ALVIN-2026-06600,2026-09-18 08:21:59.800,136.22,0.71,0.4541,0.2353,0.3447,74.37,Low Risk,Botol Sampel A,Sumber Air A,5
ALVIN-2026-06601,2026-09-18 08:22:00.000,350.69,3.14,1.169,1.0454,1.1072,47.46,High Risk,Botol Sampel E,Sumber Air E,5
ALVIN-2026-06602,2026-09-18 08:22:00.200,612.72,4.5,2.0424,1.5,1.7712,36.09,High Risk,Botol Sampel D,Sumber Air D,5
ALVIN-2026-06603,2026-09-18 08:22:00.400,360.73,3.18,1.2024,1.06,1.1312,46.92,High Risk,Botol Sampel D,Sumber Air D,5
ALVIN-2026-06604,2026-09-18 08:22:00.600,227.47,1.36,0.7582,0.4549,0.6066,62.24,Moderate Risk,Botol Sampel C,Sumber Air C,5
ALVIN-2026-06605,2026-09-18 08:22:00.800,860.68,8.39,2.8689,2.7976,2.8332,26.09,High Risk,Botol Sampel D,Sumber Air D,5
ALVIN-2026-06606,2026-09-18 08:22:01.000,43.76,0.17,0.1459,0.0553,0.1006,90.86,Low Risk,Botol Sampel A,Sumber Air A,5
ALVIN-2026-06607,2026-09-18 08:22:01.200,385.13,5.12,1.2838,1.7055,1.4946,40.09,High Risk,Botol Sampel E,Sumber Air E,5
ALVIN-2026-06608,2026-09-18 08:22:01.400,129.73,0.25,0.4324,0.0849,0.2586,79.45,Low Risk,Botol Sampel A,Sumber Air A,5
ALVIN-2026-06609,2026-09-18 08:22:01.600,177.34,2.29,0.5911,0.7628,0.6769,59.63,Moderate Risk,Botol Sampel B,Sumber Air B,5
ALVIN-2026-06610,2026-09-18 08:22:01.800,104.76,1.09,0.3492,0.363,0.3561,73.74,Low Risk,Botol Sampel A,Sumber Air A,5
ALVIN-2026-06611,2026-09-18 08:22:02.000,195.49,1.7,0.6516,0.5659,0.6087,62.16,Moderate Risk,Botol Sampel C,Sumber Air C,5
ALVIN-2026-06612,2026-09-18 08:22:02.200,280.0,3.52,0.9333,1.1739,1.0536,48.69,High Risk,Botol Sampel E,Sumber Air E,5
ALVIN-2026-06613,2026-09-18 08:22:02.400,562.53,4.85,1.8751,1.6152,1.7452,36.43,High Risk,Botol Sampel E,Sumber Air E,5
ALVIN-2026-06614,2026-09-18 08:22:02.600,650.7,5.93,2.169,1.9776,2.0733,32.54,High Risk,Botol Sampel D,Sumber Air D,5
ALVIN-2026-06615,2026-09-18 08:22:02.800,233.28,1.48,0.7776,0.4917,0.6346,61.18,Moderate Risk,Botol Sampel B,Sumber Air B,5
ALVIN-2026-06616,2026-09-18 08:22:03.000,310.23,3.8,1.0341,1.2651,1.1496,46.52,High Risk,Botol Sampel E,Sumber Air E,5
ALVIN-2026-06617,2026-09-18 08:22:03.200,599.64,8.84,1.9988,2.9462,2.4725,28.8,High Risk,Botol Sampel E,Sumber Air E,5
ALVIN-2026-06618,2026-09-18 08:22:03.400,92.73,0.43,0.3091,0.1449,0.227,81.5,Low Risk,Botol Sampel A,Sumber Air A,5
ALVIN-2026-06619,2026-09-18 08:22:03.600,594.79,6.54,1.9826,2.1814,2.082,32.45,High Risk,Botol Sampel D,Sumber Air D,5
ALVIN-2026-06620,2026-09-18 08:22:03.800,181.12,1.9,0.6037,0.6327,0.6182,61.8,Moderate Risk,Botol Sampel C,Sumber Air C,5
ALVIN-2026-06621,2026-09-18 08:22:04.000,139.41,0.58,0.4647,0.1943,0.3295,75.22,Low Risk,Botol Sampel A,Sumber Air A,5
ALVIN-2026-06622,2026-09-18 08:22:04.200,711.58,7.26,2.3719,2.4186,2.3952,29.45,High Risk,Botol Sampel D,Sumber Air D,5
ALVIN-2026-06623,2026-09-18 08:22:04.400,689.48,5.6,2.2983,1.8666,2.0824,32.44,High Risk,Botol Sampel D,Sumber Air D,5
ALVIN-2026-06624,2026-09-18 08:22:04.600,121.83,0.63,0.4061,0.2107,0.3084,76.43,Low Risk,Botol Sampel A,Sumber Air A,5
ALVIN-2026-06625,2026-09-18 08:22:04.800,59.74,0.31,0.1991,0.1034,0.1512,86.87,Low Risk,Botol Sampel A,Sumber Air A,5
ALVIN-2026-06626,2026-09-18 08:22:05.000,391.23,4.39,1.3041,1.4624,1.3832,41.96,High Risk,Botol Sampel E,Sumber Air E,5
ALVIN-2026-06627,2026-09-18 08:22:05.200,301.96,3.77,1.0065,1.2559,1.1312,46.92,High Risk,Botol Sampel E,Sumber Air E,5
ALVIN-2026-06628,2026-09-18 08:22:05.400,331.79,3.76,1.106,1.2525,1.1793,45.89,High Risk,Botol Sampel D,Sumber Air D,5
ALVIN-2026-06629,2026-09-18 08:22:05.600,220.68,1.51,0.7356,0.5031,0.6194,61.75,Moderate Risk,Botol Sampel B,Sumber Air B,5
ALVIN-2026-06630,2026-09-18 08:22:05.800,698.1,9.62,2.327,3.2083,2.7676,26.54,High Risk,Botol Sampel D,Sumber Air D,5
ALVIN-2026-06631,2026-09-18 08:22:06.000,404.77,2.47,1.3492,0.8237,1.0864,47.93,High Risk,Botol Sampel E,Sumber Air E,5
ALVIN-2026-06632,2026-09-18 08:22:06.200,581.73,6.95,1.9391,2.3155,2.1273,31.98,High Risk,Botol Sampel D,Sumber Air D,5
ALVIN-2026-06633,2026-09-18 08:22:06.400,216.07,2.75,0.7202,0.9156,0.8179,55.01,Moderate Risk,Botol Sampel C,Sumber Air C,5
ALVIN-2026-06634,2026-09-18 08:22:06.600,180.14,2.39,0.6005,0.7951,0.6978,58.9,Moderate Risk,Botol Sampel B,Sumber Air B,5
ALVIN-2026-06635,2026-09-18 08:22:06.800,245.29,1.36,0.8176,0.455,0.6363,61.11,Moderate Risk,Botol Sampel C,Sumber Air C,5
ALVIN-2026-06636,2026-09-18 08:22:07.000,106.49,0.95,0.355,0.3154,0.3352,74.9,Low Risk,Botol Sampel A,Sumber Air A,5
ALVIN-2026-06637,2026-09-18 08:22:07.200,78.11,0.62,0.2604,0.2083,0.2344,81.01,Low Risk,Botol Sampel A,Sumber Air A,5
ALVIN-2026-06638,2026-09-18 08:22:07.400,118.07,0.8,0.3936,0.2659,0.3298,75.2,Low Risk,Botol Sampel A,Sumber Air A,5
ALVIN-2026-06639,2026-09-18 08:22:07.600,614.76,6.52,2.0492,2.1748,2.112,32.13,High Risk,Botol Sampel D,Sumber Air D,5
ALVIN-2026-06640,2026-09-18 08:22:07.800,288.13,4.4,0.9604,1.4661,1.2132,45.18,High Risk,Botol Sampel E,Sumber Air E,5
ALVIN-2026-06641,2026-09-18 08:22:08.000,259.09,1.89,0.8636,0.629,0.7463,57.26,Moderate Risk,Botol Sampel C,Sumber Air C,5
ALVIN-2026-06642,2026-09-18 08:22:08.200,748.98,4.66,2.4966,1.5537,2.0252,33.06,High Risk,Botol Sampel E,Sumber Air E,5
ALVIN-2026-06643,2026-09-18 08:22:08.400,88.13,1.19,0.2938,0.3983,0.346,74.29,Moderate Risk,Botol Sampel C,Sumber Air C,5
ALVIN-2026-06644,2026-09-18 08:22:08.600,158.86,1.89,0.5295,0.6289,0.5792,63.32,Moderate Risk,Botol Sampel C,Sumber Air C,5
ALVIN-2026-06645,2026-09-18 08:22:08.800,497.6,7.8,1.6587,2.6001,2.1294,31.96,High Risk,Botol Sampel E,Sumber Air E,5
ALVIN-2026-06646,2026-09-18 08:22:09.000,845.7,7.6,2.819,2.5326,2.6758,27.2,High Risk,Botol Sampel E,Sumber Air E,5
ALVIN-2026-06647,2026-09-18 08:22:09.200,93.92,0.1,0.3131,0.0333,0.1732,85.24,Low Risk,Botol Sampel A,Sumber Air A,5
ALVIN-2026-06648,2026-09-18 08:22:09.400,50.89,0.48,0.1696,0.1601,0.1648,85.85,Low Risk,Botol Sampel A,Sumber Air A,5
ALVIN-2026-06649,2026-09-18 08:22:09.600,290.72,2.2,0.9691,0.7333,0.8512,54.02,Moderate Risk,Botol Sampel C,Sumber Air C,5
ALVIN-2026-06650,2026-09-18 08:22:09.800,93.71,0.32,0.3124,0.1073,0.2098,82.66,Low Risk,Botol Sampel A,Sumber Air A,5
ALVIN-2026-06651,2026-09-18 08:22:10.000,555.14,4.5,1.8505,1.5,1.6752,37.38,High Risk,Botol Sampel D,Sumber Air D,5
ALVIN-2026-06652,2026-09-18 08:22:10.200,125.03,0.15,0.4168,0.0498,0.2333,81.08,Low Risk,Botol Sampel A,Sumber Air A,5
ALVIN-2026-06653,2026-09-18 08:22:10.400,129.15,0.76,0.4305,0.2517,0.3411,74.57,Low Risk,Botol Sampel A,Sumber Air A,5
ALVIN-2026-06654,2026-09-18 08:22:10.600,102.1,0.32,0.3403,0.1082,0.2242,81.69,Moderate Risk,Botol Sampel B,Sumber Air B,5
ALVIN-2026-06655,2026-09-18 08:22:10.800,103.52,0.34,0.3451,0.1132,0.2292,81.35,Low Risk,Botol Sampel A,Sumber Air A,5
ALVIN-2026-06656,2026-09-18 08:22:11.000,290.0,1.37,0.9667,0.4575,0.7121,58.41,Moderate Risk,Botol Sampel C,Sumber Air C,5
ALVIN-2026-06657,2026-09-18 08:22:11.200,267.57,1.56,0.8919,0.5197,0.7058,58.62,Moderate Risk,Botol Sampel C,Sumber Air C,5
ALVIN-2026-06658,2026-09-18 08:22:11.400,93.23,0.86,0.3108,0.2868,0.2988,76.99,Low Risk,Botol Sampel A,Sumber Air A,5
ALVIN-2026-06659,2026-09-18 08:22:11.600,730.65,6.56,2.4355,2.1859,2.3107,30.21,High Risk,Botol Sampel D,Sumber Air D,5
ALVIN-2026-06660,2026-09-18 08:22:11.800,374.13,2.38,1.2471,0.7942,1.0206,49.49,High Risk,Botol Sampel E,Sumber Air E,5
ALVIN-2026-06661,2026-09-18 08:22:12.000,737.73,5.21,2.4591,1.7365,2.0978,32.28,High Risk,Botol Sampel D,Sumber Air D,5
ALVIN-2026-06662,2026-09-18 08:22:12.200,230.01,1.19,0.7667,0.3952,0.581,63.25,Moderate Risk,Botol Sampel B,Sumber Air B,5
ALVIN-2026-06663,2026-09-18 08:22:12.400,318.83,4.04,1.0628,1.3477,1.2052,45.35,High Risk,Botol Sampel E,Sumber Air E,5
ALVIN-2026-06664,2026-09-18 08:22:12.600,135.46,0.22,0.4515,0.0729,0.2622,79.23,Low Risk,Botol Sampel A,Sumber Air A,5
ALVIN-2026-06665,2026-09-18 08:22:12.800,86.61,1.0,0.2887,0.3337,0.3112,76.27,Moderate Risk,Botol Sampel B,Sumber Air B,5
ALVIN-2026-06666,2026-09-18 08:22:13.000,220.97,1.85,0.7366,0.6168,0.6767,59.64,Moderate Risk,Botol Sampel C,Sumber Air C,5
ALVIN-2026-06667,2026-09-18 08:22:13.200,186.25,1.75,0.6208,0.5848,0.6028,62.39,Moderate Risk,Botol Sampel C,Sumber Air C,5
ALVIN-2026-06668,2026-09-18 08:22:13.400,227.66,1.55,0.7589,0.5164,0.6377,61.06,Moderate Risk,Botol Sampel B,Sumber Air B,5
ALVIN-2026-06669,2026-09-18 08:22:13.600,382.06,4.57,1.2735,1.5234,1.3984,41.69,High Risk,Botol Sampel D,Sumber Air D,5
ALVIN-2026-06670,2026-09-18 08:22:13.800,92.22,1.29,0.3074,0.4309,0.3692,73.04,Low Risk,Botol Sampel A,Sumber Air A,5
ALVIN-2026-06671,2026-09-18 08:22:14.000,99.6,0.14,0.332,0.0479,0.19,84.03,Low Risk,Botol Sampel A,Sumber Air A,5
ALVIN-2026-06672,2026-09-18 08:22:14.200,307.75,3.09,1.0258,1.0297,1.0278,49.31,High Risk,Botol Sampel D,Sumber Air D,5
ALVIN-2026-06673,2026-09-18 08:22:14.400,290.0,1.15,0.9667,0.3836,0.6752,59.69,Moderate Risk,Botol Sampel C,Sumber Air C,5
ALVIN-2026-06674,2026-09-18 08:22:14.600,90.18,0.94,0.3006,0.3128,0.3067,76.53,Low Risk,Botol Sampel A,Sumber Air A,5
ALVIN-2026-06675,2026-09-18 08:22:14.800,290.0,1.88,0.9667,0.626,0.7964,55.67,Moderate Risk,Botol Sampel C,Sumber Air C,5
ALVIN-2026-06676,2026-09-18 08:22:15.000,307.92,3.69,1.0264,1.2312,1.1288,46.97,High Risk,Botol Sampel D,Sumber Air D,5
ALVIN-2026-06677,2026-09-18 08:22:15.200,105.61,0.43,0.352,0.1449,0.2484,80.1,Low Risk,Botol Sampel A,Sumber Air A,5
ALVIN-2026-06678,2026-09-18 08:22:15.400,207.44,2.09,0.6915,0.6962,0.6939,59.04,Moderate Risk,Botol Sampel C,Sumber Air C,5
ALVIN-2026-06679,2026-09-18 08:22:15.600,110.17,0.37,0.3672,0.1234,0.2453,80.3,Low Risk,Botol Sampel A,Sumber Air A,5
ALVIN-2026-06680,2026-09-18 08:22:15.800,400.0,7.49,1.3333,2.4971,1.9152,34.3,High Risk,Botol Sampel E,Sumber Air E,5
ALVIN-2026-06681,2026-09-18 08:22:16.000,61.26,0.53,0.2042,0.1753,0.1898,84.05,Low Risk,Botol Sampel A,Sumber Air A,5
ALVIN-2026-06682,2026-09-18 08:22:16.200,346.75,2.2,1.1558,0.7333,0.9446,51.42,High Risk,Botol Sampel E,Sumber Air E,5
ALVIN-2026-06683,2026-09-18 08:22:16.400,68.8,0.97,0.2293,0.3241,0.2767,78.33,Low Risk,Botol Sampel A,Sumber Air A,5
ALVIN-2026-06684,2026-09-18 08:22:16.600,215.32,2.05,0.7177,0.6827,0.7002,58.82,Moderate Risk,Botol Sampel B,Sumber Air B,5
ALVIN-2026-06685,2026-09-18 08:22:16.800,82.37,0.3,0.2746,0.0984,0.1865,84.28,Moderate Risk,Botol Sampel B,Sumber Air B,5
ALVIN-2026-06686,2026-09-18 08:22:17.000,101.69,0.74,0.339,0.2473,0.2932,77.33,Low Risk,Botol Sampel A,Sumber Air A,5
ALVIN-2026-06687,2026-09-18 08:22:17.200,468.29,7.75,1.561,2.5831,2.072,32.55,High Risk,Botol Sampel D,Sumber Air D,5
ALVIN-2026-06688,2026-09-18 08:22:17.400,293.63,3.36,0.9788,1.1187,1.0488,48.81,High Risk,Botol Sampel D,Sumber Air D,5
ALVIN-2026-06689,2026-09-18 08:22:17.600,643.55,4.87,2.1452,1.6223,1.8838,34.68,High Risk,Botol Sampel E,Sumber Air E,5
ALVIN-2026-06690,2026-09-18 08:22:17.800,185.59,1.79,0.6186,0.5982,0.6084,62.17,Moderate Risk,Botol Sampel C,Sumber Air C,5
ALVIN-2026-06691,2026-09-18 08:22:18.000,318.65,3.94,1.0622,1.3123,1.1873,45.72,High Risk,Botol Sampel D,Sumber Air D,5
ALVIN-2026-06692,2026-09-18 08:22:18.200,93.5,1.05,0.3117,0.3512,0.3314,75.11,Low Risk,Botol Sampel A,Sumber Air A,5
ALVIN-2026-06693,2026-09-18 08:22:18.400,91.22,0.15,0.3041,0.0514,0.1778,84.9,Low Risk,Botol Sampel A,Sumber Air A,5
ALVIN-2026-06694,2026-09-18 08:22:18.600,199.45,2.07,0.6648,0.69,0.6774,59.62,Moderate Risk,Botol Sampel C,Sumber Air C,5
ALVIN-2026-06695,2026-09-18 08:22:18.800,284.26,2.41,0.9475,0.8024,0.875,53.33,Moderate Risk,Botol Sampel B,Sumber Air B,5
ALVIN-2026-06696,2026-09-18 08:22:19.000,801.0,9.79,2.67,3.2623,2.9662,25.21,High Risk,Botol Sampel E,Sumber Air E,5
ALVIN-2026-06697,2026-09-18 08:22:19.200,591.94,4.5,1.9731,1.5,1.7366,36.54,High Risk,Botol Sampel D,Sumber Air D,5
ALVIN-2026-06698,2026-09-18 08:22:19.400,128.68,0.67,0.4289,0.2238,0.3264,75.39,Moderate Risk,Botol Sampel B,Sumber Air B,5
ALVIN-2026-06699,2026-09-18 08:22:19.600,515.23,8.32,1.7174,2.7725,2.245,30.82,High Risk,Botol Sampel E,Sumber Air E,5
ALVIN-2026-06700,2026-09-18 08:22:19.800,306.26,3.48,1.0209,1.1585,1.0897,47.85,High Risk,Botol Sampel D,Sumber Air D,5
ALVIN-2026-06701,2026-09-18 08:22:20.000,128.53,1.07,0.4284,0.3562,0.3923,71.82,Low Risk,Botol Sampel A,Sumber Air A,5
ALVIN-2026-06702,2026-09-18 08:22:20.200,626.25,9.14,2.0875,3.0472,2.5674,28.03,High Risk,Botol Sampel D,Sumber Air D,5
ALVIN-2026-06703,2026-09-18 08:22:20.400,216.7,1.59,0.7223,0.5308,0.6266,61.48,Moderate Risk,Botol Sampel B,Sumber Air B,5
ALVIN-2026-06704,2026-09-18 08:22:20.600,671.64,4.5,2.2388,1.5,1.8694,34.85,High Risk,Botol Sampel E,Sumber Air E,5
ALVIN-2026-06705,2026-09-18 08:22:20.800,112.99,0.68,0.3766,0.2263,0.3014,76.84,Low Risk,Botol Sampel A,Sumber Air A,5
ALVIN-2026-06706,2026-09-18 08:22:21.000,762.09,9.94,2.5403,3.3134,2.9268,25.47,High Risk,Botol Sampel E,Sumber Air E,5
ALVIN-2026-06707,2026-09-18 08:22:21.200,280.0,4.42,0.9333,1.4747,1.204,45.37,High Risk,Botol Sampel E,Sumber Air E,5
ALVIN-2026-06708,2026-09-18 08:22:21.400,89.79,0.1,0.2993,0.0333,0.1663,85.74,Low Risk,Botol Sampel A,Sumber Air A,5
ALVIN-2026-06709,2026-09-18 08:22:21.600,743.38,8.94,2.4779,2.9798,2.7288,26.82,High Risk,Botol Sampel D,Sumber Air D,5
ALVIN-2026-06710,2026-09-18 08:22:21.800,252.81,1.84,0.8427,0.6144,0.7286,57.85,Moderate Risk,Botol Sampel C,Sumber Air C,5
ALVIN-2026-06711,2026-09-18 08:22:22.000,400.81,3.66,1.336,1.2206,1.2783,43.89,High Risk,Botol Sampel D,Sumber Air D,5
ALVIN-2026-06712,2026-09-18 08:22:22.200,96.58,0.75,0.3219,0.2485,0.2852,77.81,Low Risk,Botol Sampel A,Sumber Air A,5
ALVIN-2026-06713,2026-09-18 08:22:22.400,99.1,0.57,0.3303,0.189,0.2596,79.39,Low Risk,Botol Sampel A,Sumber Air A,5
ALVIN-2026-06714,2026-09-18 08:22:22.600,287.63,3.83,0.9588,1.2759,1.1174,47.23,High Risk,Botol Sampel D,Sumber Air D,5
ALVIN-2026-06715,2026-09-18 08:22:22.800,79.68,0.94,0.2656,0.315,0.2903,77.5,Low Risk,Botol Sampel A,Sumber Air A,5
ALVIN-2026-06716,2026-09-18 08:22:23.000,886.36,6.59,2.9545,2.1953,2.5749,27.97,High Risk,Botol Sampel E,Sumber Air E,5
ALVIN-2026-06717,2026-09-18 08:22:23.200,204.51,1.3,0.6817,0.4322,0.5569,64.23,Moderate Risk,Botol Sampel B,Sumber Air B,5
ALVIN-2026-06718,2026-09-18 08:22:23.400,397.29,3.99,1.3243,1.3289,1.3266,42.98,High Risk,Botol Sampel E,Sumber Air E,5
ALVIN-2026-06719,2026-09-18 08:22:23.600,332.18,3.41,1.1073,1.137,1.1222,47.12,High Risk,Botol Sampel D,Sumber Air D,5
ALVIN-2026-06720,2026-09-18 08:22:23.800,326.05,3.82,1.0868,1.2732,1.18,45.87,High Risk,Botol Sampel D,Sumber Air D,5
ALVIN-2026-06721,2026-09-18 08:22:24.000,61.74,0.37,0.2058,0.1233,0.1646,85.87,Low Risk,Botol Sampel A,Sumber Air A,5
ALVIN-2026-06722,2026-09-18 08:22:24.200,744.0,6.04,2.48,2.0143,2.2472,30.8,High Risk,Botol Sampel D,Sumber Air D,5
ALVIN-2026-06723,2026-09-18 08:22:24.400,738.2,5.51,2.4607,1.8358,2.1482,31.76,High Risk,Botol Sampel E,Sumber Air E,5
ALVIN-2026-06724,2026-09-18 08:22:24.600,696.82,8.08,2.3227,2.6923,2.5075,28.51,High Risk,Botol Sampel E,Sumber Air E,5
ALVIN-2026-06725,2026-09-18 08:22:24.800,778.13,4.5,2.5938,1.5,2.0469,32.82,High Risk,Botol Sampel E,Sumber Air E,5
ALVIN-2026-06726,2026-09-18 08:22:25.000,336.88,2.88,1.1229,0.9605,1.0417,48.98,High Risk,Botol Sampel E,Sumber Air E,5
ALVIN-2026-06727,2026-09-18 08:22:25.200,678.79,10.39,2.2626,3.464,2.8633,25.88,High Risk,Botol Sampel E,Sumber Air E,5
ALVIN-2026-06728,2026-09-18 08:22:25.400,698.7,7.62,2.329,2.541,2.435,29.11,High Risk,Botol Sampel D,Sumber Air D,5
ALVIN-2026-06729,2026-09-18 08:22:25.600,697.81,7.64,2.326,2.5476,2.4368,29.1,High Risk,Botol Sampel E,Sumber Air E,5
ALVIN-2026-06730,2026-09-18 08:22:25.800,613.26,9.8,2.0442,3.2668,2.6555,27.36,High Risk,Botol Sampel E,Sumber Air E,5
ALVIN-2026-06731,2026-09-18 08:22:26.000,318.89,4.08,1.063,1.3607,1.2119,45.21,High Risk,Botol Sampel E,Sumber Air E,5
ALVIN-2026-06732,2026-09-18 08:22:26.200,751.52,7.22,2.5051,2.4063,2.4557,28.94,High Risk,Botol Sampel E,Sumber Air E,5
ALVIN-2026-06733,2026-09-18 08:22:26.400,741.59,7.13,2.472,2.3772,2.4246,29.2,High Risk,Botol Sampel D,Sumber Air D,5
ALVIN-2026-06734,2026-09-18 08:22:26.600,101.54,0.12,0.3385,0.04,0.1892,84.09,Low Risk,Botol Sampel A,Sumber Air A,5
ALVIN-2026-06735,2026-09-18 08:22:26.800,105.56,0.35,0.3519,0.1155,0.2337,81.06,Low Risk,Botol Sampel A,Sumber Air A,5
ALVIN-2026-06736,2026-09-18 08:22:27.000,231.47,2.08,0.7716,0.694,0.7328,57.71,Moderate Risk,Botol Sampel C,Sumber Air C,5
ALVIN-2026-06737,2026-09-18 08:22:27.200,92.89,0.83,0.3096,0.277,0.2933,77.32,Low Risk,Botol Sampel A,Sumber Air A,5
ALVIN-2026-06738,2026-09-18 08:22:27.400,94.72,0.78,0.3157,0.2608,0.2882,77.63,Low Risk,Botol Sampel A,Sumber Air A,5
ALVIN-2026-06739,2026-09-18 08:22:27.600,336.37,2.29,1.1212,0.7629,0.942,51.49,High Risk,Botol Sampel D,Sumber Air D,5
ALVIN-2026-06740,2026-09-18 08:22:27.800,153.72,1.61,0.5124,0.5369,0.5247,65.59,Moderate Risk,Botol Sampel C,Sumber Air C,5
ALVIN-2026-06741,2026-09-18 08:22:28.000,1020.65,6.07,3.4022,2.0248,2.7135,26.93,High Risk,Botol Sampel E,Sumber Air E,5
ALVIN-2026-06742,2026-09-18 08:22:28.200,190.93,1.23,0.6364,0.4089,0.5226,65.68,Moderate Risk,Botol Sampel C,Sumber Air C,5
ALVIN-2026-06743,2026-09-18 08:22:28.400,375.03,3.6,1.2501,1.1993,1.2247,44.95,High Risk,Botol Sampel E,Sumber Air E,5
ALVIN-2026-06744,2026-09-18 08:22:28.600,490.7,5.23,1.6357,1.7441,1.6899,37.18,High Risk,Botol Sampel D,Sumber Air D,5
ALVIN-2026-06745,2026-09-18 08:22:28.800,213.69,2.02,0.7123,0.6749,0.6936,59.05,Moderate Risk,Botol Sampel B,Sumber Air B,5
ALVIN-2026-06746,2026-09-18 08:22:29.000,158.52,1.37,0.5284,0.4576,0.493,66.98,Moderate Risk,Botol Sampel C,Sumber Air C,5
ALVIN-2026-06747,2026-09-18 08:22:29.200,344.12,3.15,1.1471,1.0505,1.0988,47.65,High Risk,Botol Sampel E,Sumber Air E,5
ALVIN-2026-06748,2026-09-18 08:22:29.400,228.67,1.73,0.7622,0.5756,0.6689,59.92,Moderate Risk,Botol Sampel C,Sumber Air C,5
ALVIN-2026-06749,2026-09-18 08:22:29.600,881.7,4.5,2.939,1.5,2.2195,31.06,High Risk,Botol Sampel E,Sumber Air E,5
ALVIN-2026-06750,2026-09-18 08:22:29.800,218.64,2.64,0.7288,0.8786,0.8037,55.44,Moderate Risk,Botol Sampel C,Sumber Air C,5
ALVIN-2026-06751,2026-09-18 08:22:30.000,196.11,1.71,0.6537,0.5708,0.6122,62.03,Moderate Risk,Botol Sampel C,Sumber Air C,5
ALVIN-2026-06752,2026-09-18 08:22:30.200,184.54,1.51,0.6151,0.502,0.5586,64.16,Moderate Risk,Botol Sampel B,Sumber Air B,5
ALVIN-2026-06753,2026-09-18 08:22:30.400,360.15,5.18,1.2005,1.7277,1.4641,40.58,High Risk,Botol Sampel E,Sumber Air E,5
ALVIN-2026-06754,2026-09-18 08:22:30.600,252.6,1.73,0.842,0.5776,0.7098,58.49,Moderate Risk,Botol Sampel C,Sumber Air C,5
ALVIN-2026-06755,2026-09-18 08:22:30.800,304.59,4.22,1.0153,1.4066,1.211,45.23,High Risk,Botol Sampel E,Sumber Air E,5
ALVIN-2026-06756,2026-09-18 08:22:31.000,118.91,0.33,0.3964,0.1111,0.2537,79.76,Low Risk,Botol Sampel A,Sumber Air A,5
ALVIN-2026-06757,2026-09-18 08:22:31.200,560.46,6.41,1.8682,2.1377,2.003,33.3,High Risk,Botol Sampel D,Sumber Air D,5
ALVIN-2026-06758,2026-09-18 08:22:31.400,82.46,0.48,0.2749,0.161,0.2179,82.11,Moderate Risk,Botol Sampel B,Sumber Air B,5
ALVIN-2026-06759,2026-09-18 08:22:31.600,182.92,1.69,0.6097,0.5641,0.5869,63.02,Moderate Risk,Botol Sampel C,Sumber Air C,5
ALVIN-2026-06760,2026-09-18 08:22:31.800,168.47,1.98,0.5616,0.6589,0.6102,62.1,Moderate Risk,Botol Sampel B,Sumber Air B,5
ALVIN-2026-06761,2026-09-18 08:22:32.000,757.37,6.76,2.5246,2.2545,2.3896,29.5,High Risk,Botol Sampel E,Sumber Air E,5
ALVIN-2026-06762,2026-09-18 08:22:32.200,117.85,0.87,0.3928,0.291,0.3419,74.52,Low Risk,Botol Sampel A,Sumber Air A,5
ALVIN-2026-06763,2026-09-18 08:22:32.400,194.75,2.02,0.6492,0.6724,0.6608,60.21,Moderate Risk,Botol Sampel B,Sumber Air B,5
ALVIN-2026-06764,2026-09-18 08:22:32.600,352.07,4.45,1.1736,1.4844,1.329,42.94,High Risk,Botol Sampel D,Sumber Air D,5
ALVIN-2026-06765,2026-09-18 08:22:32.800,221.66,1.0,0.7389,0.3333,0.5361,65.1,Moderate Risk,Botol Sampel B,Sumber Air B,5
ALVIN-2026-06766,2026-09-18 08:22:33.000,472.84,4.36,1.5761,1.4544,1.5152,39.76,High Risk,Botol Sampel D,Sumber Air D,5
ALVIN-2026-06767,2026-09-18 08:22:33.200,339.67,2.99,1.1322,0.9976,1.0649,48.43,High Risk,Botol Sampel E,Sumber Air E,5
ALVIN-2026-06768,2026-09-18 08:22:33.400,219.94,2.5,0.7331,0.832,0.7826,56.1,Moderate Risk,Botol Sampel B,Sumber Air B,5
ALVIN-2026-06769,2026-09-18 08:22:33.600,238.55,1.6,0.7952,0.5335,0.6644,60.08,Moderate Risk,Botol Sampel B,Sumber Air B,5
ALVIN-2026-06770,2026-09-18 08:22:33.800,243.72,2.01,0.8124,0.67,0.7412,57.43,Moderate Risk,Botol Sampel C,Sumber Air C,5
ALVIN-2026-06771,2026-09-18 08:22:34.000,219.55,1.94,0.7318,0.6481,0.69,59.17,Moderate Risk,Botol Sampel C,Sumber Air C,5
ALVIN-2026-06772,2026-09-18 08:22:34.200,196.68,1.65,0.6556,0.5493,0.6024,62.41,Moderate Risk,Botol Sampel B,Sumber Air B,5
ALVIN-2026-06773,2026-09-18 08:22:34.400,416.86,4.5,1.3895,1.5,1.4448,40.9,High Risk,Botol Sampel E,Sumber Air E,5
ALVIN-2026-06774,2026-09-18 08:22:34.600,763.52,4.5,2.5451,1.5,2.0226,33.08,High Risk,Botol Sampel E,Sumber Air E,5
ALVIN-2026-06775,2026-09-18 08:22:34.800,285.99,3.55,0.9533,1.1845,1.0689,48.33,High Risk,Botol Sampel D,Sumber Air D,5
ALVIN-2026-06776,2026-09-18 08:22:35.000,758.54,11.65,2.5285,3.8818,3.2052,23.78,High Risk,Botol Sampel D,Sumber Air D,5
ALVIN-2026-06777,2026-09-18 08:22:35.200,122.27,0.78,0.4076,0.2605,0.334,74.96,Low Risk,Botol Sampel A,Sumber Air A,5
ALVIN-2026-06778,2026-09-18 08:22:35.400,134.39,0.58,0.448,0.1941,0.321,75.7,Moderate Risk,Botol Sampel B,Sumber Air B,5
ALVIN-2026-06779,2026-09-18 08:22:35.600,176.18,1.92,0.5873,0.6408,0.614,61.96,Moderate Risk,Botol Sampel B,Sumber Air B,5
ALVIN-2026-06780,2026-09-18 08:22:35.800,203.2,1.41,0.6773,0.4694,0.5734,63.56,Moderate Risk,Botol Sampel B,Sumber Air B,5
ALVIN-2026-06781,2026-09-18 08:22:36.000,280.0,2.96,0.9333,0.9864,0.9599,51.02,Moderate Risk,Botol Sampel B,Sumber Air B,5
ALVIN-2026-06782,2026-09-18 08:22:36.200,926.83,6.01,3.0894,2.005,2.5472,28.19,High Risk,Botol Sampel D,Sumber Air D,5
ALVIN-2026-06783,2026-09-18 08:22:36.400,465.24,5.9,1.5508,1.9665,1.7586,36.25,High Risk,Botol Sampel D,Sumber Air D,5
ALVIN-2026-06784,2026-09-18 08:22:36.600,626.89,5.8,2.0896,1.9335,2.0115,33.21,High Risk,Botol Sampel D,Sumber Air D,5
ALVIN-2026-06785,2026-09-18 08:22:36.800,158.49,1.38,0.5283,0.4608,0.4946,66.91,Moderate Risk,Botol Sampel B,Sumber Air B,5
ALVIN-2026-06786,2026-09-18 08:22:37.000,424.29,4.36,1.4143,1.4526,1.4334,41.09,High Risk,Botol Sampel E,Sumber Air E,5
ALVIN-2026-06787,2026-09-18 08:22:37.200,764.55,5.44,2.5485,1.8133,2.1809,31.44,High Risk,Botol Sampel D,Sumber Air D,5
ALVIN-2026-06788,2026-09-18 08:22:37.400,637.29,5.4,2.1243,1.8004,1.9623,33.76,High Risk,Botol Sampel D,Sumber Air D,5
ALVIN-2026-06789,2026-09-18 08:22:37.600,689.78,4.89,2.2993,1.6291,1.9642,33.74,High Risk,Botol Sampel D,Sumber Air D,5
ALVIN-2026-06790,2026-09-18 08:22:37.800,104.43,1.0,0.3481,0.333,0.3406,74.59,Low Risk,Botol Sampel A,Sumber Air A,5
ALVIN-2026-06791,2026-09-18 08:22:38.000,107.81,0.17,0.3594,0.0564,0.2079,82.79,Low Risk,Botol Sampel A,Sumber Air A,5
ALVIN-2026-06792,2026-09-18 08:22:38.200,30.0,0.48,0.1,0.1612,0.1306,88.45,Low Risk,Botol Sampel A,Sumber Air A,5
ALVIN-2026-06793,2026-09-18 08:22:38.400,340.74,3.34,1.1358,1.1147,1.1252,47.05,High Risk,Botol Sampel E,Sumber Air E,5
ALVIN-2026-06794,2026-09-18 08:22:38.600,784.06,8.86,2.6135,2.9537,2.7836,26.43,High Risk,Botol Sampel E,Sumber Air E,5
ALVIN-2026-06795,2026-09-18 08:22:38.800,89.71,0.65,0.299,0.2178,0.2584,79.47,Low Risk,Botol Sampel A,Sumber Air A,5
ALVIN-2026-06796,2026-09-18 08:22:39.000,243.11,2.04,0.8104,0.6791,0.7448,57.31,Moderate Risk,Botol Sampel C,Sumber Air C,5
ALVIN-2026-06797,2026-09-18 08:22:39.200,168.95,1.97,0.5632,0.6561,0.6096,62.13,Moderate Risk,Botol Sampel B,Sumber Air B,5
ALVIN-2026-06798,2026-09-18 08:22:39.400,294.37,2.53,0.9812,0.8429,0.912,52.3,Moderate Risk,Botol Sampel C,Sumber Air C,5
ALVIN-2026-06799,2026-09-18 08:22:39.600,779.58,4.5,2.5986,1.5,2.0493,32.79,High Risk,Botol Sampel E,Sumber Air E,5
ALVIN-2026-06800,2026-09-18 08:22:39.800,194.58,1.29,0.6486,0.4302,0.5394,64.96,Moderate Risk,Botol Sampel C,Sumber Air C,5
ALVIN-2026-06801,2026-09-18 08:22:40.000,340.53,3.45,1.1351,1.1488,1.142,46.69,High Risk,Botol Sampel E,Sumber Air E,5
ALVIN-2026-06802,2026-09-18 08:22:40.200,378.18,3.05,1.2606,1.0161,1.1384,46.76,High Risk,Botol Sampel E,Sumber Air E,5
ALVIN-2026-06803,2026-09-18 08:22:40.400,181.39,2.21,0.6046,0.7381,0.6714,59.83,Moderate Risk,Botol Sampel B,Sumber Air B,5
ALVIN-2026-06804,2026-09-18 08:22:40.600,534.16,4.5,1.7805,1.5,1.6402,37.88,High Risk,Botol Sampel D,Sumber Air D,5
ALVIN-2026-06805,2026-09-18 08:22:40.800,78.3,0.4,0.261,0.1348,0.1979,83.48,Low Risk,Botol Sampel A,Sumber Air A,5
ALVIN-2026-06806,2026-09-18 08:22:41.000,799.42,8.43,2.6647,2.8104,2.7375,26.76,High Risk,Botol Sampel E,Sumber Air E,5
ALVIN-2026-06807,2026-09-18 08:22:41.200,189.61,1.54,0.632,0.5118,0.5719,63.62,Moderate Risk,Botol Sampel B,Sumber Air B,5
ALVIN-2026-06808,2026-09-18 08:22:41.400,222.51,1.52,0.7417,0.5066,0.6242,61.57,Moderate Risk,Botol Sampel C,Sumber Air C,5
ALVIN-2026-06809,2026-09-18 08:22:41.600,363.9,2.83,1.213,0.942,1.0775,48.13,High Risk,Botol Sampel E,Sumber Air E,5
ALVIN-2026-06810,2026-09-18 08:22:41.800,666.33,5.91,2.2211,1.9692,2.0952,32.31,High Risk,Botol Sampel E,Sumber Air E,5
ALVIN-2026-06811,2026-09-18 08:22:42.000,370.98,2.86,1.2366,0.954,1.0953,47.73,High Risk,Botol Sampel D,Sumber Air D,5
ALVIN-2026-06812,2026-09-18 08:22:42.200,64.64,1.18,0.2155,0.3936,0.3046,76.65,Low Risk,Botol Sampel A,Sumber Air A,5
ALVIN-2026-06813,2026-09-18 08:22:42.400,689.9,8.32,2.2997,2.7744,2.537,28.27,High Risk,Botol Sampel E,Sumber Air E,5
ALVIN-2026-06814,2026-09-18 08:22:42.600,402.05,4.83,1.3402,1.609,1.4746,40.41,High Risk,Botol Sampel E,Sumber Air E,5
ALVIN-2026-06815,2026-09-18 08:22:42.800,652.63,4.5,2.1754,1.5,1.8377,35.24,High Risk,Botol Sampel D,Sumber Air D,5
ALVIN-2026-06816,2026-09-18 08:22:43.000,298.54,4.4,0.9951,1.4667,1.2309,44.82,High Risk,Botol Sampel E,Sumber Air E,5
ALVIN-2026-06817,2026-09-18 08:22:43.200,124.77,0.3,0.4159,0.1004,0.2582,79.48,Low Risk,Botol Sampel A,Sumber Air A,5
ALVIN-2026-06818,2026-09-18 08:22:43.400,337.4,2.86,1.1247,0.9519,1.0383,49.06,High Risk,Botol Sampel D,Sumber Air D,5
ALVIN-2026-06819,2026-09-18 08:22:43.600,205.66,1.54,0.6855,0.5117,0.5986,62.55,Moderate Risk,Botol Sampel C,Sumber Air C,5
ALVIN-2026-06820,2026-09-18 08:22:43.800,145.0,1.16,0.4833,0.3883,0.4358,69.65,Low Risk,Botol Sampel A,Sumber Air A,5
ALVIN-2026-06821,2026-09-18 08:22:44.000,360.52,2.21,1.2017,0.7369,0.9693,50.78,High Risk,Botol Sampel D,Sumber Air D,5
ALVIN-2026-06822,2026-09-18 08:22:44.200,206.08,1.64,0.6869,0.5466,0.6167,61.85,Moderate Risk,Botol Sampel C,Sumber Air C,5
ALVIN-2026-06823,2026-09-18 08:22:44.400,115.11,0.58,0.3837,0.1937,0.2887,77.6,Low Risk,Botol Sampel A,Sumber Air A,5
ALVIN-2026-06824,2026-09-18 08:22:44.600,527.55,5.15,1.7585,1.7165,1.7375,36.53,High Risk,Botol Sampel D,Sumber Air D,5
ALVIN-2026-06825,2026-09-18 08:22:44.800,109.71,0.84,0.3657,0.2794,0.3226,75.61,Moderate Risk,Botol Sampel C,Sumber Air C,5
ALVIN-2026-06826,2026-09-18 08:22:45.000,133.5,0.49,0.445,0.1646,0.3048,76.64,Low Risk,Botol Sampel A,Sumber Air A,5
ALVIN-2026-06827,2026-09-18 08:22:45.200,760.78,5.14,2.5359,1.714,2.125,32.0,High Risk,Botol Sampel D,Sumber Air D,5
ALVIN-2026-06828,2026-09-18 08:22:45.400,236.41,1.71,0.788,0.5705,0.6792,59.55,Moderate Risk,Botol Sampel B,Sumber Air B,5
ALVIN-2026-06829,2026-09-18 08:22:45.600,565.27,8.94,1.8842,2.9785,2.4314,29.14,High Risk,Botol Sampel E,Sumber Air E,5
ALVIN-2026-06830,2026-09-18 08:22:45.800,179.53,1.18,0.5984,0.3934,0.4959,66.85,Moderate Risk,Botol Sampel B,Sumber Air B,5
ALVIN-2026-06831,2026-09-18 08:22:46.000,225.7,1.37,0.7523,0.4558,0.604,62.34,Moderate Risk,Botol Sampel B,Sumber Air B,5
ALVIN-2026-06832,2026-09-18 08:22:46.200,280.0,2.2,0.9333,0.7333,0.8333,54.55,Moderate Risk,Botol Sampel C,Sumber Air C,5
ALVIN-2026-06833,2026-09-18 08:22:46.400,232.12,1.85,0.7737,0.6171,0.6954,58.98,Moderate Risk,Botol Sampel C,Sumber Air C,5
ALVIN-2026-06834,2026-09-18 08:22:46.600,612.71,6.89,2.0424,2.2983,2.1704,31.54,High Risk,Botol Sampel D,Sumber Air D,5
ALVIN-2026-06835,2026-09-18 08:22:46.800,879.65,5.45,2.9322,1.8176,2.3749,29.63,High Risk,Botol Sampel D,Sumber Air D,5
ALVIN-2026-06836,2026-09-18 08:22:47.000,568.87,8.62,1.8962,2.8724,2.3843,29.55,High Risk,Botol Sampel D,Sumber Air D,5
ALVIN-2026-06837,2026-09-18 08:22:47.200,32.22,0.36,0.1074,0.121,0.1142,89.75,Low Risk,Botol Sampel A,Sumber Air A,5
ALVIN-2026-06838,2026-09-18 08:22:47.400,117.19,0.96,0.3906,0.3194,0.355,73.8,Moderate Risk,Botol Sampel B,Sumber Air B,5
ALVIN-2026-06839,2026-09-18 08:22:47.600,261.82,1.85,0.8727,0.6176,0.7452,57.3,Moderate Risk,Botol Sampel C,Sumber Air C,5
ALVIN-2026-06840,2026-09-18 08:22:47.800,69.77,0.49,0.2326,0.1625,0.1976,83.5,Low Risk,Botol Sampel A,Sumber Air A,5
ALVIN-2026-06841,2026-09-18 08:22:48.000,730.58,8.92,2.4353,2.9721,2.7037,27.0,High Risk,Botol Sampel E,Sumber Air E,5
ALVIN-2026-06842,2026-09-18 08:22:48.200,38.17,0.52,0.1272,0.1735,0.1503,86.93,Low Risk,Botol Sampel A,Sumber Air A,5
ALVIN-2026-06843,2026-09-18 08:22:48.400,482.88,6.27,1.6096,2.0885,1.849,35.1,High Risk,Botol Sampel D,Sumber Air D,5
ALVIN-2026-06844,2026-09-18 08:22:48.600,93.19,0.51,0.3106,0.1698,0.2402,80.63,Low Risk,Botol Sampel A,Sumber Air A,5
ALVIN-2026-06845,2026-09-18 08:22:48.800,784.29,5.59,2.6143,1.8625,2.2384,30.88,High Risk,Botol Sampel E,Sumber Air E,5
ALVIN-2026-06846,2026-09-18 08:22:49.000,86.3,0.46,0.2877,0.1518,0.2198,81.98,Low Risk,Botol Sampel A,Sumber Air A,5
ALVIN-2026-06847,2026-09-18 08:22:49.200,115.68,0.8,0.3856,0.2661,0.3258,75.43,Low Risk,Botol Sampel A,Sumber Air A,5
ALVIN-2026-06848,2026-09-18 08:22:49.400,222.75,1.54,0.7425,0.5135,0.628,61.43,Moderate Risk,Botol Sampel B,Sumber Air B,5
ALVIN-2026-06849,2026-09-18 08:22:49.600,385.14,3.01,1.2838,1.0032,1.1435,46.65,High Risk,Botol Sampel D,Sumber Air D,5
ALVIN-2026-06850,2026-09-18 08:22:49.800,87.32,0.89,0.2911,0.2962,0.2936,77.3,Moderate Risk,Botol Sampel B,Sumber Air B,5
ALVIN-2026-06851,2026-09-18 08:22:50.000,413.93,5.29,1.3798,1.7618,1.5708,38.9,High Risk,Botol Sampel E,Sumber Air E,5
ALVIN-2026-06852,2026-09-18 08:22:50.200,537.59,5.67,1.792,1.8887,1.8404,35.21,High Risk,Botol Sampel E,Sumber Air E,5
ALVIN-2026-06853,2026-09-18 08:22:50.400,140.0,2.07,0.4667,0.6901,0.5784,63.36,Moderate Risk,Botol Sampel B,Sumber Air B,5
ALVIN-2026-06854,2026-09-18 08:22:50.600,100.62,0.67,0.3354,0.2232,0.2793,78.17,Moderate Risk,Botol Sampel C,Sumber Air C,5
ALVIN-2026-06855,2026-09-18 08:22:50.800,293.53,2.83,0.9784,0.9432,0.9608,51.0,Moderate Risk,Botol Sampel C,Sumber Air C,5
ALVIN-2026-06856,2026-09-18 08:22:51.000,106.89,0.8,0.3563,0.2657,0.311,76.28,Low Risk,Botol Sampel A,Sumber Air A,5
ALVIN-2026-06857,2026-09-18 08:22:51.200,102.75,0.58,0.3425,0.1944,0.2684,78.84,Low Risk,Botol Sampel A,Sumber Air A,5
ALVIN-2026-06858,2026-09-18 08:22:51.400,490.74,6.13,1.6358,2.0447,1.8402,35.21,High Risk,Botol Sampel D,Sumber Air D,5
ALVIN-2026-06859,2026-09-18 08:22:51.600,244.98,1.2,0.8166,0.4008,0.6087,62.16,Moderate Risk,Botol Sampel C,Sumber Air C,5
ALVIN-2026-06860,2026-09-18 08:22:51.800,730.69,8.01,2.4356,2.6717,2.5537,28.14,High Risk,Botol Sampel E,Sumber Air E,5
ALVIN-2026-06861,2026-09-18 08:22:52.000,639.17,4.5,2.1306,1.5,1.8153,35.52,High Risk,Botol Sampel E,Sumber Air E,5
ALVIN-2026-06862,2026-09-18 08:22:52.200,335.76,2.47,1.1192,0.8238,0.9715,50.72,High Risk,Botol Sampel E,Sumber Air E,5
ALVIN-2026-06863,2026-09-18 08:22:52.400,236.02,1.15,0.7867,0.385,0.5858,63.06,Moderate Risk,Botol Sampel B,Sumber Air B,5
ALVIN-2026-06864,2026-09-18 08:22:52.600,195.41,1.37,0.6514,0.4567,0.554,64.35,Moderate Risk,Botol Sampel B,Sumber Air B,5
ALVIN-2026-06865,2026-09-18 08:22:52.800,102.97,0.56,0.3432,0.1869,0.265,79.05,Low Risk,Botol Sampel A,Sumber Air A,5
ALVIN-2026-06866,2026-09-18 08:22:53.000,233.07,2.19,0.7769,0.7302,0.7535,57.03,Moderate Risk,Botol Sampel B,Sumber Air B,5
ALVIN-2026-06867,2026-09-18 08:22:53.200,178.16,1.68,0.5939,0.5603,0.5771,63.41,Moderate Risk,Botol Sampel C,Sumber Air C,5
ALVIN-2026-06868,2026-09-18 08:22:53.400,698.33,6.66,2.3278,2.2215,2.2746,30.54,High Risk,Botol Sampel E,Sumber Air E,5
ALVIN-2026-06869,2026-09-18 08:22:53.600,256.25,1.62,0.8542,0.54,0.6971,58.92,Moderate Risk,Botol Sampel B,Sumber Air B,5
ALVIN-2026-06870,2026-09-18 08:22:53.800,589.34,7.43,1.9645,2.4775,2.221,31.05,High Risk,Botol Sampel E,Sumber Air E,5
ALVIN-2026-06871,2026-09-18 08:22:54.000,185.31,1.2,0.6177,0.3993,0.5085,66.29,Moderate Risk,Botol Sampel C,Sumber Air C,5
ALVIN-2026-06872,2026-09-18 08:22:54.200,692.16,6.38,2.3072,2.1252,2.2162,31.09,High Risk,Botol Sampel E,Sumber Air E,5
ALVIN-2026-06873,2026-09-18 08:22:54.400,693.43,8.21,2.3114,2.7373,2.5244,28.37,High Risk,Botol Sampel E,Sumber Air E,5
ALVIN-2026-06874,2026-09-18 08:22:54.600,327.87,5.28,1.0929,1.7605,1.4267,41.21,High Risk,Botol Sampel D,Sumber Air D,5
ALVIN-2026-06875,2026-09-18 08:22:54.800,261.84,1.0,0.8728,0.3333,0.603,62.38,Moderate Risk,Botol Sampel B,Sumber Air B,5
ALVIN-2026-06876,2026-09-18 08:22:55.000,643.04,6.79,2.1435,2.2626,2.203,31.22,High Risk,Botol Sampel E,Sumber Air E,5
ALVIN-2026-06877,2026-09-18 08:22:55.200,475.28,7.06,1.5843,2.3518,1.968,33.69,High Risk,Botol Sampel E,Sumber Air E,5
ALVIN-2026-06878,2026-09-18 08:22:55.400,436.59,6.0,1.4553,2.0008,1.728,36.66,High Risk,Botol Sampel D,Sumber Air D,5
ALVIN-2026-06879,2026-09-18 08:22:55.600,252.95,1.49,0.8432,0.4958,0.6695,59.9,Moderate Risk,Botol Sampel C,Sumber Air C,5
ALVIN-2026-06880,2026-09-18 08:22:55.800,97.52,0.43,0.3251,0.1432,0.2342,81.02,Low Risk,Botol Sampel A,Sumber Air A,5
ALVIN-2026-06881,2026-09-18 08:22:56.000,200.55,2.11,0.6685,0.7023,0.6854,59.33,Moderate Risk,Botol Sampel C,Sumber Air C,5
ALVIN-2026-06882,2026-09-18 08:22:56.200,501.7,5.33,1.6723,1.7767,1.7245,36.7,High Risk,Botol Sampel D,Sumber Air D,5
ALVIN-2026-06883,2026-09-18 08:22:56.400,234.55,2.75,0.7818,0.9176,0.8497,54.06,Moderate Risk,Botol Sampel B,Sumber Air B,5
ALVIN-2026-06884,2026-09-18 08:22:56.600,157.69,2.1,0.5256,0.6996,0.6126,62.01,Moderate Risk,Botol Sampel B,Sumber Air B,5
ALVIN-2026-06885,2026-09-18 08:22:56.800,389.92,3.34,1.2997,1.1148,1.2073,45.3,High Risk,Botol Sampel E,Sumber Air E,5
ALVIN-2026-06886,2026-09-18 08:22:57.000,181.43,2.72,0.6048,0.9054,0.7551,56.98,Moderate Risk,Botol Sampel B,Sumber Air B,5
ALVIN-2026-06887,2026-09-18 08:22:57.200,82.47,0.1,0.2749,0.0333,0.1541,86.65,Low Risk,Botol Sampel A,Sumber Air A,5
ALVIN-2026-06888,2026-09-18 08:22:57.400,432.71,2.61,1.4424,0.8703,1.1564,46.37,High Risk,Botol Sampel E,Sumber Air E,5
ALVIN-2026-06889,2026-09-18 08:22:57.600,442.09,10.84,1.4736,3.6146,2.5441,28.22,High Risk,Botol Sampel E,Sumber Air E,5
ALVIN-2026-06890,2026-09-18 08:22:57.800,140.0,2.17,0.4667,0.7224,0.5946,62.71,Moderate Risk,Botol Sampel B,Sumber Air B,5
ALVIN-2026-06891,2026-09-18 08:22:58.000,668.31,7.83,2.2277,2.6108,2.4192,29.25,High Risk,Botol Sampel E,Sumber Air E,5
ALVIN-2026-06892,2026-09-18 08:22:58.200,504.71,6.84,1.6824,2.2786,1.9805,33.55,High Risk,Botol Sampel E,Sumber Air E,5
ALVIN-2026-06893,2026-09-18 08:22:58.400,551.5,8.93,1.8383,2.978,2.4082,29.34,High Risk,Botol Sampel D,Sumber Air D,5
ALVIN-2026-06894,2026-09-18 08:22:58.600,640.89,7.71,2.1363,2.5699,2.3531,29.82,High Risk,Botol Sampel E,Sumber Air E,5
ALVIN-2026-06895,2026-09-18 08:22:58.800,318.43,4.04,1.0614,1.3453,1.2034,45.38,High Risk,Botol Sampel D,Sumber Air D,5
ALVIN-2026-06896,2026-09-18 08:22:59.000,358.07,3.64,1.1936,1.2125,1.203,45.39,High Risk,Botol Sampel D,Sumber Air D,5
ALVIN-2026-06897,2026-09-18 08:22:59.200,289.53,3.58,0.9651,1.1943,1.0797,48.08,High Risk,Botol Sampel D,Sumber Air D,5
ALVIN-2026-06898,2026-09-18 08:22:59.400,195.04,1.65,0.6501,0.5515,0.6008,62.47,Moderate Risk,Botol Sampel B,Sumber Air B,5
ALVIN-2026-06899,2026-09-18 08:22:59.600,162.47,1.89,0.5416,0.6305,0.586,63.05,Moderate Risk,Botol Sampel B,Sumber Air B,5
ALVIN-2026-06900,2026-09-18 08:22:59.800,97.26,0.6,0.3242,0.1997,0.262,79.24,Moderate Risk,Botol Sampel B,Sumber Air B,5
ALVIN-2026-06901,2026-09-18 08:23:00.000,145.0,0.83,0.4833,0.2761,0.3797,72.48,Moderate Risk,Botol Sampel C,Sumber Air C,5
ALVIN-2026-06902,2026-09-18 08:23:00.200,82.99,1.0,0.2766,0.3346,0.3056,76.59,Low Risk,Botol Sampel A,Sumber Air A,5
ALVIN-2026-06903,2026-09-18 08:23:00.400,105.38,0.82,0.3513,0.2717,0.3115,76.25,Low Risk,Botol Sampel A,Sumber Air A,5
ALVIN-2026-06904,2026-09-18 08:23:00.600,699.67,5.87,2.3322,1.9573,2.1448,31.8,High Risk,Botol Sampel E,Sumber Air E,5
ALVIN-2026-06905,2026-09-18 08:23:00.800,614.26,6.78,2.0475,2.2617,2.1546,31.7,High Risk,Botol Sampel D,Sumber Air D,5
ALVIN-2026-06906,2026-09-18 08:23:01.000,495.2,8.1,1.6507,2.6986,2.1746,31.5,High Risk,Botol Sampel E,Sumber Air E,5
ALVIN-2026-06907,2026-09-18 08:23:01.200,177.05,2.37,0.5902,0.7901,0.6902,59.16,Moderate Risk,Botol Sampel C,Sumber Air C,5
ALVIN-2026-06908,2026-09-18 08:23:01.400,243.48,1.23,0.8116,0.4094,0.6105,62.09,Moderate Risk,Botol Sampel C,Sumber Air C,5
ALVIN-2026-06909,2026-09-18 08:23:01.600,171.59,2.08,0.572,0.6927,0.6324,61.26,Moderate Risk,Botol Sampel B,Sumber Air B,5
ALVIN-2026-06910,2026-09-18 08:23:01.800,67.28,0.43,0.2243,0.1423,0.1833,84.51,Low Risk,Botol Sampel A,Sumber Air A,5
ALVIN-2026-06911,2026-09-18 08:23:02.000,590.58,7.38,1.9686,2.4604,2.2145,31.11,High Risk,Botol Sampel D,Sumber Air D,5
ALVIN-2026-06912,2026-09-18 08:23:02.200,164.89,1.99,0.5496,0.6644,0.607,62.23,Moderate Risk,Botol Sampel C,Sumber Air C,5
ALVIN-2026-06913,2026-09-18 08:23:02.400,104.09,0.98,0.347,0.3259,0.3365,74.82,Low Risk,Botol Sampel A,Sumber Air A,5
ALVIN-2026-06914,2026-09-18 08:23:02.600,219.7,1.68,0.7323,0.5584,0.6454,60.78,Moderate Risk,Botol Sampel B,Sumber Air B,5
ALVIN-2026-06915,2026-09-18 08:23:02.800,69.32,0.23,0.2311,0.0765,0.1538,86.67,Moderate Risk,Botol Sampel C,Sumber Air C,5
ALVIN-2026-06916,2026-09-18 08:23:03.000,190.3,2.1,0.6343,0.7003,0.6673,59.98,Moderate Risk,Botol Sampel B,Sumber Air B,5
ALVIN-2026-06917,2026-09-18 08:23:03.200,587.53,9.53,1.9584,3.1777,2.568,28.03,High Risk,Botol Sampel E,Sumber Air E,5
ALVIN-2026-06918,2026-09-18 08:23:03.400,185.54,1.76,0.6185,0.5864,0.6024,62.41,Moderate Risk,Botol Sampel B,Sumber Air B,5
ALVIN-2026-06919,2026-09-18 08:23:03.600,404.42,3.46,1.3481,1.1534,1.2508,44.43,High Risk,Botol Sampel D,Sumber Air D,5
ALVIN-2026-06920,2026-09-18 08:23:03.800,434.31,9.6,1.4477,3.2013,2.3245,30.08,High Risk,Botol Sampel E,Sumber Air E,5
ALVIN-2026-06921,2026-09-18 08:23:04.000,582.49,8.5,1.9416,2.8338,2.3877,29.52,High Risk,Botol Sampel D,Sumber Air D,5
ALVIN-2026-06922,2026-09-18 08:23:04.200,77.25,0.61,0.2575,0.2017,0.2296,81.33,Low Risk,Botol Sampel A,Sumber Air A,5
ALVIN-2026-06923,2026-09-18 08:23:04.400,694.9,7.78,2.3163,2.5949,2.4556,28.94,High Risk,Botol Sampel D,Sumber Air D,5
ALVIN-2026-06924,2026-09-18 08:23:04.600,272.12,1.65,0.9071,0.5508,0.729,57.84,Moderate Risk,Botol Sampel B,Sumber Air B,5
ALVIN-2026-06925,2026-09-18 08:23:04.800,525.03,7.67,1.7501,2.5551,2.1526,31.72,High Risk,Botol Sampel D,Sumber Air D,5
ALVIN-2026-06926,2026-09-18 08:23:05.000,312.69,3.88,1.0423,1.2947,1.1685,46.11,High Risk,Botol Sampel D,Sumber Air D,5
ALVIN-2026-06927,2026-09-18 08:23:05.200,363.1,3.31,1.2103,1.105,1.1576,46.35,High Risk,Botol Sampel E,Sumber Air E,5
ALVIN-2026-06928,2026-09-18 08:23:05.400,786.58,8.37,2.6219,2.7914,2.7066,26.98,High Risk,Botol Sampel D,Sumber Air D,5
ALVIN-2026-06929,2026-09-18 08:23:05.600,89.33,0.64,0.2978,0.2131,0.2554,79.66,Moderate Risk,Botol Sampel C,Sumber Air C,5
ALVIN-2026-06930,2026-09-18 08:23:05.800,92.9,0.17,0.3097,0.057,0.1833,84.51,Low Risk,Botol Sampel A,Sumber Air A,5
ALVIN-2026-06931,2026-09-18 08:23:06.000,670.63,6.93,2.2354,2.3109,2.2732,30.55,High Risk,Botol Sampel D,Sumber Air D,5
ALVIN-2026-06932,2026-09-18 08:23:06.200,109.81,0.31,0.366,0.1024,0.2342,81.02,Low Risk,Botol Sampel A,Sumber Air A,5
ALVIN-2026-06933,2026-09-18 08:23:06.400,396.19,3.43,1.3206,1.144,1.2323,44.8,High Risk,Botol Sampel D,Sumber Air D,5
ALVIN-2026-06934,2026-09-18 08:23:06.600,97.22,0.45,0.3241,0.1499,0.237,80.84,Moderate Risk,Botol Sampel B,Sumber Air B,5
ALVIN-2026-06935,2026-09-18 08:23:06.800,217.63,2.03,0.7254,0.6768,0.7011,58.79,Moderate Risk,Botol Sampel B,Sumber Air B,5
ALVIN-2026-06936,2026-09-18 08:23:07.000,206.7,1.48,0.689,0.4923,0.5906,62.87,Moderate Risk,Botol Sampel B,Sumber Air B,5
ALVIN-2026-06937,2026-09-18 08:23:07.200,408.47,3.97,1.3616,1.3233,1.3424,42.69,High Risk,Botol Sampel D,Sumber Air D,5
ALVIN-2026-06938,2026-09-18 08:23:07.400,437.77,6.2,1.4592,2.0679,1.7636,36.18,High Risk,Botol Sampel E,Sumber Air E,5
ALVIN-2026-06939,2026-09-18 08:23:07.600,79.78,1.03,0.2659,0.3442,0.3051,76.62,Low Risk,Botol Sampel A,Sumber Air A,5
ALVIN-2026-06940,2026-09-18 08:23:07.800,123.98,0.61,0.4133,0.2037,0.3085,76.42,Moderate Risk,Botol Sampel B,Sumber Air B,5
ALVIN-2026-06941,2026-09-18 08:23:08.000,677.09,7.52,2.257,2.5051,2.381,29.58,High Risk,Botol Sampel E,Sumber Air E,5
ALVIN-2026-06942,2026-09-18 08:23:08.200,633.59,4.5,2.112,1.5,1.806,35.64,High Risk,Botol Sampel D,Sumber Air D,5
ALVIN-2026-06943,2026-09-18 08:23:08.400,702.34,5.83,2.3411,1.943,2.1421,31.83,High Risk,Botol Sampel D,Sumber Air D,5
ALVIN-2026-06944,2026-09-18 08:23:08.600,145.0,0.54,0.4833,0.1812,0.3322,75.06,Moderate Risk,Botol Sampel B,Sumber Air B,5
ALVIN-2026-06945,2026-09-18 08:23:08.800,290.72,2.71,0.9691,0.9043,0.9367,51.63,Moderate Risk,Botol Sampel B,Sumber Air B,5
ALVIN-2026-06946,2026-09-18 08:23:09.000,859.64,8.31,2.8655,2.7715,2.8185,26.19,High Risk,Botol Sampel E,Sumber Air E,5
ALVIN-2026-06947,2026-09-18 08:23:09.200,521.9,7.73,1.7397,2.5755,2.1576,31.67,High Risk,Botol Sampel D,Sumber Air D,5
ALVIN-2026-06948,2026-09-18 08:23:09.400,139.6,0.8,0.4653,0.2675,0.3664,73.19,Moderate Risk,Botol Sampel B,Sumber Air B,5
ALVIN-2026-06949,2026-09-18 08:23:09.600,249.49,2.03,0.8316,0.675,0.7533,57.04,Moderate Risk,Botol Sampel B,Sumber Air B,5
ALVIN-2026-06950,2026-09-18 08:23:09.800,74.96,0.61,0.2499,0.2049,0.2274,81.47,Low Risk,Botol Sampel A,Sumber Air A,5
ALVIN-2026-06951,2026-09-18 08:23:10.000,663.43,7.56,2.2114,2.5197,2.3656,29.71,High Risk,Botol Sampel E,Sumber Air E,5
ALVIN-2026-06952,2026-09-18 08:23:10.200,400.0,8.08,1.3333,2.6947,2.014,33.18,High Risk,Botol Sampel E,Sumber Air E,5
ALVIN-2026-06953,2026-09-18 08:23:10.400,205.9,1.74,0.6863,0.5788,0.6325,61.26,Moderate Risk,Botol Sampel C,Sumber Air C,5
ALVIN-2026-06954,2026-09-18 08:23:10.600,605.04,6.97,2.0168,2.3246,2.1707,31.54,High Risk,Botol Sampel E,Sumber Air E,5
ALVIN-2026-06955,2026-09-18 08:23:10.800,777.88,7.89,2.5929,2.6301,2.6115,27.69,High Risk,Botol Sampel D,Sumber Air D,5
ALVIN-2026-06956,2026-09-18 08:23:11.000,836.05,7.77,2.7868,2.5914,2.6891,27.11,High Risk,Botol Sampel D,Sumber Air D,5
ALVIN-2026-06957,2026-09-18 08:23:11.200,343.93,2.81,1.1464,0.9354,1.0409,49.0,High Risk,Botol Sampel E,Sumber Air E,5
ALVIN-2026-06958,2026-09-18 08:23:11.400,96.08,0.21,0.3203,0.0684,0.1944,83.72,Low Risk,Botol Sampel A,Sumber Air A,5
ALVIN-2026-06959,2026-09-18 08:23:11.600,228.8,2.52,0.7627,0.8396,0.8012,55.52,Moderate Risk,Botol Sampel B,Sumber Air B,5
ALVIN-2026-06960,2026-09-18 08:23:11.800,249.06,1.67,0.8302,0.5554,0.6928,59.07,Moderate Risk,Botol Sampel B,Sumber Air B,5
ALVIN-2026-06961,2026-09-18 08:23:12.000,378.86,2.8,1.2629,0.9321,1.0975,47.68,High Risk,Botol Sampel D,Sumber Air D,5
ALVIN-2026-06962,2026-09-18 08:23:12.200,758.57,7.2,2.5286,2.3984,2.4635,28.87,High Risk,Botol Sampel E,Sumber Air E,5
ALVIN-2026-06963,2026-09-18 08:23:12.400,591.72,8.47,1.9724,2.8248,2.3986,29.42,High Risk,Botol Sampel D,Sumber Air D,5
ALVIN-2026-06964,2026-09-18 08:23:12.600,779.09,9.39,2.597,3.1295,2.8632,25.89,High Risk,Botol Sampel D,Sumber Air D,5
ALVIN-2026-06965,2026-09-18 08:23:12.800,332.94,2.2,1.1098,0.7333,0.9215,52.04,High Risk,Botol Sampel E,Sumber Air E,5
ALVIN-2026-06966,2026-09-18 08:23:13.000,191.69,1.49,0.639,0.4983,0.5686,63.75,Moderate Risk,Botol Sampel B,Sumber Air B,5
ALVIN-2026-06967,2026-09-18 08:23:13.200,85.1,0.7,0.2837,0.2348,0.2592,79.42,Low Risk,Botol Sampel A,Sumber Air A,5
ALVIN-2026-06968,2026-09-18 08:23:13.400,375.4,3.28,1.2513,1.0924,1.1718,46.04,High Risk,Botol Sampel E,Sumber Air E,5
ALVIN-2026-06969,2026-09-18 08:23:13.600,648.45,10.11,2.1615,3.3692,2.7654,26.56,High Risk,Botol Sampel D,Sumber Air D,5
ALVIN-2026-06970,2026-09-18 08:23:13.800,123.9,0.81,0.413,0.2707,0.3418,74.53,Low Risk,Botol Sampel A,Sumber Air A,5
ALVIN-2026-06971,2026-09-18 08:23:14.000,353.56,2.95,1.1785,0.9843,1.0814,48.04,High Risk,Botol Sampel E,Sumber Air E,5
ALVIN-2026-06972,2026-09-18 08:23:14.200,94.05,0.8,0.3135,0.2682,0.2908,77.47,Moderate Risk,Botol Sampel B,Sumber Air B,5
ALVIN-2026-06973,2026-09-18 08:23:14.400,80.24,0.8,0.2675,0.2655,0.2665,78.96,Low Risk,Botol Sampel A,Sumber Air A,5
ALVIN-2026-06974,2026-09-18 08:23:14.600,345.74,2.2,1.1525,0.7333,0.9429,51.47,High Risk,Botol Sampel E,Sumber Air E,5
ALVIN-2026-06975,2026-09-18 08:23:14.800,118.11,1.1,0.3937,0.3668,0.3802,72.45,Low Risk,Botol Sampel A,Sumber Air A,5
ALVIN-2026-06976,2026-09-18 08:23:15.000,196.48,1.48,0.6549,0.4949,0.5749,63.5,Moderate Risk,Botol Sampel B,Sumber Air B,5
ALVIN-2026-06977,2026-09-18 08:23:15.200,375.55,3.1,1.2518,1.0349,1.1433,46.66,High Risk,Botol Sampel D,Sumber Air D,5
ALVIN-2026-06978,2026-09-18 08:23:15.400,544.64,8.08,1.8155,2.6941,2.2548,30.72,High Risk,Botol Sampel D,Sumber Air D,5
ALVIN-2026-06979,2026-09-18 08:23:15.600,701.17,7.12,2.3372,2.3744,2.3558,29.8,High Risk,Botol Sampel D,Sumber Air D,5
ALVIN-2026-06980,2026-09-18 08:23:15.800,63.86,0.83,0.2129,0.2754,0.2442,80.37,Moderate Risk,Botol Sampel C,Sumber Air C,5
ALVIN-2026-06981,2026-09-18 08:23:16.000,302.67,3.41,1.0089,1.1365,1.0727,48.25,High Risk,Botol Sampel D,Sumber Air D,5
ALVIN-2026-06982,2026-09-18 08:23:16.200,145.0,0.38,0.4833,0.1255,0.3044,76.66,Moderate Risk,Botol Sampel B,Sumber Air B,5
ALVIN-2026-06983,2026-09-18 08:23:16.400,106.21,0.91,0.354,0.3039,0.3289,75.25,Low Risk,Botol Sampel A,Sumber Air A,5
ALVIN-2026-06984,2026-09-18 08:23:16.600,642.61,5.44,2.142,1.8121,1.977,33.59,High Risk,Botol Sampel E,Sumber Air E,5
ALVIN-2026-06985,2026-09-18 08:23:16.800,358.23,3.08,1.1941,1.0282,1.1111,47.37,High Risk,Botol Sampel D,Sumber Air D,5
ALVIN-2026-06986,2026-09-18 08:23:17.000,338.64,3.81,1.1288,1.2713,1.2,45.45,High Risk,Botol Sampel D,Sumber Air D,5
ALVIN-2026-06987,2026-09-18 08:23:17.200,249.61,1.4,0.832,0.4682,0.6501,60.6,Moderate Risk,Botol Sampel B,Sumber Air B,5
ALVIN-2026-06988,2026-09-18 08:23:17.400,287.12,3.46,0.9571,1.1535,1.0553,48.65,High Risk,Botol Sampel D,Sumber Air D,5
ALVIN-2026-06989,2026-09-18 08:23:17.600,290.0,1.68,0.9667,0.5588,0.7628,56.73,Moderate Risk,Botol Sampel B,Sumber Air B,5
ALVIN-2026-06990,2026-09-18 08:23:17.800,382.97,2.7,1.2766,0.8987,1.0876,47.9,High Risk,Botol Sampel E,Sumber Air E,5
ALVIN-2026-06991,2026-09-18 08:23:18.000,179.13,1.22,0.5971,0.4075,0.5023,66.56,Moderate Risk,Botol Sampel C,Sumber Air C,5
ALVIN-2026-06992,2026-09-18 08:23:18.200,181.4,2.02,0.6047,0.6718,0.6382,61.04,Moderate Risk,Botol Sampel C,Sumber Air C,5
ALVIN-2026-06993,2026-09-18 08:23:18.400,338.51,4.21,1.1284,1.4033,1.2658,44.13,High Risk,Botol Sampel D,Sumber Air D,5
ALVIN-2026-06994,2026-09-18 08:23:18.600,310.85,4.49,1.0362,1.4973,1.2668,44.12,High Risk,Botol Sampel D,Sumber Air D,5
ALVIN-2026-06995,2026-09-18 08:23:18.800,245.03,1.0,0.8168,0.3333,0.575,63.49,Moderate Risk,Botol Sampel B,Sumber Air B,5
ALVIN-2026-06996,2026-09-18 08:23:19.000,108.97,0.36,0.3632,0.1204,0.2418,80.53,Low Risk,Botol Sampel A,Sumber Air A,5
ALVIN-2026-06997,2026-09-18 08:23:19.200,584.5,6.84,1.9483,2.2807,2.1145,32.11,High Risk,Botol Sampel E,Sumber Air E,5
ALVIN-2026-06998,2026-09-18 08:23:19.400,375.9,2.8,1.253,0.933,1.093,47.78,High Risk,Botol Sampel E,Sumber Air E,5
ALVIN-2026-06999,2026-09-18 08:23:19.600,71.77,0.67,0.2392,0.2241,0.2316,81.2,Low Risk,Botol Sampel A,Sumber Air A,5
ALVIN-2026-07000,2026-09-18 08:23:19.800,464.36,7.22,1.5479,2.406,1.977,33.59,High Risk,Botol Sampel E,Sumber Air E,5
ALVIN-2026-07001,2026-09-18 08:23:20.000,214.02,1.95,0.7134,0.6499,0.6817,59.46,Moderate Risk,Botol Sampel B,Sumber Air B,5
ALVIN-2026-07002,2026-09-18 08:23:20.200,248.83,1.9,0.8294,0.6333,0.7313,57.76,Moderate Risk,Botol Sampel B,Sumber Air B,5
ALVIN-2026-07003,2026-09-18 08:23:20.400,82.08,0.86,0.2736,0.2861,0.2799,78.13,Low Risk,Botol Sampel A,Sumber Air A,5
ALVIN-2026-07004,2026-09-18 08:23:20.600,320.17,2.92,1.0672,0.9733,1.0202,49.5,High Risk,Botol Sampel D,Sumber Air D,5
ALVIN-2026-07005,2026-09-18 08:23:20.800,633.86,7.06,2.1129,2.3536,2.2332,30.93,High Risk,Botol Sampel D,Sumber Air D,5
ALVIN-2026-07006,2026-09-18 08:23:21.000,120.59,0.67,0.402,0.2231,0.3126,76.18,Low Risk,Botol Sampel A,Sumber Air A,5
ALVIN-2026-07007,2026-09-18 08:23:21.200,618.62,7.37,2.0621,2.4582,2.2602,30.67,High Risk,Botol Sampel E,Sumber Air E,5
ALVIN-2026-07008,2026-09-18 08:23:21.400,662.85,8.18,2.2095,2.7263,2.4679,28.84,High Risk,Botol Sampel D,Sumber Air D,5
ALVIN-2026-07009,2026-09-18 08:23:21.600,544.89,5.81,1.8163,1.9366,1.8764,34.77,High Risk,Botol Sampel E,Sumber Air E,5
ALVIN-2026-07010,2026-09-18 08:23:21.800,58.51,0.88,0.195,0.2923,0.2436,80.41,Low Risk,Botol Sampel A,Sumber Air A,5
ALVIN-2026-07011,2026-09-18 08:23:22.000,193.38,1.71,0.6446,0.5691,0.6068,62.24,Moderate Risk,Botol Sampel C,Sumber Air C,5
ALVIN-2026-07012,2026-09-18 08:23:22.200,221.1,1.66,0.737,0.5523,0.6446,60.81,Moderate Risk,Botol Sampel C,Sumber Air C,5
ALVIN-2026-07013,2026-09-18 08:23:22.400,114.93,0.72,0.3831,0.2385,0.3108,76.29,Low Risk,Botol Sampel A,Sumber Air A,5
ALVIN-2026-07014,2026-09-18 08:23:22.600,69.26,0.17,0.2309,0.0572,0.144,87.41,Low Risk,Botol Sampel A,Sumber Air A,5
ALVIN-2026-07015,2026-09-18 08:23:22.800,696.23,6.95,2.3208,2.3168,2.3188,30.13,High Risk,Botol Sampel D,Sumber Air D,5
ALVIN-2026-07016,2026-09-18 08:23:23.000,391.51,3.7,1.305,1.2341,1.2696,44.06,High Risk,Botol Sampel D,Sumber Air D,5
ALVIN-2026-07017,2026-09-18 08:23:23.200,280.0,2.65,0.9333,0.8837,0.9085,52.4,Moderate Risk,Botol Sampel B,Sumber Air B,5
ALVIN-2026-07018,2026-09-18 08:23:23.400,103.19,0.71,0.344,0.2369,0.2904,77.5,Low Risk,Botol Sampel A,Sumber Air A,5
ALVIN-2026-07019,2026-09-18 08:23:23.600,637.05,4.5,2.1235,1.5,1.8118,35.56,High Risk,Botol Sampel D,Sumber Air D,5
ALVIN-2026-07020,2026-09-18 08:23:23.800,86.05,1.25,0.2868,0.4175,0.3521,73.96,Low Risk,Botol Sampel A,Sumber Air A,5
ALVIN-2026-07021,2026-09-18 08:23:24.000,735.41,7.62,2.4514,2.5398,2.4956,28.61,High Risk,Botol Sampel D,Sumber Air D,5
ALVIN-2026-07022,2026-09-18 08:23:24.200,215.09,1.68,0.717,0.5604,0.6387,61.02,Moderate Risk,Botol Sampel C,Sumber Air C,5
ALVIN-2026-07023,2026-09-18 08:23:24.400,320.92,2.41,1.0697,0.8026,0.9362,51.65,High Risk,Botol Sampel D,Sumber Air D,5
ALVIN-2026-07024,2026-09-18 08:23:24.600,218.31,2.29,0.7277,0.7623,0.745,57.31,Moderate Risk,Botol Sampel C,Sumber Air C,5
ALVIN-2026-07025,2026-09-18 08:23:24.800,167.44,2.25,0.5581,0.7508,0.6544,60.44,Moderate Risk,Botol Sampel B,Sumber Air B,5
ALVIN-2026-07026,2026-09-18 08:23:25.000,404.55,4.48,1.3485,1.494,1.4213,41.3,High Risk,Botol Sampel E,Sumber Air E,5
ALVIN-2026-07027,2026-09-18 08:23:25.200,300.3,2.24,1.001,0.7481,0.8746,53.34,High Risk,Botol Sampel D,Sumber Air D,5
ALVIN-2026-07028,2026-09-18 08:23:25.400,87.11,0.51,0.2904,0.1688,0.2296,81.33,Low Risk,Botol Sampel A,Sumber Air A,5
ALVIN-2026-07029,2026-09-18 08:23:25.600,173.6,2.46,0.5787,0.8209,0.6998,58.83,Moderate Risk,Botol Sampel B,Sumber Air B,5
ALVIN-2026-07030,2026-09-18 08:23:25.800,280.0,3.3,0.9333,1.1001,1.0167,49.59,High Risk,Botol Sampel D,Sumber Air D,5
ALVIN-2026-07031,2026-09-18 08:23:26.000,373.12,2.26,1.2437,0.7522,0.998,50.05,High Risk,Botol Sampel D,Sumber Air D,5
ALVIN-2026-07032,2026-09-18 08:23:26.200,144.95,2.07,0.4832,0.6893,0.5863,63.04,Moderate Risk,Botol Sampel C,Sumber Air C,5
ALVIN-2026-07033,2026-09-18 08:23:26.400,79.04,0.46,0.2635,0.1524,0.208,82.78,Low Risk,Botol Sampel A,Sumber Air A,5
ALVIN-2026-07034,2026-09-18 08:23:26.600,400.14,3.19,1.3338,1.063,1.1984,45.49,High Risk,Botol Sampel E,Sumber Air E,5
ALVIN-2026-07035,2026-09-18 08:23:26.800,130.04,0.15,0.4335,0.0511,0.2423,80.5,Low Risk,Botol Sampel A,Sumber Air A,5
ALVIN-2026-07036,2026-09-18 08:23:27.000,288.76,3.61,0.9625,1.2046,1.0836,47.99,High Risk,Botol Sampel D,Sumber Air D,5
ALVIN-2026-07037,2026-09-18 08:23:27.200,250.08,2.01,0.8336,0.6716,0.7526,57.06,Moderate Risk,Botol Sampel B,Sumber Air B,5
ALVIN-2026-07038,2026-09-18 08:23:27.400,94.99,0.61,0.3166,0.2024,0.2595,79.4,Moderate Risk,Botol Sampel B,Sumber Air B,5
ALVIN-2026-07039,2026-09-18 08:23:27.600,122.48,0.66,0.4083,0.2206,0.3144,76.08,Low Risk,Botol Sampel A,Sumber Air A,5
ALVIN-2026-07040,2026-09-18 08:23:27.800,659.31,7.77,2.1977,2.589,2.3934,29.47,High Risk,Botol Sampel D,Sumber Air D,5
ALVIN-2026-07041,2026-09-18 08:23:28.000,223.69,1.44,0.7456,0.4804,0.613,62.0,Moderate Risk,Botol Sampel C,Sumber Air C,5
ALVIN-2026-07042,2026-09-18 08:23:28.200,221.28,2.26,0.7376,0.7529,0.7452,57.3,Moderate Risk,Botol Sampel C,Sumber Air C,5
ALVIN-2026-07043,2026-09-18 08:23:28.400,695.09,7.41,2.317,2.4712,2.3941,29.46,High Risk,Botol Sampel D,Sumber Air D,5
ALVIN-2026-07044,2026-09-18 08:23:28.600,451.12,4.57,1.5037,1.5229,1.5133,39.79,High Risk,Botol Sampel E,Sumber Air E,5
ALVIN-2026-07045,2026-09-18 08:23:28.800,836.19,7.63,2.7873,2.5428,2.665,27.29,High Risk,Botol Sampel E,Sumber Air E,5
ALVIN-2026-07046,2026-09-18 08:23:29.000,115.77,0.74,0.3859,0.2482,0.317,75.93,Low Risk,Botol Sampel A,Sumber Air A,5
ALVIN-2026-07047,2026-09-18 08:23:29.200,253.7,1.2,0.8457,0.3987,0.6222,61.64,Moderate Risk,Botol Sampel C,Sumber Air C,5
ALVIN-2026-07048,2026-09-18 08:23:29.400,243.9,1.24,0.813,0.4134,0.6132,61.99,Moderate Risk,Botol Sampel C,Sumber Air C,5
ALVIN-2026-07049,2026-09-18 08:23:29.600,134.69,0.49,0.449,0.1625,0.3058,76.58,Low Risk,Botol Sampel A,Sumber Air A,5
ALVIN-2026-07050,2026-09-18 08:23:29.800,200.63,1.0,0.6688,0.3333,0.501,66.62,Moderate Risk,Botol Sampel B,Sumber Air B,5
ALVIN-2026-07051,2026-09-18 08:23:30.000,101.03,0.6,0.3368,0.2002,0.2685,78.83,Low Risk,Botol Sampel A,Sumber Air A,5
ALVIN-2026-07052,2026-09-18 08:23:30.200,343.63,2.38,1.1454,0.7941,0.9698,50.77,High Risk,Botol Sampel D,Sumber Air D,5
ALVIN-2026-07053,2026-09-18 08:23:30.400,845.53,7.36,2.8184,2.4529,2.6356,27.51,High Risk,Botol Sampel D,Sumber Air D,5
ALVIN-2026-07054,2026-09-18 08:23:30.600,353.85,2.53,1.1795,0.845,1.0122,49.7,High Risk,Botol Sampel D,Sumber Air D,5
ALVIN-2026-07055,2026-09-18 08:23:30.800,574.71,6.46,1.9157,2.1519,2.0338,32.96,High Risk,Botol Sampel D,Sumber Air D,5
ALVIN-2026-07056,2026-09-18 08:23:31.000,367.16,5.14,1.2239,1.7117,1.4678,40.52,High Risk,Botol Sampel D,Sumber Air D,5
ALVIN-2026-07057,2026-09-18 08:23:31.200,280.0,4.03,0.9333,1.342,1.1376,46.78,High Risk,Botol Sampel E,Sumber Air E,5
ALVIN-2026-07058,2026-09-18 08:23:31.400,103.51,0.73,0.345,0.2428,0.2939,77.29,Low Risk,Botol Sampel A,Sumber Air A,5
ALVIN-2026-07059,2026-09-18 08:23:31.600,125.41,0.38,0.418,0.1272,0.2726,78.58,Low Risk,Botol Sampel A,Sumber Air A,5
ALVIN-2026-07060,2026-09-18 08:23:31.800,772.92,4.5,2.5764,1.5,2.0382,32.91,High Risk,Botol Sampel D,Sumber Air D,5
ALVIN-2026-07061,2026-09-18 08:23:32.000,264.59,2.19,0.882,0.7315,0.8068,55.35,Moderate Risk,Botol Sampel B,Sumber Air B,5
ALVIN-2026-07062,2026-09-18 08:23:32.200,95.17,0.58,0.3172,0.1925,0.2548,79.69,Low Risk,Botol Sampel A,Sumber Air A,5
ALVIN-2026-07063,2026-09-18 08:23:32.400,228.72,2.02,0.7624,0.6747,0.7186,58.19,Moderate Risk,Botol Sampel B,Sumber Air B,5
ALVIN-2026-07064,2026-09-18 08:23:32.600,106.66,0.11,0.3555,0.0378,0.1966,83.57,Low Risk,Botol Sampel A,Sumber Air A,5
ALVIN-2026-07065,2026-09-18 08:23:32.800,72.64,0.65,0.2421,0.2154,0.2288,81.38,Low Risk,Botol Sampel A,Sumber Air A,5
ALVIN-2026-07066,2026-09-18 08:23:33.000,705.89,7.51,2.353,2.504,2.4285,29.17,High Risk,Botol Sampel E,Sumber Air E,5
ALVIN-2026-07067,2026-09-18 08:23:33.200,218.18,2.41,0.7273,0.8038,0.7655,56.64,Moderate Risk,Botol Sampel C,Sumber Air C,5
ALVIN-2026-07068,2026-09-18 08:23:33.400,416.58,2.2,1.3886,0.7333,1.061,48.52,High Risk,Botol Sampel E,Sumber Air E,5
ALVIN-2026-07069,2026-09-18 08:23:33.600,508.32,4.5,1.6944,1.5,1.5972,38.5,High Risk,Botol Sampel D,Sumber Air D,5
ALVIN-2026-07070,2026-09-18 08:23:33.800,101.1,1.02,0.337,0.3393,0.3382,74.73,Low Risk,Botol Sampel A,Sumber Air A,5
ALVIN-2026-07071,2026-09-18 08:23:34.000,84.02,0.52,0.2801,0.1717,0.2259,81.57,Moderate Risk,Botol Sampel C,Sumber Air C,5
ALVIN-2026-07072,2026-09-18 08:23:34.200,154.34,2.0,0.5145,0.6659,0.5902,62.89,Moderate Risk,Botol Sampel B,Sumber Air B,5
ALVIN-2026-07073,2026-09-18 08:23:34.400,308.45,2.6,1.0282,0.8678,0.948,51.33,High Risk,Botol Sampel D,Sumber Air D,5
ALVIN-2026-07074,2026-09-18 08:23:34.600,100.28,0.63,0.3343,0.2102,0.2722,78.6,Low Risk,Botol Sampel A,Sumber Air A,5
ALVIN-2026-07075,2026-09-18 08:23:34.800,788.19,5.59,2.6273,1.8646,2.246,30.81,High Risk,Botol Sampel E,Sumber Air E,5
ALVIN-2026-07076,2026-09-18 08:23:35.000,346.97,3.66,1.1566,1.2189,1.1878,45.71,High Risk,Botol Sampel D,Sumber Air D,5
ALVIN-2026-07077,2026-09-18 08:23:35.200,200.78,1.98,0.6693,0.6607,0.665,60.06,Moderate Risk,Botol Sampel B,Sumber Air B,5
ALVIN-2026-07078,2026-09-18 08:23:35.400,157.83,1.64,0.5261,0.5473,0.5367,65.07,Moderate Risk,Botol Sampel B,Sumber Air B,5
ALVIN-2026-07079,2026-09-18 08:23:35.600,400.0,5.78,1.3333,1.9261,1.6297,38.03,High Risk,Botol Sampel E,Sumber Air E,5
ALVIN-2026-07080,2026-09-18 08:23:35.800,315.02,4.66,1.0501,1.5526,1.3014,43.45,High Risk,Botol Sampel D,Sumber Air D,5
ALVIN-2026-07081,2026-09-18 08:23:36.000,324.29,2.6,1.081,0.8681,0.9746,50.64,High Risk,Botol Sampel E,Sumber Air E,5
ALVIN-2026-07082,2026-09-18 08:23:36.200,374.16,2.62,1.2472,0.8747,1.061,48.52,High Risk,Botol Sampel D,Sumber Air D,5
ALVIN-2026-07083,2026-09-18 08:23:36.400,116.6,0.31,0.3887,0.1036,0.2462,80.24,Low Risk,Botol Sampel A,Sumber Air A,5
ALVIN-2026-07084,2026-09-18 08:23:36.600,222.44,1.26,0.7415,0.4211,0.5813,63.24,Moderate Risk,Botol Sampel B,Sumber Air B,5
ALVIN-2026-07085,2026-09-18 08:23:36.800,412.35,3.91,1.3745,1.3045,1.3395,42.74,High Risk,Botol Sampel E,Sumber Air E,5
ALVIN-2026-07086,2026-09-18 08:23:37.000,214.13,2.08,0.7138,0.6931,0.7034,58.71,Moderate Risk,Botol Sampel C,Sumber Air C,5
ALVIN-2026-07087,2026-09-18 08:23:37.200,760.58,5.66,2.5353,1.8863,2.2108,31.14,High Risk,Botol Sampel D,Sumber Air D,5
ALVIN-2026-07088,2026-09-18 08:23:37.400,280.0,4.91,0.9333,1.6354,1.2843,43.78,High Risk,Botol Sampel E,Sumber Air E,5
ALVIN-2026-07089,2026-09-18 08:23:37.600,668.38,8.99,2.2279,2.9979,2.6129,27.68,High Risk,Botol Sampel D,Sumber Air D,5
ALVIN-2026-07090,2026-09-18 08:23:37.800,40.39,0.55,0.1346,0.1826,0.1586,86.31,Low Risk,Botol Sampel A,Sumber Air A,5
ALVIN-2026-07091,2026-09-18 08:23:38.000,569.36,8.12,1.8979,2.7069,2.3024,30.28,High Risk,Botol Sampel D,Sumber Air D,5
ALVIN-2026-07092,2026-09-18 08:23:38.200,305.69,3.81,1.019,1.2711,1.145,46.62,High Risk,Botol Sampel E,Sumber Air E,5
ALVIN-2026-07093,2026-09-18 08:23:38.400,185.69,1.0,0.619,0.3333,0.4762,67.74,Moderate Risk,Botol Sampel B,Sumber Air B,5
ALVIN-2026-07094,2026-09-18 08:23:38.600,712.27,8.46,2.3742,2.8198,2.597,27.8,High Risk,Botol Sampel E,Sumber Air E,5
ALVIN-2026-07095,2026-09-18 08:23:38.800,358.13,2.73,1.1938,0.91,1.0519,48.74,High Risk,Botol Sampel E,Sumber Air E,5
ALVIN-2026-07096,2026-09-18 08:23:39.000,292.57,4.24,0.9752,1.4148,1.195,45.56,High Risk,Botol Sampel D,Sumber Air D,5
ALVIN-2026-07097,2026-09-18 08:23:39.200,360.79,4.18,1.2026,1.3933,1.298,43.52,High Risk,Botol Sampel E,Sumber Air E,5
ALVIN-2026-07098,2026-09-18 08:23:39.400,114.59,0.44,0.382,0.1476,0.2648,79.06,Moderate Risk,Botol Sampel B,Sumber Air B,5
ALVIN-2026-07099,2026-09-18 08:23:39.600,632.55,4.56,2.1085,1.5193,1.8139,35.54,High Risk,Botol Sampel E,Sumber Air E,5
ALVIN-2026-07100,2026-09-18 08:23:39.800,250.93,1.0,0.8364,0.3333,0.5848,63.1,Moderate Risk,Botol Sampel C,Sumber Air C,5
ALVIN-2026-07101,2026-09-18 08:23:40.000,414.28,4.13,1.3809,1.3766,1.3788,42.04,High Risk,Botol Sampel D,Sumber Air D,5
ALVIN-2026-07102,2026-09-18 08:23:40.200,207.13,2.56,0.6904,0.8526,0.7715,56.45,Moderate Risk,Botol Sampel C,Sumber Air C,5
ALVIN-2026-07103,2026-09-18 08:23:40.400,552.41,6.37,1.8414,2.1232,1.9823,33.53,High Risk,Botol Sampel D,Sumber Air D,5
ALVIN-2026-07104,2026-09-18 08:23:40.600,339.66,2.6,1.1322,0.8683,1.0002,50.0,High Risk,Botol Sampel D,Sumber Air D,5
ALVIN-2026-07105,2026-09-18 08:23:40.800,145.91,1.49,0.4864,0.4965,0.4914,67.05,Low Risk,Botol Sampel A,Sumber Air A,5
ALVIN-2026-07106,2026-09-18 08:23:41.000,256.14,1.41,0.8538,0.4695,0.6616,60.18,Moderate Risk,Botol Sampel B,Sumber Air B,5
ALVIN-2026-07107,2026-09-18 08:23:41.200,203.94,1.52,0.6798,0.5056,0.5927,62.79,Moderate Risk,Botol Sampel C,Sumber Air C,5
ALVIN-2026-07108,2026-09-18 08:23:41.400,455.76,8.97,1.5192,2.989,2.2541,30.73,High Risk,Botol Sampel D,Sumber Air D,5
ALVIN-2026-07109,2026-09-18 08:23:41.600,663.11,8.24,2.2104,2.7471,2.4787,28.75,High Risk,Botol Sampel D,Sumber Air D,5
ALVIN-2026-07110,2026-09-18 08:23:41.800,622.59,4.5,2.0753,1.5,1.7876,35.87,High Risk,Botol Sampel E,Sumber Air E,5
ALVIN-2026-07111,2026-09-18 08:23:42.000,125.74,0.54,0.4191,0.1786,0.2988,76.99,Low Risk,Botol Sampel A,Sumber Air A,5
ALVIN-2026-07112,2026-09-18 08:23:42.200,64.78,1.4,0.2159,0.4667,0.3413,74.55,Moderate Risk,Botol Sampel C,Sumber Air C,5
ALVIN-2026-07113,2026-09-18 08:23:42.400,336.85,2.88,1.1228,0.9615,1.0422,48.97,High Risk,Botol Sampel E,Sumber Air E,5
ALVIN-2026-07114,2026-09-18 08:23:42.600,328.14,3.66,1.0938,1.22,1.1569,46.36,High Risk,Botol Sampel D,Sumber Air D,5
ALVIN-2026-07115,2026-09-18 08:23:42.800,489.24,4.85,1.6308,1.6178,1.6243,38.11,High Risk,Botol Sampel E,Sumber Air E,5
ALVIN-2026-07116,2026-09-18 08:23:43.000,332.51,3.9,1.1084,1.301,1.2047,45.36,High Risk,Botol Sampel D,Sumber Air D,5
ALVIN-2026-07117,2026-09-18 08:23:43.200,288.66,3.65,0.9622,1.2158,1.089,47.87,High Risk,Botol Sampel E,Sumber Air E,5
ALVIN-2026-07118,2026-09-18 08:23:43.400,717.41,7.11,2.3914,2.3692,2.3803,29.58,High Risk,Botol Sampel D,Sumber Air D,5
ALVIN-2026-07119,2026-09-18 08:23:43.600,120.29,0.42,0.401,0.1397,0.2704,78.72,Low Risk,Botol Sampel A,Sumber Air A,5
ALVIN-2026-07120,2026-09-18 08:23:43.800,208.01,2.04,0.6934,0.68,0.6867,59.29,Moderate Risk,Botol Sampel B,Sumber Air B,5
ALVIN-2026-07121,2026-09-18 08:23:44.000,848.01,7.58,2.8267,2.5254,2.676,27.2,High Risk,Botol Sampel D,Sumber Air D,5
ALVIN-2026-07122,2026-09-18 08:23:44.200,280.0,4.26,0.9333,1.4212,1.1772,45.93,High Risk,Botol Sampel D,Sumber Air D,5
ALVIN-2026-07123,2026-09-18 08:23:44.400,285.76,2.19,0.9525,0.7284,0.8404,54.34,Moderate Risk,Botol Sampel C,Sumber Air C,5
ALVIN-2026-07124,2026-09-18 08:23:44.600,332.19,2.56,1.1073,0.8528,0.98,50.51,High Risk,Botol Sampel E,Sumber Air E,5
ALVIN-2026-07125,2026-09-18 08:23:44.800,690.4,7.33,2.3013,2.4419,2.3716,29.66,High Risk,Botol Sampel D,Sumber Air D,5
ALVIN-2026-07126,2026-09-18 08:23:45.000,89.62,0.56,0.2987,0.1851,0.2419,80.52,Low Risk,Botol Sampel A,Sumber Air A,5
ALVIN-2026-07127,2026-09-18 08:23:45.200,84.79,0.26,0.2826,0.0867,0.1846,84.42,Low Risk,Botol Sampel A,Sumber Air A,5
ALVIN-2026-07128,2026-09-18 08:23:45.400,77.24,1.1,0.2575,0.3657,0.3116,76.24,Low Risk,Botol Sampel A,Sumber Air A,5
ALVIN-2026-07129,2026-09-18 08:23:45.600,299.82,3.81,0.9994,1.2712,1.1353,46.83,High Risk,Botol Sampel E,Sumber Air E,5
ALVIN-2026-07130,2026-09-18 08:23:45.800,223.1,1.53,0.7437,0.5098,0.6268,61.47,Moderate Risk,Botol Sampel C,Sumber Air C,5
ALVIN-2026-07131,2026-09-18 08:23:46.000,138.53,0.55,0.4618,0.1849,0.3234,75.56,Low Risk,Botol Sampel A,Sumber Air A,5
ALVIN-2026-07132,2026-09-18 08:23:46.200,576.88,6.16,1.9229,2.0519,1.9874,33.47,High Risk,Botol Sampel E,Sumber Air E,5
ALVIN-2026-07133,2026-09-18 08:23:46.400,600.71,5.94,2.0024,1.9813,1.9918,33.42,High Risk,Botol Sampel D,Sumber Air D,5
ALVIN-2026-07134,2026-09-18 08:23:46.600,285.28,1.89,0.9509,0.6285,0.7897,55.88,Moderate Risk,Botol Sampel C,Sumber Air C,5
ALVIN-2026-07135,2026-09-18 08:23:46.800,361.18,4.01,1.2039,1.3361,1.27,44.05,High Risk,Botol Sampel D,Sumber Air D,5
ALVIN-2026-07136,2026-09-18 08:23:47.000,110.21,0.62,0.3674,0.2057,0.2865,77.73,Low Risk,Botol Sampel A,Sumber Air A,5
ALVIN-2026-07137,2026-09-18 08:23:47.200,162.13,2.9,0.5404,0.9667,0.7535,57.03,Moderate Risk,Botol Sampel B,Sumber Air B,5
ALVIN-2026-07138,2026-09-18 08:23:47.400,475.64,9.67,1.5855,3.2226,2.404,29.38,High Risk,Botol Sampel E,Sumber Air E,5
ALVIN-2026-07139,2026-09-18 08:23:47.600,400.0,10.58,1.3333,3.5279,2.4306,29.15,High Risk,Botol Sampel E,Sumber Air E,5
ALVIN-2026-07140,2026-09-18 08:23:47.800,326.16,4.71,1.0872,1.5695,1.3284,42.95,High Risk,Botol Sampel D,Sumber Air D,5
ALVIN-2026-07141,2026-09-18 08:23:48.000,192.79,2.01,0.6426,0.6698,0.6562,60.38,Moderate Risk,Botol Sampel B,Sumber Air B,5
ALVIN-2026-07142,2026-09-18 08:23:48.200,195.64,1.72,0.6521,0.5731,0.6126,62.01,Moderate Risk,Botol Sampel B,Sumber Air B,5
ALVIN-2026-07143,2026-09-18 08:23:48.400,57.49,0.66,0.1916,0.2213,0.2064,82.89,Low Risk,Botol Sampel A,Sumber Air A,5
ALVIN-2026-07144,2026-09-18 08:23:48.600,216.66,1.72,0.7222,0.5722,0.6472,60.71,Moderate Risk,Botol Sampel C,Sumber Air C,5
ALVIN-2026-07145,2026-09-18 08:23:48.800,521.45,5.53,1.7382,1.8431,1.7906,35.83,High Risk,Botol Sampel D,Sumber Air D,5
ALVIN-2026-07146,2026-09-18 08:23:49.000,71.56,0.63,0.2385,0.2091,0.2238,81.71,Moderate Risk,Botol Sampel B,Sumber Air B,5
ALVIN-2026-07147,2026-09-18 08:23:49.200,791.92,9.27,2.6397,3.0885,2.8641,25.88,High Risk,Botol Sampel E,Sumber Air E,5
ALVIN-2026-07148,2026-09-18 08:23:49.400,552.68,7.92,1.8423,2.6389,2.2406,30.86,High Risk,Botol Sampel D,Sumber Air D,5
ALVIN-2026-07149,2026-09-18 08:23:49.600,101.12,0.43,0.3371,0.1444,0.2408,80.59,Low Risk,Botol Sampel A,Sumber Air A,5
ALVIN-2026-07150,2026-09-18 08:23:49.800,184.3,1.96,0.6143,0.6533,0.6338,61.21,Moderate Risk,Botol Sampel C,Sumber Air C,5
ALVIN-2026-07151,2026-09-18 08:23:50.000,126.21,0.96,0.4207,0.3195,0.3701,72.99,Moderate Risk,Botol Sampel C,Sumber Air C,5
ALVIN-2026-07152,2026-09-18 08:23:50.200,533.79,5.84,1.7793,1.9482,1.8638,34.92,High Risk,Botol Sampel E,Sumber Air E,5
ALVIN-2026-07153,2026-09-18 08:23:50.400,116.72,0.69,0.3891,0.2308,0.31,76.34,Moderate Risk,Botol Sampel B,Sumber Air B,5
ALVIN-2026-07154,2026-09-18 08:23:50.600,107.76,0.88,0.3592,0.2947,0.327,75.36,Low Risk,Botol Sampel A,Sumber Air A,5
ALVIN-2026-07155,2026-09-18 08:23:50.800,354.0,3.53,1.18,1.1753,1.1776,45.92,High Risk,Botol Sampel E,Sumber Air E,5
ALVIN-2026-07156,2026-09-18 08:23:51.000,229.88,2.05,0.7663,0.683,0.7246,57.98,Moderate Risk,Botol Sampel C,Sumber Air C,5
ALVIN-2026-07157,2026-09-18 08:23:51.200,76.5,1.09,0.255,0.3643,0.3096,76.36,Low Risk,Botol Sampel A,Sumber Air A,5
ALVIN-2026-07158,2026-09-18 08:23:51.400,713.89,5.63,2.3796,1.8766,2.1281,31.97,High Risk,Botol Sampel D,Sumber Air D,5
ALVIN-2026-07159,2026-09-18 08:23:51.600,264.7,2.51,0.8823,0.8379,0.8601,53.76,Moderate Risk,Botol Sampel B,Sumber Air B,5
ALVIN-2026-07160,2026-09-18 08:23:51.800,633.28,7.01,2.1109,2.3355,2.2232,31.03,High Risk,Botol Sampel D,Sumber Air D,5
ALVIN-2026-07161,2026-09-18 08:23:52.000,249.04,2.0,0.8301,0.6656,0.7478,57.21,Moderate Risk,Botol Sampel C,Sumber Air C,5
ALVIN-2026-07162,2026-09-18 08:23:52.200,330.08,3.44,1.1003,1.1461,1.1232,47.1,High Risk,Botol Sampel D,Sumber Air D,5
ALVIN-2026-07163,2026-09-18 08:23:52.400,964.2,7.62,3.214,2.5394,2.8767,25.8,High Risk,Botol Sampel D,Sumber Air D,5
ALVIN-2026-07164,2026-09-18 08:23:52.600,347.21,4.31,1.1574,1.4356,1.2965,43.54,High Risk,Botol Sampel E,Sumber Air E,5
ALVIN-2026-07165,2026-09-18 08:23:52.800,106.09,0.37,0.3536,0.1243,0.239,80.71,Low Risk,Botol Sampel A,Sumber Air A,5
ALVIN-2026-07166,2026-09-18 08:23:53.000,248.6,1.66,0.8287,0.5546,0.6916,59.12,Moderate Risk,Botol Sampel C,Sumber Air C,5
ALVIN-2026-07167,2026-09-18 08:23:53.200,75.08,0.45,0.2503,0.1486,0.1995,83.37,Low Risk,Botol Sampel A,Sumber Air A,5
ALVIN-2026-07168,2026-09-18 08:23:53.400,646.71,5.59,2.1557,1.8645,2.0101,33.22,High Risk,Botol Sampel D,Sumber Air D,5
ALVIN-2026-07169,2026-09-18 08:23:53.600,212.28,1.93,0.7076,0.6439,0.6758,59.67,Moderate Risk,Botol Sampel B,Sumber Air B,5
ALVIN-2026-07170,2026-09-18 08:23:53.800,346.28,4.08,1.1543,1.3588,1.2566,44.31,High Risk,Botol Sampel D,Sumber Air D,5
ALVIN-2026-07171,2026-09-18 08:23:54.000,122.82,1.15,0.4094,0.3818,0.3956,71.65,Low Risk,Botol Sampel A,Sumber Air A,5
ALVIN-2026-07172,2026-09-18 08:23:54.200,107.58,0.65,0.3586,0.2165,0.2875,77.67,Moderate Risk,Botol Sampel C,Sumber Air C,5
ALVIN-2026-07173,2026-09-18 08:23:54.400,566.52,4.5,1.8884,1.5,1.6942,37.12,High Risk,Botol Sampel E,Sumber Air E,5
ALVIN-2026-07174,2026-09-18 08:23:54.600,402.62,2.46,1.3421,0.8186,1.0804,48.07,High Risk,Botol Sampel D,Sumber Air D,5
ALVIN-2026-07175,2026-09-18 08:23:54.800,103.04,0.15,0.3435,0.0508,0.1972,83.53,Low Risk,Botol Sampel A,Sumber Air A,5
ALVIN-2026-07176,2026-09-18 08:23:55.000,89.14,0.65,0.2971,0.2167,0.2569,79.56,Low Risk,Botol Sampel A,Sumber Air A,5
ALVIN-2026-07177,2026-09-18 08:23:55.200,576.22,6.44,1.9207,2.1481,2.0344,32.96,High Risk,Botol Sampel E,Sumber Air E,5
ALVIN-2026-07178,2026-09-18 08:23:55.400,688.8,6.14,2.296,2.0455,2.1708,31.54,High Risk,Botol Sampel D,Sumber Air D,5
ALVIN-2026-07179,2026-09-18 08:23:55.600,570.76,4.5,1.9025,1.5,1.7012,37.02,High Risk,Botol Sampel E,Sumber Air E,5
ALVIN-2026-07180,2026-09-18 08:23:55.800,84.57,0.84,0.2819,0.2802,0.281,78.06,Low Risk,Botol Sampel A,Sumber Air A,5
ALVIN-2026-07181,2026-09-18 08:23:56.000,102.58,0.96,0.3419,0.3197,0.3308,75.14,Low Risk,Botol Sampel A,Sumber Air A,5
ALVIN-2026-07182,2026-09-18 08:23:56.200,145.64,1.23,0.4855,0.4095,0.4475,69.08,Low Risk,Botol Sampel A,Sumber Air A,5
ALVIN-2026-07183,2026-09-18 08:23:56.400,408.29,3.67,1.361,1.2239,1.2925,43.62,High Risk,Botol Sampel E,Sumber Air E,5
ALVIN-2026-07184,2026-09-18 08:23:56.600,230.08,1.56,0.7669,0.5214,0.6442,60.82,Moderate Risk,Botol Sampel B,Sumber Air B,5
ALVIN-2026-07185,2026-09-18 08:23:56.800,312.52,3.95,1.0417,1.316,1.1789,45.89,High Risk,Botol Sampel E,Sumber Air E,5
ALVIN-2026-07186,2026-09-18 08:23:57.000,318.47,3.78,1.0616,1.2614,1.1615,46.26,High Risk,Botol Sampel D,Sumber Air D,5
ALVIN-2026-07187,2026-09-18 08:23:57.200,145.0,0.65,0.4833,0.217,0.3502,74.06,Low Risk,Botol Sampel A,Sumber Air A,5
ALVIN-2026-07188,2026-09-18 08:23:57.400,71.02,0.15,0.2367,0.0498,0.1432,87.47,Low Risk,Botol Sampel A,Sumber Air A,5
ALVIN-2026-07189,2026-09-18 08:23:57.600,852.08,9.13,2.8403,3.0444,2.9424,25.37,High Risk,Botol Sampel E,Sumber Air E,5
ALVIN-2026-07190,2026-09-18 08:23:57.800,387.2,3.16,1.2907,1.0517,1.1712,46.06,High Risk,Botol Sampel E,Sumber Air E,5
ALVIN-2026-07191,2026-09-18 08:23:58.000,378.41,4.31,1.2614,1.438,1.3497,42.56,High Risk,Botol Sampel D,Sumber Air D,5
ALVIN-2026-07192,2026-09-18 08:23:58.200,799.93,9.06,2.6664,3.0209,2.8437,26.02,High Risk,Botol Sampel D,Sumber Air D,5
ALVIN-2026-07193,2026-09-18 08:23:58.400,404.62,3.97,1.3487,1.3245,1.3366,42.8,High Risk,Botol Sampel E,Sumber Air E,5
ALVIN-2026-07194,2026-09-18 08:23:58.600,89.32,0.47,0.2977,0.1581,0.2279,81.44,Low Risk,Botol Sampel A,Sumber Air A,5
ALVIN-2026-07195,2026-09-18 08:23:58.800,322.1,2.71,1.0737,0.903,0.9884,50.29,High Risk,Botol Sampel E,Sumber Air E,5
ALVIN-2026-07196,2026-09-18 08:23:59.000,866.51,8.56,2.8884,2.853,2.8707,25.84,High Risk,Botol Sampel D,Sumber Air D,5
ALVIN-2026-07197,2026-09-18 08:23:59.200,459.93,9.0,1.5331,3.0001,2.2666,30.61,High Risk,Botol Sampel E,Sumber Air E,5
ALVIN-2026-07198,2026-09-18 08:23:59.400,102.22,0.47,0.3407,0.1582,0.2494,80.04,Moderate Risk,Botol Sampel C,Sumber Air C,5
ALVIN-2026-07199,2026-09-18 08:23:59.600,362.59,2.54,1.2086,0.8466,1.0276,49.32,High Risk,Botol Sampel E,Sumber Air E,5
ALVIN-2026-07200,2026-09-18 08:23:59.800,338.88,2.57,1.1296,0.8581,0.9938,50.16,High Risk,Botol Sampel D,Sumber Air D,5
ALVIN-2026-07201,2026-09-18 08:24:00.000,180.88,2.1,0.6029,0.6999,0.6514,60.55,Moderate Risk,Botol Sampel B,Sumber Air B,5
ALVIN-2026-07202,2026-09-18 08:24:00.200,122.2,1.07,0.4073,0.3579,0.3826,72.33,Low Risk,Botol Sampel A,Sumber Air A,5
ALVIN-2026-07203,2026-09-18 08:24:00.400,226.89,2.02,0.7563,0.6747,0.7155,58.29,Moderate Risk,Botol Sampel C,Sumber Air C,5
ALVIN-2026-07204,2026-09-18 08:24:00.600,485.46,6.68,1.6182,2.2264,1.9223,34.22,High Risk,Botol Sampel D,Sumber Air D,5
ALVIN-2026-07205,2026-09-18 08:24:00.800,92.81,0.7,0.3094,0.2335,0.2715,78.65,Low Risk,Botol Sampel A,Sumber Air A,5
ALVIN-2026-07206,2026-09-18 08:24:01.000,192.59,1.54,0.642,0.5119,0.577,63.41,Moderate Risk,Botol Sampel C,Sumber Air C,5
ALVIN-2026-07207,2026-09-18 08:24:01.200,334.55,2.2,1.1152,0.7333,0.9242,51.97,High Risk,Botol Sampel D,Sumber Air D,5
ALVIN-2026-07208,2026-09-18 08:24:01.400,597.92,10.24,1.9931,3.4138,2.7034,27.0,High Risk,Botol Sampel D,Sumber Air D,5
ALVIN-2026-07209,2026-09-18 08:24:01.600,375.48,4.11,1.2516,1.3704,1.311,43.27,High Risk,Botol Sampel E,Sumber Air E,5
ALVIN-2026-07210,2026-09-18 08:24:01.800,280.0,3.76,0.9333,1.2525,1.0929,47.78,High Risk,Botol Sampel E,Sumber Air E,5
ALVIN-2026-07211,2026-09-18 08:24:02.000,30.0,1.14,0.1,0.3801,0.24,80.65,Low Risk,Botol Sampel A,Sumber Air A,5
ALVIN-2026-07212,2026-09-18 08:24:02.200,306.21,3.75,1.0207,1.2485,1.1346,46.85,High Risk,Botol Sampel E,Sumber Air E,5
ALVIN-2026-07213,2026-09-18 08:24:02.400,362.57,4.05,1.2086,1.3502,1.2794,43.87,High Risk,Botol Sampel D,Sumber Air D,5
ALVIN-2026-07214,2026-09-18 08:24:02.600,782.06,7.9,2.6069,2.6339,2.6204,27.62,High Risk,Botol Sampel E,Sumber Air E,5
ALVIN-2026-07215,2026-09-18 08:24:02.800,158.41,2.47,0.528,0.8232,0.6756,59.68,Moderate Risk,Botol Sampel C,Sumber Air C,5
ALVIN-2026-07216,2026-09-18 08:24:03.000,58.49,1.06,0.195,0.3527,0.2739,78.5,Low Risk,Botol Sampel A,Sumber Air A,5
ALVIN-2026-07217,2026-09-18 08:24:03.200,79.41,0.47,0.2647,0.158,0.2114,82.55,Low Risk,Botol Sampel A,Sumber Air A,5
ALVIN-2026-07218,2026-09-18 08:24:03.400,853.47,9.62,2.8449,3.2065,3.0257,24.84,High Risk,Botol Sampel D,Sumber Air D,5
ALVIN-2026-07219,2026-09-18 08:24:03.600,330.96,3.91,1.1032,1.3027,1.203,45.39,High Risk,Botol Sampel D,Sumber Air D,5
ALVIN-2026-07220,2026-09-18 08:24:03.800,61.11,0.57,0.2037,0.1891,0.1964,83.58,Low Risk,Botol Sampel A,Sumber Air A,5
ALVIN-2026-07221,2026-09-18 08:24:04.000,350.41,4.78,1.168,1.5927,1.3804,42.01,High Risk,Botol Sampel D,Sumber Air D,5
ALVIN-2026-07222,2026-09-18 08:24:04.200,355.61,3.5,1.1854,1.1675,1.1764,45.95,High Risk,Botol Sampel D,Sumber Air D,5
ALVIN-2026-07223,2026-09-18 08:24:04.400,332.93,2.9,1.1098,0.9668,1.0383,49.06,High Risk,Botol Sampel E,Sumber Air E,5
ALVIN-2026-07224,2026-09-18 08:24:04.600,225.48,1.63,0.7516,0.5441,0.6478,60.69,Moderate Risk,Botol Sampel B,Sumber Air B,5
ALVIN-2026-07225,2026-09-18 08:24:04.800,221.33,2.55,0.7378,0.8509,0.7944,55.73,Moderate Risk,Botol Sampel B,Sumber Air B,5
ALVIN-2026-07226,2026-09-18 08:24:05.000,243.45,1.52,0.8115,0.5067,0.6591,60.27,Moderate Risk,Botol Sampel C,Sumber Air C,5
ALVIN-2026-07227,2026-09-18 08:24:05.200,259.56,1.78,0.8652,0.5922,0.7287,57.85,Moderate Risk,Botol Sampel B,Sumber Air B,5
ALVIN-2026-07228,2026-09-18 08:24:05.400,868.83,8.41,2.8961,2.8048,2.8505,25.97,High Risk,Botol Sampel D,Sumber Air D,5
ALVIN-2026-07229,2026-09-18 08:24:05.600,207.46,1.55,0.6915,0.5155,0.6035,62.36,Moderate Risk,Botol Sampel C,Sumber Air C,5
ALVIN-2026-07230,2026-09-18 08:24:05.800,167.44,1.63,0.5581,0.5449,0.5515,64.45,Moderate Risk,Botol Sampel C,Sumber Air C,5
ALVIN-2026-07231,2026-09-18 08:24:06.000,280.0,3.65,0.9333,1.2153,1.0743,48.21,High Risk,Botol Sampel E,Sumber Air E,5
ALVIN-2026-07232,2026-09-18 08:24:06.200,148.98,2.48,0.4966,0.8255,0.661,60.2,Moderate Risk,Botol Sampel C,Sumber Air C,5
ALVIN-2026-07233,2026-09-18 08:24:06.400,330.51,3.4,1.1017,1.134,1.1178,47.22,High Risk,Botol Sampel E,Sumber Air E,5
ALVIN-2026-07234,2026-09-18 08:24:06.600,391.59,2.74,1.3053,0.9123,1.1088,47.42,High Risk,Botol Sampel D,Sumber Air D,5
ALVIN-2026-07235,2026-09-18 08:24:06.800,90.22,0.88,0.3007,0.2927,0.2967,77.12,Low Risk,Botol Sampel A,Sumber Air A,5
ALVIN-2026-07236,2026-09-18 08:24:07.000,120.47,0.75,0.4016,0.2489,0.3253,75.45,Low Risk,Botol Sampel A,Sumber Air A,5
ALVIN-2026-07237,2026-09-18 08:24:07.200,105.62,0.69,0.3521,0.2316,0.2918,77.41,Moderate Risk,Botol Sampel B,Sumber Air B,5
ALVIN-2026-07238,2026-09-18 08:24:07.400,140.0,2.0,0.4667,0.6677,0.5672,63.81,Moderate Risk,Botol Sampel C,Sumber Air C,5
ALVIN-2026-07239,2026-09-18 08:24:07.600,647.79,4.5,2.1593,1.5,1.8296,35.34,High Risk,Botol Sampel E,Sumber Air E,5
ALVIN-2026-07240,2026-09-18 08:24:07.800,673.84,9.4,2.2461,3.1335,2.6898,27.1,High Risk,Botol Sampel E,Sumber Air E,5
ALVIN-2026-07241,2026-09-18 08:24:08.000,361.38,3.36,1.2046,1.1209,1.1628,46.24,High Risk,Botol Sampel E,Sumber Air E,5
ALVIN-2026-07242,2026-09-18 08:24:08.200,690.08,5.31,2.3003,1.7693,2.0348,32.95,High Risk,Botol Sampel D,Sumber Air D,5
ALVIN-2026-07243,2026-09-18 08:24:08.400,307.73,4.73,1.0258,1.5781,1.302,43.44,High Risk,Botol Sampel E,Sumber Air E,5
ALVIN-2026-07244,2026-09-18 08:24:08.600,446.8,4.26,1.4893,1.421,1.4552,40.73,High Risk,Botol Sampel E,Sumber Air E,5
ALVIN-2026-07245,2026-09-18 08:24:08.800,305.05,4.63,1.0168,1.5439,1.2803,43.85,High Risk,Botol Sampel E,Sumber Air E,5
ALVIN-2026-07246,2026-09-18 08:24:09.000,420.89,4.11,1.403,1.3686,1.3858,41.91,High Risk,Botol Sampel E,Sumber Air E,5
ALVIN-2026-07247,2026-09-18 08:24:09.200,98.69,0.41,0.329,0.1358,0.2324,81.14,Moderate Risk,Botol Sampel B,Sumber Air B,5
ALVIN-2026-07248,2026-09-18 08:24:09.400,113.75,0.12,0.3792,0.0401,0.2096,82.67,Moderate Risk,Botol Sampel B,Sumber Air B,5
ALVIN-2026-07249,2026-09-18 08:24:09.600,73.05,0.4,0.2435,0.1345,0.189,84.1,Low Risk,Botol Sampel A,Sumber Air A,5
ALVIN-2026-07250,2026-09-18 08:24:09.800,236.38,2.04,0.7879,0.6792,0.7336,57.68,Moderate Risk,Botol Sampel C,Sumber Air C,5
ALVIN-2026-07251,2026-09-18 08:24:10.000,327.32,3.64,1.0911,1.2118,1.1514,46.48,High Risk,Botol Sampel D,Sumber Air D,5
ALVIN-2026-07252,2026-09-18 08:24:10.200,445.64,10.54,1.4855,3.515,2.5003,28.57,High Risk,Botol Sampel D,Sumber Air D,5
ALVIN-2026-07253,2026-09-18 08:24:10.400,555.72,5.96,1.8524,1.9864,1.9194,34.25,High Risk,Botol Sampel E,Sumber Air E,5
ALVIN-2026-07254,2026-09-18 08:24:10.600,248.71,2.0,0.829,0.6658,0.7474,57.23,Moderate Risk,Botol Sampel B,Sumber Air B,5
ALVIN-2026-07255,2026-09-18 08:24:10.800,73.11,0.74,0.2437,0.2461,0.2449,80.33,Moderate Risk,Botol Sampel C,Sumber Air C,5
ALVIN-2026-07256,2026-09-18 08:24:11.000,319.38,3.36,1.0646,1.1199,1.0922,47.8,High Risk,Botol Sampel D,Sumber Air D,5
ALVIN-2026-07257,2026-09-18 08:24:11.200,869.63,6.36,2.8988,2.1191,2.509,28.5,High Risk,Botol Sampel D,Sumber Air D,5
ALVIN-2026-07258,2026-09-18 08:24:11.400,227.04,2.63,0.7568,0.8774,0.8171,55.03,Moderate Risk,Botol Sampel B,Sumber Air B,5
ALVIN-2026-07259,2026-09-18 08:24:11.600,117.14,0.1,0.3905,0.0333,0.2119,82.52,Low Risk,Botol Sampel A,Sumber Air A,5
ALVIN-2026-07260,2026-09-18 08:24:11.800,191.63,1.87,0.6388,0.6229,0.6308,61.32,Moderate Risk,Botol Sampel C,Sumber Air C,5
ALVIN-2026-07261,2026-09-18 08:24:12.000,225.09,1.07,0.7503,0.3582,0.5542,64.34,Moderate Risk,Botol Sampel B,Sumber Air B,5
ALVIN-2026-07262,2026-09-18 08:24:12.200,665.85,7.52,2.2195,2.508,2.3638,29.73,High Risk,Botol Sampel D,Sumber Air D,5
ALVIN-2026-07263,2026-09-18 08:24:12.400,209.09,1.51,0.697,0.504,0.6005,62.48,Moderate Risk,Botol Sampel C,Sumber Air C,5
ALVIN-2026-07264,2026-09-18 08:24:12.600,335.15,4.28,1.1172,1.425,1.2711,44.03,High Risk,Botol Sampel D,Sumber Air D,5
ALVIN-2026-07265,2026-09-18 08:24:12.800,95.99,0.83,0.32,0.2781,0.2991,76.98,Low Risk,Botol Sampel A,Sumber Air A,5
ALVIN-2026-07266,2026-09-18 08:24:13.000,191.1,1.95,0.637,0.6486,0.6428,60.87,Moderate Risk,Botol Sampel B,Sumber Air B,5
ALVIN-2026-07267,2026-09-18 08:24:13.200,95.4,1.09,0.318,0.3629,0.3405,74.6,Low Risk,Botol Sampel A,Sumber Air A,5
ALVIN-2026-07268,2026-09-18 08:24:13.400,145.0,0.57,0.4833,0.19,0.3366,74.82,Low Risk,Botol Sampel A,Sumber Air A,5
ALVIN-2026-07269,2026-09-18 08:24:13.600,465.17,2.36,1.5506,0.787,1.1688,46.11,High Risk,Botol Sampel D,Sumber Air D,5
ALVIN-2026-07270,2026-09-18 08:24:13.800,178.26,1.54,0.5942,0.5125,0.5534,64.37,Moderate Risk,Botol Sampel C,Sumber Air C,5
ALVIN-2026-07271,2026-09-18 08:24:14.000,52.57,0.54,0.1752,0.1786,0.1769,84.97,Low Risk,Botol Sampel A,Sumber Air A,5
ALVIN-2026-07272,2026-09-18 08:24:14.200,553.27,5.16,1.8442,1.7188,1.7815,35.95,High Risk,Botol Sampel E,Sumber Air E,5
ALVIN-2026-07273,2026-09-18 08:24:14.400,231.74,1.35,0.7725,0.4514,0.612,62.03,Moderate Risk,Botol Sampel B,Sumber Air B,5
ALVIN-2026-07274,2026-09-18 08:24:14.600,268.57,1.42,0.8952,0.4722,0.6837,59.39,Moderate Risk,Botol Sampel C,Sumber Air C,5
ALVIN-2026-07275,2026-09-18 08:24:14.800,226.74,1.99,0.7558,0.6641,0.71,58.48,Moderate Risk,Botol Sampel C,Sumber Air C,5
ALVIN-2026-07276,2026-09-18 08:24:15.000,214.82,2.03,0.7161,0.6783,0.6972,58.92,Moderate Risk,Botol Sampel C,Sumber Air C,5
ALVIN-2026-07277,2026-09-18 08:24:15.200,369.78,3.28,1.2326,1.0941,1.1633,46.23,High Risk,Botol Sampel E,Sumber Air E,5
ALVIN-2026-07278,2026-09-18 08:24:15.400,280.0,3.79,0.9333,1.2631,1.0982,47.66,High Risk,Botol Sampel D,Sumber Air D,5
ALVIN-2026-07279,2026-09-18 08:24:15.600,675.93,7.81,2.2531,2.6022,2.4276,29.17,High Risk,Botol Sampel E,Sumber Air E,5
ALVIN-2026-07280,2026-09-18 08:24:15.800,725.33,7.72,2.4178,2.5723,2.495,28.61,High Risk,Botol Sampel D,Sumber Air D,5
ALVIN-2026-07281,2026-09-18 08:24:16.000,572.25,5.95,1.9075,1.9822,1.9448,33.96,High Risk,Botol Sampel D,Sumber Air D,5
ALVIN-2026-07282,2026-09-18 08:24:16.200,393.96,3.39,1.3132,1.1289,1.221,45.02,High Risk,Botol Sampel D,Sumber Air D,5
ALVIN-2026-07283,2026-09-18 08:24:16.400,949.93,4.5,3.1664,1.5,2.3332,30.0,High Risk,Botol Sampel D,Sumber Air D,5
ALVIN-2026-07284,2026-09-18 08:24:16.600,108.0,0.52,0.36,0.1733,0.2666,78.95,Low Risk,Botol Sampel A,Sumber Air A,5
ALVIN-2026-07285,2026-09-18 08:24:16.800,368.6,4.09,1.2287,1.3631,1.2959,43.56,High Risk,Botol Sampel E,Sumber Air E,5
ALVIN-2026-07286,2026-09-18 08:24:17.000,229.93,1.0,0.7664,0.3333,0.5498,64.52,Moderate Risk,Botol Sampel C,Sumber Air C,5
ALVIN-2026-07287,2026-09-18 08:24:17.200,85.5,0.38,0.285,0.1276,0.2063,82.9,Low Risk,Botol Sampel A,Sumber Air A,5
ALVIN-2026-07288,2026-09-18 08:24:17.400,406.71,2.2,1.3557,0.7333,1.0445,48.91,High Risk,Botol Sampel E,Sumber Air E,5
ALVIN-2026-07289,2026-09-18 08:24:17.600,198.39,1.38,0.6613,0.4613,0.5613,64.05,Moderate Risk,Botol Sampel C,Sumber Air C,5
ALVIN-2026-07290,2026-09-18 08:24:17.800,709.77,10.8,2.3659,3.6004,2.9832,25.11,High Risk,Botol Sampel E,Sumber Air E,5
ALVIN-2026-07291,2026-09-18 08:24:18.000,280.0,3.66,0.9333,1.2187,1.076,48.17,High Risk,Botol Sampel E,Sumber Air E,5
ALVIN-2026-07292,2026-09-18 08:24:18.200,390.01,3.56,1.3,1.1878,1.2439,44.57,High Risk,Botol Sampel E,Sumber Air E,5
ALVIN-2026-07293,2026-09-18 08:24:18.400,860.48,10.77,2.8683,3.5894,3.2288,23.65,High Risk,Botol Sampel E,Sumber Air E,5
ALVIN-2026-07294,2026-09-18 08:24:18.600,720.71,8.27,2.4024,2.7566,2.5795,27.94,High Risk,Botol Sampel D,Sumber Air D,5
ALVIN-2026-07295,2026-09-18 08:24:18.800,225.69,1.42,0.7523,0.474,0.6132,61.99,Moderate Risk,Botol Sampel C,Sumber Air C,5
ALVIN-2026-07296,2026-09-18 08:24:19.000,261.56,1.66,0.8719,0.5533,0.7126,58.39,Moderate Risk,Botol Sampel B,Sumber Air B,5
ALVIN-2026-07297,2026-09-18 08:24:19.200,217.94,1.75,0.7265,0.5827,0.6546,60.44,Moderate Risk,Botol Sampel C,Sumber Air C,5
ALVIN-2026-07298,2026-09-18 08:24:19.400,209.29,1.66,0.6976,0.5531,0.6254,61.52,Moderate Risk,Botol Sampel B,Sumber Air B,5
ALVIN-2026-07299,2026-09-18 08:24:19.600,306.09,3.97,1.0203,1.3232,1.1717,46.05,High Risk,Botol Sampel E,Sumber Air E,5
ALVIN-2026-07300,2026-09-18 08:24:19.800,695.93,8.95,2.3198,2.9823,2.651,27.39,High Risk,Botol Sampel E,Sumber Air E,5
ALVIN-2026-07301,2026-09-18 08:24:20.000,599.44,4.5,1.9981,1.5,1.749,36.38,High Risk,Botol Sampel E,Sumber Air E,5
ALVIN-2026-07302,2026-09-18 08:24:20.200,85.65,0.64,0.2855,0.212,0.2487,80.08,Low Risk,Botol Sampel A,Sumber Air A,5
ALVIN-2026-07303,2026-09-18 08:24:20.400,164.02,1.57,0.5467,0.5241,0.5354,65.13,Moderate Risk,Botol Sampel B,Sumber Air B,5
ALVIN-2026-07304,2026-09-18 08:24:20.600,321.29,3.28,1.071,1.0925,1.0818,48.04,High Risk,Botol Sampel D,Sumber Air D,5
ALVIN-2026-07305,2026-09-18 08:24:20.800,280.0,4.25,0.9333,1.4164,1.1749,45.98,High Risk,Botol Sampel E,Sumber Air E,5
ALVIN-2026-07306,2026-09-18 08:24:21.000,83.46,0.47,0.2782,0.158,0.2181,82.1,Low Risk,Botol Sampel A,Sumber Air A,5
ALVIN-2026-07307,2026-09-18 08:24:21.200,212.85,2.39,0.7095,0.7959,0.7527,57.05,Moderate Risk,Botol Sampel C,Sumber Air C,5
ALVIN-2026-07308,2026-09-18 08:24:21.400,85.54,0.45,0.2851,0.1496,0.2174,82.14,Low Risk,Botol Sampel A,Sumber Air A,5
ALVIN-2026-07309,2026-09-18 08:24:21.600,334.4,4.1,1.1147,1.3677,1.2412,44.62,High Risk,Botol Sampel E,Sumber Air E,5
ALVIN-2026-07310,2026-09-18 08:24:21.800,431.67,2.94,1.4389,0.9784,1.2086,45.28,High Risk,Botol Sampel D,Sumber Air D,5
ALVIN-2026-07311,2026-09-18 08:24:22.000,196.61,1.8,0.6554,0.5991,0.6272,61.46,Moderate Risk,Botol Sampel B,Sumber Air B,5
ALVIN-2026-07312,2026-09-18 08:24:22.200,870.92,6.32,2.9031,2.1054,2.5042,28.54,High Risk,Botol Sampel E,Sumber Air E,5
ALVIN-2026-07313,2026-09-18 08:24:22.400,616.95,5.53,2.0565,1.8422,1.9494,33.91,High Risk,Botol Sampel D,Sumber Air D,5
ALVIN-2026-07314,2026-09-18 08:24:22.600,236.02,2.15,0.7867,0.7159,0.7513,57.1,Moderate Risk,Botol Sampel B,Sumber Air B,5
ALVIN-2026-07315,2026-09-18 08:24:22.800,233.4,1.64,0.778,0.5461,0.662,60.17,Moderate Risk,Botol Sampel B,Sumber Air B,5
ALVIN-2026-07316,2026-09-18 08:24:23.000,712.27,8.6,2.3742,2.8678,2.621,27.62,High Risk,Botol Sampel D,Sumber Air D,5
ALVIN-2026-07317,2026-09-18 08:24:23.200,715.59,7.45,2.3853,2.4822,2.4338,29.12,High Risk,Botol Sampel D,Sumber Air D,5
ALVIN-2026-07318,2026-09-18 08:24:23.400,392.97,2.95,1.3099,0.9833,1.1466,46.59,High Risk,Botol Sampel D,Sumber Air D,5
ALVIN-2026-07319,2026-09-18 08:24:23.600,500.75,5.88,1.6692,1.9604,1.8148,35.53,High Risk,Botol Sampel D,Sumber Air D,5
ALVIN-2026-07320,2026-09-18 08:24:23.800,303.65,4.02,1.0122,1.3391,1.1756,45.96,High Risk,Botol Sampel E,Sumber Air E,5
ALVIN-2026-07321,2026-09-18 08:24:24.000,572.73,5.48,1.9091,1.8257,1.8674,34.87,High Risk,Botol Sampel D,Sumber Air D,5
ALVIN-2026-07322,2026-09-18 08:24:24.200,779.16,6.12,2.5972,2.0397,2.3184,30.14,High Risk,Botol Sampel E,Sumber Air E,5
ALVIN-2026-07323,2026-09-18 08:24:24.400,484.16,7.26,1.6139,2.4192,2.0166,33.15,High Risk,Botol Sampel E,Sumber Air E,5
ALVIN-2026-07324,2026-09-18 08:24:24.600,168.49,1.8,0.5616,0.5993,0.5804,63.28,Moderate Risk,Botol Sampel C,Sumber Air C,5
ALVIN-2026-07325,2026-09-18 08:24:24.800,87.03,0.26,0.2901,0.0878,0.189,84.1,Moderate Risk,Botol Sampel B,Sumber Air B,5
ALVIN-2026-07326,2026-09-18 08:24:25.000,659.33,5.82,2.1978,1.9392,2.0685,32.59,High Risk,Botol Sampel D,Sumber Air D,5
ALVIN-2026-07327,2026-09-18 08:24:25.200,280.0,3.26,0.9333,1.0863,1.0098,49.76,High Risk,Botol Sampel D,Sumber Air D,5
ALVIN-2026-07328,2026-09-18 08:24:25.400,646.62,10.99,2.1554,3.6624,2.9089,25.58,High Risk,Botol Sampel E,Sumber Air E,5
ALVIN-2026-07329,2026-09-18 08:24:25.600,91.82,0.72,0.3061,0.2399,0.273,78.55,Low Risk,Botol Sampel A,Sumber Air A,5
ALVIN-2026-07330,2026-09-18 08:24:25.800,581.36,4.5,1.9379,1.5,1.719,36.78,High Risk,Botol Sampel E,Sumber Air E,5
ALVIN-2026-07331,2026-09-18 08:24:26.000,203.11,2.25,0.677,0.7516,0.7143,58.33,Moderate Risk,Botol Sampel B,Sumber Air B,5
ALVIN-2026-07332,2026-09-18 08:24:26.200,145.0,0.68,0.4833,0.2277,0.3555,73.77,Low Risk,Botol Sampel A,Sumber Air A,5
ALVIN-2026-07333,2026-09-18 08:24:26.400,72.28,0.26,0.2409,0.087,0.1639,85.92,Low Risk,Botol Sampel A,Sumber Air A,5
ALVIN-2026-07334,2026-09-18 08:24:26.600,318.02,3.95,1.0601,1.3156,1.1878,45.71,High Risk,Botol Sampel E,Sumber Air E,5
ALVIN-2026-07335,2026-09-18 08:24:26.800,66.11,0.93,0.2204,0.3093,0.2649,79.06,Moderate Risk,Botol Sampel C,Sumber Air C,5
ALVIN-2026-07336,2026-09-18 08:24:27.000,608.18,5.91,2.0273,1.9712,1.9992,33.34,High Risk,Botol Sampel D,Sumber Air D,5
ALVIN-2026-07337,2026-09-18 08:24:27.200,161.07,1.8,0.5369,0.5997,0.5683,63.76,Moderate Risk,Botol Sampel C,Sumber Air C,5
ALVIN-2026-07338,2026-09-18 08:24:27.400,374.91,4.89,1.2497,1.631,1.4404,40.98,High Risk,Botol Sampel D,Sumber Air D,5
ALVIN-2026-07339,2026-09-18 08:24:27.600,89.61,0.67,0.2987,0.2242,0.2614,79.28,Moderate Risk,Botol Sampel B,Sumber Air B,5
ALVIN-2026-07340,2026-09-18 08:24:27.800,381.59,3.75,1.272,1.2497,1.2608,44.23,High Risk,Botol Sampel E,Sumber Air E,5
ALVIN-2026-07341,2026-09-18 08:24:28.000,154.22,2.07,0.5141,0.6893,0.6017,62.43,Moderate Risk,Botol Sampel C,Sumber Air C,5
ALVIN-2026-07342,2026-09-18 08:24:28.200,226.4,2.4,0.7547,0.7994,0.777,56.27,Moderate Risk,Botol Sampel B,Sumber Air B,5
ALVIN-2026-07343,2026-09-18 08:24:28.400,85.01,0.57,0.2834,0.1914,0.2374,80.81,Moderate Risk,Botol Sampel C,Sumber Air C,5
ALVIN-2026-07344,2026-09-18 08:24:28.600,661.22,7.35,2.2041,2.4486,2.3263,30.06,High Risk,Botol Sampel E,Sumber Air E,5
ALVIN-2026-07345,2026-09-18 08:24:28.800,571.68,8.37,1.9056,2.7892,2.3474,29.87,High Risk,Botol Sampel D,Sumber Air D,5
ALVIN-2026-07346,2026-09-18 08:24:29.000,252.57,2.28,0.8419,0.7597,0.8008,55.53,Moderate Risk,Botol Sampel B,Sumber Air B,5
ALVIN-2026-07347,2026-09-18 08:24:29.200,258.88,1.85,0.8629,0.6167,0.7398,57.48,Moderate Risk,Botol Sampel C,Sumber Air C,5
ALVIN-2026-07348,2026-09-18 08:24:29.400,163.98,1.0,0.5466,0.3333,0.4399,69.45,Moderate Risk,Botol Sampel C,Sumber Air C,5
ALVIN-2026-07349,2026-09-18 08:24:29.600,755.55,5.24,2.5185,1.7473,2.1329,31.92,High Risk,Botol Sampel E,Sumber Air E,5
ALVIN-2026-07350,2026-09-18 08:24:29.800,95.6,0.66,0.3187,0.2189,0.2688,78.81,Low Risk,Botol Sampel A,Sumber Air A,5
ALVIN-2026-07351,2026-09-18 08:24:30.000,218.29,1.15,0.7276,0.3837,0.5556,64.28,Moderate Risk,Botol Sampel C,Sumber Air C,5
ALVIN-2026-07352,2026-09-18 08:24:30.200,207.29,2.0,0.691,0.6653,0.6782,59.59,Moderate Risk,Botol Sampel B,Sumber Air B,5
ALVIN-2026-07353,2026-09-18 08:24:30.400,188.18,2.23,0.6273,0.7447,0.686,59.31,Moderate Risk,Botol Sampel C,Sumber Air C,5
ALVIN-2026-07354,2026-09-18 08:24:30.600,190.2,2.55,0.634,0.8508,0.7424,57.39,Moderate Risk,Botol Sampel C,Sumber Air C,5
ALVIN-2026-07355,2026-09-18 08:24:30.800,356.23,3.55,1.1874,1.1827,1.185,45.77,High Risk,Botol Sampel D,Sumber Air D,5
ALVIN-2026-07356,2026-09-18 08:24:31.000,511.85,14.0,1.7062,4.6667,3.1864,23.89,High Risk,Botol Sampel E,Sumber Air E,5
ALVIN-2026-07357,2026-09-18 08:24:31.200,386.46,3.9,1.2882,1.2991,1.2936,43.6,High Risk,Botol Sampel D,Sumber Air D,5
ALVIN-2026-07358,2026-09-18 08:24:31.400,523.95,6.6,1.7465,2.1992,1.9728,33.64,High Risk,Botol Sampel D,Sumber Air D,5
ALVIN-2026-07359,2026-09-18 08:24:31.600,141.88,0.82,0.4729,0.2727,0.3728,72.84,Moderate Risk,Botol Sampel B,Sumber Air B,5
ALVIN-2026-07360,2026-09-18 08:24:31.800,835.97,4.5,2.7866,1.5,2.1433,31.81,High Risk,Botol Sampel E,Sumber Air E,5
ALVIN-2026-07361,2026-09-18 08:24:32.000,155.85,2.4,0.5195,0.8005,0.66,60.24,Moderate Risk,Botol Sampel B,Sumber Air B,5
ALVIN-2026-07362,2026-09-18 08:24:32.200,114.06,1.2,0.3802,0.4012,0.3907,71.91,Moderate Risk,Botol Sampel C,Sumber Air C,5
ALVIN-2026-07363,2026-09-18 08:24:32.400,772.85,6.4,2.5762,2.1319,2.354,29.82,High Risk,Botol Sampel D,Sumber Air D,5
ALVIN-2026-07364,2026-09-18 08:24:32.600,197.0,1.71,0.6567,0.5692,0.613,62.0,Moderate Risk,Botol Sampel C,Sumber Air C,5
ALVIN-2026-07365,2026-09-18 08:24:32.800,126.67,0.8,0.4222,0.2679,0.3451,74.34,Low Risk,Botol Sampel A,Sumber Air A,5
ALVIN-2026-07366,2026-09-18 08:24:33.000,513.41,7.69,1.7114,2.5629,2.1372,31.88,High Risk,Botol Sampel E,Sumber Air E,5
ALVIN-2026-07367,2026-09-18 08:24:33.200,322.67,4.71,1.0756,1.5707,1.3232,43.04,High Risk,Botol Sampel D,Sumber Air D,5
ALVIN-2026-07368,2026-09-18 08:24:33.400,177.87,1.96,0.5929,0.6538,0.6234,61.6,Moderate Risk,Botol Sampel C,Sumber Air C,5
ALVIN-2026-07369,2026-09-18 08:24:33.600,429.98,4.07,1.4333,1.3581,1.3957,41.74,High Risk,Botol Sampel D,Sumber Air D,5
ALVIN-2026-07370,2026-09-18 08:24:33.800,808.31,10.74,2.6944,3.5805,3.1374,24.17,High Risk,Botol Sampel D,Sumber Air D,5
ALVIN-2026-07371,2026-09-18 08:24:34.000,539.65,4.5,1.7988,1.5,1.6494,37.74,High Risk,Botol Sampel D,Sumber Air D,5
ALVIN-2026-07372,2026-09-18 08:24:34.200,87.75,0.62,0.2925,0.2067,0.2496,80.03,Low Risk,Botol Sampel A,Sumber Air A,5
ALVIN-2026-07373,2026-09-18 08:24:34.400,110.07,1.13,0.3669,0.3764,0.3717,72.9,Low Risk,Botol Sampel A,Sumber Air A,5
ALVIN-2026-07374,2026-09-18 08:24:34.600,40.25,0.88,0.1342,0.2941,0.2142,82.36,Low Risk,Botol Sampel A,Sumber Air A,5
ALVIN-2026-07375,2026-09-18 08:24:34.800,655.41,7.79,2.1847,2.5982,2.3914,29.49,High Risk,Botol Sampel E,Sumber Air E,5
ALVIN-2026-07376,2026-09-18 08:24:35.000,357.04,4.36,1.1901,1.4521,1.3211,43.08,High Risk,Botol Sampel D,Sumber Air D,5
ALVIN-2026-07377,2026-09-18 08:24:35.200,109.7,0.1,0.3657,0.0333,0.1995,83.37,Low Risk,Botol Sampel A,Sumber Air A,5
ALVIN-2026-07378,2026-09-18 08:24:35.400,391.2,2.83,1.304,0.9443,1.1242,47.08,High Risk,Botol Sampel D,Sumber Air D,5
ALVIN-2026-07379,2026-09-18 08:24:35.600,100.59,0.53,0.3353,0.1782,0.2568,79.57,Moderate Risk,Botol Sampel B,Sumber Air B,5
ALVIN-2026-07380,2026-09-18 08:24:35.800,90.53,0.89,0.3018,0.2962,0.299,76.98,Low Risk,Botol Sampel A,Sumber Air A,5
ALVIN-2026-07381,2026-09-18 08:24:36.000,477.2,6.21,1.5907,2.0702,1.8304,35.33,High Risk,Botol Sampel E,Sumber Air E,5
ALVIN-2026-07382,2026-09-18 08:24:36.200,290.0,1.79,0.9667,0.5975,0.7821,56.11,Moderate Risk,Botol Sampel B,Sumber Air B,5
ALVIN-2026-07383,2026-09-18 08:24:36.400,85.02,0.69,0.2834,0.229,0.2562,79.61,Low Risk,Botol Sampel A,Sumber Air A,5
ALVIN-2026-07384,2026-09-18 08:24:36.600,112.81,0.64,0.376,0.2121,0.2941,77.27,Low Risk,Botol Sampel A,Sumber Air A,5
ALVIN-2026-07385,2026-09-18 08:24:36.800,177.21,2.23,0.5907,0.7428,0.6667,60.0,Moderate Risk,Botol Sampel C,Sumber Air C,5
ALVIN-2026-07386,2026-09-18 08:24:37.000,77.69,0.71,0.259,0.2362,0.2476,80.15,Low Risk,Botol Sampel A,Sumber Air A,5
ALVIN-2026-07387,2026-09-18 08:24:37.200,422.91,2.58,1.4097,0.8609,1.1353,46.83,High Risk,Botol Sampel D,Sumber Air D,5
ALVIN-2026-07388,2026-09-18 08:24:37.400,219.8,2.27,0.7327,0.7564,0.7446,57.32,Moderate Risk,Botol Sampel C,Sumber Air C,5
ALVIN-2026-07389,2026-09-18 08:24:37.600,328.66,2.2,1.0955,0.7333,0.9144,52.24,High Risk,Botol Sampel E,Sumber Air E,5
ALVIN-2026-07390,2026-09-18 08:24:37.800,114.08,0.1,0.3803,0.0333,0.2068,82.86,Low Risk,Botol Sampel A,Sumber Air A,5
ALVIN-2026-07391,2026-09-18 08:24:38.000,752.7,8.51,2.509,2.8351,2.672,27.23,High Risk,Botol Sampel D,Sumber Air D,5
ALVIN-2026-07392,2026-09-18 08:24:38.200,118.59,0.65,0.3953,0.2155,0.3054,76.6,Low Risk,Botol Sampel A,Sumber Air A,5
ALVIN-2026-07393,2026-09-18 08:24:38.400,345.69,2.37,1.1523,0.7899,0.9711,50.73,High Risk,Botol Sampel E,Sumber Air E,5
ALVIN-2026-07394,2026-09-18 08:24:38.600,823.89,7.85,2.7463,2.6182,2.6822,27.16,High Risk,Botol Sampel E,Sumber Air E,5
ALVIN-2026-07395,2026-09-18 08:24:38.800,111.01,0.1,0.37,0.0333,0.2016,83.22,Low Risk,Botol Sampel A,Sumber Air A,5
ALVIN-2026-07396,2026-09-18 08:24:39.000,711.24,7.16,2.3708,2.3869,2.3788,29.6,High Risk,Botol Sampel D,Sumber Air D,5
ALVIN-2026-07397,2026-09-18 08:24:39.200,112.29,1.4,0.3743,0.4667,0.4205,70.4,Moderate Risk,Botol Sampel C,Sumber Air C,5
ALVIN-2026-07398,2026-09-18 08:24:39.400,469.34,2.2,1.5645,0.7333,1.1489,46.54,High Risk,Botol Sampel E,Sumber Air E,5
ALVIN-2026-07399,2026-09-18 08:24:39.600,367.56,3.72,1.2252,1.2397,1.2324,44.79,High Risk,Botol Sampel E,Sumber Air E,5
ALVIN-2026-07400,2026-09-18 08:24:39.800,182.84,1.94,0.6095,0.6455,0.6275,61.44,Moderate Risk,Botol Sampel C,Sumber Air C,5
ALVIN-2026-07401,2026-09-18 08:24:40.000,226.19,1.32,0.754,0.44,0.597,62.62,Moderate Risk,Botol Sampel B,Sumber Air B,5
ALVIN-2026-07402,2026-09-18 08:24:40.200,601.16,9.05,2.0039,3.0181,2.511,28.48,High Risk,Botol Sampel E,Sumber Air E,5
ALVIN-2026-07403,2026-09-18 08:24:40.400,280.0,2.2,0.9333,0.7333,0.8333,54.55,Moderate Risk,Botol Sampel C,Sumber Air C,5
ALVIN-2026-07404,2026-09-18 08:24:40.600,221.67,2.73,0.7389,0.9104,0.8246,54.81,Moderate Risk,Botol Sampel C,Sumber Air C,5
ALVIN-2026-07405,2026-09-18 08:24:40.800,86.22,0.23,0.2874,0.0763,0.1819,84.61,Low Risk,Botol Sampel A,Sumber Air A,5
ALVIN-2026-07406,2026-09-18 08:24:41.000,397.47,3.84,1.3249,1.2801,1.3025,43.43,High Risk,Botol Sampel E,Sumber Air E,5
ALVIN-2026-07407,2026-09-18 08:24:41.200,631.06,8.81,2.1035,2.9356,2.5195,28.41,High Risk,Botol Sampel E,Sumber Air E,5
ALVIN-2026-07408,2026-09-18 08:24:41.400,538.79,9.43,1.796,3.1446,2.4703,28.82,High Risk,Botol Sampel D,Sumber Air D,5
ALVIN-2026-07409,2026-09-18 08:24:41.600,722.14,7.67,2.4071,2.558,2.4825,28.72,High Risk,Botol Sampel D,Sumber Air D,5
ALVIN-2026-07410,2026-09-18 08:24:41.800,483.56,10.83,1.6119,3.61,2.611,27.69,High Risk,Botol Sampel E,Sumber Air E,5
ALVIN-2026-07411,2026-09-18 08:24:42.000,333.63,3.79,1.1121,1.2628,1.1875,45.71,High Risk,Botol Sampel E,Sumber Air E,5
ALVIN-2026-07412,2026-09-18 08:24:42.200,202.46,2.73,0.6749,0.9116,0.7932,55.77,Moderate Risk,Botol Sampel C,Sumber Air C,5
ALVIN-2026-07413,2026-09-18 08:24:42.400,365.86,3.1,1.2195,1.0335,1.1265,47.03,High Risk,Botol Sampel E,Sumber Air E,5
ALVIN-2026-07414,2026-09-18 08:24:42.600,385.46,4.32,1.2849,1.4392,1.362,42.34,High Risk,Botol Sampel D,Sumber Air D,5
ALVIN-2026-07415,2026-09-18 08:24:42.800,229.25,2.21,0.7642,0.7365,0.7504,57.13,Moderate Risk,Botol Sampel C,Sumber Air C,5
ALVIN-2026-07416,2026-09-18 08:24:43.000,410.53,2.79,1.3684,0.9307,1.1496,46.52,High Risk,Botol Sampel E,Sumber Air E,5
ALVIN-2026-07417,2026-09-18 08:24:43.200,808.97,5.59,2.6966,1.8643,2.2804,30.48,High Risk,Botol Sampel D,Sumber Air D,5
ALVIN-2026-07418,2026-09-18 08:24:43.400,196.45,2.1,0.6548,0.6996,0.6772,59.62,Moderate Risk,Botol Sampel B,Sumber Air B,5
ALVIN-2026-07419,2026-09-18 08:24:43.600,739.71,7.4,2.4657,2.467,2.4664,28.85,High Risk,Botol Sampel D,Sumber Air D,5
ALVIN-2026-07420,2026-09-18 08:24:43.800,654.4,6.29,2.1813,2.0974,2.1394,31.85,High Risk,Botol Sampel D,Sumber Air D,5
ALVIN-2026-07421,2026-09-18 08:24:44.000,337.03,3.11,1.1234,1.0375,1.0804,48.07,High Risk,Botol Sampel E,Sumber Air E,5
ALVIN-2026-07422,2026-09-18 08:24:44.200,254.94,1.71,0.8498,0.57,0.7099,58.48,Moderate Risk,Botol Sampel C,Sumber Air C,5
ALVIN-2026-07423,2026-09-18 08:24:44.400,397.4,3.83,1.3247,1.2765,1.3006,43.47,High Risk,Botol Sampel E,Sumber Air E,5
ALVIN-2026-07424,2026-09-18 08:24:44.600,202.65,1.99,0.6755,0.6646,0.67,59.88,Moderate Risk,Botol Sampel B,Sumber Air B,5
ALVIN-2026-07425,2026-09-18 08:24:44.800,703.05,7.44,2.3435,2.4814,2.4124,29.3,High Risk,Botol Sampel E,Sumber Air E,5
ALVIN-2026-07426,2026-09-18 08:24:45.000,304.78,3.66,1.0159,1.2204,1.1182,47.21,High Risk,Botol Sampel D,Sumber Air D,5
ALVIN-2026-07427,2026-09-18 08:24:45.200,142.53,0.15,0.4751,0.0484,0.2618,79.25,Low Risk,Botol Sampel A,Sumber Air A,5
ALVIN-2026-07428,2026-09-18 08:24:45.400,280.0,3.67,0.9333,1.2242,1.0787,48.11,High Risk,Botol Sampel D,Sumber Air D,5
ALVIN-2026-07429,2026-09-18 08:24:45.600,208.64,1.99,0.6955,0.6634,0.6794,59.55,Moderate Risk,Botol Sampel C,Sumber Air C,5
ALVIN-2026-07430,2026-09-18 08:24:45.800,415.38,3.76,1.3846,1.252,1.3183,43.14,High Risk,Botol Sampel E,Sumber Air E,5
ALVIN-2026-07431,2026-09-18 08:24:46.000,804.37,6.51,2.6812,2.171,2.4261,29.19,High Risk,Botol Sampel E,Sumber Air E,5
ALVIN-2026-07432,2026-09-18 08:24:46.200,332.93,4.01,1.1098,1.3357,1.2228,44.99,High Risk,Botol Sampel D,Sumber Air D,5
ALVIN-2026-07433,2026-09-18 08:24:46.400,135.43,0.77,0.4514,0.2578,0.3546,73.82,Low Risk,Botol Sampel A,Sumber Air A,5
ALVIN-2026-07434,2026-09-18 08:24:46.600,193.65,1.78,0.6455,0.5934,0.6195,61.75,Moderate Risk,Botol Sampel C,Sumber Air C,5
ALVIN-2026-07435,2026-09-18 08:24:46.800,145.0,0.2,0.4833,0.0655,0.2744,78.47,Low Risk,Botol Sampel A,Sumber Air A,5
ALVIN-2026-07436,2026-09-18 08:24:47.000,295.46,3.53,0.9849,1.177,1.081,48.05,High Risk,Botol Sampel D,Sumber Air D,5
ALVIN-2026-07437,2026-09-18 08:24:47.200,218.35,1.94,0.7278,0.6472,0.6875,59.26,Moderate Risk,Botol Sampel B,Sumber Air B,5
ALVIN-2026-07438,2026-09-18 08:24:47.400,704.53,7.99,2.3484,2.6638,2.5061,28.52,High Risk,Botol Sampel D,Sumber Air D,5
ALVIN-2026-07439,2026-09-18 08:24:47.600,646.61,6.25,2.1554,2.0826,2.119,32.06,High Risk,Botol Sampel E,Sumber Air E,5
ALVIN-2026-07440,2026-09-18 08:24:47.800,98.76,0.54,0.3292,0.179,0.2541,79.74,Low Risk,Botol Sampel A,Sumber Air A,5
ALVIN-2026-07441,2026-09-18 08:24:48.000,112.81,0.73,0.376,0.2441,0.31,76.34,Low Risk,Botol Sampel A,Sumber Air A,5
ALVIN-2026-07442,2026-09-18 08:24:48.200,204.4,2.28,0.6813,0.7587,0.72,58.14,Moderate Risk,Botol Sampel C,Sumber Air C,5
ALVIN-2026-07443,2026-09-18 08:24:48.400,379.25,4.44,1.2642,1.4784,1.3713,42.17,High Risk,Botol Sampel E,Sumber Air E,5
ALVIN-2026-07444,2026-09-18 08:24:48.600,370.61,4.12,1.2354,1.3723,1.3039,43.4,High Risk,Botol Sampel D,Sumber Air D,5
ALVIN-2026-07445,2026-09-18 08:24:48.800,100.89,0.42,0.3363,0.1413,0.2388,80.72,Low Risk,Botol Sampel A,Sumber Air A,5
ALVIN-2026-07446,2026-09-18 08:24:49.000,134.23,0.34,0.4474,0.1123,0.2798,78.14,Low Risk,Botol Sampel A,Sumber Air A,5
ALVIN-2026-07447,2026-09-18 08:24:49.200,128.62,0.54,0.4287,0.1814,0.3051,76.62,Low Risk,Botol Sampel A,Sumber Air A,5
ALVIN-2026-07448,2026-09-18 08:24:49.400,400.0,6.21,1.3333,2.0695,1.7014,37.02,High Risk,Botol Sampel E,Sumber Air E,5
ALVIN-2026-07449,2026-09-18 08:24:49.600,194.95,2.57,0.6498,0.8578,0.7538,57.02,Moderate Risk,Botol Sampel C,Sumber Air C,5
ALVIN-2026-07450,2026-09-18 08:24:49.800,96.38,0.17,0.3213,0.0576,0.1894,84.08,Low Risk,Botol Sampel A,Sumber Air A,5
ALVIN-2026-07451,2026-09-18 08:24:50.000,176.81,2.23,0.5894,0.743,0.6662,60.02,Moderate Risk,Botol Sampel C,Sumber Air C,5
ALVIN-2026-07452,2026-09-18 08:24:50.200,280.0,2.45,0.9333,0.8172,0.8752,53.33,Moderate Risk,Botol Sampel C,Sumber Air C,5
ALVIN-2026-07453,2026-09-18 08:24:50.400,334.19,2.2,1.114,0.7333,0.9236,51.99,High Risk,Botol Sampel D,Sumber Air D,5
ALVIN-2026-07454,2026-09-18 08:24:50.600,96.79,1.08,0.3226,0.3609,0.3418,74.53,Low Risk,Botol Sampel A,Sumber Air A,5
ALVIN-2026-07455,2026-09-18 08:24:50.800,137.8,0.43,0.4593,0.1423,0.3008,76.88,Low Risk,Botol Sampel A,Sumber Air A,5
ALVIN-2026-07456,2026-09-18 08:24:51.000,647.25,6.87,2.1575,2.2914,2.2244,31.01,High Risk,Botol Sampel D,Sumber Air D,5
ALVIN-2026-07457,2026-09-18 08:24:51.200,113.32,1.16,0.3777,0.3869,0.3823,72.34,Low Risk,Botol Sampel A,Sumber Air A,5
ALVIN-2026-07458,2026-09-18 08:24:51.400,800.33,6.38,2.6678,2.1274,2.3976,29.43,High Risk,Botol Sampel D,Sumber Air D,5
ALVIN-2026-07459,2026-09-18 08:24:51.600,623.52,5.98,2.0784,1.9949,2.0366,32.93,High Risk,Botol Sampel D,Sumber Air D,5
ALVIN-2026-07460,2026-09-18 08:24:51.800,204.08,1.72,0.6803,0.5725,0.6264,61.49,Moderate Risk,Botol Sampel C,Sumber Air C,5
ALVIN-2026-07461,2026-09-18 08:24:52.000,157.09,1.94,0.5236,0.6471,0.5854,63.08,Moderate Risk,Botol Sampel C,Sumber Air C,5
ALVIN-2026-07462,2026-09-18 08:24:52.200,659.57,5.17,2.1986,1.7236,1.9611,33.77,High Risk,Botol Sampel E,Sumber Air E,5
ALVIN-2026-07463,2026-09-18 08:24:52.400,280.0,2.33,0.9333,0.7777,0.8555,53.89,Moderate Risk,Botol Sampel B,Sumber Air B,5
ALVIN-2026-07464,2026-09-18 08:24:52.600,114.36,0.51,0.3812,0.1708,0.276,78.37,Low Risk,Botol Sampel A,Sumber Air A,5
ALVIN-2026-07465,2026-09-18 08:24:52.800,106.53,0.54,0.3551,0.1793,0.2672,78.91,Low Risk,Botol Sampel A,Sumber Air A,5
ALVIN-2026-07466,2026-09-18 08:24:53.000,254.57,2.09,0.8486,0.6976,0.7731,56.4,Moderate Risk,Botol Sampel C,Sumber Air C,5
ALVIN-2026-07467,2026-09-18 08:24:53.200,856.38,8.87,2.8546,2.9556,2.9051,25.61,High Risk,Botol Sampel E,Sumber Air E,5
ALVIN-2026-07468,2026-09-18 08:24:53.400,233.3,2.18,0.7777,0.7253,0.7515,57.09,Moderate Risk,Botol Sampel B,Sumber Air B,5
ALVIN-2026-07469,2026-09-18 08:24:53.600,186.71,1.89,0.6224,0.6309,0.6266,61.48,Moderate Risk,Botol Sampel C,Sumber Air C,5
ALVIN-2026-07470,2026-09-18 08:24:53.800,313.04,2.96,1.0435,0.9855,1.0145,49.64,High Risk,Botol Sampel D,Sumber Air D,5
ALVIN-2026-07471,2026-09-18 08:24:54.000,218.74,2.18,0.7291,0.7279,0.7285,57.85,Moderate Risk,Botol Sampel B,Sumber Air B,5
ALVIN-2026-07472,2026-09-18 08:24:54.200,550.49,7.15,1.835,2.385,2.11,32.15,High Risk,Botol Sampel D,Sumber Air D,5
ALVIN-2026-07473,2026-09-18 08:24:54.400,862.98,7.32,2.8766,2.4416,2.6591,27.33,High Risk,Botol Sampel E,Sumber Air E,5
ALVIN-2026-07474,2026-09-18 08:24:54.600,656.6,8.95,2.1887,2.9823,2.5855,27.89,High Risk,Botol Sampel E,Sumber Air E,5
ALVIN-2026-07475,2026-09-18 08:24:54.800,356.15,3.19,1.1872,1.0628,1.125,47.06,High Risk,Botol Sampel D,Sumber Air D,5
ALVIN-2026-07476,2026-09-18 08:24:55.000,140.0,2.27,0.4667,0.7555,0.6111,62.07,Moderate Risk,Botol Sampel C,Sumber Air C,5
ALVIN-2026-07477,2026-09-18 08:24:55.200,88.54,0.1,0.2951,0.0333,0.1642,85.9,Low Risk,Botol Sampel A,Sumber Air A,5
ALVIN-2026-07478,2026-09-18 08:24:55.400,666.24,4.5,2.2208,1.5,1.8604,34.96,High Risk,Botol Sampel E,Sumber Air E,5
ALVIN-2026-07479,2026-09-18 08:24:55.600,592.33,7.64,1.9744,2.5463,2.2604,30.67,High Risk,Botol Sampel E,Sumber Air E,5
ALVIN-2026-07480,2026-09-18 08:24:55.800,280.0,2.98,0.9333,0.9941,0.9637,50.92,Moderate Risk,Botol Sampel C,Sumber Air C,5
ALVIN-2026-07481,2026-09-18 08:24:56.000,93.49,0.33,0.3116,0.1093,0.2104,82.62,Moderate Risk,Botol Sampel C,Sumber Air C,5
ALVIN-2026-07482,2026-09-18 08:24:56.200,175.52,1.26,0.5851,0.4188,0.502,66.58,Moderate Risk,Botol Sampel B,Sumber Air B,5
ALVIN-2026-07483,2026-09-18 08:24:56.400,609.87,4.5,2.0329,1.5,1.7664,36.15,High Risk,Botol Sampel E,Sumber Air E,5
ALVIN-2026-07484,2026-09-18 08:24:56.600,302.82,2.97,1.0094,0.9894,0.9994,50.02,High Risk,Botol Sampel D,Sumber Air D,5
ALVIN-2026-07485,2026-09-18 08:24:56.800,145.0,0.42,0.4833,0.14,0.3116,76.24,Moderate Risk,Botol Sampel C,Sumber Air C,5
ALVIN-2026-07486,2026-09-18 08:24:57.000,198.96,2.25,0.6632,0.7488,0.706,58.62,Moderate Risk,Botol Sampel B,Sumber Air B,5
ALVIN-2026-07487,2026-09-18 08:24:57.200,355.43,3.1,1.1848,1.0319,1.1084,47.43,High Risk,Botol Sampel D,Sumber Air D,5
ALVIN-2026-07488,2026-09-18 08:24:57.400,725.49,9.11,2.4183,3.0382,2.7282,26.82,High Risk,Botol Sampel D,Sumber Air D,5
ALVIN-2026-07489,2026-09-18 08:24:57.600,91.9,0.94,0.3063,0.3129,0.3096,76.36,Low Risk,Botol Sampel A,Sumber Air A,5
ALVIN-2026-07490,2026-09-18 08:24:57.800,358.98,4.18,1.1966,1.3921,1.2944,43.58,High Risk,Botol Sampel E,Sumber Air E,5
ALVIN-2026-07491,2026-09-18 08:24:58.000,359.35,2.64,1.1978,0.8816,1.0397,49.03,High Risk,Botol Sampel E,Sumber Air E,5
ALVIN-2026-07492,2026-09-18 08:24:58.200,174.63,1.68,0.5821,0.561,0.5716,63.63,Moderate Risk,Botol Sampel B,Sumber Air B,5
ALVIN-2026-07493,2026-09-18 08:24:58.400,360.23,3.63,1.2008,1.2094,1.2051,45.35,High Risk,Botol Sampel E,Sumber Air E,5
ALVIN-2026-07494,2026-09-18 08:24:58.600,81.47,0.76,0.2716,0.2543,0.263,79.18,Low Risk,Botol Sampel A,Sumber Air A,5
ALVIN-2026-07495,2026-09-18 08:24:58.800,200.24,1.86,0.6675,0.621,0.6442,60.82,Moderate Risk,Botol Sampel B,Sumber Air B,5
ALVIN-2026-07496,2026-09-18 08:24:59.000,80.99,0.3,0.27,0.1008,0.1854,84.36,Low Risk,Botol Sampel A,Sumber Air A,5
ALVIN-2026-07497,2026-09-18 08:24:59.200,768.0,7.74,2.56,2.5813,2.5706,28.01,High Risk,Botol Sampel D,Sumber Air D,5
ALVIN-2026-07498,2026-09-18 08:24:59.400,330.65,2.2,1.1022,0.7333,0.9178,52.14,High Risk,Botol Sampel E,Sumber Air E,5
ALVIN-2026-07499,2026-09-18 08:24:59.600,302.49,3.6,1.0083,1.1987,1.1035,47.54,High Risk,Botol Sampel E,Sumber Air E,5
ALVIN-2026-07500,2026-09-18 08:24:59.800,689.43,4.5,2.2981,1.5,1.899,34.49,High Risk,Botol Sampel E,Sumber Air E,5
ALVIN-2026-07501,2026-09-18 08:25:00.000,520.63,8.85,1.7354,2.9488,2.3421,29.92,High Risk,Botol Sampel E,Sumber Air E,5
ALVIN-2026-07502,2026-09-18 08:25:00.200,384.69,3.12,1.2823,1.0389,1.1606,46.28,High Risk,Botol Sampel D,Sumber Air D,5
ALVIN-2026-07503,2026-09-18 08:25:00.400,186.53,1.93,0.6218,0.6429,0.6324,61.26,Moderate Risk,Botol Sampel C,Sumber Air C,5
ALVIN-2026-07504,2026-09-18 08:25:00.600,230.15,1.17,0.7672,0.3898,0.5785,63.35,Moderate Risk,Botol Sampel C,Sumber Air C,5
ALVIN-2026-07505,2026-09-18 08:25:00.800,694.24,10.32,2.3141,3.441,2.8776,25.79,High Risk,Botol Sampel D,Sumber Air D,5
ALVIN-2026-07506,2026-09-18 08:25:01.000,663.53,6.52,2.2118,2.1721,2.192,31.33,High Risk,Botol Sampel D,Sumber Air D,5
ALVIN-2026-07507,2026-09-18 08:25:01.200,630.22,7.43,2.1007,2.4752,2.288,30.41,High Risk,Botol Sampel D,Sumber Air D,5
ALVIN-2026-07508,2026-09-18 08:25:01.400,510.82,4.83,1.7027,1.6105,1.6566,37.64,High Risk,Botol Sampel D,Sumber Air D,5
ALVIN-2026-07509,2026-09-18 08:25:01.600,208.9,1.56,0.6963,0.5201,0.6082,62.18,Moderate Risk,Botol Sampel B,Sumber Air B,5
ALVIN-2026-07510,2026-09-18 08:25:01.800,280.0,4.12,0.9333,1.3733,1.1533,46.44,High Risk,Botol Sampel E,Sumber Air E,5
ALVIN-2026-07511,2026-09-18 08:25:02.000,123.83,1.06,0.4128,0.3544,0.3836,72.28,Low Risk,Botol Sampel A,Sumber Air A,5
ALVIN-2026-07512,2026-09-18 08:25:02.200,371.0,3.04,1.2367,1.0139,1.1253,47.05,High Risk,Botol Sampel E,Sumber Air E,5
ALVIN-2026-07513,2026-09-18 08:25:02.400,408.87,2.2,1.3629,0.7333,1.0481,48.83,High Risk,Botol Sampel E,Sumber Air E,5
ALVIN-2026-07514,2026-09-18 08:25:02.600,93.21,0.29,0.3107,0.0964,0.2035,83.09,Low Risk,Botol Sampel A,Sumber Air A,5
ALVIN-2026-07515,2026-09-18 08:25:02.800,73.15,0.56,0.2438,0.1868,0.2153,82.28,Low Risk,Botol Sampel A,Sumber Air A,5
ALVIN-2026-07516,2026-09-18 08:25:03.000,325.98,3.6,1.0866,1.2009,1.1438,46.65,High Risk,Botol Sampel E,Sumber Air E,5
ALVIN-2026-07517,2026-09-18 08:25:03.200,203.01,1.59,0.6767,0.5292,0.603,62.38,Moderate Risk,Botol Sampel C,Sumber Air C,5
ALVIN-2026-07518,2026-09-18 08:25:03.400,85.56,0.1,0.2852,0.0333,0.1592,86.27,Low Risk,Botol Sampel A,Sumber Air A,5
ALVIN-2026-07519,2026-09-18 08:25:03.600,649.59,7.35,2.1653,2.4515,2.3084,30.23,High Risk,Botol Sampel D,Sumber Air D,5
ALVIN-2026-07520,2026-09-18 08:25:03.800,369.6,3.42,1.232,1.1417,1.1868,45.73,High Risk,Botol Sampel E,Sumber Air E,5
